caption_idx,caption,ground_truth_image,actual_rank_of_gt,gt_score,top1_score,score_gap,predicted_top3_images,predicted_top3_scores
0,a child playing on a rope net,1007320043_627395c3d8.jpg,-1,0.4795,0.6555,0.1759,"['2884252132_5d8e776893.jpg', '186890601_8a6b0f1769.jpg', '2458269558_277012780d.jpg']","[0.6555, 0.631, 0.6195]"
1,a little girl climbing on red roping,1007320043_627395c3d8.jpg,2,0.6915,0.7228,0.0313,"['2197275664_fabcf3424b.jpg', '1007320043_627395c3d8.jpg', '444057017_f1e0fcaef7.jpg']","[0.7228, 0.6915, 0.6765]"
2,a little girl in pink climbs a rope bridge at the park,1007320043_627395c3d8.jpg,3,0.6702,0.7018,0.0316,"['493109089_468e105233.jpg', '2935703360_4f794f7f09.jpg', '1007320043_627395c3d8.jpg']","[0.7018, 0.6808, 0.6702]"
11,a man in a tank top stands next to a chrome door,1057210460_09c6f4c6c1.jpg,-1,0.1768,0.5933,0.4166,"['2456907314_49bc4591c4.jpg', '2046222127_a6f300e202.jpg', '1348947380_14f0fc1237.jpg']","[0.5933, 0.4928, 0.4717]"
12,a man puts his shirt on near an elevator,1057210460_09c6f4c6c1.jpg,2,0.6137,0.6834,0.0696,"['518789868_8895ef8792.jpg', '1057210460_09c6f4c6c1.jpg', '350443876_c9769f5734.jpg']","[0.6834, 0.6137, 0.5591]"
13,a man stands by an elevator with his head down,1057210460_09c6f4c6c1.jpg,2,0.5714,0.6612,0.0899,"['518789868_8895ef8792.jpg', '1057210460_09c6f4c6c1.jpg', '397601572_9587a39291.jpg']","[0.6612, 0.5714, 0.5494]"
14,the man is putting on his shirt near an elevator,1057210460_09c6f4c6c1.jpg,2,0.5918,0.6636,0.0718,"['518789868_8895ef8792.jpg', '1057210460_09c6f4c6c1.jpg', '3348208268_6d97d951eb.jpg']","[0.6636, 0.5918, 0.5567]"
16,a skier is overlooking a snowcovered mountain,106514190_bae200f463.jpg,2,0.8241,0.8307,0.0066,"['3166578139_33500f7e8a.jpg', '106514190_bae200f463.jpg', '3621647714_fc67ab2617.jpg']","[0.8307, 0.8241, 0.7977]"
17,a skier is overlooking the beautiful white snow covered landscape,106514190_bae200f463.jpg,2,0.7535,0.7648,0.0113,"['3621647714_fc67ab2617.jpg', '106514190_bae200f463.jpg', '56494233_1824005879.jpg']","[0.7648, 0.7535, 0.7304]"
18,a hiker standing high on a bluff overlooking the mountains below,106514190_bae200f463.jpg,-1,0.5989,0.7927,0.1938,"['2098174172_e57d86ea03.jpg', '530888330_a18343e38d.jpg', '3340575518_137ce2695f.jpg']","[0.7927, 0.7384, 0.7258]"
19,a person on ski s looks from hill over snow covered landscape,106514190_bae200f463.jpg,3,0.7737,0.8499,0.0761,"['3621647714_fc67ab2617.jpg', '3166578139_33500f7e8a.jpg', '106514190_bae200f463.jpg']","[0.8499, 0.797, 0.7737]"
20,a white and black dog and a brown dog in sandy terrain,1067790824_f3cc97239b.jpg,8,0.6217,0.6896,0.0679,"['2427558437_3e839056d7.jpg', '453756106_711c20471a.jpg', '2428275562_4bde2bc5ea.jpg']","[0.6896, 0.6772, 0.6521]"
21,a woolly dog chases a doberman on a beach,1067790824_f3cc97239b.jpg,6,0.6065,0.689,0.0825,"['2407470303_6fd5e3600d.jpg', '3673165148_67f217064f.jpg', '2714220101_c31db50b10.jpg']","[0.689, 0.6863, 0.6195]"
22,one dog is chasing another one on the beach,1067790824_f3cc97239b.jpg,-1,0.5492,0.8125,0.2634,"['3070031806_3d587c2a66.jpg', '3585488964_1467945775.jpg', '496555371_3e1ee0d97d.jpg']","[0.8125, 0.777, 0.7502]"
23,the two large dogs are running through sand,1067790824_f3cc97239b.jpg,-1,0.5608,0.7838,0.2229,"['496555371_3e1ee0d97d.jpg', '3070031806_3d587c2a66.jpg', '3248408149_41a8dd90d3.jpg']","[0.7838, 0.7304, 0.7195]"
24,two large dogs chasing each other at the beach,1067790824_f3cc97239b.jpg,7,0.5955,0.8297,0.2343,"['3070031806_3d587c2a66.jpg', '496555371_3e1ee0d97d.jpg', '3585488964_1467945775.jpg']","[0.8297, 0.7896, 0.7714]"
25,a boy is covered in bubbles,1075881101_d55c46bece.jpg,-1,0.2534,0.5744,0.321,"['3767841911_6678052eb6.jpg', '3517362674_0f5296de19.jpg', '2505360288_c972bd29c4.jpg']","[0.5744, 0.5244, 0.4927]"
26,a person covered in soapy water is getting cleaned off,1075881101_d55c46bece.jpg,-1,0.2679,0.5137,0.2458,"['2704934519_457dc38986.jpg', '353180303_6a24179c50.jpg', '374124237_51f62b6937.jpg']","[0.5137, 0.4946, 0.4593]"
27,a child covered in foam is climbing on a black inflatable ramp,1075881101_d55c46bece.jpg,-1,-0.0067,0.7035,0.7103,"['2542037086_58c833699c.jpg', '542317719_ed4dd95dc2.jpg', '444057017_f1e0fcaef7.jpg']","[0.7035, 0.6244, 0.5877]"
28,a boy covered in suds has his face wiped clean,1075881101_d55c46bece.jpg,-1,0.3134,0.6286,0.3151,"['3412249548_00820fc4ca.jpg', '543264612_c53cc163b4.jpg', '3716277216_c04002be81.jpg']","[0.6286, 0.6089, 0.5305]"
29,a boy cleans the bubbles off his face,1075881101_d55c46bece.jpg,-1,0.3929,0.6037,0.2108,"['353180303_6a24179c50.jpg', '3613030730_0b28b079ba.jpg', '3517362674_0f5296de19.jpg']","[0.6037, 0.5908, 0.5872]"
31,a large white dog lying on the floor,1084040636_97d9633581.jpg,5,0.6261,0.7093,0.0832,"['2702506716_17a7fb3ba4.jpg', '351876121_c7c0221928.jpg', '2550109269_bc4262bd27.jpg']","[0.7093, 0.652, 0.6518]"
33,a white dog is resting its head on a tiled floor with its eyes open,1084040636_97d9633581.jpg,2,0.6464,0.6826,0.0362,"['2702506716_17a7fb3ba4.jpg', '1084040636_97d9633581.jpg', '2550109269_bc4262bd27.jpg']","[0.6826, 0.6464, 0.6281]"
34,a white dog rests its head on the patio bricks,1084040636_97d9633581.jpg,-1,0.5283,0.6376,0.1093,"['2702506716_17a7fb3ba4.jpg', '3310067561_b92017acab.jpg', '2095444126_201ff9f222.jpg']","[0.6376, 0.6261, 0.5719]"
40,a woman in a blue dress stands with a chalk portrait of two children playing by a stream,1093737381_b313cd49ff.jpg,-1,0.2811,0.4822,0.2011,"['3217893350_57be430d06.jpg', '3404552106_f516df0f5b.jpg', '3589367895_5d3729e3ea.jpg']","[0.4822, 0.4717, 0.4512]"
41,a woman standing in front of a chalk drawing,1093737381_b313cd49ff.jpg,-1,0.317,0.6257,0.3087,"['3451344589_6787bd06ef.jpg', '3701226275_952547ba0f.jpg', '432167214_c17fcc1a2d.jpg']","[0.6257, 0.567, 0.5129]"
42,a woman stands next to a chalk drawing in front of a barnlike structure,1093737381_b313cd49ff.jpg,-1,0.3475,0.5861,0.2386,"['3451344589_6787bd06ef.jpg', '3345025842_bc2082a509.jpg', '782401952_5bc5d3413a.jpg']","[0.5861, 0.5575, 0.4893]"
43,a woman stands outside near an elaborate chalk illustration,1093737381_b313cd49ff.jpg,-1,0.2789,0.67,0.3911,"['3451344589_6787bd06ef.jpg', '432167214_c17fcc1a2d.jpg', '3345025842_bc2082a509.jpg']","[0.67, 0.554, 0.5205]"
44,a woman wearing a blue dress is drawing a picture of a boy and a girl on the sidewalk with sidewalk chalk,1093737381_b313cd49ff.jpg,5,0.422,0.5793,0.1573,"['782401952_5bc5d3413a.jpg', '3345025842_bc2082a509.jpg', '489773343_a8aecf7db3.jpg']","[0.5793, 0.5724, 0.4365]"
45,a young boy is jumping through water being sprayed up from the ground,1095476286_87d4f8664e.jpg,6,0.601,0.7408,0.1398,"['3052196390_c59dd24ca8.jpg', '3208074567_ac44aeb3f3.jpg', '2937697444_2367ff0e28.jpg']","[0.7408, 0.6824, 0.679]"
46,a little boy playing in the water,1095476286_87d4f8664e.jpg,-1,0.4168,0.7278,0.311,"['3208074567_ac44aeb3f3.jpg', '3666537170_c4ecda4be8.jpg', '2107838729_a527e434bd.jpg']","[0.7278, 0.7237, 0.6893]"
47,a child plays in a fountain,1095476286_87d4f8664e.jpg,3,0.7892,0.7982,0.009,"['506882688_b37d549593.jpg', '3052196390_c59dd24ca8.jpg', '1095476286_87d4f8664e.jpg']","[0.7982, 0.7932, 0.7892]"
48,a boy plays in the fountains,1095476286_87d4f8664e.jpg,2,0.7659,0.8286,0.0628,"['506882688_b37d549593.jpg', '1095476286_87d4f8664e.jpg', '3052196390_c59dd24ca8.jpg']","[0.8286, 0.7659, 0.7619]"
49,a boy jumping in a fountain,1095476286_87d4f8664e.jpg,3,0.6957,0.7513,0.0556,"['506882688_b37d549593.jpg', '3052196390_c59dd24ca8.jpg', '1095476286_87d4f8664e.jpg']","[0.7513, 0.7246, 0.6957]"
50,a black and white dog drinking water from a water spray,1096097967_ac305887b4.jpg,-1,0.5217,0.6335,0.1118,"['3712742641_641282803e.jpg', '2574230252_f5a1382dd4.jpg', '3655773435_c234e94820.jpg']","[0.6335, 0.6078, 0.5997]"
51,a black and white dog is being soaked with a jet of water in a blue paddling pool,1096097967_ac305887b4.jpg,3,0.7047,0.8097,0.105,"['3712742641_641282803e.jpg', '3655773435_c234e94820.jpg', '1096097967_ac305887b4.jpg']","[0.8097, 0.7551, 0.7047]"
52,a dog sticking its face into the shower from a garden hose,1096097967_ac305887b4.jpg,-1,0.4449,0.6365,0.1916,"['3224578187_749882c17f.jpg', '431410325_f4916b5460.jpg', '2574230252_f5a1382dd4.jpg']","[0.6365, 0.6244, 0.6232]"
53,a small white dog gets sprayed by water,1096097967_ac305887b4.jpg,-1,0.4266,0.6888,0.2622,"['2100046085_69b59b6645.jpg', '3401902253_cd27e6d0fe.jpg', '2550109269_bc4262bd27.jpg']","[0.6888, 0.637, 0.6319]"
54,a white and black dog is jumping into a pool,1096097967_ac305887b4.jpg,-1,0.4947,0.7719,0.2772,"['1178705300_c224d9a4f1.jpg', '2687328779_b4356dab16.jpg', '3655773435_c234e94820.jpg']","[0.7719, 0.6962, 0.6335]"
58,a man on a fourwheeler jumps near a small building,109823397_e35154645f.jpg,-1,0.4483,0.6382,0.1899,"['3323988406_e3c8fce690.jpg', '3293018193_e4e0c8db7c.jpg', '3240351042_5d29c94b0e.jpg']","[0.6382, 0.6036, 0.5844]"
61,a boy walks with a ball tucked under his arm,1104133405_c04a00707f.jpg,2,0.7235,0.7476,0.0241,"['1269470943_ba7fc49b4d.jpg', '1104133405_c04a00707f.jpg', '3177298173_78cea31d64.jpg']","[0.7476, 0.7235, 0.6596]"
62,a boy walks with a soccer ball near a fence,1104133405_c04a00707f.jpg,5,0.6757,0.7633,0.0875,"['3506607642_40037b3fbf.jpg', '3538021517_b930dc76fc.jpg', '278608022_4175813019.jpg']","[0.7633, 0.7448, 0.737]"
66,a man climbs a rocky wall,111537222_07e56d5a30.jpg,6,0.6253,0.7995,0.1742,"['415793623_6c1225ae27.jpg', '950273886_88c324e663.jpg', '236095031_5cb17dc54a.jpg']","[0.7995, 0.7762, 0.7296]"
67,a rock climber climbs a large rock,111537222_07e56d5a30.jpg,7,0.6825,0.8449,0.1624,"['236095031_5cb17dc54a.jpg', '466956675_a2fb6bf901.jpg', '415793623_6c1225ae27.jpg']","[0.8449, 0.7899, 0.7804]"
68,a woman in purple snakeskin pants climbs a rock,111537222_07e56d5a30.jpg,7,0.5411,0.7049,0.1638,"['236095031_5cb17dc54a.jpg', '466956675_a2fb6bf901.jpg', '486917990_72bd4069af.jpg']","[0.7049, 0.6065, 0.599]"
69,person with blue helmet and purple pants is rock climbing,111537222_07e56d5a30.jpg,4,0.7952,0.8494,0.0543,"['466956675_a2fb6bf901.jpg', '236095031_5cb17dc54a.jpg', '415793623_6c1225ae27.jpg']","[0.8494, 0.8258, 0.7956]"
70,a child playing with a fountain at the beach,1115565519_d976d4b1f1.jpg,-1,0.217,0.622,0.405,"['2704934519_457dc38986.jpg', '1095476286_87d4f8664e.jpg', '1308472581_9961782889.jpg']","[0.622, 0.5729, 0.5655]"
71,a child plays with a fountain,1115565519_d976d4b1f1.jpg,-1,0.1051,0.8078,0.7027,"['3052196390_c59dd24ca8.jpg', '506882688_b37d549593.jpg', '1095476286_87d4f8664e.jpg']","[0.8078, 0.79, 0.7881]"
72,a girl looks at a fountain that sprays water,1115565519_d976d4b1f1.jpg,-1,0.2759,0.7236,0.4477,"['3052196390_c59dd24ca8.jpg', '506882688_b37d549593.jpg', '1095476286_87d4f8664e.jpg']","[0.7236, 0.71, 0.6676]"
73,a little girl playing in water on a frog sculpture,1115565519_d976d4b1f1.jpg,-1,0.3504,0.6758,0.3253,"['2594459477_8ca0121a9a.jpg', '2704934519_457dc38986.jpg', '758921886_55a351dd67.jpg']","[0.6758, 0.6357, 0.6355]"
74,the little girl is playing with a toy in a public fountain,1115565519_d976d4b1f1.jpg,-1,0.1177,0.6978,0.5801,"['3052196390_c59dd24ca8.jpg', '1095476286_87d4f8664e.jpg', '506882688_b37d549593.jpg']","[0.6978, 0.6799, 0.5962]"
77,two dogs run through the water with a rope in their mouths,1129704496_4a61441f2c.jpg,5,0.6275,0.6836,0.0561,"['481827288_a688be7913.jpg', '2289212650_69de7a20b2.jpg', '2244024374_54d7e88c2b.jpg']","[0.6836, 0.6829, 0.6662]"
78,both dogs retrieve the play toy from the water,1129704496_4a61441f2c.jpg,2,0.729,0.7429,0.014,"['2209496328_2a34fd201d.jpg', '1129704496_4a61441f2c.jpg', '1439282131_3814d6ae04.jpg']","[0.7429, 0.729, 0.6878]"
79,a brown and white and a black and white dog hauling in a floating toy from the ocean,1129704496_4a61441f2c.jpg,3,0.4992,0.6345,0.1353,"['2209496328_2a34fd201d.jpg', '535529555_583d89b7f2.jpg', '1129704496_4a61441f2c.jpg']","[0.6345, 0.54, 0.4992]"
81,two brown dogs in the water,1130401779_8c30182e3e.jpg,6,0.729,0.8095,0.0805,"['481827288_a688be7913.jpg', '2220175999_081aa9cce8.jpg', '2244024374_54d7e88c2b.jpg']","[0.8095, 0.7861, 0.7696]"
82,two brown dogs running through water,1130401779_8c30182e3e.jpg,2,0.7604,0.7787,0.0182,"['481827288_a688be7913.jpg', '1130401779_8c30182e3e.jpg', '2244024374_54d7e88c2b.jpg']","[0.7787, 0.7604, 0.7285]"
83,two brown dogs runs through the water,1130401779_8c30182e3e.jpg,2,0.7239,0.7678,0.0439,"['481827288_a688be7913.jpg', '1130401779_8c30182e3e.jpg', '2244024374_54d7e88c2b.jpg']","[0.7678, 0.7239, 0.6745]"
84,two dogs splash through the water,1130401779_8c30182e3e.jpg,3,0.746,0.7618,0.0158,"['2289212650_69de7a20b2.jpg', '481827288_a688be7913.jpg', '1130401779_8c30182e3e.jpg']","[0.7618, 0.7577, 0.746]"
88,a dog is looking at something near the water,1131800850_89c7ffd477.jpg,-1,0.4296,0.6831,0.2535,"['2220175999_081aa9cce8.jpg', '967719295_3257695095.jpg', '2115849046_2aa9fa8d13.jpg']","[0.6831, 0.6556, 0.638]"
89,a brown and white dog stands outside while it snows,1131800850_89c7ffd477.jpg,9,0.5433,0.7706,0.2273,"['421808539_57abee6d55.jpg', '3338291921_fe7ae0c8f8.jpg', '341430859_4519802e8f.jpg']","[0.7706, 0.6551, 0.6203]"
90,a child jumping into a lake in a wooded area while another child plays on the shore,1159574340_99ba8c3c59.jpg,-1,0.304,0.6628,0.3588,"['3690425778_3b390b3ea5.jpg', '1248357227_2b4175fc39.jpg', '3637013_c675de7705.jpg']","[0.6628, 0.6247, 0.6152]"
91,a child jumps into the water with his sneakers on,1159574340_99ba8c3c59.jpg,5,0.5863,0.6922,0.1059,"['3741827382_71e93298d0.jpg', '2797438951_88a3ed7541.jpg', '3690425778_3b390b3ea5.jpg']","[0.6922, 0.6553, 0.6241]"
92,a kid jumping into a pool of water,1159574340_99ba8c3c59.jpg,-1,0.5462,0.8719,0.3256,"['2461616306_3ee7ac1b4b.jpg', '1236964638_1808784a3c.jpg', '477254932_56b48d775d.jpg']","[0.8719, 0.8072, 0.7795]"
93,little boy in sneakers jumping into water,1159574340_99ba8c3c59.jpg,4,0.5692,0.6646,0.0954,"['3741827382_71e93298d0.jpg', '3666537170_c4ecda4be8.jpg', '1991806812_065f747689.jpg']","[0.6646, 0.6268, 0.5938]"
94,the man takes a leap into the water with his shoes on,1159574340_99ba8c3c59.jpg,4,0.6231,0.6894,0.0663,"['3613005134_bb7f304da1.jpg', '3690425778_3b390b3ea5.jpg', '1991806812_065f747689.jpg']","[0.6894, 0.6545, 0.6326]"
96,person wearing a hooded jacket sitting on snow in front of a yellow tent,116409198_0fe0c94f3b.jpg,2,0.6261,0.6455,0.0194,"['369360998_ba56fb436f.jpg', '116409198_0fe0c94f3b.jpg', '3287963317_186491ee78.jpg']","[0.6455, 0.6261, 0.5782]"
97,a mountaineer sits in the snow in front of a yellow tent under clear blue sky,116409198_0fe0c94f3b.jpg,2,0.6598,0.756,0.0961,"['319870744_0e0138d205.jpg', '116409198_0fe0c94f3b.jpg', '1247181182_35cabd76f3.jpg']","[0.756, 0.6598, 0.6509]"
104,two young boys are squirting water at each other,1177994172_10d143cb8d.jpg,3,0.6458,0.6992,0.0533,"['2911245290_b2c79f328a.jpg', '2852982055_8112d0964f.jpg', '1177994172_10d143cb8d.jpg']","[0.6992, 0.6504, 0.6458]"
110,a girl walking alone at night on a street,1225443522_1633e7121f.jpg,2,0.6501,0.7135,0.0634,"['551664516_78a5131dc4.jpg', '1225443522_1633e7121f.jpg', '256444892_efcb3bd824.jpg']","[0.7135, 0.6501, 0.6405]"
111,a woman in a blue coat and blue heels walks down a city sidewalk at night,1225443522_1633e7121f.jpg,2,0.7588,0.8143,0.0555,"['256444892_efcb3bd824.jpg', '1225443522_1633e7121f.jpg', '551664516_78a5131dc4.jpg']","[0.8143, 0.7588, 0.7447]"
112,a woman walking down a brick sidewalk,1225443522_1633e7121f.jpg,7,0.6252,0.7423,0.1171,"['1952896009_cee8147c90.jpg', '2798651021_2566f2a47e.jpg', '268365231_a0acecdc45.jpg']","[0.7423, 0.6926, 0.6752]"
115,the little girl is riding in a brown horse,1234293791_6566284bcd.jpg,2,0.6283,0.6413,0.013,"['2656987333_80dcc82c05.jpg', '1234293791_6566284bcd.jpg', '109202756_b97fcdc62c.jpg']","[0.6413, 0.6283, 0.6263]"
120,the hatted males pose for a picture,1235580648_7eebaed9bc.jpg,5,0.5788,0.6534,0.0746,"['470887791_86d5a08a38.jpg', '2219959872_988e6d498e.jpg', '1396703063_e8c3687afe.jpg']","[0.6534, 0.6229, 0.6005]"
121,the two men are wearing tall hats one hat is a red print and the other is gold colored,1235580648_7eebaed9bc.jpg,3,0.5428,0.5732,0.0304,"['1396703063_e8c3687afe.jpg', '440184957_267f3f3a2b.jpg', '1235580648_7eebaed9bc.jpg']","[0.5732, 0.5673, 0.5428]"
122,two men in tall hats frown at the camera,1235580648_7eebaed9bc.jpg,7,0.5189,0.6672,0.1483,"['2219959872_988e6d498e.jpg', '3217291172_10ef70af88.jpg', '470887791_86d5a08a38.jpg']","[0.6672, 0.6249, 0.5856]"
123,two men wear silly stove pipe hats and wear makeup,1235580648_7eebaed9bc.jpg,4,0.5455,0.5754,0.0299,"['3589367895_5d3729e3ea.jpg', '3640109324_3ce89e4d1a.jpg', '1429723917_6af585e4c0.jpg']","[0.5754, 0.5577, 0.5574]"
124,two people wearing hats sit and look at the camera,1235580648_7eebaed9bc.jpg,-1,0.4464,0.7056,0.2592,"['2837640996_0183db8d93.jpg', '3184031654_34b5c4ffe1.jpg', '3217291172_10ef70af88.jpg']","[0.7056, 0.6276, 0.6248]"
125,child flips off pool diving board man and another tumbling child at poolside,1236964638_1808784a3c.jpg,7,0.6082,0.7132,0.105,"['210126070_0d43b300b9.jpg', '3009018821_ba47396e24.jpg', '1309330801_aeeb23f1ee.jpg']","[0.7132, 0.7075, 0.7004]"
126,a child jumping into a swimming pool from the diving board,1236964638_1808784a3c.jpg,2,0.7835,0.8689,0.0854,"['2461616306_3ee7ac1b4b.jpg', '1236964638_1808784a3c.jpg', '477254932_56b48d775d.jpg']","[0.8689, 0.7835, 0.7545]"
127,a child is diving into a pool,1236964638_1808784a3c.jpg,2,0.8151,0.8967,0.0816,"['2461616306_3ee7ac1b4b.jpg', '1236964638_1808784a3c.jpg', '477254932_56b48d775d.jpg']","[0.8967, 0.8151, 0.7876]"
128,a boy is diving off a diving board into a swimming pool,1236964638_1808784a3c.jpg,2,0.8038,0.862,0.0582,"['2461616306_3ee7ac1b4b.jpg', '1236964638_1808784a3c.jpg', '477254932_56b48d775d.jpg']","[0.862, 0.8038, 0.7343]"
129,a boy flips off a diving board into a pool,1236964638_1808784a3c.jpg,2,0.7654,0.796,0.0307,"['2461616306_3ee7ac1b4b.jpg', '1236964638_1808784a3c.jpg', '3426789838_8771f0ed56.jpg']","[0.796, 0.7654, 0.6668]"
130,a man sits on a rock,1247181182_35cabd76f3.jpg,-1,0.4259,0.7028,0.2769,"['3108378861_d2214d971e.jpg', '561179884_8b6b925ef9.jpg', '697778778_b52090709d.jpg']","[0.7028, 0.7011, 0.6632]"
132,a man wearing a blue shirt crouches on a rocky cliff,1247181182_35cabd76f3.jpg,6,0.6324,0.7123,0.0799,"['136639119_6040b00946.jpg', '415793623_6c1225ae27.jpg', '950273886_88c324e663.jpg']","[0.7123, 0.6882, 0.6682]"
133,a person posing on a mountaintop,1247181182_35cabd76f3.jpg,7,0.6395,0.7546,0.1152,"['106514190_bae200f463.jpg', '223299142_521aedf9e7.jpg', '530888330_a18343e38d.jpg']","[0.7546, 0.7372, 0.7179]"
135,three children stand next to a lake with their reflections on the water,1248357227_2b4175fc39.jpg,4,0.6069,0.707,0.1002,"['3637013_c675de7705.jpg', '3217893350_57be430d06.jpg', '3229821595_77ace81c6b.jpg']","[0.707, 0.6919, 0.6399]"
136,three children play near a placid lake in a wooded area,1248357227_2b4175fc39.jpg,2,0.6133,0.6269,0.0136,"['3637013_c675de7705.jpg', '1248357227_2b4175fc39.jpg', '2257294002_0073263c54.jpg']","[0.6269, 0.6133, 0.6108]"
137,three children in jackets looking at water s edge looking at their reflections in a lake,1248357227_2b4175fc39.jpg,8,0.4777,0.6378,0.1601,"['3217893350_57be430d06.jpg', '3637013_c675de7705.jpg', '3229821595_77ace81c6b.jpg']","[0.6378, 0.5795, 0.5732]"
138,the kids play in the wooded area near the water,1248357227_2b4175fc39.jpg,2,0.7031,0.7089,0.0058,"['3637013_c675de7705.jpg', '1248357227_2b4175fc39.jpg', '3041689520_c481bdb20e.jpg']","[0.7089, 0.7031, 0.5619]"
150,two dogs one black and one white face the camera in a field of snow,1287931016_fb015e2e10.jpg,3,0.6802,0.7406,0.0603,"['3195040792_a03954a19f.jpg', '412101267_7257e6d8c0.jpg', '1287931016_fb015e2e10.jpg']","[0.7406, 0.7145, 0.6802]"
151,two dogs standing in the snow,1287931016_fb015e2e10.jpg,2,0.7171,0.7916,0.0745,"['1067790824_f3cc97239b.jpg', '1287931016_fb015e2e10.jpg', '412101267_7257e6d8c0.jpg']","[0.7916, 0.7171, 0.6946]"
152,a black and a white dog on the snow,1287931016_fb015e2e10.jpg,2,0.7222,0.7291,0.0069,"['412101267_7257e6d8c0.jpg', '1287931016_fb015e2e10.jpg', '2148916767_644ea6a7fa.jpg']","[0.7291, 0.7222, 0.6699]"
153,a black dog and a white dog are standing on snow,1287931016_fb015e2e10.jpg,3,0.7238,0.7358,0.0119,"['1067790824_f3cc97239b.jpg', '3195040792_a03954a19f.jpg', '1287931016_fb015e2e10.jpg']","[0.7358, 0.733, 0.7238]"
154,two dogs stand in the snow,1287931016_fb015e2e10.jpg,3,0.7262,0.7903,0.0641,"['1067790824_f3cc97239b.jpg', '412101267_7257e6d8c0.jpg', '1287931016_fb015e2e10.jpg']","[0.7903, 0.7272, 0.7262]"
155,man in suit is using his cellphone while sitting on a train,1298866571_b4c496b71c.jpg,2,0.6072,0.7016,0.0945,"['397601572_9587a39291.jpg', '1298866571_b4c496b71c.jpg', '1332208215_fa824f6659.jpg']","[0.7016, 0.6072, 0.6024]"
158,a man in a suit holds his cellphone in the air,1298866571_b4c496b71c.jpg,2,0.6003,0.6076,0.0073,"['2700147489_f1664f2b61.jpg', '1298866571_b4c496b71c.jpg', '3613005134_bb7f304da1.jpg']","[0.6076, 0.6003, 0.5898]"
160,a boy in swimming trunks,1299459550_1fd5594fa2.jpg,-1,0.4488,0.7577,0.3089,"['2842849030_89548af61c.jpg', '3666537170_c4ecda4be8.jpg', '1159574340_99ba8c3c59.jpg']","[0.7577, 0.7054, 0.6723]"
162,a young boy laying face down in water,1299459550_1fd5594fa2.jpg,2,0.6197,0.6242,0.0045,"['897621891_efb1e00d1d.jpg', '1299459550_1fd5594fa2.jpg', '3613030730_0b28b079ba.jpg']","[0.6242, 0.6197, 0.6129]"
164,the boy in swim trunks is laying face down on a watery pavement,1299459550_1fd5594fa2.jpg,4,0.5292,0.593,0.0638,"['2701487024_e866eb4550.jpg', '2542037086_58c833699c.jpg', '482088914_e6ea4501e9.jpg']","[0.593, 0.5921, 0.5293]"
165,a dark haired bearded man wearing a turquoise shirt with a yellow peace sign on it,1303727066_23d0f6ed43.jpg,-1,0.4372,0.7368,0.2996,"['3412249548_00820fc4ca.jpg', '544257613_d9a1fea3f7.jpg', '1235580648_7eebaed9bc.jpg']","[0.7368, 0.6379, 0.5656]"
166,a man wearing a peace sign on his shirt smiles,1303727066_23d0f6ed43.jpg,-1,0.4419,0.7124,0.2705,"['3412249548_00820fc4ca.jpg', '2815256108_fc1302117d.jpg', '2924884899_f512c84332.jpg']","[0.7124, 0.6849, 0.6217]"
167,a man with a peace sign shirt stops to look at something,1303727066_23d0f6ed43.jpg,-1,0.3688,0.8078,0.439,"['2815256108_fc1302117d.jpg', '432167214_c17fcc1a2d.jpg', '3451344589_6787bd06ef.jpg']","[0.8078, 0.6255, 0.6152]"
168,a smiling bearded man wears a shirt with an orange peace sign,1303727066_23d0f6ed43.jpg,-1,0.3951,0.7302,0.3351,"['3412249548_00820fc4ca.jpg', '1235580648_7eebaed9bc.jpg', '2925737498_57585a7ed9.jpg']","[0.7302, 0.6601, 0.6493]"
169,the tshirt worn by the man has a bright orange peace symbol on the back,1303727066_23d0f6ed43.jpg,7,0.5183,0.5869,0.0685,"['264141937_585320617a.jpg', '3688839836_ba5e4c24fc.jpg', '2267819545_446c5a3e18.jpg']","[0.5869, 0.5644, 0.5644]"
170,girls with a blue bucket is playing and splashing in the ocean water,1308472581_9961782889.jpg,5,0.6057,0.7553,0.1495,"['2747714500_49476225c6.jpg', '2951092164_4940b9a517.jpg', '2594459477_8ca0121a9a.jpg']","[0.7553, 0.6677, 0.6165]"
172,the girl with the blue bucket splashes beneath the pier,1308472581_9961782889.jpg,2,0.6237,0.6476,0.0239,"['2594459477_8ca0121a9a.jpg', '1308472581_9961782889.jpg', '3052196390_c59dd24ca8.jpg']","[0.6476, 0.6237, 0.5792]"
173,a boy in blue shirt splashing in water under a dock,1308472581_9961782889.jpg,8,0.5841,0.6701,0.086,"['897621891_efb1e00d1d.jpg', '2107838729_a527e434bd.jpg', '3666537170_c4ecda4be8.jpg']","[0.6701, 0.6662, 0.6459]"
174,a laughing girl holding a bucket splashes in the ocean,1308472581_9961782889.jpg,6,0.6178,0.6512,0.0334,"['2594459477_8ca0121a9a.jpg', '2951092164_4940b9a517.jpg', '2726262796_03bd63a155.jpg']","[0.6512, 0.6413, 0.6369]"
175,one girl is doing a handstand on an outdoor trampoline while another girl stands on the trampoline with one hand in the air,1309330801_aeeb23f1ee.jpg,7,0.4914,0.5779,0.0865,"['3415287719_3c776f370e.jpg', '2858903676_6278f07ee3.jpg', '3454988449_1de1ef4f20.jpg']","[0.5779, 0.5546, 0.5204]"
176,one girl is doing a handstand on a trampoline while another girl watches,1309330801_aeeb23f1ee.jpg,4,0.5332,0.5673,0.0342,"['3352697012_751b079bbb.jpg', '2858903676_6278f07ee3.jpg', '3454988449_1de1ef4f20.jpg']","[0.5673, 0.5571, 0.5443]"
177,the children are playing on the trampoline,1309330801_aeeb23f1ee.jpg,5,0.5621,0.6391,0.077,"['210126070_0d43b300b9.jpg', '2335428699_4eba9b6245.jpg', '520491467_54cbc0a866.jpg']","[0.6391, 0.6169, 0.605]"
178,two girls are performing tricks on a trampoline,1309330801_aeeb23f1ee.jpg,2,0.6244,0.661,0.0366,"['210126070_0d43b300b9.jpg', '1309330801_aeeb23f1ee.jpg', '3352697012_751b079bbb.jpg']","[0.661, 0.6244, 0.6161]"
179,two girls jumping on a trampoline in a backyard,1309330801_aeeb23f1ee.jpg,2,0.594,0.608,0.014,"['3404978479_8a81843e17.jpg', '1309330801_aeeb23f1ee.jpg', '3415287719_3c776f370e.jpg']","[0.608, 0.594, 0.5911]"
180,the little girl smiles at the camera with her eyes closed,1316247213_1d2c726dd5.jpg,-1,0.495,0.6938,0.1988,"['3079787482_0757e9d167.jpg', '2456030728_d3d147e774.jpg', '3572346664_e1e6c77f11.jpg']","[0.6938, 0.645, 0.6158]"
181,the girl in the purple top and shorts wearing a hat is laughing,1316247213_1d2c726dd5.jpg,8,0.588,0.738,0.1501,"['3627011534_485f667b10.jpg', '1527297882_dededc7891.jpg', '3231880001_193a579b97.jpg']","[0.738, 0.7077, 0.6584]"
182,a young girl wearing a snoopy hat and purple shirt stands smiling,1316247213_1d2c726dd5.jpg,-1,0.5236,0.696,0.1724,"['1527297882_dededc7891.jpg', '3627011534_485f667b10.jpg', '3437315443_ba2263f92e.jpg']","[0.696, 0.6829, 0.6755]"
183,a closeup of a little girl laughing,1316247213_1d2c726dd5.jpg,7,0.5975,0.6763,0.0788,"['3079787482_0757e9d167.jpg', '2086678529_b3301c2d71.jpg', '3231880001_193a579b97.jpg']","[0.6763, 0.653, 0.6342]"
184,a girl in a purple shirt and a pink snoopy hat is laughing,1316247213_1d2c726dd5.jpg,10,0.5555,0.6932,0.1377,"['2609847254_0ec40c1cce.jpg', '3627011534_485f667b10.jpg', '3470303255_fbb41b8dd0.jpg']","[0.6932, 0.6578, 0.6359]"
185,a brown dog stands in a lush field with the stunning clouds and mountains behind it,1324816249_86600a6759.jpg,7,0.6028,0.6962,0.0933,"['223299142_521aedf9e7.jpg', '319869052_08b000e4af.jpg', '2411824767_4eb1fae823.jpg']","[0.6962, 0.6768, 0.6395]"
186,a golden dog walks on a trail through tall grass with mountains in the background,1324816249_86600a6759.jpg,9,0.5768,0.6835,0.1067,"['95783195_e1ba3f57ca.jpg', '1932161768_996eadac87.jpg', '95728660_d47de66544.jpg']","[0.6835, 0.6669, 0.6094]"
187,a golden retriever walking through high grass,1324816249_86600a6759.jpg,2,0.6506,0.71,0.0594,"['1969573381_5ecfae4c80.jpg', '1324816249_86600a6759.jpg', '2584487952_f70e5aa9bf.jpg']","[0.71, 0.6506, 0.6354]"
188,a tan dog running through a field with his tongue hanging out,1324816249_86600a6759.jpg,2,0.7505,0.7507,0.0002,"['3559781965_d4ec00e506.jpg', '1324816249_86600a6759.jpg', '1969573381_5ecfae4c80.jpg']","[0.7507, 0.7505, 0.7369]"
189,a tan dog walks along a grassy path with his long pink tongue hanging out,1324816249_86600a6759.jpg,3,0.6221,0.7009,0.0788,"['1969573381_5ecfae4c80.jpg', '3559781965_d4ec00e506.jpg', '1324816249_86600a6759.jpg']","[0.7009, 0.6247, 0.6221]"
190,several people sit on a train,1332208215_fa824f6659.jpg,2,0.7263,0.7755,0.0492,"['2525666287_638ab5e784.jpg', '1332208215_fa824f6659.jpg', '255091927_2eb643beb2.jpg']","[0.7755, 0.7263, 0.6958]"
191,people sit inside a train,1332208215_fa824f6659.jpg,2,0.7524,0.7723,0.02,"['2525666287_638ab5e784.jpg', '1332208215_fa824f6659.jpg', '2526585002_10987a63f3.jpg']","[0.7723, 0.7524, 0.5879]"
195,three women standing on a city street,1332722096_1e3de8ae70.jpg,-1,0.3128,0.6969,0.3841,"['3565598162_56044bc2f7.jpg', '1225443522_1633e7121f.jpg', '3134341610_3c55e373a7.jpg']","[0.6969, 0.5543, 0.5532]"
196,three women walk down the street,1332722096_1e3de8ae70.jpg,-1,0.4077,0.7687,0.361,"['3565598162_56044bc2f7.jpg', '3677734351_63d60844cb.jpg', '537359971_6e28f5e66e.jpg']","[0.7687, 0.656, 0.6063]"
197,two girls and a woman walking on the sidewalk,1332722096_1e3de8ae70.jpg,5,0.657,0.7741,0.1171,"['3415228562_4efa9c9b70.jpg', '3677734351_63d60844cb.jpg', '537359971_6e28f5e66e.jpg']","[0.7741, 0.7437, 0.7217]"
198,two girls in bright green boots and a woman are together,1332722096_1e3de8ae70.jpg,-1,0.3448,0.6329,0.2881,"['3319058642_885d756295.jpg', '3661072592_2e693cd5a0.jpg', '3415228562_4efa9c9b70.jpg']","[0.6329, 0.613, 0.567]"
199,two young ladies in green boots are walking through an urban area while an older lady wearing black shoes follows them,1332722096_1e3de8ae70.jpg,-1,0.4469,0.7384,0.2915,"['3677734351_63d60844cb.jpg', '3415228562_4efa9c9b70.jpg', '3565598162_56044bc2f7.jpg']","[0.7384, 0.6866, 0.6443]"
200,a young man wearing swimming goggles wearing a blue shirt with a pirate skull on it,1343426964_cde3fb54e8.jpg,-1,0.3745,0.6565,0.282,"['656260720_a7db4ce48b.jpg', '3442844140_15aa45e9b8.jpg', '2842849030_89548af61c.jpg']","[0.6565, 0.5891, 0.5542]"
201,a young kid at the beach,1343426964_cde3fb54e8.jpg,-1,0.2646,0.7206,0.4559,"['3532194771_07faf20d76.jpg', '2271468944_3264d29208.jpg', '2701487024_e866eb4550.jpg']","[0.7206, 0.6694, 0.6365]"
202,a blond boy in a blue tee shirts stands smiling before a craft of green nylon fabric,1343426964_cde3fb54e8.jpg,-1,0.1651,0.669,0.5039,"['2410618963_fb78307d18.jpg', '3701226275_952547ba0f.jpg', '1539166395_0cdc0accee.jpg']","[0.669, 0.6551, 0.5887]"
203,a child poses wearing glasses near water outside,1343426964_cde3fb54e8.jpg,-1,0.4321,0.6853,0.2531,"['3572346664_e1e6c77f11.jpg', '2107838729_a527e434bd.jpg', '3208074567_ac44aeb3f3.jpg']","[0.6853, 0.5839, 0.5484]"
204,a small girl smiling on the beach,1343426964_cde3fb54e8.jpg,-1,0.3197,0.6192,0.2996,"['2726262796_03bd63a155.jpg', '3532194771_07faf20d76.jpg', '3189002057_3ef61b803e.jpg']","[0.6192, 0.6037, 0.5809]"
205,a dog in midair cathing the red ball,1346529555_e916816cfe.jpg,-1,0.4745,0.6996,0.225,"['539750844_02a07ec524.jpg', '3544673666_ffc7483c96.jpg', '3696246123_99d4d10140.jpg']","[0.6996, 0.672, 0.6444]"
206,a dog retrieves a golf ball,1346529555_e916816cfe.jpg,-1,0.394,0.6706,0.2766,"['1026685415_0431cbf574.jpg', '3383545083_1d7c95b003.jpg', '539750844_02a07ec524.jpg']","[0.6706, 0.6023, 0.6006]"
207,a little brown dog stands on his hind legs with a red toy in its mouth,1346529555_e916816cfe.jpg,7,0.6313,0.7635,0.1321,"['535529555_583d89b7f2.jpg', '244399048_8332bb3270.jpg', '242324909_06d5a6c44b.jpg']","[0.7635, 0.7344, 0.6791]"
208,a terrier who jumped up has a red ball in his mouth,1346529555_e916816cfe.jpg,-1,0.523,0.6464,0.1234,"['539750844_02a07ec524.jpg', '496971341_22782195f0.jpg', '3155390408_8e1a81efb2.jpg']","[0.6464, 0.6238, 0.5696]"
209,a yorkie jumped into the air to catch a red ball in its mouth,1346529555_e916816cfe.jpg,-1,0.4059,0.5677,0.1617,"['3672940355_47f30e2b28.jpg', '3131160589_dc73c209b7.jpg', '427936315_0b8f7b8d23.jpg']","[0.5677, 0.519, 0.5142]"
213,a man and a dog stand on a hill overlooking water,1348947380_14f0fc1237.jpg,2,0.7511,0.7635,0.0125,"['2521983429_33218366bd.jpg', '1348947380_14f0fc1237.jpg', '319869052_08b000e4af.jpg']","[0.7635, 0.7511, 0.6422]"
215,a young boy casting his fishing line off a pier,1350811702_2ce7cfd0c5.jpg,-1,0.1343,0.728,0.5937,"['2456907314_49bc4591c4.jpg', '493542985_c85ad29ebe.jpg', '2046222127_a6f300e202.jpg']","[0.728, 0.6384, 0.5968]"
216,children fishing off a bridge,1350811702_2ce7cfd0c5.jpg,7,0.5557,0.7136,0.1579,"['3637013_c675de7705.jpg', '1248357227_2b4175fc39.jpg', '3690425778_3b390b3ea5.jpg']","[0.7136, 0.6432, 0.5956]"
217,people fishing over white fence,1350811702_2ce7cfd0c5.jpg,-1,0.3222,0.6108,0.2886,"['361183669_52be9662b9.jpg', '3596959859_a7cb1e194b.jpg', '1248357227_2b4175fc39.jpg']","[0.6108, 0.6001, 0.5694]"
218,young boy standing next to water casting his fishing rod with others next to him,1350811702_2ce7cfd0c5.jpg,-1,0.1242,0.6808,0.5566,"['2271468944_3264d29208.jpg', '2456907314_49bc4591c4.jpg', '493542985_c85ad29ebe.jpg']","[0.6808, 0.6158, 0.5211]"
219,young boy wearing waders standing on a dock fishing other people are in the background,1350811702_2ce7cfd0c5.jpg,-1,0.1003,0.7468,0.6465,"['2271468944_3264d29208.jpg', '2456907314_49bc4591c4.jpg', '2107838729_a527e434bd.jpg']","[0.7468, 0.5808, 0.561]"
220,the dog in the red vest runs in the field,1359101233_16c2c150e3.jpg,8,0.5064,0.6251,0.1187,"['3559781965_d4ec00e506.jpg', '433855742_c2a6fda763.jpg', '2445783904_e6c38a3a3d.jpg']","[0.6251, 0.5653, 0.5622]"
221,a tan dog wearing a red shirt runs through the grass,1359101233_16c2c150e3.jpg,9,0.6051,0.6864,0.0813,"['3559781965_d4ec00e506.jpg', '2764732789_1392e962d0.jpg', '3518675890_2f65e23ff9.jpg']","[0.6864, 0.6725, 0.6702]"
223,a dog in a red jacket is running on the grass,1359101233_16c2c150e3.jpg,2,0.6628,0.7436,0.0808,"['697582336_601462e052.jpg', '1359101233_16c2c150e3.jpg', '2730994020_64ac1d18be.jpg']","[0.7436, 0.6628, 0.6284]"
224,a dog wearing a red saddle is running across a field with low grass and trees nearby,1359101233_16c2c150e3.jpg,-1,0.5602,0.6721,0.1119,"['697582336_601462e052.jpg', '2673148534_8daf0de833.jpg', '3559781965_d4ec00e506.jpg']","[0.6721, 0.6256, 0.6194]"
225,a climber is attempting to climb around an overhang above the woods,136639119_6040b00946.jpg,3,0.6749,0.7514,0.0765,"['2623560640_0445c9a138.jpg', '3374384485_751f719be4.jpg', '136639119_6040b00946.jpg']","[0.7514, 0.6803, 0.6749]"
227,a man is rock climbing under a large cliff,136639119_6040b00946.jpg,3,0.8221,0.8657,0.0436,"['236095031_5cb17dc54a.jpg', '415793623_6c1225ae27.jpg', '136639119_6040b00946.jpg']","[0.8657, 0.8224, 0.8221]"
228,a person is rock climbing,136639119_6040b00946.jpg,4,0.827,0.8921,0.0651,"['236095031_5cb17dc54a.jpg', '466956675_a2fb6bf901.jpg', '415793623_6c1225ae27.jpg']","[0.8921, 0.8491, 0.8432]"
229,climber on rock formation using ropes,136639119_6040b00946.jpg,2,0.8087,0.8115,0.0028,"['236095031_5cb17dc54a.jpg', '136639119_6040b00946.jpg', '466956675_a2fb6bf901.jpg']","[0.8115, 0.8087, 0.7991]"
231,two girls walking down the street,1389264266_8170bc1c54.jpg,6,0.6275,0.7455,0.118,"['537359971_6e28f5e66e.jpg', '3415228562_4efa9c9b70.jpg', '3677734351_63d60844cb.jpg']","[0.7455, 0.7065, 0.6424]"
232,two young girls wearing goth clothes,1389264266_8170bc1c54.jpg,2,0.6717,0.6898,0.0181,"['537359971_6e28f5e66e.jpg', '1389264266_8170bc1c54.jpg', '3534824784_7133119316.jpg']","[0.6898, 0.6717, 0.5966]"
233,a girl with pink streaked hair and fur uggs looks back while the girl walking next to her looks at her,1389264266_8170bc1c54.jpg,6,0.5877,0.7143,0.1266,"['537359971_6e28f5e66e.jpg', '3415228562_4efa9c9b70.jpg', '3415287719_3c776f370e.jpg']","[0.7143, 0.6864, 0.6202]"
234,two girls facing each other one has a skull face bag wearing a red and black shirt the other is wearing a beaded belt,1389264266_8170bc1c54.jpg,5,0.513,0.5829,0.0699,"['2337809114_899ba61330.jpg', '3437315443_ba2263f92e.jpg', '3183883750_b6acc40397.jpg']","[0.5829, 0.568, 0.5499]"
236,a man in a hat white shirt and gold chain with a cross,1396703063_e8c3687afe.jpg,8,0.4571,0.6027,0.1456,"['2551344688_17a12a6948.jpg', '3526805681_38461c0d5d.jpg', '2924884899_f512c84332.jpg']","[0.6027, 0.555, 0.5251]"
237,a man wearing a cowboy hat and a gold cross around his neck,1396703063_e8c3687afe.jpg,5,0.5521,0.7126,0.1605,"['2551344688_17a12a6948.jpg', '2924884899_f512c84332.jpg', '1235580648_7eebaed9bc.jpg']","[0.7126, 0.6414, 0.6329]"
238,a man wearing a white shirt gold cross and a cowboy hat is standing in front of a roller coaster,1396703063_e8c3687afe.jpg,-1,0.3713,0.5168,0.1454,"['3438858409_136345fa07.jpg', '2815256108_fc1302117d.jpg', '3057497487_57ecc60ff1.jpg']","[0.5168, 0.478, 0.4706]"
241,a white and a gray dog walking along a path in the wood,1403414927_5f80281505.jpg,2,0.7225,0.7595,0.0371,"['3330935489_9cb67ca36b.jpg', '1403414927_5f80281505.jpg', '1932161768_996eadac87.jpg']","[0.7595, 0.7225, 0.7085]"
250,guy in red shorts jumping up in front of volleyball net,1414820925_3504c394e1.jpg,-1,0.4556,0.6783,0.2227,"['2061354254_faa5bd294b.jpg', '3177298173_78cea31d64.jpg', '2797438951_88a3ed7541.jpg']","[0.6783, 0.6339, 0.6152]"
251,athletic man spiking volleyball,1414820925_3504c394e1.jpg,-1,0.3506,0.6215,0.271,"['2061354254_faa5bd294b.jpg', '3522749949_fb615cee47.jpg', '3380072636_4cd59385fd.jpg']","[0.6215, 0.5931, 0.5686]"
252,a man in red swim trunks playing volleyball,1414820925_3504c394e1.jpg,-1,0.4414,0.6229,0.1815,"['3522749949_fb615cee47.jpg', '3538021517_b930dc76fc.jpg', '1159574340_99ba8c3c59.jpg']","[0.6229, 0.5704, 0.5687]"
253,a man in red shorts jumping in back of a volleyball net,1414820925_3504c394e1.jpg,-1,0.3959,0.713,0.3171,"['2061354254_faa5bd294b.jpg', '3550763985_800cfee7e4.jpg', '2700147489_f1664f2b61.jpg']","[0.713, 0.5959, 0.5898]"
254,a man in red shorts jumps behind a volleyball net,1414820925_3504c394e1.jpg,-1,0.3788,0.721,0.3422,"['2061354254_faa5bd294b.jpg', '3550763985_800cfee7e4.jpg', '3177298173_78cea31d64.jpg']","[0.721, 0.5941, 0.5869]"
255,a man holds a drink in one hand and looks at his cellphone,1417295167_5299df6db8.jpg,3,0.6497,0.7086,0.059,"['1298866571_b4c496b71c.jpg', '3066338314_2c3fb731d1.jpg', '1417295167_5299df6db8.jpg']","[0.7086, 0.6592, 0.6497]"
256,a man stares intently at his cellphone as he carries a greencolored drink,1417295167_5299df6db8.jpg,3,0.5046,0.5734,0.0688,"['1298866571_b4c496b71c.jpg', '3066338314_2c3fb731d1.jpg', '1417295167_5299df6db8.jpg']","[0.5734, 0.545, 0.5046]"
257,a man wearing glasses is reading his cellphone and holding a drink in the other hand,1417295167_5299df6db8.jpg,3,0.634,0.6841,0.0501,"['3066338314_2c3fb731d1.jpg', '1298866571_b4c496b71c.jpg', '1417295167_5299df6db8.jpg']","[0.6841, 0.6561, 0.634]"
258,the man holds a drink and uses his cellphone,1417295167_5299df6db8.jpg,3,0.5815,0.651,0.0696,"['1298866571_b4c496b71c.jpg', '3066338314_2c3fb731d1.jpg', '1417295167_5299df6db8.jpg']","[0.651, 0.6006, 0.5815]"
259,the young man is holding a drink and checking his cellphone,1417295167_5299df6db8.jpg,3,0.5747,0.609,0.0342,"['3066338314_2c3fb731d1.jpg', '1298866571_b4c496b71c.jpg', '1417295167_5299df6db8.jpg']","[0.609, 0.6013, 0.5747]"
261,an older man in a baseball cap,1418019748_51c7d59c11.jpg,-1,0.4977,0.814,0.3163,"['2924884899_f512c84332.jpg', '358607894_5abb1250d3.jpg', '2837640996_0183db8d93.jpg']","[0.814, 0.7016, 0.6182]"
262,a man in a white shirt and blue hat is speaking,1418019748_51c7d59c11.jpg,2,0.6143,0.747,0.1327,"['2924884899_f512c84332.jpg', '1418019748_51c7d59c11.jpg', '1396703063_e8c3687afe.jpg']","[0.747, 0.6143, 0.6131]"
265,two children hang from a metal bar close to the ground,1424237335_b3be9920ba.jpg,-1,0.3871,0.8191,0.4319,"['2707873672_15e6b5d54b.jpg', '1007320043_627395c3d8.jpg', '493109089_468e105233.jpg']","[0.8191, 0.6063, 0.5884]"
266,two little girls are hanging by their arms from a metal bar,1424237335_b3be9920ba.jpg,-1,0.3264,0.6054,0.279,"['493109089_468e105233.jpg', '2268729848_d418451226.jpg', '2707873672_15e6b5d54b.jpg']","[0.6054, 0.5719, 0.5698]"
267,two little girls hang on a bar in front of a wooden fence,1424237335_b3be9920ba.jpg,-1,0.425,0.6454,0.2204,"['493109089_468e105233.jpg', '2707873672_15e6b5d54b.jpg', '2858903676_6278f07ee3.jpg']","[0.6454, 0.5997, 0.5845]"
268,two little girls wearing pink hanging on a tube,1424237335_b3be9920ba.jpg,-1,0.2291,0.6219,0.3929,"['2337809114_899ba61330.jpg', '1007320043_627395c3d8.jpg', '2599131872_65789d86d5.jpg']","[0.6219, 0.6165, 0.6077]"
269,two smiling little blonde girls in pink pants swing from a metal bar,1424237335_b3be9920ba.jpg,-1,0.3669,0.7646,0.3977,"['493109089_468e105233.jpg', '2597737483_6518a230e4.jpg', '3317960829_78bbfafbb6.jpg']","[0.7646, 0.5906, 0.5229]"
270,two men wearing hats are shown at the front of a crowd of people,1425919702_ddb761aeec.jpg,5,0.5881,0.7805,0.1923,"['1396703063_e8c3687afe.jpg', '2924884899_f512c84332.jpg', '2551344688_17a12a6948.jpg']","[0.7805, 0.7027, 0.6312]"
271,people wait patiently in the seats for the show to begin,1425919702_ddb761aeec.jpg,-1,0.4038,0.6112,0.2075,"['2602258549_7401a3cdae.jpg', '2244551043_21b8cca866.jpg', '3480052428_c034b98a08.jpg']","[0.6112, 0.5925, 0.5843]"
274,a group of people sitting at a sporting event,1425919702_ddb761aeec.jpg,3,0.5876,0.6529,0.0653,"['2621771656_09a620da6d.jpg', '2602258549_7401a3cdae.jpg', '1425919702_ddb761aeec.jpg']","[0.6529, 0.6215, 0.5876]"
276,a little boy is smiling for the camera on a playground,1427391496_ea512cbe7f.jpg,8,0.5869,0.7051,0.1182,"['2556392380_ee57514233.jpg', '2362481035_a7600875d0.jpg', '964197865_0133acaeb4.jpg']","[0.7051, 0.6973, 0.6483]"
277,a young boy holds onto a blue handle on a pier,1427391496_ea512cbe7f.jpg,5,0.5988,0.6734,0.0746,"['2456907314_49bc4591c4.jpg', '2107838729_a527e434bd.jpg', '2341254813_c53a5ef27a.jpg']","[0.6734, 0.6677, 0.66]"
278,a young child stands on a wood dock next to the water,1427391496_ea512cbe7f.jpg,-1,0.4673,0.7076,0.2403,"['2456907314_49bc4591c4.jpg', '2107838729_a527e434bd.jpg', '2271468944_3264d29208.jpg']","[0.7076, 0.6887, 0.5815]"
279,boy in green sweater with white stripe on sleeve standing on wood planked floor with body of water in the background,1427391496_ea512cbe7f.jpg,-1,0.3995,0.6362,0.2367,"['3698944019_825ef54f2f.jpg', '2107838729_a527e434bd.jpg', '2341254813_c53a5ef27a.jpg']","[0.6362, 0.557, 0.5473]"
280,two people stand on the edge of a recently snowed on cliff,1428578577_82864facae.jpg,-1,0.4632,0.6821,0.2189,"['2272823323_3b7291cd47.jpg', '369360998_ba56fb436f.jpg', '2301867590_98c0ecb0cb.jpg']","[0.6821, 0.5899, 0.5893]"
281,two people standing on top of a rock in the middle of snow and cloud,1428578577_82864facae.jpg,-1,0.501,0.6185,0.1175,"['3287963317_186491ee78.jpg', '58368365_03ed3e5bdf.jpg', '765929807_de381cc764.jpg']","[0.6185, 0.6019, 0.5862]"
282,two hikers wearing dark clothes rest on a snow covered peak,1428578577_82864facae.jpg,-1,0.3931,0.7592,0.3662,"['2272823323_3b7291cd47.jpg', '2053733930_e245615ad4.jpg', '3164415865_612f9fd8bc.jpg']","[0.7592, 0.6922, 0.6407]"
283,two people pose for a picture amidst a snowy rocky landscape,1428578577_82864facae.jpg,-1,0.4029,0.647,0.2441,"['2272823323_3b7291cd47.jpg', '530888330_a18343e38d.jpg', '58368365_03ed3e5bdf.jpg']","[0.647, 0.5543, 0.5454]"
284,two people standing at the edge of a snow covered cliff,1428578577_82864facae.jpg,-1,0.4516,0.6918,0.2402,"['2272823323_3b7291cd47.jpg', '530888330_a18343e38d.jpg', '58368365_03ed3e5bdf.jpg']","[0.6918, 0.6251, 0.5765]"
286,a bald man with tattoos on his head a face stands with a man in tan with backs turned to the camera,1429723917_6af585e4c0.jpg,4,0.5764,0.7177,0.1413,"['2925737498_57585a7ed9.jpg', '2219959872_988e6d498e.jpg', '470887791_86d5a08a38.jpg']","[0.7177, 0.6447, 0.5926]"
287,two men are standing one has body modifications and the other is wearing a hat,1429723917_6af585e4c0.jpg,-1,0.4545,0.6145,0.1601,"['2219959872_988e6d498e.jpg', '2551344688_17a12a6948.jpg', '2845845721_d0bc113ff7.jpg']","[0.6145, 0.6127, 0.5967]"
288,two men one of which is bald in a bathroom,1429723917_6af585e4c0.jpg,2,0.606,0.6107,0.0047,"['518789868_8895ef8792.jpg', '1429723917_6af585e4c0.jpg', '374103842_17873ce505.jpg']","[0.6107, 0.606, 0.5573]"
289,two men walk down a street one with a black shirt and facial tattoos,1429723917_6af585e4c0.jpg,-1,0.2448,0.6317,0.3869,"['2219959872_988e6d498e.jpg', '3125158798_0743dae56e.jpg', '2222559267_6fd31e3941.jpg']","[0.6317, 0.611, 0.5864]"
290,two people standing on the side of a city street,1432342377_3e41603f26.jpg,10,0.5952,0.7249,0.1297,"['2222559267_6fd31e3941.jpg', '3072782873_3278f3b3a7.jpg', '2760715910_87c7bdeb87.jpg']","[0.7249, 0.7199, 0.6808]"
291,two people wait to cross the street,1432342377_3e41603f26.jpg,2,0.6404,0.6617,0.0213,"['3242007318_01e82171aa.jpg', '1432342377_3e41603f26.jpg', '3655964639_21e76383d0.jpg']","[0.6617, 0.6404, 0.6308]"
292,two people are standing near a curb outside a store,1432342377_3e41603f26.jpg,-1,0.4626,0.6838,0.2212,"['1859726819_9a793b3b44.jpg', '1057210460_09c6f4c6c1.jpg', '3503011427_a4ee547c77.jpg']","[0.6838, 0.6608, 0.6497]"
293,a man and a woman are standing on the curb,1432342377_3e41603f26.jpg,-1,0.3116,0.6429,0.3313,"['3242007318_01e82171aa.jpg', '3499720588_c32590108e.jpg', '3106340185_80d0cb770a.jpg']","[0.6429, 0.5847, 0.5753]"
294,a woman wearing a blue shirt and high heels stands on the sidewalk next to a man,1432342377_3e41603f26.jpg,-1,0.4704,0.6329,0.1625,"['2222559267_6fd31e3941.jpg', '3655964639_21e76383d0.jpg', '2344412916_9a5a9b1c82.jpg']","[0.6329, 0.5765, 0.5765]"
295,a boy in a black helmet and red long sleeve shirt rides his motorbike over a rocky stream,143552829_72b6ba49d4.jpg,2,0.7465,0.7887,0.0422,"['479807833_85eed6899c.jpg', '143552829_72b6ba49d4.jpg', '2891617125_f939f604c7.jpg']","[0.7887, 0.7465, 0.6725]"
296,a man on a motorcycle steers through swampy terrain,143552829_72b6ba49d4.jpg,-1,0.4912,0.718,0.2268,"['210625425_fb1ef5d23b.jpg', '2308108566_2cba6bca53.jpg', '3556598205_86c180769d.jpg']","[0.718, 0.6743, 0.6736]"
298,a motocross bike is being ridden between markers in a running stream,143552829_72b6ba49d4.jpg,6,0.6413,0.7151,0.0737,"['3335370208_460fc19bfa.jpg', '2891617125_f939f604c7.jpg', '2744600462_5804577296.jpg']","[0.7151, 0.6963, 0.6636]"
300,two dogs swimming with a stick,1439282131_3814d6ae04.jpg,5,0.6165,0.7671,0.1506,"['1129704496_4a61441f2c.jpg', '2089350172_dc2cf9fcf6.jpg', '2632381125_de32bdfdf6.jpg']","[0.7671, 0.7307, 0.6554]"
301,two dogs in the water fighting over a stick,1439282131_3814d6ae04.jpg,10,0.5453,0.6932,0.1479,"['1129704496_4a61441f2c.jpg', '2244024374_54d7e88c2b.jpg', '481827288_a688be7913.jpg']","[0.6932, 0.6426, 0.6149]"
302,two dogs in the surf holding on to the same stick,1439282131_3814d6ae04.jpg,3,0.6389,0.7686,0.1296,"['1129704496_4a61441f2c.jpg', '3585488964_1467945775.jpg', '1439282131_3814d6ae04.jpg']","[0.7686, 0.6849, 0.6389]"
303,the two dogs are in the water retrieving a stick,1439282131_3814d6ae04.jpg,8,0.5721,0.7004,0.1283,"['1129704496_4a61441f2c.jpg', '2632381125_de32bdfdf6.jpg', '2089350172_dc2cf9fcf6.jpg']","[0.7004, 0.6173, 0.6092]"
304,two dogs are holding the same stick in their mouths while in the water,1439282131_3814d6ae04.jpg,3,0.6239,0.7362,0.1122,"['1129704496_4a61441f2c.jpg', '2632381125_de32bdfdf6.jpg', '1439282131_3814d6ae04.jpg']","[0.7362, 0.6577, 0.6239]"
307,a small child wearing a grey and purple shirt playing with a black camera,1449692616_60507875fb.jpg,5,0.6283,0.7508,0.1225,"['1539166395_0cdc0accee.jpg', '964197865_0133acaeb4.jpg', '3405942945_f4af2934a6.jpg']","[0.7508, 0.6743, 0.6504]"
311,four young girls posing for the camera,1454841725_4b6e6199e2.jpg,4,0.6678,0.8231,0.1554,"['3242718240_3358f2d6e6.jpg', '2728276857_3f83757ef2.jpg', '3254817653_632e840423.jpg']","[0.8231, 0.7803, 0.6954]"
314,four young girls pose for a picture at school,1454841725_4b6e6199e2.jpg,2,0.7475,0.7603,0.0128,"['3242718240_3358f2d6e6.jpg', '1454841725_4b6e6199e2.jpg', '2728276857_3f83757ef2.jpg']","[0.7603, 0.7475, 0.7452]"
315,a bird is standing on a rock overlooking a waterfall,145721496_687af9bb18.jpg,2,0.5827,0.6447,0.0619,"['3405113041_4b72c24801.jpg', '145721496_687af9bb18.jpg', '3315110972_1090d11728.jpg']","[0.6447, 0.5827, 0.5626]"
317,a longnecked bird standing on a rock with waves crashing in the background,145721496_687af9bb18.jpg,2,0.6751,0.703,0.0279,"['3405113041_4b72c24801.jpg', '145721496_687af9bb18.jpg', '3301754574_465af5bf6d.jpg']","[0.703, 0.6751, 0.631]"
318,a longnecked bird standing on rocks by river rapids,145721496_687af9bb18.jpg,6,0.5605,0.6567,0.0962,"['3405113041_4b72c24801.jpg', '3282634762_2650d0088a.jpg', '3315110972_1090d11728.jpg']","[0.6567, 0.6152, 0.6023]"
319,an egret stands on a rock at the edge of a river,145721496_687af9bb18.jpg,-1,0.4976,0.665,0.1674,"['2452686995_621878f561.jpg', '2162564553_96de62c7e6.jpg', '3637013_c675de7705.jpg']","[0.665, 0.6151, 0.609]"
323,the two ladies are riding bicycles near the beach,1461329041_c623b06e5b.jpg,-1,0.4519,0.7091,0.2572,"['2744600462_5804577296.jpg', '3726025663_e7d35d23f6.jpg', '3674521435_89ff681074.jpg']","[0.7091, 0.6721, 0.67]"
324,two women in summer wear ride beach cruiser tricycles on the concrete near the beach,1461329041_c623b06e5b.jpg,3,0.5662,0.6891,0.1229,"['2744600462_5804577296.jpg', '3726025663_e7d35d23f6.jpg', '1461329041_c623b06e5b.jpg']","[0.6891, 0.6458, 0.5662]"
330,a black dog splashes through water,1470132731_fa416b7504.jpg,2,0.8778,0.8865,0.0087,"['2565685680_c30972455d.jpg', '1470132731_fa416b7504.jpg', '2756636539_cc1eacbf4a.jpg']","[0.8865, 0.8778, 0.861]"
331,a black dog running through water,1470132731_fa416b7504.jpg,4,0.8123,0.8518,0.0395,"['2756636539_cc1eacbf4a.jpg', '2565685680_c30972455d.jpg', '3640020134_367941f5ec.jpg']","[0.8518, 0.8224, 0.8175]"
332,a black dog runs through the water,1470132731_fa416b7504.jpg,5,0.784,0.8361,0.0521,"['3640020134_367941f5ec.jpg', '2756636539_cc1eacbf4a.jpg', '2565685680_c30972455d.jpg']","[0.8361, 0.8341, 0.8076]"
333,a black dog is running in the water,1470132731_fa416b7504.jpg,3,0.8063,0.8259,0.0196,"['2756636539_cc1eacbf4a.jpg', '2565685680_c30972455d.jpg', '1470132731_fa416b7504.jpg']","[0.8259, 0.8183, 0.8063]"
334,a black dog running into the water,1470132731_fa416b7504.jpg,3,0.8128,0.8291,0.0163,"['2756636539_cc1eacbf4a.jpg', '3640020134_367941f5ec.jpg', '1470132731_fa416b7504.jpg']","[0.8291, 0.8194, 0.8128]"
335,a black dog runs on green grass with its mouth open,1514957266_a19827c538.jpg,10,0.5681,0.7502,0.1822,"['283428775_a3665bee7c.jpg', '689776124_07f560a920.jpg', '3029715635_43ab414dfb.jpg']","[0.7502, 0.7394, 0.6572]"
336,a dog runs across the grass,1514957266_a19827c538.jpg,7,0.6878,0.7722,0.0843,"['2730994020_64ac1d18be.jpg', '2584487952_f70e5aa9bf.jpg', '3518675890_2f65e23ff9.jpg']","[0.7722, 0.7593, 0.7376]"
338,a lean dog runs through green grass,1514957266_a19827c538.jpg,-1,0.5398,0.7316,0.1917,"['2584487952_f70e5aa9bf.jpg', '2445783904_e6c38a3a3d.jpg', '459814265_d48ba48978.jpg']","[0.7316, 0.7184, 0.7024]"
339,the dog runs across the green lush grass,1514957266_a19827c538.jpg,4,0.6502,0.7521,0.1018,"['3518675890_2f65e23ff9.jpg', '2584487952_f70e5aa9bf.jpg', '459814265_d48ba48978.jpg']","[0.7521, 0.7484, 0.715]"
340,light brown dog running towards something at the beach,1526325728_74eb4153d8.jpg,9,0.6542,0.8286,0.1744,"['2281006675_fde04e93dd.jpg', '140430106_2978fda105.jpg', '3298233193_d2a550840d.jpg']","[0.8286, 0.8283, 0.7509]"
341,the large grey colored dog is jumping on the beach,1526325728_74eb4153d8.jpg,10,0.5815,0.742,0.1605,"['2281006675_fde04e93dd.jpg', '3532194771_07faf20d76.jpg', '1799271536_6e69c8f1dc.jpg']","[0.742, 0.7393, 0.7313]"
343,a grey dog plays in the sand at the ocean,1526325728_74eb4153d8.jpg,5,0.7127,0.7682,0.0554,"['140430106_2978fda105.jpg', '3532194771_07faf20d76.jpg', '2281006675_fde04e93dd.jpg']","[0.7682, 0.7595, 0.7358]"
345,a man dressed as jack sparrow from pirates of the caribbean,1527297882_dededc7891.jpg,-1,0.2665,0.7424,0.4759,"['2551344688_17a12a6948.jpg', '3098707588_5096d20397.jpg', '1235580648_7eebaed9bc.jpg']","[0.7424, 0.568, 0.568]"
346,a man wearing a doorag with long hair stares right in the camera,1527297882_dededc7891.jpg,-1,0.4133,0.6413,0.228,"['1429723917_6af585e4c0.jpg', '3640241166_b1ab7a8e7a.jpg', '2925737498_57585a7ed9.jpg']","[0.6413, 0.5935, 0.5728]"
347,a person with drawn moustache and beard wearing a scarf and beads in his hair,1527297882_dededc7891.jpg,2,0.6873,0.7202,0.0329,"['1235580648_7eebaed9bc.jpg', '1527297882_dededc7891.jpg', '353180303_6a24179c50.jpg']","[0.7202, 0.6873, 0.6488]"
348,a young man with brown eyes is dressed up like jack sparrow,1527297882_dededc7891.jpg,6,0.5439,0.7251,0.1812,"['1235580648_7eebaed9bc.jpg', '2551344688_17a12a6948.jpg', '3134585858_a8c3493ca5.jpg']","[0.7251, 0.6402, 0.5997]"
349,the long haired man is dressed up as a pirate with a red bandanna,1527297882_dededc7891.jpg,-1,0.3526,0.5971,0.2445,"['3503623999_bbd5dcfb18.jpg', '440184957_267f3f3a2b.jpg', '1235580648_7eebaed9bc.jpg']","[0.5971, 0.5807, 0.5515]"
350,a young girl with curly hair with a white shirt with a skull and bones picture on it,1539166395_0cdc0accee.jpg,-1,0.5064,0.7336,0.2272,"['2456030728_d3d147e774.jpg', '3627011534_485f667b10.jpg', '2609847254_0ec40c1cce.jpg']","[0.7336, 0.6916, 0.6568]"
351,a small child with curly hair is on a riding toy,1539166395_0cdc0accee.jpg,5,0.6567,0.7556,0.0988,"['964197865_0133acaeb4.jpg', '3079787482_0757e9d167.jpg', '2648165716_02e2e74fd6.jpg']","[0.7556, 0.7141, 0.705]"
352,a child with a skull on his shirt is sitting in front of some plants and a building and is holding onto handlebars,1539166395_0cdc0accee.jpg,9,0.5266,0.5976,0.071,"['2381613738_d8d2012e3c.jpg', '3345025842_bc2082a509.jpg', '2855417531_521bf47b50.jpg']","[0.5976, 0.5724, 0.5609]"
353,a curlyhaired child in a white tshirt grasps the handlebars of a riding toy,1539166395_0cdc0accee.jpg,2,0.6101,0.6413,0.0312,"['964197865_0133acaeb4.jpg', '1539166395_0cdc0accee.jpg', '2197275664_fabcf3424b.jpg']","[0.6413, 0.6101, 0.5602]"
354,a little girl with curly hair sitting on a teeter totter,1539166395_0cdc0accee.jpg,-1,0.4261,0.5911,0.165,"['3517362674_0f5296de19.jpg', '2456030728_d3d147e774.jpg', '2635938723_11b85e6763.jpg']","[0.5911, 0.5906, 0.5526]"
355,boys kicking soccer ball in the grass under a tree,154871781_ae77696b77.jpg,6,0.6808,0.7459,0.0651,"['278608022_4175813019.jpg', '3539840291_1c3eed701d.jpg', '2856080862_95d793fa9d.jpg']","[0.7459, 0.6968, 0.6898]"
356,two boys are kicking a ball to each other in the park,154871781_ae77696b77.jpg,2,0.6449,0.7588,0.1139,"['2915183095_4ed4aa4f37.jpg', '154871781_ae77696b77.jpg', '278608022_4175813019.jpg']","[0.7588, 0.6449, 0.6196]"
357,two boys have made a goal out of two jackets in order to play soccer,154871781_ae77696b77.jpg,-1,0.3666,0.8257,0.4591,"['3538021517_b930dc76fc.jpg', '3506607642_40037b3fbf.jpg', '278608022_4175813019.jpg']","[0.8257, 0.8196, 0.7786]"
358,two boys kick around a ball in a meadow,154871781_ae77696b77.jpg,2,0.7135,0.7353,0.0218,"['278608022_4175813019.jpg', '154871781_ae77696b77.jpg', '3539840291_1c3eed701d.jpg']","[0.7353, 0.7135, 0.708]"
359,two kids play soccer in a field,154871781_ae77696b77.jpg,7,0.6187,0.8335,0.2148,"['278608022_4175813019.jpg', '3538021517_b930dc76fc.jpg', '3506607642_40037b3fbf.jpg']","[0.8335, 0.8151, 0.8089]"
360,a dog chewing a blue rope while two men watch from behind,1562392511_522a26063b.jpg,2,0.6036,0.6205,0.0169,"['3415646718_f9f4e23a66.jpg', '1562392511_522a26063b.jpg', '2865376471_43c5e6b941.jpg']","[0.6205, 0.6036, 0.5624]"
361,black dog with blue string in its mouth,1562392511_522a26063b.jpg,-1,0.3139,0.7604,0.4465,"['1026685415_0431cbf574.jpg', '283428775_a3665bee7c.jpg', '689776124_07f560a920.jpg']","[0.7604, 0.6836, 0.5852]"
362,two men handle a grey dog with a blue knotted rope in its mouth,1562392511_522a26063b.jpg,-1,0.457,0.6659,0.2089,"['2340919359_f56787d307.jpg', '305199420_89f6ddd778.jpg', '2768972186_92787cd523.jpg']","[0.6659, 0.5809, 0.5272]"
364,two men under a dog hanging by its mouth from a rope,1562392511_522a26063b.jpg,7,0.4507,0.5671,0.1163,"['305199420_89f6ddd778.jpg', '2906802485_dfebf09173.jpg', '2340919359_f56787d307.jpg']","[0.5671, 0.5154, 0.4955]"
368,a man holds a flag next to a snowbound campsite,1584315962_5b0b45d02d.jpg,4,0.4731,0.5771,0.104,"['3694219419_a7a83d4886.jpg', '58368365_03ed3e5bdf.jpg', '3319899418_4bcf1b00d8.jpg']","[0.5771, 0.5657, 0.5393]"
369,a man with a texas flag stands in the snow by tents,1584315962_5b0b45d02d.jpg,-1,0.3365,0.6316,0.2951,"['2551344688_17a12a6948.jpg', '58368365_03ed3e5bdf.jpg', '1235580648_7eebaed9bc.jpg']","[0.6316, 0.5618, 0.49]"
370,a competitive motorcycle racer prepares to make a left turn along a paved road,161669933_3e7d8c7e2c.jpg,2,0.7333,0.7875,0.0542,"['2911928620_06c3fa293e.jpg', '161669933_3e7d8c7e2c.jpg', '2891617125_f939f604c7.jpg']","[0.7875, 0.7333, 0.713]"
371,a man rides a motorcycle with the number 5 on it,161669933_3e7d8c7e2c.jpg,9,0.6033,0.7783,0.175,"['2911928620_06c3fa293e.jpg', '3079073247_97e88e2eb7.jpg', '2891617125_f939f604c7.jpg']","[0.7783, 0.7248, 0.7025]"
372,a motorcycle driver swerves to the left,161669933_3e7d8c7e2c.jpg,3,0.7031,0.7715,0.0683,"['2911928620_06c3fa293e.jpg', '3079073247_97e88e2eb7.jpg', '161669933_3e7d8c7e2c.jpg']","[0.7715, 0.7518, 0.7031]"
373,a motorcycle with number five on front is being ridden by a rider wearing a red helmet,161669933_3e7d8c7e2c.jpg,8,0.6387,0.7704,0.1318,"['2911928620_06c3fa293e.jpg', '2891617125_f939f604c7.jpg', '3472449219_eb927f05b8.jpg']","[0.7704, 0.7566, 0.7482]"
374,professional motorcycle racer turning a corner,161669933_3e7d8c7e2c.jpg,6,0.7283,0.8477,0.1194,"['2911928620_06c3fa293e.jpg', '3079073247_97e88e2eb7.jpg', '2891617125_f939f604c7.jpg']","[0.8477, 0.7861, 0.785]"
377,some people and vehicles on a crowded street,1643915227_9f48068772.jpg,2,0.6632,0.6633,0.0001,"['3638374272_444f5e0457.jpg', '1643915227_9f48068772.jpg', '3535879138_9281dc83d5.jpg']","[0.6633, 0.6632, 0.6022]"
378,a group of people are walking down the sidewalk of a big city,1643915227_9f48068772.jpg,-1,0.5946,0.7562,0.1616,"['3072782873_3278f3b3a7.jpg', '2497074804_b4f3e7fd90.jpg', '380527679_574749123d.jpg']","[0.7562, 0.7227, 0.7143]"
380,a group of mountain climbers,1655781989_b15ab4cbff.jpg,-1,0.3305,0.6242,0.2937,"['413737417_b0a8b445e9.jpg', '3340575518_137ce2695f.jpg', '336551615_a01418bc53.jpg']","[0.6242, 0.6212, 0.599]"
381,a group of people walking in a line through the snow toward a mountain,1655781989_b15ab4cbff.jpg,6,0.6255,0.703,0.0775,"['336551615_a01418bc53.jpg', '413737417_b0a8b445e9.jpg', '369360998_ba56fb436f.jpg']","[0.703, 0.6897, 0.6846]"
382,a line of people are making their way through snow covered mountains,1655781989_b15ab4cbff.jpg,4,0.6436,0.7824,0.1388,"['336551615_a01418bc53.jpg', '56494233_1824005879.jpg', '413737417_b0a8b445e9.jpg']","[0.7824, 0.6633, 0.6463]"
383,people are walking through a snow covered field with a mountain the background,1655781989_b15ab4cbff.jpg,5,0.6696,0.7195,0.0499,"['336551615_a01418bc53.jpg', '3340575518_137ce2695f.jpg', '224273695_0b517bd0eb.jpg']","[0.7195, 0.6862, 0.6815]"
384,people facing mountains in the snow,1655781989_b15ab4cbff.jpg,-1,0.6399,0.757,0.1171,"['319870744_0e0138d205.jpg', '2053733930_e245615ad4.jpg', '3340575518_137ce2695f.jpg']","[0.757, 0.7212, 0.7185]"
390,a tan dog jogging with his tongue hanging out,1659358141_0433c9bf99.jpg,-1,0.4645,0.6996,0.2351,"['2198964806_c57b0534d3.jpg', '240583223_e26e17ee96.jpg', '3559781965_d4ec00e506.jpg']","[0.6996, 0.6917, 0.6744]"
391,a grey dog walks in the green grass tongue hanging out,1659358141_0433c9bf99.jpg,3,0.6479,0.7362,0.0883,"['1745110280_0cbff5e273.jpg', '2445783904_e6c38a3a3d.jpg', '1659358141_0433c9bf99.jpg']","[0.7362, 0.6958, 0.6479]"
392,a brown dog is panting hard on grass during a sunny day,1659358141_0433c9bf99.jpg,2,0.7349,0.7798,0.045,"['1745110280_0cbff5e273.jpg', '1659358141_0433c9bf99.jpg', '1324816249_86600a6759.jpg']","[0.7798, 0.7349, 0.6834]"
393,a brown dog walks in the grass with its tongue hanging out,1659358141_0433c9bf99.jpg,3,0.6836,0.8102,0.1266,"['1745110280_0cbff5e273.jpg', '1324816249_86600a6759.jpg', '1659358141_0433c9bf99.jpg']","[0.8102, 0.725, 0.6836]"
394,a dog running with tongue hanging out,1659358141_0433c9bf99.jpg,-1,0.3462,0.7383,0.3921,"['2867699650_e6ddb540de.jpg', '2198964806_c57b0534d3.jpg', '3435035138_af32890a4c.jpg']","[0.7383, 0.7303, 0.7273]"
395,a man carries a sign while standing in the rain,1663454406_5e2cf8c5bb.jpg,5,0.591,0.6817,0.0908,"['2222559267_6fd31e3941.jpg', '2815256108_fc1302117d.jpg', '3451344589_6787bd06ef.jpg']","[0.6817, 0.6738, 0.627]"
396,a man holds a sign in front of a group of people on a cloudy day,1663454406_5e2cf8c5bb.jpg,-1,0.4947,0.6337,0.139,"['445861800_75fc6a8c16.jpg', '2815256108_fc1302117d.jpg', '3535056297_e16f014cb7.jpg']","[0.6337, 0.6313, 0.5778]"
397,a man in sunglasses is holding a sign while four other people look into the distance,1663454406_5e2cf8c5bb.jpg,-1,0.2646,0.6729,0.4083,"['2924884899_f512c84332.jpg', '445861800_75fc6a8c16.jpg', '2930622766_fa8f84deb1.jpg']","[0.6729, 0.6429, 0.6078]"
398,a man wearing sunglasses holds a sign at a demonstration,1663454406_5e2cf8c5bb.jpg,-1,0.4719,0.7436,0.2717,"['2815256108_fc1302117d.jpg', '3451344589_6787bd06ef.jpg', '862187579_9faf4a51e0.jpg']","[0.7436, 0.616, 0.5779]"
399,a young man holds up a hand written sign next to a woman with a multicolored umbrella,1663454406_5e2cf8c5bb.jpg,5,0.4993,0.6397,0.1404,"['3499720588_c32590108e.jpg', '2222559267_6fd31e3941.jpg', '2815256108_fc1302117d.jpg']","[0.6397, 0.61, 0.5434]"
400,a bunch of kids run on a school play field,1685990174_09c4fb7df8.jpg,-1,0.543,0.8242,0.2812,"['2856080862_95d793fa9d.jpg', '2257294002_0073263c54.jpg', '2698614194_b4e6e11dff.jpg']","[0.8242, 0.7259, 0.7187]"
401,a group of children in a field,1685990174_09c4fb7df8.jpg,-1,0.4013,0.6779,0.2765,"['2211593099_4a4f1c85d2.jpg', '3501083764_cf592292a6.jpg', '2540751930_d71c7f5622.jpg']","[0.6779, 0.6532, 0.6]"
402,a group of children running in the grass,1685990174_09c4fb7df8.jpg,2,0.6069,0.6517,0.0449,"['2856080862_95d793fa9d.jpg', '1685990174_09c4fb7df8.jpg', '3515451715_ac5ac04efa.jpg']","[0.6517, 0.6069, 0.5971]"
403,kids play soccer on a field,1685990174_09c4fb7df8.jpg,-1,0.2948,0.8591,0.5644,"['3506607642_40037b3fbf.jpg', '278608022_4175813019.jpg', '3538021517_b930dc76fc.jpg']","[0.8591, 0.8415, 0.8396]"
404,kids running in the field,1685990174_09c4fb7df8.jpg,-1,0.5599,0.7119,0.152,"['2856080862_95d793fa9d.jpg', '2194495372_bdac7d9e71.jpg', '154871781_ae77696b77.jpg']","[0.7119, 0.6457, 0.6456]"
405,stretched image of a brown dog with a white patch of fur in his chest area sitting in the grass with trees in the background,1745110280_0cbff5e273.jpg,5,0.5624,0.6518,0.0893,"['1084040636_97d9633581.jpg', '416106657_cab2a107a5.jpg', '1932161768_996eadac87.jpg']","[0.6518, 0.6025, 0.5922]"
406,a sad looking dog sitting next to shrubs,1745110280_0cbff5e273.jpg,3,0.5338,0.6441,0.1103,"['3383491811_fd9d3a891d.jpg', '2702506716_17a7fb3ba4.jpg', '1745110280_0cbff5e273.jpg']","[0.6441, 0.6092, 0.5338]"
407,the brown dog is wearing a black collar,1745110280_0cbff5e273.jpg,-1,0.5275,0.7622,0.2347,"['2949353587_64c54e9589.jpg', '2311690895_0d6efe11c8.jpg', '3383491811_fd9d3a891d.jpg']","[0.7622, 0.7317, 0.7279]"
408,a brown dog with a black collar stands next to a bush,1745110280_0cbff5e273.jpg,9,0.5445,0.6908,0.1463,"['3383491811_fd9d3a891d.jpg', '2949353587_64c54e9589.jpg', '2632366677_43dee456a5.jpg']","[0.6908, 0.6347, 0.6336]"
409,a caramel colored dog sits in front of trees looking forward,1745110280_0cbff5e273.jpg,5,0.6275,0.6621,0.0346,"['2702506716_17a7fb3ba4.jpg', '3383491811_fd9d3a891d.jpg', '460935487_75b2da7854.jpg']","[0.6621, 0.6513, 0.6369]"
415,long necked dog jumps on,1799271536_6e69c8f1dc.jpg,-1,0.4397,0.6082,0.1685,"['2102581664_5ea50f85c6.jpg', '3686924335_3c51e8834a.jpg', '3618932839_acd7d2c2ea.jpg']","[0.6082, 0.6059, 0.6006]"
419,an orange cat with black stripes on a beach,1799271536_6e69c8f1dc.jpg,8,0.5028,0.7172,0.2145,"['254527963_3f5824b0e8.jpg', '2090997177_76d482b158.jpg', '3405113041_4b72c24801.jpg']","[0.7172, 0.695, 0.5767]"
423,a woman in a yellow bathing suit gets ready to jump in the water to join someone,1801063894_60bce29e19.jpg,-1,0.4245,0.6156,0.1911,"['2830869109_c4e403eae6.jpg', '2747714500_49476225c6.jpg', '571507143_be346225b7.jpg']","[0.6156, 0.5532, 0.548]"
425,the dog swims through the water toward the waterfall,1808370027_2088394eb4.jpg,-1,0.6472,0.8253,0.1781,"['443430496_3fea95a07d.jpg', '2613209320_edf6a2b7e9.jpg', '431410325_f4916b5460.jpg']","[0.8253, 0.7187, 0.7057]"
426,the dog swims towards a waterfall,1808370027_2088394eb4.jpg,9,0.6664,0.8126,0.1462,"['443430496_3fea95a07d.jpg', '2574230252_f5a1382dd4.jpg', '2613209320_edf6a2b7e9.jpg']","[0.8126, 0.723, 0.717]"
429,a dog swims towards a waterfall,1808370027_2088394eb4.jpg,8,0.6959,0.8167,0.1209,"['443430496_3fea95a07d.jpg', '2574230252_f5a1382dd4.jpg', '2613209320_edf6a2b7e9.jpg']","[0.8167, 0.761, 0.753]"
430,a beach crowded with beachgoers,181777261_84c48b31cb.jpg,-1,0.31,0.724,0.414,"['3328535573_33c3cd5b59.jpg', '3189002057_3ef61b803e.jpg', '3446347599_0ecc49a9d5.jpg']","[0.724, 0.6137, 0.5695]"
431,a busy beach has people scattered on it watching the sky,181777261_84c48b31cb.jpg,7,0.5779,0.8016,0.2237,"['3189002057_3ef61b803e.jpg', '2603792708_18a97bac97.jpg', '3446347599_0ecc49a9d5.jpg']","[0.8016, 0.7611, 0.7289]"
433,beachgoers watch something in the sky,181777261_84c48b31cb.jpg,8,0.5776,0.7379,0.1603,"['2603792708_18a97bac97.jpg', '3189002057_3ef61b803e.jpg', '3446347599_0ecc49a9d5.jpg']","[0.7379, 0.7069, 0.6921]"
435,a woman wearing heavy makeup and a pink jacket is walking past a clothing shop at night,1859726819_9a793b3b44.jpg,4,0.6158,0.7717,0.1558,"['551664516_78a5131dc4.jpg', '1225443522_1633e7121f.jpg', '256444892_efcb3bd824.jpg']","[0.7717, 0.7244, 0.7017]"
436,a woman with heavy makeup is standing next to a red light sign,1859726819_9a793b3b44.jpg,-1,0.4446,0.6193,0.1747,"['1527297882_dededc7891.jpg', '3451344589_6787bd06ef.jpg', '353180303_6a24179c50.jpg']","[0.6193, 0.5567, 0.5278]"
438,a person wearing a pink jacket who has lots of makeup on walks down a street,1859726819_9a793b3b44.jpg,-1,0.3687,0.7227,0.354,"['256444892_efcb3bd824.jpg', '551664516_78a5131dc4.jpg', '635444010_bd81c89ab7.jpg']","[0.7227, 0.7224, 0.6798]"
439,an upset woman with her makeup streaming down her face from her tears,1859726819_9a793b3b44.jpg,-1,0.1524,0.5876,0.4352,"['353180303_6a24179c50.jpg', '2716457668_187a6d2b1c.jpg', '2086678529_b3301c2d71.jpg']","[0.5876, 0.5562, 0.5367]"
440,a guy in gray is walking across the street at night,1860543210_47e94cf652.jpg,-1,0.4799,0.7026,0.2227,"['3072782873_3278f3b3a7.jpg', '1225443522_1633e7121f.jpg', '495055747_a75872762a.jpg']","[0.7026, 0.6738, 0.6656]"
441,a man walking across a crosswalk with long hair a green hoodie and a backpack,1860543210_47e94cf652.jpg,-1,0.4672,0.7152,0.2481,"['495055747_a75872762a.jpg', '2798651021_2566f2a47e.jpg', '268365231_a0acecdc45.jpg']","[0.7152, 0.695, 0.694]"
442,a man with long hair is making an ok sign with his hand while he walks down a street,1860543210_47e94cf652.jpg,3,0.5712,0.7428,0.1716,"['2815256108_fc1302117d.jpg', '2222559267_6fd31e3941.jpg', '1860543210_47e94cf652.jpg']","[0.7428, 0.6521, 0.5712]"
443,a man with long hair wearing gray clothes and a backpack,1860543210_47e94cf652.jpg,5,0.5042,0.5514,0.0472,"['3495490064_8db40a83af.jpg', '2551344688_17a12a6948.jpg', '495055747_a75872762a.jpg']","[0.5514, 0.5435, 0.5344]"
444,a young man wearing grey pants and backpack with long brown hair,1860543210_47e94cf652.jpg,2,0.5877,0.6121,0.0244,"['2856700531_312528eea4.jpg', '1860543210_47e94cf652.jpg', '3134585858_a8c3493ca5.jpg']","[0.6121, 0.5877, 0.5857]"
450,a father feeding his child on the street,191003287_2915c11d8e.jpg,2,0.5526,0.5788,0.0262,"['617038406_4092ee91dd.jpg', '191003287_2915c11d8e.jpg', '3351667846_ac43118ae5.jpg']","[0.5788, 0.5526, 0.541]"
451,a man in a black shirt and his little girl wearing orange are sharing a treat,191003287_2915c11d8e.jpg,4,0.5922,0.6689,0.0767,"['278002800_3817135105.jpg', '617038406_4092ee91dd.jpg', '3351667846_ac43118ae5.jpg']","[0.6689, 0.6442, 0.6294]"
452,a man is feeding a child food while sitting near a building with onlookers,191003287_2915c11d8e.jpg,4,0.5189,0.7821,0.2632,"['3351667846_ac43118ae5.jpg', '3437273677_47d4462974.jpg', '241346215_037e18403a.jpg']","[0.7821, 0.5656, 0.5492]"
453,a man seated serves food to a little girl,191003287_2915c11d8e.jpg,3,0.629,0.7997,0.1707,"['3351667846_ac43118ae5.jpg', '3437273677_47d4462974.jpg', '191003287_2915c11d8e.jpg']","[0.7997, 0.7045, 0.629]"
454,a man with sunglasses and a black shirt feeds ice cream to a girl with an orange dress on who is sitting beside an opened bag,191003287_2915c11d8e.jpg,5,0.5466,0.7268,0.1802,"['3351667846_ac43118ae5.jpg', '3437273677_47d4462974.jpg', '278002800_3817135105.jpg']","[0.7268, 0.7249, 0.6923]"
455,a white terrior is jumping over a log,1932161768_996eadac87.jpg,-1,0.526,0.7203,0.1944,"['3488087117_2719647989.jpg', '416106657_cab2a107a5.jpg', '3132619510_7dfc947d25.jpg']","[0.7203, 0.6138, 0.5911]"
456,a white dog jumps over a log outside,1932161768_996eadac87.jpg,7,0.5925,0.7164,0.1239,"['3330935489_9cb67ca36b.jpg', '359082432_c1fd5aa2d6.jpg', '3488087117_2719647989.jpg']","[0.7164, 0.6795, 0.6715]"
457,a small white dog with a blue collar is climbing over a large log,1932161768_996eadac87.jpg,6,0.5457,0.7253,0.1797,"['359082432_c1fd5aa2d6.jpg', '2935703360_4f794f7f09.jpg', '3330935489_9cb67ca36b.jpg']","[0.7253, 0.6684, 0.6651]"
458,a small dog steps onto a log,1932161768_996eadac87.jpg,-1,0.5322,0.8214,0.2892,"['1659358133_95cd1027bd.jpg', '3330935489_9cb67ca36b.jpg', '3435035138_af32890a4c.jpg']","[0.8214, 0.697, 0.6647]"
459,a small white dog climbs over a log,1932161768_996eadac87.jpg,6,0.5871,0.7363,0.1492,"['359082432_c1fd5aa2d6.jpg', '3330935489_9cb67ca36b.jpg', '1659358133_95cd1027bd.jpg']","[0.7363, 0.7289, 0.6337]"
460,a woman carrying a purse and a bag with a baby in a backpack walking down a road,1952896009_cee8147c90.jpg,3,0.6242,0.6647,0.0405,"['3347500603_13670ee6bf.jpg', '95783195_e1ba3f57ca.jpg', '1952896009_cee8147c90.jpg']","[0.6647, 0.6529, 0.6242]"
462,a woman walking down the street carrying luggage with a baby on her back,1952896009_cee8147c90.jpg,2,0.6118,0.6356,0.0238,"['3347500603_13670ee6bf.jpg', '1952896009_cee8147c90.jpg', '255330891_86d65dfdbf.jpg']","[0.6356, 0.6118, 0.5689]"
463,a woman walking on the street with a child on her back and bags under one arm and in her other hand,1952896009_cee8147c90.jpg,2,0.7066,0.7253,0.0188,"['255330891_86d65dfdbf.jpg', '1952896009_cee8147c90.jpg', '3347500603_13670ee6bf.jpg']","[0.7253, 0.7066, 0.6008]"
465,a child splashes through water near a stone building,195962284_e57178054a.jpg,-1,0.4764,0.725,0.2486,"['2594459477_8ca0121a9a.jpg', '506882688_b37d549593.jpg', '2685752892_9d5cd7f274.jpg']","[0.725, 0.7006, 0.6947]"
466,a boy stands in water near a frisbee,195962284_e57178054a.jpg,9,0.5015,0.6034,0.102,"['2735792721_b8fe85e803.jpg', '3767841911_6678052eb6.jpg', '3666537170_c4ecda4be8.jpg']","[0.6034, 0.5835, 0.553]"
467,a boy splashing through water next to a building,195962284_e57178054a.jpg,7,0.6461,0.7979,0.1518,"['506882688_b37d549593.jpg', '2937697444_2367ff0e28.jpg', '2685752892_9d5cd7f274.jpg']","[0.7979, 0.765, 0.7319]"
468,a boy in a large pool,195962284_e57178054a.jpg,-1,0.3507,0.8389,0.4882,"['2842849030_89548af61c.jpg', '1236964638_1808784a3c.jpg', '2461616306_3ee7ac1b4b.jpg']","[0.8389, 0.762, 0.7422]"
470,a brown and white animal surrounded by trees,1969573381_5ecfae4c80.jpg,-1,0.4243,0.7232,0.2989,"['3330935489_9cb67ca36b.jpg', '1659358133_95cd1027bd.jpg', '3025334206_76888792e5.jpg']","[0.7232, 0.5863, 0.5691]"
471,a dog standing outside is looking at the camera,1969573381_5ecfae4c80.jpg,-1,0.4371,0.6565,0.2194,"['3383491811_fd9d3a891d.jpg', '2702506716_17a7fb3ba4.jpg', '503090187_8758ab5680.jpg']","[0.6565, 0.6042, 0.5978]"
474,the brown dog who looks like a dingo looks out of the forest,1969573381_5ecfae4c80.jpg,9,0.4896,0.6979,0.2083,"['1745110280_0cbff5e273.jpg', '2198964806_c57b0534d3.jpg', '2632366677_43dee456a5.jpg']","[0.6979, 0.6096, 0.5924]"
475,a dog is on a leash held by a woman in white shoes,1975531316_8b00eeaaf7.jpg,5,0.5148,0.6347,0.1199,"['2865376471_43c5e6b941.jpg', '255330891_86d65dfdbf.jpg', '1348947380_14f0fc1237.jpg']","[0.6347, 0.6192, 0.6149]"
476,a dog with a purple leash is held by a woman wearing white shoes,1975531316_8b00eeaaf7.jpg,5,0.5777,0.6509,0.0732,"['1348947380_14f0fc1237.jpg', '2865376471_43c5e6b941.jpg', '397547349_1fd14b95af.jpg']","[0.6509, 0.6205, 0.6027]"
478,a small dog being held on a leash,1975531316_8b00eeaaf7.jpg,3,0.6251,0.6774,0.0523,"['3228069008_edb2961fc4.jpg', '3383491811_fd9d3a891d.jpg', '1975531316_8b00eeaaf7.jpg']","[0.6774, 0.6587, 0.6251]"
479,small brown dog on leash,1975531316_8b00eeaaf7.jpg,9,0.5773,0.8067,0.2294,"['3383491811_fd9d3a891d.jpg', '3228069008_edb2961fc4.jpg', '2949353587_64c54e9589.jpg']","[0.8067, 0.7515, 0.6539]"
480,two boxers are in the ring,1991806812_065f747689.jpg,-1,0.3817,0.6281,0.2463,"['3105929913_94a6882e25.jpg', '3262386960_14f5d857db.jpg', '3348208268_6d97d951eb.jpg']","[0.6281, 0.5944, 0.5779]"
481,a kickboxer jumping for a kick,1991806812_065f747689.jpg,-1,0.4393,0.6173,0.178,"['3254645823_a7c072481c.jpg', '3229898555_16877f5180.jpg', '3442978981_53bf1f45f3.jpg']","[0.6173, 0.6097, 0.5299]"
482,two men kickbox in a ring one man punching the other,1991806812_065f747689.jpg,-1,0.4635,0.6262,0.1627,"['3442978981_53bf1f45f3.jpg', '3613005134_bb7f304da1.jpg', '3262386960_14f5d857db.jpg']","[0.6262, 0.5828, 0.5677]"
483,a boxer punches a boxer in the face,1991806812_065f747689.jpg,-1,0.29,0.6603,0.3703,"['3105929913_94a6882e25.jpg', '3348208268_6d97d951eb.jpg', '2545192257_142fe9e2de.jpg']","[0.6603, 0.5903, 0.5797]"
484,a fighter attempts to kick another fighter while the other fighter blocks his kick,1991806812_065f747689.jpg,-1,0.3326,0.5817,0.2491,"['3229898555_16877f5180.jpg', '3442978981_53bf1f45f3.jpg', '3674168459_6245f4f658.jpg']","[0.5817, 0.5429, 0.5252]"
486,a child is pushed by a large wave while holding his yellow surfboard,1998457059_c9ac9a1e1a.jpg,5,0.6521,0.7238,0.0717,"['2701487024_e866eb4550.jpg', '2984174290_a915748d77.jpg', '2978409165_acc4f29a40.jpg']","[0.7238, 0.718, 0.7111]"
490,someone takes a cloth off of a green bay packers football player,2003663004_5b70920a98.jpg,3,0.6241,0.7222,0.0981,"['241347547_902725b9f8.jpg', '241347271_a39a5a0070.jpg', '2003663004_5b70920a98.jpg']","[0.7222, 0.6475, 0.6241]"
491,green bay packer player cooling off,2003663004_5b70920a98.jpg,-1,0.2893,0.5122,0.223,"['2837799692_2f1c50722a.jpg', '3218481970_1fa627b3da.jpg', '2267819545_446c5a3e18.jpg']","[0.5122, 0.5109, 0.4648]"
492,greenbay football player is being handed a towel on the field,2003663004_5b70920a98.jpg,-1,0.3113,0.5464,0.2351,"['241347635_e691395c2f.jpg', '2681215810_00b0642f7b.jpg', '2837799692_2f1c50722a.jpg']","[0.5464, 0.5463, 0.5148]"
493,a football player pauses during a game,2003663004_5b70920a98.jpg,6,0.5904,0.8409,0.2504,"['2837799692_2f1c50722a.jpg', '241347803_afb04b12c4.jpg', '241347271_a39a5a0070.jpg']","[0.8409, 0.7754, 0.7239]"
494,a football player wears a green jersey with the number 4 on it,2003663004_5b70920a98.jpg,7,0.5387,0.8111,0.2725,"['2837799692_2f1c50722a.jpg', '241347803_afb04b12c4.jpg', '241347271_a39a5a0070.jpg']","[0.8111, 0.6476, 0.6137]"
504,a young boy in motion in front of potted plants and a beige wall,2021671653_567395c7cf.jpg,6,0.5206,0.6208,0.1002,"['3698944019_825ef54f2f.jpg', '2410618963_fb78307d18.jpg', '2412390588_a89cab30f4.jpg']","[0.6208, 0.6102, 0.5862]"
506,people fishing off a pier,2030781555_b7ff7be28f.jpg,4,0.5398,0.7149,0.175,"['361183669_52be9662b9.jpg', '2456907314_49bc4591c4.jpg', '3217893350_57be430d06.jpg']","[0.7149, 0.5751, 0.5503]"
507,people fishing off of a boardwalk,2030781555_b7ff7be28f.jpg,-1,0.4476,0.6467,0.1991,"['2744330402_824240184c.jpg', '361183669_52be9662b9.jpg', '219730733_6a55382dd2.jpg']","[0.6467, 0.6381, 0.5708]"
508,some people are fishing off the wall beside the ocean,2030781555_b7ff7be28f.jpg,4,0.5608,0.7074,0.1466,"['361183669_52be9662b9.jpg', '3217893350_57be430d06.jpg', '2521983429_33218366bd.jpg']","[0.7074, 0.6126, 0.5643]"
509,the fishemen enjoy the warm day,2030781555_b7ff7be28f.jpg,-1,0.345,0.5417,0.1967,"['3155400369_69e3d6d70f.jpg', '361183669_52be9662b9.jpg', '2843695880_eeea6c67db.jpg']","[0.5417, 0.5362, 0.5184]"
510,man with short hair moves wooden structure,2046222127_a6f300e202.jpg,-1,0.4624,0.6323,0.1699,"['2623560640_0445c9a138.jpg', '3519815055_304dc8e8d6.jpg', '3374384485_751f719be4.jpg']","[0.6323, 0.59, 0.5893]"
512,a man in a neoncolored vest holding up a section of wood,2046222127_a6f300e202.jpg,4,0.4854,0.5143,0.0289,"['3701226275_952547ba0f.jpg', '2311690895_0d6efe11c8.jpg', '2066241589_b80e9f676c.jpg']","[0.5143, 0.5039, 0.4926]"
513,a man in a neon yellow vest carrying a wooden crate,2046222127_a6f300e202.jpg,10,0.3972,0.5116,0.1144,"['2533076864_d799996433.jpg', '3014080715_f4f0dbb56e.jpg', '2311690895_0d6efe11c8.jpg']","[0.5116, 0.4771, 0.4609]"
515,a big tan dog running threw the shallow water with a stick in his mouth,2051194177_fbeee211e3.jpg,-1,0.5099,0.7028,0.1929,"['2270483627_16fe41b063.jpg', '431410325_f4916b5460.jpg', '2986716822_e220754d32.jpg']","[0.7028, 0.6798, 0.6717]"
516,a dog runs through the water while holding a stick in its mouth,2051194177_fbeee211e3.jpg,-1,0.5093,0.6726,0.1633,"['431410325_f4916b5460.jpg', '2270483627_16fe41b063.jpg', '2633201394_ee4a7666ed.jpg']","[0.6726, 0.6655, 0.6232]"
517,a golden retriever is coming out of the water carrying a stick in its mouth,2051194177_fbeee211e3.jpg,-1,0.5214,0.7521,0.2308,"['431410325_f4916b5460.jpg', '2209496328_2a34fd201d.jpg', '2986716822_e220754d32.jpg']","[0.7521, 0.7323, 0.6387]"
518,a tan dog is running through shallow water with a stick in its mouth,2051194177_fbeee211e3.jpg,3,0.6439,0.7438,0.0999,"['2270483627_16fe41b063.jpg', '431410325_f4916b5460.jpg', '2051194177_fbeee211e3.jpg']","[0.7438, 0.727, 0.6439]"
519,a wet dog carrying a stick in its mouth is walking out of the lake,2051194177_fbeee211e3.jpg,9,0.5541,0.6995,0.1454,"['2209496328_2a34fd201d.jpg', '3712742641_641282803e.jpg', '431410325_f4916b5460.jpg']","[0.6995, 0.6814, 0.669]"
520,ski equipment sits alone on a snowy mountain,2053733930_e245615ad4.jpg,2,0.6141,0.6367,0.0227,"['1584315962_5b0b45d02d.jpg', '2053733930_e245615ad4.jpg', '3166578139_33500f7e8a.jpg']","[0.6367, 0.6141, 0.5921]"
521,snowy mountainside with snow gear and poles in forefront,2053733930_e245615ad4.jpg,2,0.6922,0.7007,0.0085,"['1655781989_b15ab4cbff.jpg', '2053733930_e245615ad4.jpg', '3166578139_33500f7e8a.jpg']","[0.7007, 0.6922, 0.6774]"
522,ski equipment on the side of a snowy mountain,2053733930_e245615ad4.jpg,4,0.631,0.6844,0.0534,"['3288274849_07ff76ee93.jpg', '3621647714_fc67ab2617.jpg', '336551615_a01418bc53.jpg']","[0.6844, 0.6383, 0.6332]"
523,mountain climbing gear on a mountain,2053733930_e245615ad4.jpg,-1,0.5069,0.6918,0.1849,"['2109911919_af45b93ef3.jpg', '1247181182_35cabd76f3.jpg', '319870744_0e0138d205.jpg']","[0.6918, 0.662, 0.6583]"
524,ski equipment left alone on snowy ski slope,2053733930_e245615ad4.jpg,6,0.5772,0.6595,0.0822,"['1584315962_5b0b45d02d.jpg', '2664103423_c539f61016.jpg', '3264650118_be7df266e7.jpg']","[0.6595, 0.6403, 0.6031]"
529,there is a man laying on the ground with a red and white hat on his head,206087108_d4557d38ee.jpg,2,0.6514,0.6772,0.0258,"['942399470_6132d3e5d2.jpg', '206087108_d4557d38ee.jpg', '2551344688_17a12a6948.jpg']","[0.6772, 0.6514, 0.6224]"
530,the man and the boy are standing at the bottom of the outdoor stairs,2061144717_5b3a1864f0.jpg,-1,0.3919,0.599,0.2071,"['2970183443_accd597e0a.jpg', '350443876_c9769f5734.jpg', '2991575785_bd4868e215.jpg']","[0.599, 0.5668, 0.5644]"
531,a man talks to a boy in a vacant area,2061144717_5b3a1864f0.jpg,-1,-0.0066,0.6953,0.7018,"['2470486377_c3a39ccb7b.jpg', '3375549004_beee810e60.jpg', '2970183443_accd597e0a.jpg']","[0.6953, 0.6579, 0.6554]"
532,a man in an ampitheater talking to a boy,2061144717_5b3a1864f0.jpg,-1,-0.1716,0.6409,0.8125,"['3217291172_10ef70af88.jpg', '2970183443_accd597e0a.jpg', '2470486377_c3a39ccb7b.jpg']","[0.6409, 0.6221, 0.5589]"
533,a man and child stand at the bottom of an outdoor staircase near benches,2061144717_5b3a1864f0.jpg,6,0.5318,0.5888,0.0571,"['2707873672_15e6b5d54b.jpg', '2858903676_6278f07ee3.jpg', '2891961886_b7a2f0b0fd.jpg']","[0.5888, 0.567, 0.5628]"
534,a man and young boy are standing looking at each other in an outdoor garden area,2061144717_5b3a1864f0.jpg,-1,-0.0907,0.6004,0.6912,"['2470486377_c3a39ccb7b.jpg', '2991575785_bd4868e215.jpg', '3501083764_cf592292a6.jpg']","[0.6004, 0.5872, 0.5779]"
535,a boy hangs from a tbar while a man gives him a push,2061354254_faa5bd294b.jpg,-1,0.3492,0.7038,0.3546,"['3630332976_fdba22c50b.jpg', '3703413486_3c682732a0.jpg', '2970183443_accd597e0a.jpg']","[0.7038, 0.6473, 0.6436]"
536,a little boy being pushed by an older person on playground,2061354254_faa5bd294b.jpg,-1,0.2842,0.6168,0.3326,"['2556392380_ee57514233.jpg', '3318995586_c2bc50b92e.jpg', '2707873672_15e6b5d54b.jpg']","[0.6168, 0.6098, 0.6036]"
537,a little boy is going down a pulley swing,2061354254_faa5bd294b.jpg,-1,0.173,0.7831,0.6101,"['2855417531_521bf47b50.jpg', '2362481035_a7600875d0.jpg', '2458269558_277012780d.jpg']","[0.7831, 0.7745, 0.7219]"
538,a man pushes a boy on a zip line,2061354254_faa5bd294b.jpg,-1,0.1838,0.5933,0.4095,"['2346772831_b2748ba1f0.jpg', '3630332976_fdba22c50b.jpg', '2470486377_c3a39ccb7b.jpg']","[0.5933, 0.5743, 0.5529]"
539,a smiling boy slides down a rope while hanging on,2061354254_faa5bd294b.jpg,-1,-0.0042,0.6347,0.6389,"['2855417531_521bf47b50.jpg', '2362481035_a7600875d0.jpg', '540604040_bec822c144.jpg']","[0.6347, 0.5907, 0.576]"
540,a dark brown dog is chewing on a stick,2066241589_b80e9f676c.jpg,2,0.6483,0.6566,0.0084,"['2986716822_e220754d32.jpg', '2066241589_b80e9f676c.jpg', '1659358141_0433c9bf99.jpg']","[0.6566, 0.6483, 0.6039]"
541,a brown dog is chewing on a stick,2066241589_b80e9f676c.jpg,2,0.6373,0.6633,0.026,"['2986716822_e220754d32.jpg', '2066241589_b80e9f676c.jpg', '1659358141_0433c9bf99.jpg']","[0.6633, 0.6373, 0.6058]"
542,the brown dog is playing with a stick,2066241589_b80e9f676c.jpg,-1,0.5361,0.7319,0.1957,"['2986716822_e220754d32.jpg', '1526325728_74eb4153d8.jpg', '3076928208_5763e9eb8c.jpg']","[0.7319, 0.5907, 0.568]"
543,a black and brown dog is biting on a stick in the forest,2066241589_b80e9f676c.jpg,4,0.6161,0.7046,0.0885,"['333973142_abcd151002.jpg', '3330935489_9cb67ca36b.jpg', '2986716822_e220754d32.jpg']","[0.7046, 0.6869, 0.6668]"
544,a brown dog chewing on a large piece of wood,2066241589_b80e9f676c.jpg,5,0.6023,0.6842,0.0819,"['1659358141_0433c9bf99.jpg', '3228069008_edb2961fc4.jpg', '2311690895_0d6efe11c8.jpg']","[0.6842, 0.6605, 0.6395]"
545,a person in a blue jacket wearing a bicycle helmet is riding a bike,2084217208_7bd9bc85e5.jpg,-1,0.5049,0.7526,0.2476,"['3671933270_d124e9a1a4.jpg', '2192411521_9c7e488c5e.jpg', '3474985008_0a827cd340.jpg']","[0.7526, 0.7437, 0.7272]"
546,a woman is riding her bicycle,2084217208_7bd9bc85e5.jpg,-1,0.2678,0.7524,0.4846,"['3671933270_d124e9a1a4.jpg', '2192411521_9c7e488c5e.jpg', '2744600462_5804577296.jpg']","[0.7524, 0.7447, 0.6328]"
547,a woman riding a bike in a park,2084217208_7bd9bc85e5.jpg,-1,0.3115,0.753,0.4415,"['2192411521_9c7e488c5e.jpg', '3671933270_d124e9a1a4.jpg', '2355819665_39021ff642.jpg']","[0.753, 0.7094, 0.6795]"
548,a woman with a blue jacket wears a helmet as she rides a bike,2084217208_7bd9bc85e5.jpg,-1,0.4523,0.747,0.2947,"['2192411521_9c7e488c5e.jpg', '3671933270_d124e9a1a4.jpg', '2744600462_5804577296.jpg']","[0.747, 0.6957, 0.6127]"
549,a woman with a helmet riding a bike,2084217208_7bd9bc85e5.jpg,-1,0.4671,0.7577,0.2905,"['2192411521_9c7e488c5e.jpg', '3671933270_d124e9a1a4.jpg', '2998024845_1529c11694.jpg']","[0.7577, 0.728, 0.6446]"
550,a girl in a purple dress smiling as she climbs an indoor rock wall,2086678529_b3301c2d71.jpg,9,0.4769,0.7756,0.2987,"['758921886_55a351dd67.jpg', '236095031_5cb17dc54a.jpg', '486917990_72bd4069af.jpg']","[0.7756, 0.594, 0.5312]"
553,a young girl climbs a rock wall in a purple dress,2086678529_b3301c2d71.jpg,10,0.4805,0.7938,0.3132,"['758921886_55a351dd67.jpg', '236095031_5cb17dc54a.jpg', '2522467011_cc825d89ac.jpg']","[0.7938, 0.5568, 0.541]"
554,a young girl wears a purple dress,2086678529_b3301c2d71.jpg,2,0.696,0.739,0.043,"['2522467011_cc825d89ac.jpg', '2086678529_b3301c2d71.jpg', '635444010_bd81c89ab7.jpg']","[0.739, 0.696, 0.6438]"
555,a broken down hummer gets towed on a truck bed,2088460083_42ee8a595a.jpg,-1,0.4413,0.7367,0.2954,"['2410153942_ba4a136358.jpg', '109823397_e35154645f.jpg', '467858872_f3431df682.jpg']","[0.7367, 0.5732, 0.5215]"
556,a damaged vehicle is carried by a repair truck in a nighttime scene,2088460083_42ee8a595a.jpg,2,0.7567,0.7705,0.0138,"['2410153942_ba4a136358.jpg', '2088460083_42ee8a595a.jpg', '492341908_1ef53be265.jpg']","[0.7705, 0.7567, 0.7034]"
557,a flat bed truck in a parking lot with an army vehicle on its bed,2088460083_42ee8a595a.jpg,3,0.6402,0.7137,0.0735,"['2410153942_ba4a136358.jpg', '210625425_fb1ef5d23b.jpg', '2088460083_42ee8a595a.jpg']","[0.7137, 0.6758, 0.6402]"
558,an old beatup jeep being towed away,2088460083_42ee8a595a.jpg,-1,0.477,0.6511,0.1741,"['2410153942_ba4a136358.jpg', '2750867389_4b815f793a.jpg', '2660480624_45f88b3022.jpg']","[0.6511, 0.6477, 0.6245]"
559,dirty suv sits on the bed of a tow truck at night,2088460083_42ee8a595a.jpg,4,0.5807,0.6963,0.1156,"['2410153942_ba4a136358.jpg', '210625425_fb1ef5d23b.jpg', '492341908_1ef53be265.jpg']","[0.6963, 0.6323, 0.6026]"
566,a dog walking across the desert,2090997177_76d482b158.jpg,-1,0.461,0.642,0.181,"['3248408149_41a8dd90d3.jpg', '240583223_e26e17ee96.jpg', '1526325728_74eb4153d8.jpg']","[0.642, 0.626, 0.5942]"
567,a short black dog is walking over a barren landscape,2090997177_76d482b158.jpg,4,0.5585,0.6705,0.1121,"['359837950_9e22ffe6c2.jpg', '95783195_e1ba3f57ca.jpg', '254527963_3f5824b0e8.jpg']","[0.6705, 0.6667, 0.5868]"
568,a small black dog running across the sand,2090997177_76d482b158.jpg,2,0.8008,0.8056,0.0049,"['254527963_3f5824b0e8.jpg', '2090997177_76d482b158.jpg', '2407470303_6fd5e3600d.jpg']","[0.8056, 0.8008, 0.7599]"
569,a small black dog walks in the sand,2090997177_76d482b158.jpg,2,0.7786,0.7843,0.0057,"['254527963_3f5824b0e8.jpg', '2090997177_76d482b158.jpg', '1526325728_74eb4153d8.jpg']","[0.7843, 0.7786, 0.6519]"
572,large dog running in snow,2095078658_c14ba89bc2.jpg,2,0.8311,0.8397,0.0086,"['2115631346_9585a479b0.jpg', '2095078658_c14ba89bc2.jpg', '410422753_de506155fa.jpg']","[0.8397, 0.8311, 0.7929]"
575,a dog is shaking off water,2095444126_201ff9f222.jpg,-1,0.2874,0.7002,0.4128,"['1131800850_89c7ffd477.jpg', '3223224391_be50bf4f43.jpg', '240583223_e26e17ee96.jpg']","[0.7002, 0.6232, 0.6104]"
576,a dog shakes his head,2095444126_201ff9f222.jpg,-1,0.4225,0.6905,0.268,"['240583223_e26e17ee96.jpg', '1526325728_74eb4153d8.jpg', '3383491811_fd9d3a891d.jpg']","[0.6905, 0.6207, 0.568]"
577,a dog shakes off water,2095444126_201ff9f222.jpg,-1,0.3165,0.753,0.4364,"['1131800850_89c7ffd477.jpg', '431410325_f4916b5460.jpg', '3223224391_be50bf4f43.jpg']","[0.753, 0.6634, 0.6447]"
578,a dog shakes off water and gets contorted,2095444126_201ff9f222.jpg,-1,0.3206,0.7669,0.4463,"['1131800850_89c7ffd477.jpg', '431410325_f4916b5460.jpg', '2613209320_edf6a2b7e9.jpg']","[0.7669, 0.6877, 0.6173]"
579,the dog is shaking water off of his body,2095444126_201ff9f222.jpg,-1,0.3037,0.6607,0.357,"['1131800850_89c7ffd477.jpg', '3223224391_be50bf4f43.jpg', '431410325_f4916b5460.jpg']","[0.6607, 0.6101, 0.5898]"
581,a man with two ski poles stands near a mountaintop,2098174172_e57d86ea03.jpg,6,0.6397,0.6735,0.0337,"['2339140905_9f625f140a.jpg', '3264650118_be7df266e7.jpg', '2272750492_91e8f67328.jpg']","[0.6735, 0.6734, 0.6703]"
585,two dogs drink water in a lake,2100046085_69b59b6645.jpg,-1,0.512,0.7422,0.2302,"['2244024374_54d7e88c2b.jpg', '2220175999_081aa9cce8.jpg', '1130401779_8c30182e3e.jpg']","[0.7422, 0.6946, 0.6816]"
588,two white dogs drinking out of a stream,2100046085_69b59b6645.jpg,3,0.5721,0.6157,0.0436,"['2244024374_54d7e88c2b.jpg', '2906802485_dfebf09173.jpg', '2100046085_69b59b6645.jpg']","[0.6157, 0.5753, 0.5721]"
590,kids jumping with one boy in midair,210126070_0d43b300b9.jpg,2,0.6276,0.6392,0.0116,"['459778335_857d8ffebf.jpg', '210126070_0d43b300b9.jpg', '3318995586_c2bc50b92e.jpg']","[0.6392, 0.6276, 0.5993]"
592,a boy is being watched as he leaps up in the air on a trampoline,210126070_0d43b300b9.jpg,5,0.6489,0.6992,0.0503,"['3741827382_71e93298d0.jpg', '2868575889_2c030aa8ae.jpg', '2973638173_0dc21fd443.jpg']","[0.6992, 0.6793, 0.6614]"
593,a boy without a shirt on is jumping in the air almost upside down,210126070_0d43b300b9.jpg,6,0.5709,0.6898,0.119,"['2973638173_0dc21fd443.jpg', '3686924335_3c51e8834a.jpg', '3741827382_71e93298d0.jpg']","[0.6898, 0.6452, 0.6084]"
594,a guy standing is watching another guy in midair,210126070_0d43b300b9.jpg,-1,0.4183,0.6338,0.2155,"['2061354254_faa5bd294b.jpg', '3438858409_136345fa07.jpg', '459778335_857d8ffebf.jpg']","[0.6338, 0.6189, 0.6112]"
599,the brown dog is performing a jump in an obstacle course,2102581664_5ea50f85c6.jpg,4,0.8076,0.86,0.0524,"['3474999131_788cbf253f.jpg', '2831672255_d779807c14.jpg', '2542662402_d781dd7f7c.jpg']","[0.86, 0.8153, 0.8134]"
604,two children take a picture of something in the distance,2102732029_9ae520914d.jpg,2,0.6329,0.6653,0.0324,"['1449692616_60507875fb.jpg', '2102732029_9ae520914d.jpg', '503090187_8758ab5680.jpg']","[0.6653, 0.6329, 0.6128]"
606,a four wheel drive car is driving through the mud,210625425_fb1ef5d23b.jpg,2,0.6899,0.7318,0.0419,"['2410153942_ba4a136358.jpg', '210625425_fb1ef5d23b.jpg', '2943023421_e297f05e11.jpg']","[0.7318, 0.6899, 0.6715]"
607,a jeep gets wheel high in mud,210625425_fb1ef5d23b.jpg,2,0.6765,0.7786,0.1021,"['2410153942_ba4a136358.jpg', '210625425_fb1ef5d23b.jpg', '3556598205_86c180769d.jpg']","[0.7786, 0.6765, 0.6211]"
609,there is a jeep stuck in mud up to the doors,210625425_fb1ef5d23b.jpg,2,0.6759,0.7641,0.0882,"['2410153942_ba4a136358.jpg', '210625425_fb1ef5d23b.jpg', '492341908_1ef53be265.jpg']","[0.7641, 0.6759, 0.5579]"
611,a young boy throwing a rock into a pond in front of a large building,2107838729_a527e434bd.jpg,2,0.5775,0.5824,0.0049,"['3767841911_6678052eb6.jpg', '2107838729_a527e434bd.jpg', '2410618963_fb78307d18.jpg']","[0.5824, 0.5775, 0.5442]"
617,a skier climbs up a snowy trail toward his poles,2109911919_af45b93ef3.jpg,2,0.7832,0.8273,0.0441,"['3264650118_be7df266e7.jpg', '2109911919_af45b93ef3.jpg', '1655781989_b15ab4cbff.jpg']","[0.8273, 0.7832, 0.763]"
618,a climber with a backpack accends a snow covered mountain,2109911919_af45b93ef3.jpg,2,0.817,0.8404,0.0234,"['3166578139_33500f7e8a.jpg', '2109911919_af45b93ef3.jpg', '2098174172_e57d86ea03.jpg']","[0.8404, 0.817, 0.8138]"
620,two dogs run through a snowy field,2115631346_9585a479b0.jpg,-1,0.487,0.7217,0.2347,"['366548880_3d3e914746.jpg', '2148916767_644ea6a7fa.jpg', '3195040792_a03954a19f.jpg']","[0.7217, 0.688, 0.6859]"
621,two brown dogs running through the snow,2115631346_9585a479b0.jpg,8,0.5641,0.7656,0.2015,"['3266306177_7994dc2865.jpg', '3173461705_b5cdeef1eb.jpg', '366548880_3d3e914746.jpg']","[0.7656, 0.7078, 0.6857]"
622,two dogs race across a snowy field,2115631346_9585a479b0.jpg,-1,0.4082,0.748,0.3399,"['3195040792_a03954a19f.jpg', '366548880_3d3e914746.jpg', '3173461705_b5cdeef1eb.jpg']","[0.748, 0.7432, 0.7127]"
623,two brown dogs run across a large snowy yard,2115631346_9585a479b0.jpg,5,0.6321,0.7438,0.1117,"['366548880_3d3e914746.jpg', '3266306177_7994dc2865.jpg', '400562847_e15aba0aac.jpg']","[0.7438, 0.6633, 0.663]"
624,two brown dogs are running through the snow,2115631346_9585a479b0.jpg,6,0.5628,0.7466,0.1837,"['3266306177_7994dc2865.jpg', '3173461705_b5cdeef1eb.jpg', '366548880_3d3e914746.jpg']","[0.7466, 0.6781, 0.6405]"
625,a brown dog running on shore with a boat in the background,2115849046_2aa9fa8d13.jpg,7,0.6697,0.7573,0.0876,"['140430106_2978fda105.jpg', '2281006675_fde04e93dd.jpg', '1799271536_6e69c8f1dc.jpg']","[0.7573, 0.7453, 0.7345]"
626,a brown dog runs near the water,2115849046_2aa9fa8d13.jpg,10,0.6835,0.7968,0.1133,"['3571675421_7e07ac07c5.jpg', '2417745327_a2c2705043.jpg', '2051194177_fbeee211e3.jpg']","[0.7968, 0.789, 0.7652]"
627,a dog is running on the grass beside a boat on the river,2115849046_2aa9fa8d13.jpg,5,0.5761,0.7271,0.151,"['967719295_3257695095.jpg', '2270483627_16fe41b063.jpg', '3712742641_641282803e.jpg']","[0.7271, 0.6381, 0.6]"
628,a large orange dog runs through the grass by the water where a large boat is sailing in the background,2115849046_2aa9fa8d13.jpg,2,0.7516,0.7738,0.0222,"['967719295_3257695095.jpg', '2115849046_2aa9fa8d13.jpg', '2417745327_a2c2705043.jpg']","[0.7738, 0.7516, 0.6537]"
629,the dog is running in the grass next to the water,2115849046_2aa9fa8d13.jpg,-1,0.4734,0.777,0.3037,"['2404520067_87798dbaee.jpg', '3518675890_2f65e23ff9.jpg', '2574230252_f5a1382dd4.jpg']","[0.777, 0.6, 0.5957]"
630,the dog is laying on its back near a green ball,2119660490_ce0d4d1f73.jpg,-1,0.3022,0.5617,0.2595,"['1659358141_0433c9bf99.jpg', '3155390408_8e1a81efb2.jpg', '3383545083_1d7c95b003.jpg']","[0.5617, 0.5355, 0.5253]"
631,a dog lies on its back on a dog bed,2119660490_ce0d4d1f73.jpg,-1,0.2334,0.6941,0.4607,"['351876121_c7c0221928.jpg', '2325258180_6217dd17eb.jpg', '3086523890_fd9394af8b.jpg']","[0.6941, 0.5469, 0.5438]"
632,a brown dog is rolling on its back on a carpet with several green toys nearby,2119660490_ce0d4d1f73.jpg,-1,0.4455,0.7389,0.2934,"['2325258180_6217dd17eb.jpg', '2949353587_64c54e9589.jpg', '337647771_3b819feaba.jpg']","[0.7389, 0.6482, 0.6059]"
633,a brown dog is laying on its back on a white carpet with a green ball on it,2119660490_ce0d4d1f73.jpg,-1,0.3996,0.6794,0.2797,"['2325258180_6217dd17eb.jpg', '2949353587_64c54e9589.jpg', '2702506716_17a7fb3ba4.jpg']","[0.6794, 0.6631, 0.5834]"
634,a brown dog is laying on his side on a beige carpet with a green object in the foreground,2119660490_ce0d4d1f73.jpg,-1,0.324,0.674,0.3501,"['2949353587_64c54e9589.jpg', '2325258180_6217dd17eb.jpg', '3383491811_fd9d3a891d.jpg']","[0.674, 0.6567, 0.6047]"
636,a few people park their boat at a dock,2125216241_5b265a2fbc.jpg,9,0.5113,0.7316,0.2204,"['2744330402_824240184c.jpg', '361183669_52be9662b9.jpg', '2526585002_10987a63f3.jpg']","[0.7316, 0.7044, 0.6069]"
637,three men stand atop a boat from seattle washington,2125216241_5b265a2fbc.jpg,-1,0.3792,0.5948,0.2156,"['2526585002_10987a63f3.jpg', '3640109324_3ce89e4d1a.jpg', '3315033940_e91f87b7f2.jpg']","[0.5948, 0.5925, 0.5688]"
638,three people are standing on the dock of a boat looking at something off camera,2125216241_5b265a2fbc.jpg,9,0.4809,0.6349,0.154,"['361183669_52be9662b9.jpg', '2744330402_824240184c.jpg', '3217893350_57be430d06.jpg']","[0.6349, 0.594, 0.5662]"
639,three people stand on a boat that is docked,2125216241_5b265a2fbc.jpg,9,0.5088,0.7003,0.1916,"['361183669_52be9662b9.jpg', '2744330402_824240184c.jpg', '2526585002_10987a63f3.jpg']","[0.7003, 0.6928, 0.6666]"
643,a boy wearing an orange coat winks at the camera,2131762850_5293a288d9.jpg,4,0.5816,0.6989,0.1173,"['3494394662_3edfd4a34c.jpg', '452419961_6d42ab7000.jpg', '2212472643_80238475b5.jpg']","[0.6989, 0.6329, 0.6042]"
644,a boy in an orange jacket appears unhappy,2131762850_5293a288d9.jpg,3,0.6434,0.8001,0.1567,"['3494394662_3edfd4a34c.jpg', '425088533_a460dc4617.jpg', '2131762850_5293a288d9.jpg']","[0.8001, 0.6642, 0.6434]"
645,a black and white dog playing in the snow together,2148916767_644ea6a7fa.jpg,2,0.723,0.793,0.0699,"['412101267_7257e6d8c0.jpg', '2148916767_644ea6a7fa.jpg', '2335619125_2e2034f2c3.jpg']","[0.793, 0.723, 0.6616]"
646,a black poodle jumping on the head of a white poodle while walking in the snow,2148916767_644ea6a7fa.jpg,2,0.6569,0.6699,0.0131,"['412101267_7257e6d8c0.jpg', '2148916767_644ea6a7fa.jpg', '3195040792_a03954a19f.jpg']","[0.6699, 0.6569, 0.629]"
647,black dog jumping over a white dog in a snowy path,2148916767_644ea6a7fa.jpg,4,0.6755,0.7437,0.0682,"['3195040792_a03954a19f.jpg', '366548880_3d3e914746.jpg', '1287931016_fb015e2e10.jpg']","[0.7437, 0.7213, 0.6808]"
648,two dogs playing in the snow,2148916767_644ea6a7fa.jpg,6,0.7088,0.819,0.1103,"['412101267_7257e6d8c0.jpg', '3266306177_7994dc2865.jpg', '366548880_3d3e914746.jpg']","[0.819, 0.7595, 0.736]"
649,two poodles are running through the snow,2148916767_644ea6a7fa.jpg,6,0.6349,0.7084,0.0735,"['3266306177_7994dc2865.jpg', '400562847_e15aba0aac.jpg', '366548880_3d3e914746.jpg']","[0.7084, 0.6941, 0.6755]"
650,the man in shorts and a hat is standing in the bay beside the ocean,2162564553_96de62c7e6.jpg,-1,0.2881,0.6226,0.3344,"['361183669_52be9662b9.jpg', '2125216241_5b265a2fbc.jpg', '339350939_6643bfb270.jpg']","[0.6226, 0.5831, 0.5639]"
655,dogs racing,2165461920_1a4144eb2b.jpg,6,0.5634,0.6535,0.0901,"['3036596725_541bbe0955.jpg', '3271084924_4778d556cc.jpg', '2216695423_1362cb25f3.jpg']","[0.6535, 0.6418, 0.6354]"
656,a group of dogs wearing muzzles running a race,2165461920_1a4144eb2b.jpg,4,0.6004,0.6968,0.0963,"['2818735880_68b3dfe1f5.jpg', '3036596725_541bbe0955.jpg', '3347701468_bb0001b035.jpg']","[0.6968, 0.6201, 0.6115]"
660,the dog is running around the cow,2176874361_2b4149010b.jpg,3,0.7508,0.8047,0.0539,"['2403544744_cba152f5c1.jpg', '2500567791_101d5ddee3.jpg', '2176874361_2b4149010b.jpg']","[0.8047, 0.7915, 0.7508]"
662,a small black dog growling at a large brown and white cow,2176874361_2b4149010b.jpg,6,0.5682,0.7269,0.1588,"['2500567791_101d5ddee3.jpg', '2403544744_cba152f5c1.jpg', '2882483779_73c171ac19.jpg']","[0.7269, 0.6669, 0.5868]"
663,a dog and a cow play together inside the fence,2176874361_2b4149010b.jpg,2,0.7174,0.7334,0.016,"['2500567791_101d5ddee3.jpg', '2176874361_2b4149010b.jpg', '3271468462_701eb88d3b.jpg']","[0.7334, 0.7174, 0.716]"
664,a black dog runs in front of a large brown and white bull,2176874361_2b4149010b.jpg,8,0.5751,0.6691,0.0941,"['536721406_884ab8fece.jpg', '3029715635_43ab414dfb.jpg', '2656987333_80dcc82c05.jpg']","[0.6691, 0.6413, 0.6329]"
665,a boy standing and watching a group of people on a basketball court,2180356743_b3a3c9a7f6.jpg,7,0.4888,0.6168,0.128,"['3497234632_6ec740fc1e.jpg', '2247192427_5e106f24a9.jpg', '310213587_778fe8fb5b.jpg']","[0.6168, 0.6002, 0.58]"
666,a boy standing in the foreground looking out over other people in a court,2180356743_b3a3c9a7f6.jpg,2,0.5416,0.5668,0.0252,"['2341254813_c53a5ef27a.jpg', '2180356743_b3a3c9a7f6.jpg', '3535056297_e16f014cb7.jpg']","[0.5668, 0.5416, 0.536]"
667,a boy stands overlooking a schoolyard where other children play,2180356743_b3a3c9a7f6.jpg,6,0.5452,0.626,0.0808,"['1427391496_ea512cbe7f.jpg', '2470486377_c3a39ccb7b.jpg', '576920249_df1bdc2068.jpg']","[0.626, 0.5795, 0.5753]"
669,a little boy is standing above a structure and watching the other boys play a game,2180356743_b3a3c9a7f6.jpg,-1,0.512,0.6783,0.1663,"['3318995586_c2bc50b92e.jpg', '3506607642_40037b3fbf.jpg', '350443876_c9769f5734.jpg']","[0.6783, 0.6412, 0.6172]"
670,the girl eating spaghetti is wearing a red jacket,2181724497_dbb7fcb0a9.jpg,4,0.4779,0.6619,0.184,"['3437315443_ba2263f92e.jpg', '1449692616_60507875fb.jpg', '2102732029_9ae520914d.jpg']","[0.6619, 0.5207, 0.4942]"
675,a bearded man wearing a bandanna is pointing his finger whilst riding a bicycle,2192411521_9c7e488c5e.jpg,-1,0.4315,0.5307,0.0992,"['3412249548_00820fc4ca.jpg', '3030962048_f71948226c.jpg', '3526805681_38461c0d5d.jpg']","[0.5307, 0.5218, 0.505]"
678,a man with long hair riding a bicycle gives the peace sign,2192411521_9c7e488c5e.jpg,-1,0.3182,0.4759,0.1577,"['2815256108_fc1302117d.jpg', '2877159456_ea4a46b0d2.jpg', '3119696225_b289efaec8.jpg']","[0.4759, 0.4456, 0.4379]"
680,six people jump for ball,2193980605_4221c6474d.jpg,7,0.6522,0.727,0.0748,"['3497234632_6ec740fc1e.jpg', '2698614194_b4e6e11dff.jpg', '2856080862_95d793fa9d.jpg']","[0.727, 0.7169, 0.6914]"
681,six people are jumping in the air one of them throwing a ball,2193980605_4221c6474d.jpg,-1,0.5164,0.6513,0.1349,"['2698614194_b4e6e11dff.jpg', '2061354254_faa5bd294b.jpg', '3380072636_4cd59385fd.jpg']","[0.6513, 0.5834, 0.5804]"
682,a group of six people have jumped into the air in the middle of nowhere and one is catching a ball,2193980605_4221c6474d.jpg,8,0.563,0.6694,0.1063,"['2698614194_b4e6e11dff.jpg', '3195188609_01afbe46e6.jpg', '3380072636_4cd59385fd.jpg']","[0.6694, 0.6667, 0.6395]"
683,a group of people in a desert jumping one throwing a ball,2193980605_4221c6474d.jpg,2,0.5875,0.687,0.0996,"['459778335_857d8ffebf.jpg', '2193980605_4221c6474d.jpg', '2698614194_b4e6e11dff.jpg']","[0.687, 0.5875, 0.5822]"
684,a group of people are jumping into the air with their arms held high,2193980605_4221c6474d.jpg,-1,0.4667,0.6829,0.2163,"['210126070_0d43b300b9.jpg', '1991806812_065f747689.jpg', '2351479551_e8820a1ff3.jpg']","[0.6829, 0.6521, 0.5511]"
687,a woman crosscountry skiing with a brown dog,2194494220_bb2178832c.jpg,2,0.5561,0.5749,0.0188,"['2542662402_d781dd7f7c.jpg', '2194494220_bb2178832c.jpg', '433855742_c2a6fda763.jpg']","[0.5749, 0.5561, 0.5512]"
688,a woman skiing down a snowy mountain with a brown dog on a lesh running with her,2194494220_bb2178832c.jpg,2,0.5634,0.5693,0.0058,"['433855742_c2a6fda763.jpg', '2194494220_bb2178832c.jpg', '3264650118_be7df266e7.jpg']","[0.5693, 0.5634, 0.5394]"
690,young boys are running around a field during a soccer game,2194495372_bdac7d9e71.jpg,3,0.7446,0.8025,0.0579,"['3506607642_40037b3fbf.jpg', '278608022_4175813019.jpg', '2194495372_bdac7d9e71.jpg']","[0.8025, 0.7723, 0.7446]"
691,two kids are running in a soccer game,2194495372_bdac7d9e71.jpg,7,0.6186,0.8003,0.1817,"['278608022_4175813019.jpg', '3506607642_40037b3fbf.jpg', '2962977152_9d6958fdd5.jpg']","[0.8003, 0.8003, 0.7616]"
692,two kids are photographed playing soccer in a field,2194495372_bdac7d9e71.jpg,-1,0.5301,0.7662,0.2361,"['3506607642_40037b3fbf.jpg', '278608022_4175813019.jpg', '3538021517_b930dc76fc.jpg']","[0.7662, 0.7658, 0.7132]"
693,children playing soccer on a field while parents watch,2194495372_bdac7d9e71.jpg,6,0.7445,0.8202,0.0758,"['3506607642_40037b3fbf.jpg', '2856080862_95d793fa9d.jpg', '3538021517_b930dc76fc.jpg']","[0.8202, 0.8128, 0.7723]"
695,a child riding a scooter indoors,2197275664_fabcf3424b.jpg,-1,0.418,0.6682,0.2502,"['3293018193_e4e0c8db7c.jpg', '2381613738_d8d2012e3c.jpg', '2863180332_372510aa49.jpg']","[0.6682, 0.5807, 0.5606]"
696,a girl plays on a red scooter,2197275664_fabcf3424b.jpg,7,0.5408,0.587,0.0462,"['2557972410_6925fe695c.jpg', '2903617548_d3e38d7f88.jpg', '2238166082_140f8b01b8.jpg']","[0.587, 0.5841, 0.5813]"
697,little girl playing on a scooter in her house,2197275664_fabcf3424b.jpg,4,0.5562,0.6264,0.0702,"['3293018193_e4e0c8db7c.jpg', '3431101934_99a6c55914.jpg', '2903617548_d3e38d7f88.jpg']","[0.6264, 0.6207, 0.5899]"
698,the girl is on a red scooter,2197275664_fabcf3424b.jpg,9,0.5215,0.6234,0.1019,"['2238166082_140f8b01b8.jpg', '2557972410_6925fe695c.jpg', '3431101934_99a6c55914.jpg']","[0.6234, 0.6004, 0.5699]"
699,the little girl is riding her red scooter,2197275664_fabcf3424b.jpg,3,0.5613,0.6138,0.0525,"['2238166082_140f8b01b8.jpg', '3431101934_99a6c55914.jpg', '2197275664_fabcf3424b.jpg']","[0.6138, 0.563, 0.5613]"
700,the man in shorts holds the girl s hand as he leads her along the fence,219730733_6a55382dd2.jpg,-1,0.0897,0.5492,0.4595,"['514222303_cb98584536.jpg', '3393446245_37dd3f3b59.jpg', '3415287719_3c776f370e.jpg']","[0.5492, 0.5339, 0.5131]"
701,an amusement park,219730733_6a55382dd2.jpg,10,0.4522,0.6584,0.2062,"['3057497487_57ecc60ff1.jpg', '2504991916_dc61e59e49.jpg', '2773011586_6f4cd41e84.jpg']","[0.6584, 0.6154, 0.6082]"
702,a man is helping a young girl off a ride at an amusement park,219730733_6a55382dd2.jpg,-1,0.2432,0.6547,0.4115,"['3726120436_740bda8416.jpg', '1461329041_c623b06e5b.jpg', '444057017_f1e0fcaef7.jpg']","[0.6547, 0.5822, 0.5154]"
703,a man is holding a young child s hand at a fair,219730733_6a55382dd2.jpg,-1,0.1788,0.727,0.5482,"['2470486377_c3a39ccb7b.jpg', '3396043950_12783c5147.jpg', '3318995586_c2bc50b92e.jpg']","[0.727, 0.5913, 0.5837]"
704,a man taking a child on a ride at a fair,219730733_6a55382dd2.jpg,-1,0.4169,0.6042,0.1873,"['1461329041_c623b06e5b.jpg', '2556392380_ee57514233.jpg', '2504991916_dc61e59e49.jpg']","[0.6042, 0.5253, 0.4892]"
705,a brown and white dog is jumping up with a stick in its mouth,2198964806_c57b0534d3.jpg,6,0.5327,0.5709,0.0383,"['512101751_05a6d93e19.jpg', '460478198_83039f2593.jpg', '3488087117_2719647989.jpg']","[0.5709, 0.5684, 0.5581]"
706,a brown dog holding a stick,2198964806_c57b0534d3.jpg,-1,0.504,0.7038,0.1998,"['2986716822_e220754d32.jpg', '1526325728_74eb4153d8.jpg', '2518219912_f47214aa16.jpg']","[0.7038, 0.5835, 0.5755]"
707,a brown dog with green collar holding a stick in its mouth,2198964806_c57b0534d3.jpg,-1,0.4795,0.6692,0.1897,"['2986716822_e220754d32.jpg', '516214924_c2a4364cb3.jpg', '1659358141_0433c9bf99.jpg']","[0.6692, 0.6173, 0.5428]"
708,a dog in a green collar fetches a stick from the dead leaves,2198964806_c57b0534d3.jpg,8,0.5648,0.7948,0.23,"['2986716822_e220754d32.jpg', '3330935489_9cb67ca36b.jpg', '3019857541_3de3e24f54.jpg']","[0.7948, 0.689, 0.6392]"
709,the brown and white dog with a green collar is biting a stick,2198964806_c57b0534d3.jpg,9,0.4711,0.6151,0.144,"['2986716822_e220754d32.jpg', '516214924_c2a4364cb3.jpg', '3368671163_0171259581.jpg']","[0.6151, 0.5363, 0.5315]"
710,a woman with brown hair wearing white gloves,2204550058_2707d92338.jpg,7,0.4587,0.5413,0.0826,"['1527297882_dededc7891.jpg', '374124237_51f62b6937.jpg', '2676184321_858eff416b.jpg']","[0.5413, 0.5274, 0.5117]"
711,a woman with a white glove and several others,2204550058_2707d92338.jpg,2,0.5074,0.5488,0.0414,"['2328616978_fb21be2b87.jpg', '2204550058_2707d92338.jpg', '1418019748_51c7d59c11.jpg']","[0.5488, 0.5074, 0.4826]"
712,a lady stands in the middle of a crowd wearing white gloves,2204550058_2707d92338.jpg,5,0.496,0.5545,0.0585,"['1303727066_23d0f6ed43.jpg', '3372251830_baa3665928.jpg', '954987350_a0c608b467.jpg']","[0.5545, 0.5429, 0.5154]"
713,a woman tilts her face upward and lifts her white gloved hand,2204550058_2707d92338.jpg,9,0.4124,0.5172,0.1048,"['374124237_51f62b6937.jpg', '3155501473_510f9c9f6b.jpg', '3174726084_c108de0a64.jpg']","[0.5172, 0.469, 0.435]"
714,a woman wearing a white glove peers over the crowd,2204550058_2707d92338.jpg,2,0.581,0.6302,0.0492,"['1303727066_23d0f6ed43.jpg', '2204550058_2707d92338.jpg', '2622971954_59f192922d.jpg']","[0.6302, 0.581, 0.5682]"
715,a golden labrador is swimming through water with a red toy in its mouth,2209496328_2a34fd201d.jpg,5,0.6817,0.7102,0.0284,"['2089350172_dc2cf9fcf6.jpg', '1129704496_4a61441f2c.jpg', '431410325_f4916b5460.jpg']","[0.7102, 0.7044, 0.6942]"
717,a white dog swims in the water while holding a red object in its mouth,2209496328_2a34fd201d.jpg,4,0.658,0.6708,0.0128,"['3712742641_641282803e.jpg', '2339946012_06bd480ab8.jpg', '2696394827_7342ced36f.jpg']","[0.6708, 0.6687, 0.6679]"
720,children smiling and making faces to the camera,2211593099_4a4f1c85d2.jpg,5,0.6577,0.7162,0.0585,"['3197891333_b1b0fd1702.jpg', '2728276857_3f83757ef2.jpg', '799431781_65dc312afc.jpg']","[0.7162, 0.7077, 0.6831]"
724,a group of boys pose for a picture on a crowded street,2211593099_4a4f1c85d2.jpg,2,0.6986,0.7185,0.0199,"['3002448718_a478c64fb4.jpg', '2211593099_4a4f1c85d2.jpg', '3254817653_632e840423.jpg']","[0.7185, 0.6986, 0.6753]"
725,a baby in campflauge crawls on a clean hardwood floor,2212472643_80238475b5.jpg,2,0.6198,0.6375,0.0177,"['2516317118_10ae66b87a.jpg', '2212472643_80238475b5.jpg', '542317719_ed4dd95dc2.jpg']","[0.6375, 0.6198, 0.5968]"
728,boy in camouflage crawls on floor,2212472643_80238475b5.jpg,3,0.5642,0.6368,0.0726,"['542317719_ed4dd95dc2.jpg', '693785581_68bec8312a.jpg', '2212472643_80238475b5.jpg']","[0.6368, 0.6299, 0.5642]"
730,the dogs are playing with a stick outside,2216695423_1362cb25f3.jpg,-1,0.4645,0.694,0.2295,"['2986716822_e220754d32.jpg', '424506167_01f365726b.jpg', '3656104088_a0d1642fa9.jpg']","[0.694, 0.655, 0.6242]"
732,four dogs play together outside with sticks,2216695423_1362cb25f3.jpg,5,0.5821,0.6186,0.0365,"['2818735880_68b3dfe1f5.jpg', '799431781_65dc312afc.jpg', '3526018344_450c517a72.jpg']","[0.6186, 0.6035, 0.5943]"
733,a group of large white and orange dogs are in the grass,2216695423_1362cb25f3.jpg,2,0.7284,0.7957,0.0673,"['2165461920_1a4144eb2b.jpg', '2216695423_1362cb25f3.jpg', '3132619510_7dfc947d25.jpg']","[0.7957, 0.7284, 0.7228]"
734,dogs play with stick,2216695423_1362cb25f3.jpg,7,0.5753,0.6633,0.088,"['2981372647_2061278c60.jpg', '424506167_01f365726b.jpg', '3526018344_450c517a72.jpg']","[0.6633, 0.6094, 0.606]"
736,a boy plays with a dog and a frisbee,221973402_ecb1cd51f1.jpg,9,0.4485,0.6788,0.2303,"['2839807428_efe42423f2.jpg', '2960033435_c20cc7399a.jpg', '3318995586_c2bc50b92e.jpg']","[0.6788, 0.5642, 0.5065]"
737,a dog with a frisbee in its mouth chasing a boy in a field,221973402_ecb1cd51f1.jpg,9,0.473,0.6116,0.1386,"['2857609295_16aaa85293.jpg', '2839807428_efe42423f2.jpg', '2960033435_c20cc7399a.jpg']","[0.6116, 0.6097, 0.5385]"
740,a man wearing a sleeveless shirt and sunglasses standing next to two children,2219959872_988e6d498e.jpg,4,0.559,0.6324,0.0734,"['3375549004_beee810e60.jpg', '576920249_df1bdc2068.jpg', '2470486377_c3a39ccb7b.jpg']","[0.6324, 0.581, 0.5703]"
741,a man poses outside a tourist location,2219959872_988e6d498e.jpg,-1,0.445,0.6527,0.2077,"['2497074804_b4f3e7fd90.jpg', '862187579_9faf4a51e0.jpg', '3072782873_3278f3b3a7.jpg']","[0.6527, 0.6223, 0.6149]"
742,a man and two kids standing in front of an ancient building,2219959872_988e6d498e.jpg,-1,0.3785,0.5806,0.2021,"['2180356743_b3a3c9a7f6.jpg', '3501083764_cf592292a6.jpg', '3029472296_d429b1586c.jpg']","[0.5806, 0.5638, 0.5434]"
743,a man in a red muscle shirt poses for a picture beside a stone building whilst other people pass by,2219959872_988e6d498e.jpg,-1,0.4723,0.6732,0.2009,"['862187579_9faf4a51e0.jpg', '3242007318_01e82171aa.jpg', '2497074804_b4f3e7fd90.jpg']","[0.6732, 0.5827, 0.5807]"
744,a man in a red shirt is standing with two fitls in front of an old structure,2219959872_988e6d498e.jpg,-1,0.4113,0.6721,0.2607,"['3503011427_a4ee547c77.jpg', '3029472296_d429b1586c.jpg', '3394586927_eae7732b64.jpg']","[0.6721, 0.6385, 0.6198]"
745,two big dogs wade in the ocean,2220175999_081aa9cce8.jpg,3,0.7071,0.7751,0.068,"['3585488964_1467945775.jpg', '481827288_a688be7913.jpg', '2220175999_081aa9cce8.jpg']","[0.7751, 0.725, 0.7071]"
746,two dogs are wading in a river,2220175999_081aa9cce8.jpg,2,0.6556,0.7023,0.0467,"['2244024374_54d7e88c2b.jpg', '2220175999_081aa9cce8.jpg', '1130401779_8c30182e3e.jpg']","[0.7023, 0.6556, 0.615]"
747,two dogs play in the water,2220175999_081aa9cce8.jpg,4,0.7211,0.8188,0.0977,"['481827288_a688be7913.jpg', '2244024374_54d7e88c2b.jpg', '2289212650_69de7a20b2.jpg']","[0.8188, 0.8018, 0.7735]"
748,two dogs wade in the water,2220175999_081aa9cce8.jpg,3,0.725,0.7802,0.0552,"['481827288_a688be7913.jpg', '2244024374_54d7e88c2b.jpg', '2220175999_081aa9cce8.jpg']","[0.7802, 0.7587, 0.725]"
749,two dogs walk in a body of water,2220175999_081aa9cce8.jpg,2,0.7366,0.7398,0.0032,"['2289212650_69de7a20b2.jpg', '2220175999_081aa9cce8.jpg', '481827288_a688be7913.jpg']","[0.7398, 0.7366, 0.7287]"
751,a man in a black jacket is holding a little girl s hand while walking down the city street,2222559267_6fd31e3941.jpg,2,0.6886,0.6999,0.0113,"['3393446245_37dd3f3b59.jpg', '2222559267_6fd31e3941.jpg', '3655964639_21e76383d0.jpg']","[0.6999, 0.6886, 0.6439]"
753,a man and a little girl walking down the street,2222559267_6fd31e3941.jpg,-1,0.5113,0.7001,0.1888,"['1432342377_3e41603f26.jpg', '3393446245_37dd3f3b59.jpg', '2538477523_1da77eb11c.jpg']","[0.7001, 0.6139, 0.601]"
754,a man and girl hold hands walking down the street,2222559267_6fd31e3941.jpg,3,0.6503,0.7008,0.0504,"['1432342377_3e41603f26.jpg', '3393446245_37dd3f3b59.jpg', '2222559267_6fd31e3941.jpg']","[0.7008, 0.6526, 0.6503]"
755,a brown dog jumps through three hoops,2229179070_dc8ea8582e.jpg,-1,0.4882,0.7452,0.257,"['3474999131_788cbf253f.jpg', '2831672255_d779807c14.jpg', '3619630328_2d0865b6f4.jpg']","[0.7452, 0.6447, 0.6332]"
756,a dog is jumping through hoops held by people,2229179070_dc8ea8582e.jpg,8,0.5906,0.8156,0.2249,"['3474999131_788cbf253f.jpg', '2542662402_d781dd7f7c.jpg', '2831672255_d779807c14.jpg']","[0.8156, 0.8078, 0.704]"
757,a dog jumps through a black hulahoop,2229179070_dc8ea8582e.jpg,-1,0.2241,0.6439,0.4198,"['689776124_07f560a920.jpg', '2378127945_8dc9da82d7.jpg', '472860064_a96a228796.jpg']","[0.6439, 0.6423, 0.5851]"
758,a medium size dog is jumping through hoops which are being held by men,2229179070_dc8ea8582e.jpg,6,0.576,0.7384,0.1624,"['3474999131_788cbf253f.jpg', '2542662402_d781dd7f7c.jpg', '3618932839_acd7d2c2ea.jpg']","[0.7384, 0.7065, 0.638]"
759,a trainer runs next to his dog as it jumps through multiple hoops,2229179070_dc8ea8582e.jpg,8,0.5718,0.7466,0.1748,"['3474999131_788cbf253f.jpg', '3618932839_acd7d2c2ea.jpg', '2542662402_d781dd7f7c.jpg']","[0.7466, 0.7421, 0.7089]"
760,the person is high on a mountain during sunset,223299142_521aedf9e7.jpg,2,0.8011,0.8337,0.0326,"['58368365_03ed3e5bdf.jpg', '223299142_521aedf9e7.jpg', '530888330_a18343e38d.jpg']","[0.8337, 0.8011, 0.7875]"
761,the man is climbing up a steep snowy mountain,223299142_521aedf9e7.jpg,-1,0.5607,0.8311,0.2704,"['2109911919_af45b93ef3.jpg', '1247181182_35cabd76f3.jpg', '3166578139_33500f7e8a.jpg']","[0.8311, 0.7202, 0.7188]"
762,a man among steep and snowy mountains,223299142_521aedf9e7.jpg,9,0.7368,0.8584,0.1216,"['2098174172_e57d86ea03.jpg', '224273695_0b517bd0eb.jpg', '3166578139_33500f7e8a.jpg']","[0.8584, 0.8175, 0.7928]"
763,someone hikes down a steep frozen mountainside,223299142_521aedf9e7.jpg,-1,0.5137,0.796,0.2823,"['1655781989_b15ab4cbff.jpg', '2109911919_af45b93ef3.jpg', '2098174172_e57d86ea03.jpg']","[0.796, 0.7951, 0.7674]"
764,the grass has ice on it and there is a mountain in the background,223299142_521aedf9e7.jpg,7,0.6514,0.7817,0.1303,"['1428578577_82864facae.jpg', '224273695_0b517bd0eb.jpg', '116409198_0fe0c94f3b.jpg']","[0.7817, 0.7317, 0.6921]"
772,people walking up a snowy mountain,224273695_0b517bd0eb.jpg,8,0.635,0.7223,0.0873,"['319870744_0e0138d205.jpg', '2272823323_3b7291cd47.jpg', '413737417_b0a8b445e9.jpg']","[0.7223, 0.7157, 0.7022]"
773,the brown mountains have snow on them and there are clouds in the sky,224273695_0b517bd0eb.jpg,2,0.7636,0.7837,0.0201,"['1428578577_82864facae.jpg', '224273695_0b517bd0eb.jpg', '3287963317_186491ee78.jpg']","[0.7837, 0.7636, 0.6922]"
774,the mountain climbers set up camp at the apex,224273695_0b517bd0eb.jpg,-1,0.38,0.6912,0.3112,"['413737417_b0a8b445e9.jpg', '3340575518_137ce2695f.jpg', '319870744_0e0138d205.jpg']","[0.6912, 0.6607, 0.6568]"
775,two dogs fight over a stick in a flooded field,2244024374_54d7e88c2b.jpg,2,0.6403,0.6444,0.0041,"['3656104088_a0d1642fa9.jpg', '2244024374_54d7e88c2b.jpg', '1129704496_4a61441f2c.jpg']","[0.6444, 0.6403, 0.62]"
777,two dogs are running through a wet grassy area and one is carrying a long stick,2244024374_54d7e88c2b.jpg,-1,0.4446,0.6829,0.2383,"['2986716822_e220754d32.jpg', '3264678536_46601d25f0.jpg', '472396131_6e97068d93.jpg']","[0.6829, 0.5627, 0.5598]"
778,a dog runs through the water with a stick while another dog stands there,2244024374_54d7e88c2b.jpg,6,0.6492,0.6758,0.0265,"['1129704496_4a61441f2c.jpg', '2289212650_69de7a20b2.jpg', '1439282131_3814d6ae04.jpg']","[0.6758, 0.6682, 0.6659]"
779,a brown and a black and brown dog are playing in the water and the black one is carrying a long stick in its mouth,2244024374_54d7e88c2b.jpg,7,0.5876,0.8099,0.2223,"['1129704496_4a61441f2c.jpg', '2632381125_de32bdfdf6.jpg', '2089350172_dc2cf9fcf6.jpg']","[0.8099, 0.7046, 0.6766]"
780,four people are lining up to purchase tickets at the theater,2244551043_21b8cca866.jpg,2,0.6804,0.6807,0.0003,"['3042380610_c5ea61eef8.jpg', '2244551043_21b8cca866.jpg', '3543378438_47e2712486.jpg']","[0.6807, 0.6804, 0.5578]"
781,four people standing outside of an outdoor ticket booth,2244551043_21b8cca866.jpg,2,0.5722,0.5858,0.0137,"['219730733_6a55382dd2.jpg', '2244551043_21b8cca866.jpg', '3002448718_a478c64fb4.jpg']","[0.5858, 0.5722, 0.5663]"
782,four people wait outside in a line for ticket,2244551043_21b8cca866.jpg,10,0.5115,0.6225,0.1109,"['219730733_6a55382dd2.jpg', '3638374272_444f5e0457.jpg', '2930622766_fa8f84deb1.jpg']","[0.6225, 0.6179, 0.6174]"
783,the man and woman at the window are turned around to the man and woman behind them,2244551043_21b8cca866.jpg,-1,0.3056,0.6601,0.3545,"['3474265683_43b1033d94.jpg', '3139160252_75109e9e05.jpg', '1057210460_09c6f4c6c1.jpg']","[0.6601, 0.6471, 0.6094]"
784,two men and two women standing at the window of a ticket booth,2244551043_21b8cca866.jpg,-1,0.5074,0.6417,0.1343,"['3210419174_d083a16f77.jpg', '2504277798_936a09c74d.jpg', '1298866571_b4c496b71c.jpg']","[0.6417, 0.6011, 0.5561]"
785,three small boys playing basketball,2247192427_5e106f24a9.jpg,2,0.6279,0.644,0.0161,"['3154709407_9b0778cbeb.jpg', '2247192427_5e106f24a9.jpg', '3497234632_6ec740fc1e.jpg']","[0.644, 0.6279, 0.627]"
786,three small boys play basketball indoors,2247192427_5e106f24a9.jpg,3,0.6118,0.6492,0.0374,"['3497234632_6ec740fc1e.jpg', '2021602343_03023e1fd1.jpg', '2247192427_5e106f24a9.jpg']","[0.6492, 0.6245, 0.6118]"
789,children play basketball on a court,2247192427_5e106f24a9.jpg,3,0.6576,0.7114,0.0538,"['3154709407_9b0778cbeb.jpg', '2021602343_03023e1fd1.jpg', '2247192427_5e106f24a9.jpg']","[0.7114, 0.6648, 0.6576]"
790,the children of a family play while they wait,2257294002_0073263c54.jpg,7,0.5455,0.6277,0.0822,"['3501083764_cf592292a6.jpg', '3396043950_12783c5147.jpg', '3480052428_c034b98a08.jpg']","[0.6277, 0.6131, 0.5972]"
791,three asian kids dance while a man looks on,2257294002_0073263c54.jpg,-1,0.4605,0.6508,0.1903,"['2211593099_4a4f1c85d2.jpg', '2470486377_c3a39ccb7b.jpg', '2540751930_d71c7f5622.jpg']","[0.6508, 0.6398, 0.6076]"
792,three children do jumping jacks in a public place while a man sits and looks on,2257294002_0073263c54.jpg,-1,0.483,0.6087,0.1256,"['673806038_0a3682a83f.jpg', '2540751930_d71c7f5622.jpg', '210126070_0d43b300b9.jpg']","[0.6087, 0.5796, 0.574]"
793,three children jumping while an older man watches from a row of chairs nearby,2257294002_0073263c54.jpg,8,0.5383,0.5985,0.0602,"['2856080862_95d793fa9d.jpg', '3497234632_6ec740fc1e.jpg', '3608849440_e7d2bed29f.jpg']","[0.5985, 0.5963, 0.5863]"
794,three young children jump while an older man watches from his seat,2257294002_0073263c54.jpg,2,0.5708,0.6501,0.0793,"['3608849440_e7d2bed29f.jpg', '2257294002_0073263c54.jpg', '2193980605_4221c6474d.jpg']","[0.6501, 0.5708, 0.5693]"
795,little white dog wearing a leash jumping after a red ball,2259203920_6b93b721ce.jpg,-1,0.4068,0.7475,0.3407,"['539750844_02a07ec524.jpg', '2616561200_ea079f285a.jpg', '2620113705_a8fa89b8f6.jpg']","[0.7475, 0.6901, 0.6891]"
796,a white and brown dog jumps towards a red ball,2259203920_6b93b721ce.jpg,-1,0.3841,0.8058,0.4217,"['3696246123_99d4d10140.jpg', '3155390408_8e1a81efb2.jpg', '2616561200_ea079f285a.jpg']","[0.8058, 0.7268, 0.7022]"
797,a terrier chasing a red ball,2259203920_6b93b721ce.jpg,-1,0.2166,0.5926,0.376,"['496971341_22782195f0.jpg', '2616561200_ea079f285a.jpg', '2576878141_87f25a10f0.jpg']","[0.5926, 0.5251, 0.5063]"
798,a small dog on a leash jumps toward a pink ball,2259203920_6b93b721ce.jpg,-1,0.3304,0.7146,0.3843,"['539750844_02a07ec524.jpg', '2616561200_ea079f285a.jpg', '496971341_22782195f0.jpg']","[0.7146, 0.7062, 0.703]"
799,a fox terrier leaps after a ball,2259203920_6b93b721ce.jpg,-1,0.2501,0.7347,0.4846,"['3544673666_ffc7483c96.jpg', '3696246123_99d4d10140.jpg', '3155390408_8e1a81efb2.jpg']","[0.7347, 0.7234, 0.7216]"
800,a woman in a marching band uniform holding out her arms to another woman,2260369648_e21ae6494a.jpg,-1,0.2943,0.5982,0.3039,"['3372251830_baa3665928.jpg', '3415228562_4efa9c9b70.jpg', '954987350_a0c608b467.jpg']","[0.5982, 0.5785, 0.5446]"
801,the girl in the marching band comforts her fellow teammate,2260369648_e21ae6494a.jpg,-1,0.2912,0.6185,0.3273,"['3372251830_baa3665928.jpg', '3347701468_bb0001b035.jpg', '3718007650_e5930b4509.jpg']","[0.6185, 0.561, 0.5175]"
803,two asian girls in green and yellow band uniforms are facing each other,2260369648_e21ae6494a.jpg,-1,0.5059,0.6357,0.1299,"['1454841725_4b6e6199e2.jpg', '3415228562_4efa9c9b70.jpg', '3319058642_885d756295.jpg']","[0.6357, 0.5882, 0.584]"
804,two young girls wearing green and yellow uniforms standing in front of each other,2260369648_e21ae6494a.jpg,3,0.5738,0.614,0.0402,"['3415228562_4efa9c9b70.jpg', '3433982387_3fa993cf5a.jpg', '2260369648_e21ae6494a.jpg']","[0.614, 0.6137, 0.5738]"
805,the large green fish is jumping out of the water,226607225_44d696db6b.jpg,-1,0.1573,0.6115,0.4543,"['2797438951_88a3ed7541.jpg', '3690425778_3b390b3ea5.jpg', '186890601_8a6b0f1769.jpg']","[0.6115, 0.5994, 0.561]"
806,a large green fish jumps out of the water,226607225_44d696db6b.jpg,-1,0.2111,0.6061,0.395,"['2797438951_88a3ed7541.jpg', '3690425778_3b390b3ea5.jpg', '186890601_8a6b0f1769.jpg']","[0.6061, 0.5824, 0.5696]"
807,a large green and blue fish leaps from the water,226607225_44d696db6b.jpg,-1,0.2844,0.5748,0.2904,"['2797438951_88a3ed7541.jpg', '3690425778_3b390b3ea5.jpg', '2404520067_87798dbaee.jpg']","[0.5748, 0.5702, 0.5169]"
808,a large fish breaching the water s surface,226607225_44d696db6b.jpg,-1,0.3441,0.5544,0.2103,"['145721496_687af9bb18.jpg', '3315110972_1090d11728.jpg', '3701509233_a2275a4e57.jpg']","[0.5544, 0.5287, 0.5283]"
809,a green fish is jumping out of water,226607225_44d696db6b.jpg,-1,0.2409,0.6466,0.4057,"['2797438951_88a3ed7541.jpg', '195962284_e57178054a.jpg', '3690425778_3b390b3ea5.jpg']","[0.6466, 0.6191, 0.6186]"
810,a boy appears to be dancing to music in a building filled with people,2267819545_446c5a3e18.jpg,-1,0.2771,0.555,0.2779,"['3701226275_952547ba0f.jpg', '3535056297_e16f014cb7.jpg', '3396043950_12783c5147.jpg']","[0.555, 0.551, 0.5285]"
811,a man consumed by his surroundings,2267819545_446c5a3e18.jpg,-1,0.4271,0.5902,0.1631,"['2676648667_cb055b4fc6.jpg', '3495490064_8db40a83af.jpg', '3030962048_f71948226c.jpg']","[0.5902, 0.5817, 0.5497]"
813,a man in a purple shirt is standing with his eyes closed,2267819545_446c5a3e18.jpg,3,0.5661,0.6304,0.0643,"['1303727066_23d0f6ed43.jpg', '3613005134_bb7f304da1.jpg', '2267819545_446c5a3e18.jpg']","[0.6304, 0.6109, 0.5661]"
815,kids riding the subway,2268729848_d418451226.jpg,2,0.6729,0.6831,0.0102,"['1332208215_fa824f6659.jpg', '2268729848_d418451226.jpg', '2525666287_638ab5e784.jpg']","[0.6831, 0.6729, 0.5856]"
816,a young man wearing a green and white shirt hanging by two straps in a subway car,2268729848_d418451226.jpg,4,0.6382,0.6981,0.0599,"['1332208215_fa824f6659.jpg', '397601572_9587a39291.jpg', '3703413486_3c682732a0.jpg']","[0.6981, 0.6826, 0.6577]"
818,a boy in a white and green striped shirt and black shorts,2268729848_d418451226.jpg,-1,0.2461,0.7936,0.5475,"['543264612_c53cc163b4.jpg', '2021671653_567395c7cf.jpg', '3494394662_3edfd4a34c.jpg']","[0.7936, 0.6789, 0.6657]"
819,a young boy is playing around on a tram,2268729848_d418451226.jpg,-1,0.4269,0.7091,0.2822,"['3741827382_71e93298d0.jpg', '693785581_68bec8312a.jpg', '2868575889_2c030aa8ae.jpg']","[0.7091, 0.6578, 0.6431]"
820,a person hits a ball with a tennis racket,2269795781_46a296aa21.jpg,2,0.8411,0.8452,0.0041,"['3425071001_e7c9809ef2.jpg', '2269795781_46a296aa21.jpg', '3163563871_cef3cf33ea.jpg']","[0.8452, 0.8411, 0.8363]"
823,a woman in a green shirt and blue hat is playing tennis,2269795781_46a296aa21.jpg,4,0.7489,0.8541,0.1052,"['3420260768_26a600b844.jpg', '3163563871_cef3cf33ea.jpg', '3425071001_e7c9809ef2.jpg']","[0.8541, 0.7672, 0.765]"
824,miami tennis player hits the ball with a forehand,2269795781_46a296aa21.jpg,2,0.7458,0.761,0.0151,"['3420260768_26a600b844.jpg', '2269795781_46a296aa21.jpg', '3163563871_cef3cf33ea.jpg']","[0.761, 0.7458, 0.7446]"
826,a light brown dog is running in the water,2270483627_16fe41b063.jpg,10,0.7272,0.8036,0.0764,"['2417745327_a2c2705043.jpg', '2613209320_edf6a2b7e9.jpg', '443430496_3fea95a07d.jpg']","[0.8036, 0.7831, 0.7576]"
827,a light colored dog splashes through the water,2270483627_16fe41b063.jpg,4,0.7097,0.7808,0.0711,"['2574230252_f5a1382dd4.jpg', '1808370027_2088394eb4.jpg', '2369248869_0266760c4a.jpg']","[0.7808, 0.7396, 0.715]"
829,a white dog is splashing through the water,2270483627_16fe41b063.jpg,-1,0.5432,0.7867,0.2435,"['3401902253_cd27e6d0fe.jpg', '2100046085_69b59b6645.jpg', '1131800850_89c7ffd477.jpg']","[0.7867, 0.7079, 0.68]"
830,a small boys dumps water on a baby,2271468944_3264d29208.jpg,3,0.5616,0.6701,0.1085,"['3041689520_c481bdb20e.jpg', '2911245290_b2c79f328a.jpg', '2271468944_3264d29208.jpg']","[0.6701, 0.6288, 0.5616]"
832,the boy pours water on the baby,2271468944_3264d29208.jpg,5,0.5229,0.6095,0.0866,"['2911245290_b2c79f328a.jpg', '3208074567_ac44aeb3f3.jpg', '3613030730_0b28b079ba.jpg']","[0.6095, 0.5781, 0.5451]"
834,a boy pours water on another boy,2271468944_3264d29208.jpg,9,0.5427,0.6726,0.1299,"['1177994172_10d143cb8d.jpg', '2911245290_b2c79f328a.jpg', '2852982055_8112d0964f.jpg']","[0.6726, 0.6431, 0.6417]"
835,a man jumps through the air while snowboarding,2272750492_91e8f67328.jpg,9,0.6903,0.8631,0.1728,"['3254645823_a7c072481c.jpg', '3248352729_ab264b2222.jpg', '3329169877_175cb16845.jpg']","[0.8631, 0.8552, 0.8527]"
836,a snowboarder in gray pants and a white jacket catches some air,2272750492_91e8f67328.jpg,10,0.6284,0.8196,0.1912,"['3329169877_175cb16845.jpg', '3241965735_8742782a70.jpg', '3248352729_ab264b2222.jpg']","[0.8196, 0.7947, 0.7814]"
837,a snowboarder in gray pants is doing a jump,2272750492_91e8f67328.jpg,-1,0.5806,0.7713,0.1907,"['3170551725_1276644eab.jpg', '3329169877_175cb16845.jpg', '3248352729_ab264b2222.jpg']","[0.7713, 0.7692, 0.765]"
838,a snowboarder with brown pants,2272750492_91e8f67328.jpg,-1,0.5003,0.7419,0.2416,"['3329793486_afc16663cc.jpg', '3170551725_1276644eab.jpg', '3241965735_8742782a70.jpg']","[0.7419, 0.7411, 0.7078]"
839,person wearing grey pants airborne on a snowboard,2272750492_91e8f67328.jpg,-1,0.5819,0.7633,0.1814,"['3170551725_1276644eab.jpg', '3329169877_175cb16845.jpg', '3241965735_8742782a70.jpg']","[0.7633, 0.7369, 0.7304]"
844,mountain climbers stopping to rest on climb,2272823323_3b7291cd47.jpg,-1,0.477,0.6549,0.1779,"['3340575518_137ce2695f.jpg', '1247181182_35cabd76f3.jpg', '319870744_0e0138d205.jpg']","[0.6549, 0.64, 0.6315]"
845,two dark colored dogs fighting one another,2276314067_7ee246f859.jpg,-1,0.3116,0.7594,0.4478,"['2545192257_142fe9e2de.jpg', '351876121_c7c0221928.jpg', '2347921097_f2e35753c0.jpg']","[0.7594, 0.7278, 0.7197]"
846,two dogs are fighting in a field,2276314067_7ee246f859.jpg,-1,0.438,0.6758,0.2379,"['2314722788_6262c3aa40.jpg', '424506167_01f365726b.jpg', '3264678536_46601d25f0.jpg']","[0.6758, 0.6738, 0.6443]"
847,two gray dogs jump at each other over the tall grass,2276314067_7ee246f859.jpg,10,0.5386,0.6806,0.142,"['2314722788_6262c3aa40.jpg', '2546959333_23b957988f.jpg', '3526018344_450c517a72.jpg']","[0.6806, 0.6668, 0.6441]"
848,two grey dogs jumping in the air fighting each other,2276314067_7ee246f859.jpg,-1,0.3806,0.6276,0.247,"['3086523890_fd9394af8b.jpg', '3229898555_16877f5180.jpg', '2545192257_142fe9e2de.jpg']","[0.6276, 0.6049, 0.5798]"
849,two large black dogs are playing in a grassy field,2276314067_7ee246f859.jpg,-1,0.4596,0.7407,0.2811,"['2855667597_bf6ceaef8e.jpg', '283428775_a3665bee7c.jpg', '3430526230_234b3550f6.jpg']","[0.7407, 0.6592, 0.6224]"
850,two girls walking in the ocean,2277081067_d2b4c98bce.jpg,4,0.604,0.6869,0.083,"['2672588619_3849930e99.jpg', '2726262796_03bd63a155.jpg', '2951092164_4940b9a517.jpg']","[0.6869, 0.6129, 0.6098]"
851,two girls playing at the beach one in pink and the other in black,2277081067_d2b4c98bce.jpg,9,0.4967,0.749,0.2523,"['3518755601_cebf11e515.jpg', '2951092164_4940b9a517.jpg', '3747543364_bf5b548527.jpg']","[0.749, 0.7302, 0.6882]"
852,two young girls are wading in the ocean wearing shorts and sweat shorts,2277081067_d2b4c98bce.jpg,4,0.6214,0.7036,0.0822,"['2672588619_3849930e99.jpg', '2951092164_4940b9a517.jpg', '2830869109_c4e403eae6.jpg']","[0.7036, 0.6566, 0.6421]"
853,a boy and girl are splashing around in the ocean,2277081067_d2b4c98bce.jpg,3,0.6753,0.6794,0.0041,"['3747543364_bf5b548527.jpg', '2701487024_e866eb4550.jpg', '2277081067_d2b4c98bce.jpg']","[0.6794, 0.6754, 0.6753]"
854,two girls are at the beach playing in the ocean,2277081067_d2b4c98bce.jpg,6,0.6049,0.7697,0.1648,"['3747543364_bf5b548527.jpg', '3518755601_cebf11e515.jpg', '2726262796_03bd63a155.jpg']","[0.7697, 0.716, 0.7062]"
855,a dog is walking on a beach with the sun on the horizon,2281006675_fde04e93dd.jpg,3,0.6502,0.7109,0.0607,"['254527963_3f5824b0e8.jpg', '140430106_2978fda105.jpg', '2281006675_fde04e93dd.jpg']","[0.7109, 0.6641, 0.6502]"
856,a large dog with a black collar walking towards the water on a beach with the sun in the background,2281006675_fde04e93dd.jpg,5,0.6153,0.7718,0.1564,"['254527963_3f5824b0e8.jpg', '3640020134_367941f5ec.jpg', '2090997177_76d482b158.jpg']","[0.7718, 0.6797, 0.6455]"
857,a yellow labrador retriever walks into the ocean at sunset,2281006675_fde04e93dd.jpg,-1,0.561,0.7579,0.1969,"['2051194177_fbeee211e3.jpg', '3673165148_67f217064f.jpg', '2417745327_a2c2705043.jpg']","[0.7579, 0.7339, 0.6946]"
858,dog on the beach at sunset,2281006675_fde04e93dd.jpg,2,0.7565,0.7778,0.0213,"['140430106_2978fda105.jpg', '2281006675_fde04e93dd.jpg', '254527963_3f5824b0e8.jpg']","[0.7778, 0.7565, 0.6827]"
859,the dog walks along a beach at sunset,2281006675_fde04e93dd.jpg,3,0.6847,0.7254,0.0407,"['140430106_2978fda105.jpg', '254527963_3f5824b0e8.jpg', '2281006675_fde04e93dd.jpg']","[0.7254, 0.6859, 0.6847]"
860,a boy is riding a buggy down a woodland path,2289096282_4ef120f189.jpg,-1,0.4554,0.6215,0.166,"['3698944019_825ef54f2f.jpg', '3682038869_585075b5ff.jpg', '2788628994_61123c03d2.jpg']","[0.6215, 0.5857, 0.5619]"
861,a person rolls down a hill riding a wagon as another watches,2289096282_4ef120f189.jpg,9,0.4818,0.7025,0.2208,"['109823397_e35154645f.jpg', '3293018193_e4e0c8db7c.jpg', '3530087422_7eb2b2c289.jpg']","[0.7025, 0.5907, 0.5129]"
862,a young person riding a small wagon down a hill,2289096282_4ef120f189.jpg,-1,0.2054,0.6719,0.4665,"['2381613738_d8d2012e3c.jpg', '762947607_2001ee4c72.jpg', '109823397_e35154645f.jpg']","[0.6719, 0.5743, 0.5638]"
863,the boy comes down the hill in the red wagon,2289096282_4ef120f189.jpg,-1,0.1318,0.6299,0.498,"['2381613738_d8d2012e3c.jpg', '3530087422_7eb2b2c289.jpg', '2750867389_4b815f793a.jpg']","[0.6299, 0.6195, 0.6178]"
864,this person seated on a type of gocart is riding downhill,2289096282_4ef120f189.jpg,-1,0.0814,0.585,0.5037,"['492341908_1ef53be265.jpg', '3530087422_7eb2b2c289.jpg', '2863180332_372510aa49.jpg']","[0.585, 0.5757, 0.5723]"
865,a white and a white dog are fighting over a stick in the water,2289212650_69de7a20b2.jpg,2,0.5835,0.6865,0.103,"['2100046085_69b59b6645.jpg', '2289212650_69de7a20b2.jpg', '3585488964_1467945775.jpg']","[0.6865, 0.5835, 0.5673]"
866,two dogs are playing with a stick in a lake,2289212650_69de7a20b2.jpg,7,0.5726,0.667,0.0944,"['1129704496_4a61441f2c.jpg', '2244024374_54d7e88c2b.jpg', '3656104088_a0d1642fa9.jpg']","[0.667, 0.6636, 0.6544]"
867,two dogs in the water fight over a stick,2289212650_69de7a20b2.jpg,5,0.5672,0.6913,0.1241,"['1129704496_4a61441f2c.jpg', '2244024374_54d7e88c2b.jpg', '481827288_a688be7913.jpg']","[0.6913, 0.641, 0.6117]"
868,two dogs playing in the water with a stick,2289212650_69de7a20b2.jpg,7,0.6161,0.7823,0.1662,"['1129704496_4a61441f2c.jpg', '2244024374_54d7e88c2b.jpg', '481827288_a688be7913.jpg']","[0.7823, 0.7117, 0.706]"
869,two dogs playing with a stick in shallow water,2289212650_69de7a20b2.jpg,5,0.6484,0.7622,0.1139,"['1129704496_4a61441f2c.jpg', '2244024374_54d7e88c2b.jpg', '481827288_a688be7913.jpg']","[0.7622, 0.7182, 0.7179]"
870,two people in snowsuits laying in the snow making snow angels,2301867590_98c0ecb0cb.jpg,2,0.7299,0.7466,0.0168,"['3164415865_612f9fd8bc.jpg', '2301867590_98c0ecb0cb.jpg', '3287963317_186491ee78.jpg']","[0.7466, 0.7299, 0.6988]"
871,two children one in red and one in blue making snow angels,2301867590_98c0ecb0cb.jpg,2,0.5606,0.6131,0.0525,"['2272823323_3b7291cd47.jpg', '2301867590_98c0ecb0cb.jpg', '369360998_ba56fb436f.jpg']","[0.6131, 0.5606, 0.5362]"
873,the children make snow angels next to each other,2301867590_98c0ecb0cb.jpg,2,0.6298,0.6637,0.0339,"['369360998_ba56fb436f.jpg', '2301867590_98c0ecb0cb.jpg', '2272823323_3b7291cd47.jpg']","[0.6637, 0.6298, 0.6041]"
874,two children are making snow angels,2301867590_98c0ecb0cb.jpg,2,0.5488,0.5735,0.0247,"['2272823323_3b7291cd47.jpg', '2301867590_98c0ecb0cb.jpg', '369360998_ba56fb436f.jpg']","[0.5735, 0.5488, 0.5265]"
876,three barefoot children fun and smile in an indoor setting,2302747917_aa0300eb68.jpg,-1,0.1957,0.7188,0.5231,"['799431781_65dc312afc.jpg', '3242718240_3358f2d6e6.jpg', '2211593099_4a4f1c85d2.jpg']","[0.7188, 0.6575, 0.6473]"
877,three children running barefoot,2302747917_aa0300eb68.jpg,7,0.5498,0.6985,0.1487,"['3178489390_13a6ae7524.jpg', '3041689520_c481bdb20e.jpg', '2335428699_4eba9b6245.jpg']","[0.6985, 0.6823, 0.5776]"
878,three children running barefooted in a gym,2302747917_aa0300eb68.jpg,2,0.6404,0.6434,0.0029,"['3178489390_13a6ae7524.jpg', '2302747917_aa0300eb68.jpg', '3041689520_c481bdb20e.jpg']","[0.6434, 0.6404, 0.6213]"
879,three smiling children running indoors,2302747917_aa0300eb68.jpg,4,0.5786,0.6413,0.0627,"['799431781_65dc312afc.jpg', '3254817653_632e840423.jpg', '3242718240_3358f2d6e6.jpg']","[0.6413, 0.6362, 0.6237]"
884,a person dirtbikes along a muddy trail,2308108566_2cba6bca53.jpg,8,0.5845,0.7701,0.1856,"['3472449219_eb927f05b8.jpg', '2891617125_f939f604c7.jpg', '3556598205_86c180769d.jpg']","[0.7701, 0.7073, 0.68]"
885,a brown dog looks up while a person s fingers are in its mouth,2311690895_0d6efe11c8.jpg,2,0.6552,0.7096,0.0545,"['320093980_5388cb3733.jpg', '2311690895_0d6efe11c8.jpg', '3383491811_fd9d3a891d.jpg']","[0.7096, 0.6552, 0.6544]"
886,a dog bites someone s finger,2311690895_0d6efe11c8.jpg,2,0.6921,0.7247,0.0326,"['320093980_5388cb3733.jpg', '2311690895_0d6efe11c8.jpg', '516214924_c2a4364cb3.jpg']","[0.7247, 0.6921, 0.6652]"
887,a dog is chewing on someone s finger,2311690895_0d6efe11c8.jpg,4,0.6237,0.6692,0.0455,"['320093980_5388cb3733.jpg', '3228069008_edb2961fc4.jpg', '516214924_c2a4364cb3.jpg']","[0.6692, 0.6423, 0.6334]"
888,a person has his or her hands in a dog s mouth,2311690895_0d6efe11c8.jpg,5,0.5966,0.7012,0.1047,"['320093980_5388cb3733.jpg', '516214924_c2a4364cb3.jpg', '3228069008_edb2961fc4.jpg']","[0.7012, 0.6183, 0.6132]"
889,a person touches a dog s tooth,2311690895_0d6efe11c8.jpg,3,0.7197,0.7376,0.0178,"['3228069008_edb2961fc4.jpg', '320093980_5388cb3733.jpg', '2311690895_0d6efe11c8.jpg']","[0.7376, 0.735, 0.7197]"
890,two dogs are running together through the grass,2313230479_13f87c6bf3.jpg,3,0.7263,0.7982,0.0719,"['439492931_a96d590e40.jpg', '2567035103_3511020c8f.jpg', '2313230479_13f87c6bf3.jpg']","[0.7982, 0.7881, 0.7263]"
891,two dogs a golden one and a white one with black patches are running towards something,2313230479_13f87c6bf3.jpg,4,0.6362,0.6675,0.0313,"['566921157_07c18a41e2.jpg', '3415809168_af9dabdba5.jpg', '453756106_711c20471a.jpg']","[0.6675, 0.6586, 0.638]"
892,a brown dog and a white and black dog are running in grass,2313230479_13f87c6bf3.jpg,3,0.7381,0.82,0.0818,"['439492931_a96d590e40.jpg', '2567035103_3511020c8f.jpg', '2313230479_13f87c6bf3.jpg']","[0.82, 0.819, 0.7381]"
893,a black and white dog running in front of a brown dog in the grass,2313230479_13f87c6bf3.jpg,3,0.6967,0.8108,0.1142,"['2567035103_3511020c8f.jpg', '439492931_a96d590e40.jpg', '2313230479_13f87c6bf3.jpg']","[0.8108, 0.8024, 0.6967]"
894,a brown dog and black and white dog run along the green grass,2313230479_13f87c6bf3.jpg,4,0.7222,0.7844,0.0622,"['2567035103_3511020c8f.jpg', '439492931_a96d590e40.jpg', '2886411666_72d8b12ce4.jpg']","[0.7844, 0.7762, 0.7464]"
895,a black and brown dog are starring at each other,2314722788_6262c3aa40.jpg,-1,0.404,0.6598,0.2557,"['2347921097_f2e35753c0.jpg', '2949353587_64c54e9589.jpg', '566921157_07c18a41e2.jpg']","[0.6598, 0.6401, 0.6377]"
898,two dogs are looking at each other,2314722788_6262c3aa40.jpg,7,0.6322,0.7428,0.1105,"['2427558437_3e839056d7.jpg', '2347921097_f2e35753c0.jpg', '3494345896_dd6b32cfa3.jpg']","[0.7428, 0.6817, 0.6503]"
899,two dogs confront each other in the middle of a field,2314722788_6262c3aa40.jpg,3,0.6572,0.7032,0.046,"['2427558437_3e839056d7.jpg', '1067790824_f3cc97239b.jpg', '2314722788_6262c3aa40.jpg']","[0.7032, 0.6857, 0.6572]"
900,the guy in the blue shirt and jeans performs a grab trick on his skateboard,232193739_ed5f348c7a.jpg,-1,0.5579,0.6843,0.1264,"['2700147489_f1664f2b61.jpg', '3244734844_c318c29c23.jpg', '3550763985_800cfee7e4.jpg']","[0.6843, 0.657, 0.6507]"
901,skateboarder in the air,232193739_ed5f348c7a.jpg,-1,0.4909,0.7463,0.2554,"['3550763985_800cfee7e4.jpg', '3038941104_17ee91fc03.jpg', '3244734844_c318c29c23.jpg']","[0.7463, 0.729, 0.7279]"
902,a guy skateboarding on midair,232193739_ed5f348c7a.jpg,-1,0.3705,0.7328,0.3623,"['3550763985_800cfee7e4.jpg', '2876494009_9f96d7eaf2.jpg', '3038941104_17ee91fc03.jpg']","[0.7328, 0.7285, 0.6939]"
903,a man on a skateboard doing a jump over concrete,232193739_ed5f348c7a.jpg,7,0.6968,0.7569,0.0601,"['2968135512_51fbb56e3e.jpg', '2876494009_9f96d7eaf2.jpg', '2332540384_4cf26406a9.jpg']","[0.7569, 0.7393, 0.7289]"
904,a man on a skateboard is jumping in the air with it,232193739_ed5f348c7a.jpg,-1,0.4375,0.7467,0.3091,"['3550763985_800cfee7e4.jpg', '2973638173_0dc21fd443.jpg', '3446762868_06e9d9d899.jpg']","[0.7467, 0.7413, 0.7392]"
907,a black dog plays with two soft toys in front of a fireplace,2325258180_6217dd17eb.jpg,3,0.5762,0.6004,0.0242,"['3383545083_1d7c95b003.jpg', '2652155912_8ba5426790.jpg', '2325258180_6217dd17eb.jpg']","[0.6004, 0.5985, 0.5762]"
909,black big dog is trying to chew into soft toy,2325258180_6217dd17eb.jpg,4,0.6552,0.7435,0.0884,"['1026685415_0431cbf574.jpg', '3383545083_1d7c95b003.jpg', '283428775_a3665bee7c.jpg']","[0.7435, 0.7045, 0.6808]"
910,a mountain climber wearing an orange helmet swings his axe,2327088022_478dbd2c17.jpg,7,0.476,0.6452,0.1692,"['111537222_07e56d5a30.jpg', '136639119_6040b00946.jpg', '2308108566_2cba6bca53.jpg']","[0.6452, 0.5636, 0.5535]"
912,a man donning an orange helmet is climbing up a white glacier,2327088022_478dbd2c17.jpg,2,0.6365,0.6666,0.0301,"['2109911919_af45b93ef3.jpg', '2327088022_478dbd2c17.jpg', '3329793486_afc16663cc.jpg']","[0.6666, 0.6365, 0.6199]"
913,a man climbing an icy glacier with the assistance of a pick,2327088022_478dbd2c17.jpg,-1,0.5203,0.6915,0.1712,"['2109911919_af45b93ef3.jpg', '3338217927_3c5cf3f7c6.jpg', '3264650118_be7df266e7.jpg']","[0.6915, 0.654, 0.6044]"
914,a man is chiseling into ice,2327088022_478dbd2c17.jpg,-1,0.3371,0.5528,0.2157,"['3170551725_1276644eab.jpg', '116409198_0fe0c94f3b.jpg', '1414820925_3504c394e1.jpg']","[0.5528, 0.5475, 0.5354]"
915,a man in a hoodie is looking at a pad of paper outside a window,2328104318_5a43ca170c.jpg,-1,0.4297,0.5345,0.1048,"['343662720_39e4067cd1.jpg', '432167214_c17fcc1a2d.jpg', '3394586927_eae7732b64.jpg']","[0.5345, 0.523, 0.5025]"
916,a man is standing beside a grip stand writing on a note pad,2328104318_5a43ca170c.jpg,-1,0.0912,0.7018,0.6105,"['2815256108_fc1302117d.jpg', '432167214_c17fcc1a2d.jpg', '358607894_5abb1250d3.jpg']","[0.7018, 0.5804, 0.5641]"
917,a man wearing a blue sweatshirt stands outside and writes in a notebook,2328104318_5a43ca170c.jpg,-1,0.2862,0.6155,0.3293,"['2815256108_fc1302117d.jpg', '432167214_c17fcc1a2d.jpg', '3503011427_a4ee547c77.jpg']","[0.6155, 0.6043, 0.5688]"
918,a man wearing glasses is drawing,2328104318_5a43ca170c.jpg,-1,0.1894,0.6065,0.4171,"['3066338314_2c3fb731d1.jpg', '3392019836_c7aeebca1c.jpg', '3412249548_00820fc4ca.jpg']","[0.6065, 0.6019, 0.5765]"
919,a man writing something down behind a bush,2328104318_5a43ca170c.jpg,-1,0.3674,0.6358,0.2684,"['2815256108_fc1302117d.jpg', '374103842_17873ce505.jpg', '2551344688_17a12a6948.jpg']","[0.6358, 0.4424, 0.4368]"
920,a woman wearing a cowboy hat and carrying luggage,2328616978_fb21be2b87.jpg,7,0.446,0.5956,0.1496,"['2676184321_858eff416b.jpg', '551664516_78a5131dc4.jpg', '3503623999_bbd5dcfb18.jpg']","[0.5956, 0.5785, 0.5637]"
921,a woman stands in a black dress pulling a cart in front of two men seated on a park bench,2328616978_fb21be2b87.jpg,-1,0.4245,0.5575,0.133,"['3589367895_5d3729e3ea.jpg', '2525666287_638ab5e784.jpg', '3347500603_13670ee6bf.jpg']","[0.5575, 0.5412, 0.5133]"
922,a lady with a cowboy hat and holding a cross looking at some men on a bench,2328616978_fb21be2b87.jpg,-1,0.3811,0.5585,0.1774,"['3328535573_33c3cd5b59.jpg', '3503623999_bbd5dcfb18.jpg', '310213587_778fe8fb5b.jpg']","[0.5585, 0.5187, 0.4883]"
923,a lady wearing a black dress carrying a white cross,2328616978_fb21be2b87.jpg,-1,0.3159,0.5748,0.2589,"['635444010_bd81c89ab7.jpg', '2676184321_858eff416b.jpg', '2522467011_cc825d89ac.jpg']","[0.5748, 0.5624, 0.5621]"
924,a woman in the park is talking to a few men,2328616978_fb21be2b87.jpg,-1,0.3279,0.5947,0.2669,"['3474265683_43b1033d94.jpg', '2602258549_7401a3cdae.jpg', '2930622766_fa8f84deb1.jpg']","[0.5947, 0.5832, 0.5627]"
925,the skateboarder is performing a trick off a ramp,2332540384_4cf26406a9.jpg,2,0.7559,0.7674,0.0115,"['3576741633_671340544c.jpg', '2332540384_4cf26406a9.jpg', '2876494009_9f96d7eaf2.jpg']","[0.7674, 0.7559, 0.7184]"
926,a man with an afro is skating on a vert ramp,2332540384_4cf26406a9.jpg,3,0.6586,0.6824,0.0238,"['3446762868_06e9d9d899.jpg', '3038941104_17ee91fc03.jpg', '2332540384_4cf26406a9.jpg']","[0.6824, 0.67, 0.6586]"
927,a skateboarder doing a trick on a ramp,2332540384_4cf26406a9.jpg,2,0.775,0.7813,0.0063,"['3576741633_671340544c.jpg', '2332540384_4cf26406a9.jpg', '2876494009_9f96d7eaf2.jpg']","[0.7813, 0.775, 0.702]"
928,a skateboard rides up the ramp and does a trick in midair,2332540384_4cf26406a9.jpg,3,0.6745,0.6958,0.0214,"['3323988406_e3c8fce690.jpg', '2876494009_9f96d7eaf2.jpg', '2332540384_4cf26406a9.jpg']","[0.6958, 0.6885, 0.6745]"
933,children jumping on a trampoline,2335428699_4eba9b6245.jpg,2,0.7191,0.7328,0.0137,"['210126070_0d43b300b9.jpg', '2335428699_4eba9b6245.jpg', '1309330801_aeeb23f1ee.jpg']","[0.7328, 0.7191, 0.6289]"
940,a boy and girl are placing a red blindfold over a woman s eyes,2337809114_899ba61330.jpg,3,0.6073,0.6922,0.0849,"['3534824784_7133119316.jpg', '3184031654_34b5c4ffe1.jpg', '2337809114_899ba61330.jpg']","[0.6922, 0.6217, 0.6073]"
941,a girl is blindfolded by a young boy and girl,2337809114_899ba61330.jpg,-1,0.4937,0.6846,0.191,"['979383193_0a542a059d.jpg', '1316247213_1d2c726dd5.jpg', '452419961_6d42ab7000.jpg']","[0.6846, 0.6015, 0.5947]"
942,a person being blindfolded by a girl and a boy,2337809114_899ba61330.jpg,-1,0.4659,0.5978,0.1319,"['452419961_6d42ab7000.jpg', '3630332976_fdba22c50b.jpg', '3184031654_34b5c4ffe1.jpg']","[0.5978, 0.5952, 0.5799]"
943,three kids play one is blindfolded,2337809114_899ba61330.jpg,-1,0.3554,0.6916,0.3363,"['799431781_65dc312afc.jpg', '3242718240_3358f2d6e6.jpg', '3197891333_b1b0fd1702.jpg']","[0.6916, 0.5655, 0.5655]"
944,two young children are playing with a teenage girl who is blindfolded,2337809114_899ba61330.jpg,6,0.5942,0.7468,0.1526,"['3661072592_2e693cd5a0.jpg', '2599131872_65789d86d5.jpg', '2538477523_1da77eb11c.jpg']","[0.7468, 0.7301, 0.6929]"
946,a woman wearing a yellow jacket skis down a snowy hill,2339140905_9f625f140a.jpg,2,0.7182,0.7335,0.0154,"['3264650118_be7df266e7.jpg', '2339140905_9f625f140a.jpg', '2194494220_bb2178832c.jpg']","[0.7335, 0.7182, 0.6764]"
947,a woman who is skiing poses for the camera,2339140905_9f625f140a.jpg,2,0.7261,0.7313,0.0052,"['3264650118_be7df266e7.jpg', '2339140905_9f625f140a.jpg', '2194494220_bb2178832c.jpg']","[0.7313, 0.7261, 0.6282]"
950,a brown dog is swimming in the water,2339946012_06bd480ab8.jpg,8,0.6504,0.8097,0.1593,"['443430496_3fea95a07d.jpg', '2613209320_edf6a2b7e9.jpg', '2633201394_ee4a7666ed.jpg']","[0.8097, 0.7605, 0.7423]"
951,a brown dog swimming for a stick in the water,2339946012_06bd480ab8.jpg,7,0.6869,0.784,0.097,"['2633201394_ee4a7666ed.jpg', '431410325_f4916b5460.jpg', '2632381125_de32bdfdf6.jpg']","[0.784, 0.7665, 0.7655]"
952,a dog swims in the water,2339946012_06bd480ab8.jpg,4,0.7497,0.7945,0.0448,"['443430496_3fea95a07d.jpg', '2369248869_0266760c4a.jpg', '2633201394_ee4a7666ed.jpg']","[0.7945, 0.7837, 0.7667]"
953,a dog swims toward a stick,2339946012_06bd480ab8.jpg,2,0.7494,0.7954,0.046,"['2633201394_ee4a7666ed.jpg', '2339946012_06bd480ab8.jpg', '431410325_f4916b5460.jpg']","[0.7954, 0.7494, 0.6867]"
954,the large brown dog is paddling in the water,2339946012_06bd480ab8.jpg,7,0.6679,0.754,0.0861,"['2613209320_edf6a2b7e9.jpg', '2633201394_ee4a7666ed.jpg', '431410325_f4916b5460.jpg']","[0.754, 0.7457, 0.7323]"
956,an attack dog is working with his trainer,2340919359_f56787d307.jpg,7,0.578,0.7376,0.1596,"['1562392511_522a26063b.jpg', '2311690895_0d6efe11c8.jpg', '3526805681_38461c0d5d.jpg']","[0.7376, 0.642, 0.6249]"
957,a man wearing a black and white shirt jumping on a dog s back,2340919359_f56787d307.jpg,5,0.6182,0.7736,0.1554,"['3618932839_acd7d2c2ea.jpg', '3608400551_d6f7965308.jpg', '2839807428_efe42423f2.jpg']","[0.7736, 0.7278, 0.686]"
958,a man is sitting on a black and brown dog,2340919359_f56787d307.jpg,3,0.5342,0.6139,0.0797,"['1348947380_14f0fc1237.jpg', '1562392511_522a26063b.jpg', '2340919359_f56787d307.jpg']","[0.6139, 0.56, 0.5342]"
960,a boy in a green shirt is jumping with his arms in the air at the end of a bowling alley,2341254813_c53a5ef27a.jpg,7,0.5227,0.6207,0.098,"['3318995586_c2bc50b92e.jpg', '3472066410_065b4f99d3.jpg', '1057210460_09c6f4c6c1.jpg']","[0.6207, 0.5762, 0.5462]"
961,a boy wearing a green shirt is jumping in front of a lane at a bowling alley,2341254813_c53a5ef27a.jpg,2,0.5409,0.5494,0.0085,"['2410618963_fb78307d18.jpg', '2341254813_c53a5ef27a.jpg', '3472066410_065b4f99d3.jpg']","[0.5494, 0.5409, 0.5389]"
962,a child jumps in the air at a bowling alley,2341254813_c53a5ef27a.jpg,-1,0.3796,0.5913,0.2118,"['3155390408_8e1a81efb2.jpg', '3318995586_c2bc50b92e.jpg', '3686924335_3c51e8834a.jpg']","[0.5913, 0.5435, 0.5412]"
963,a young boy with a mohawk and green shirt is excited about bowling,2341254813_c53a5ef27a.jpg,4,0.5374,0.5882,0.0508,"['2648165716_02e2e74fd6.jpg', '3701226275_952547ba0f.jpg', '543264612_c53cc163b4.jpg']","[0.5882, 0.5727, 0.5468]"
964,a young boy with a mohawk jumping at a bowling alley,2341254813_c53a5ef27a.jpg,6,0.5013,0.5513,0.05,"['693785581_68bec8312a.jpg', '1414820925_3504c394e1.jpg', '3318995586_c2bc50b92e.jpg']","[0.5513, 0.5491, 0.5338]"
965,the man in the red cap is rollerskating on a path in front of the white building,2344412916_9a5a9b1c82.jpg,-1,0.3985,0.6212,0.2227,"['3527926597_45af299eee.jpg', '2863180332_372510aa49.jpg', '2557972410_6925fe695c.jpg']","[0.6212, 0.604, 0.5888]"
966,a man rollerblades in a park,2344412916_9a5a9b1c82.jpg,-1,0.4706,0.6333,0.1627,"['2968135512_51fbb56e3e.jpg', '2876494009_9f96d7eaf2.jpg', '3729405438_6e79077ab2.jpg']","[0.6333, 0.6329, 0.5779]"
967,the man is rollerblading in a red hat blue shirt and tan pants,2344412916_9a5a9b1c82.jpg,-1,0.3148,0.615,0.3002,"['3268443910_b36dbc1e5c.jpg', '3530087422_7eb2b2c289.jpg', '3446762868_06e9d9d899.jpg']","[0.615, 0.5899, 0.5639]"
968,a man on rollerblades glides down a park path,2344412916_9a5a9b1c82.jpg,3,0.5875,0.6466,0.0591,"['2968135512_51fbb56e3e.jpg', '2876494009_9f96d7eaf2.jpg', '2344412916_9a5a9b1c82.jpg']","[0.6466, 0.6027, 0.5875]"
969,a man rollerblading down a path through an active community,2344412916_9a5a9b1c82.jpg,-1,0.5133,0.5879,0.0746,"['2968135512_51fbb56e3e.jpg', '3215108916_0473007b47.jpg', '2876494009_9f96d7eaf2.jpg']","[0.5879, 0.5665, 0.555]"
970,an adult is attending to child on a crowded path surrounding a body of water,2346772831_b2748ba1f0.jpg,-1,0.2376,0.5754,0.3378,"['1248357227_2b4175fc39.jpg', '2271468944_3264d29208.jpg', '3637013_c675de7705.jpg']","[0.5754, 0.5195, 0.5149]"
971,a woman bends over to attend to her child in a yellow jacket,2346772831_b2748ba1f0.jpg,-1,0.1962,0.5378,0.3417,"['502884177_25939ac000.jpg', '3399944164_ec24123945.jpg', '452419961_6d42ab7000.jpg']","[0.5378, 0.487, 0.4838]"
972,a woman wearing a backpack leans down to speak with a young child,2346772831_b2748ba1f0.jpg,-1,0.3337,0.5814,0.2477,"['452419961_6d42ab7000.jpg', '3718007650_e5930b4509.jpg', '2102732029_9ae520914d.jpg']","[0.5814, 0.5539, 0.5522]"
973,children at the park with their parents,2346772831_b2748ba1f0.jpg,-1,0.1692,0.6343,0.465,"['979383193_0a542a059d.jpg', '3608849440_e7d2bed29f.jpg', '2211593099_4a4f1c85d2.jpg']","[0.6343, 0.608, 0.5757]"
974,woman in yellow shirt bending over boy crouching on the ground,2346772831_b2748ba1f0.jpg,-1,0.3703,0.6505,0.2803,"['3630332976_fdba22c50b.jpg', '2470486377_c3a39ccb7b.jpg', '2538477523_1da77eb11c.jpg']","[0.6505, 0.5661, 0.5658]"
975,two dogs play together on the bed,2347921097_f2e35753c0.jpg,4,0.625,0.795,0.17,"['351876121_c7c0221928.jpg', '3086523890_fd9394af8b.jpg', '3229898555_16877f5180.jpg']","[0.795, 0.7783, 0.6597]"
976,the dogs are playing on the bed,2347921097_f2e35753c0.jpg,7,0.4971,0.76,0.263,"['3086523890_fd9394af8b.jpg', '351876121_c7c0221928.jpg', '3229898555_16877f5180.jpg']","[0.76, 0.7044, 0.6667]"
977,a brown and black dog sits on a bed and looks at a gray and white dog,2347921097_f2e35753c0.jpg,2,0.6357,0.7272,0.0915,"['351876121_c7c0221928.jpg', '2347921097_f2e35753c0.jpg', '3229898555_16877f5180.jpg']","[0.7272, 0.6357, 0.6111]"
978,a grey and white puddle fighting next to another black and brown dog on a bed,2347921097_f2e35753c0.jpg,8,0.566,0.7215,0.1556,"['351876121_c7c0221928.jpg', '2100046085_69b59b6645.jpg', '2289212650_69de7a20b2.jpg']","[0.7215, 0.6797, 0.6261]"
979,brown and white dog with brown and black dog on gray sheet,2347921097_f2e35753c0.jpg,-1,0.4991,0.6828,0.1838,"['2584412512_6767593f24.jpg', '351876121_c7c0221928.jpg', '2768972186_92787cd523.jpg']","[0.6828, 0.6368, 0.6366]"
980,a boy wearing blue shorts is doing a back flip in the air under a tree,2351479551_e8820a1ff3.jpg,5,0.5735,0.683,0.1095,"['3682038869_585075b5ff.jpg', '2888732432_7e907a3df1.jpg', '2973638173_0dc21fd443.jpg']","[0.683, 0.6501, 0.6464]"
981,a man in midair doing a flip,2351479551_e8820a1ff3.jpg,-1,0.5301,0.6897,0.1595,"['2973638173_0dc21fd443.jpg', '3179336562_c3d0c0a3bd.jpg', '3391924827_53b31542ce.jpg']","[0.6897, 0.6087, 0.6066]"
983,man with blue pants flipping in the air,2351479551_e8820a1ff3.jpg,-1,0.4823,0.682,0.1997,"['2973638173_0dc21fd443.jpg', '3613005134_bb7f304da1.jpg', '2700147489_f1664f2b61.jpg']","[0.682, 0.6802, 0.6727]"
984,the boy wearing blue pants is in the midst of a back flip,2351479551_e8820a1ff3.jpg,-1,0.4216,0.6264,0.2048,"['3741827382_71e93298d0.jpg', '693785581_68bec8312a.jpg', '3630332976_fdba22c50b.jpg']","[0.6264, 0.5885, 0.5823]"
985,boy wearing safety gear rides green bike through suburban streets,2355819665_39021ff642.jpg,-1,0.421,0.6045,0.1835,"['3530087422_7eb2b2c289.jpg', '2863180332_372510aa49.jpg', '2372572028_53b76104a9.jpg']","[0.6045, 0.6025, 0.5862]"
986,the kid rides his green and black bike down the street,2355819665_39021ff642.jpg,2,0.6478,0.7472,0.0994,"['2192411521_9c7e488c5e.jpg', '2355819665_39021ff642.jpg', '3671933270_d124e9a1a4.jpg']","[0.7472, 0.6478, 0.6146]"
987,a child rides a bicycle in a sunny neighborhood,2355819665_39021ff642.jpg,2,0.6161,0.6542,0.0381,"['3484820303_7be0e914b4.jpg', '2355819665_39021ff642.jpg', '2192411521_9c7e488c5e.jpg']","[0.6542, 0.6161, 0.6145]"
988,a boy on a bike rides around the neighborhood,2355819665_39021ff642.jpg,4,0.5958,0.6272,0.0315,"['2192411521_9c7e488c5e.jpg', '2021671653_567395c7cf.jpg', '2449552677_ee78f01bae.jpg']","[0.6272, 0.6149, 0.5987]"
989,a child is riding a green bike and wearing an orange shirt and red helmet,2355819665_39021ff642.jpg,10,0.5237,0.6718,0.1481,"['2192411521_9c7e488c5e.jpg', '2998024845_1529c11694.jpg', '3671933270_d124e9a1a4.jpg']","[0.6718, 0.6584, 0.6553]"
990,a child is happily playing on the slide,2358554995_54ed3baa83.jpg,10,0.549,0.8622,0.3133,"['2988244398_5da7012fce.jpg', '542317719_ed4dd95dc2.jpg', '2576878141_87f25a10f0.jpg']","[0.8622, 0.7377, 0.693]"
991,a child is holding on to the top of a playground slide,2358554995_54ed3baa83.jpg,2,0.6148,0.6388,0.0239,"['2988244398_5da7012fce.jpg', '2358554995_54ed3baa83.jpg', '542317719_ed4dd95dc2.jpg']","[0.6388, 0.6148, 0.61]"
992,a child is preparing to slide down a piece of playground equipment,2358554995_54ed3baa83.jpg,3,0.6651,0.6961,0.0311,"['2542037086_58c833699c.jpg', '2988244398_5da7012fce.jpg', '2358554995_54ed3baa83.jpg']","[0.6961, 0.6763, 0.6651]"
993,a toddler all bundled up getting ready to go down a slide,2358554995_54ed3baa83.jpg,-1,0.4695,0.7345,0.265,"['2988244398_5da7012fce.jpg', '542317719_ed4dd95dc2.jpg', '3079787482_0757e9d167.jpg']","[0.7345, 0.6635, 0.6305]"
994,child getting ready to go down a slide,2358554995_54ed3baa83.jpg,9,0.5091,0.8161,0.307,"['2988244398_5da7012fce.jpg', '2542037086_58c833699c.jpg', '542317719_ed4dd95dc2.jpg']","[0.8161, 0.7296, 0.7115]"
995,brown and white dog playing in the grass,2358898017_24496b80e8.jpg,-1,0.5725,0.7906,0.2181,"['2543247940_083f1b7969.jpg', '2886411666_72d8b12ce4.jpg', '2764732789_1392e962d0.jpg']","[0.7906, 0.7852, 0.7695]"
996,a tan and white dog is competing in an agility test,2358898017_24496b80e8.jpg,-1,0.5532,0.7169,0.1636,"['2444134813_20895c640c.jpg', '2444339090_bf7b3211f4.jpg', '3036596725_541bbe0955.jpg']","[0.7169, 0.6901, 0.6568]"
997,a dog races along the grassy track,2358898017_24496b80e8.jpg,-1,0.4802,0.805,0.3247,"['3036596725_541bbe0955.jpg', '512101751_05a6d93e19.jpg', '2673148534_8daf0de833.jpg']","[0.805, 0.6326, 0.6083]"
998,a brown and white dog lays down in a grassy field,2358898017_24496b80e8.jpg,-1,0.3484,0.6254,0.277,"['1659358141_0433c9bf99.jpg', '2314722788_6262c3aa40.jpg', '1745110280_0cbff5e273.jpg']","[0.6254, 0.6164, 0.5954]"
999,a dog is crouching on the grass near a hurdle,2358898017_24496b80e8.jpg,-1,0.5165,0.7088,0.1923,"['251056963_c8b67f0107.jpg', '2677614492_792023b928.jpg', '2702506716_17a7fb3ba4.jpg']","[0.7088, 0.6528, 0.6469]"
1001,a man is rock climbing without a shirt,236095031_5cb17dc54a.jpg,4,0.5886,0.7131,0.1245,"['415793623_6c1225ae27.jpg', '3613005134_bb7f304da1.jpg', '950273886_88c324e663.jpg']","[0.7131, 0.7021, 0.5954]"
1005,the small child is leaning back in a child swing,2362481035_a7600875d0.jpg,3,0.7271,0.8086,0.0815,"['3396036947_0af6c3aab7.jpg', '2458269558_277012780d.jpg', '2362481035_a7600875d0.jpg']","[0.8086, 0.7797, 0.7271]"
1008,a blonde boy in green is on a swing,2362481035_a7600875d0.jpg,7,0.6969,0.8187,0.1218,"['3396036947_0af6c3aab7.jpg', '2458269558_277012780d.jpg', '2855417531_521bf47b50.jpg']","[0.8187, 0.8158, 0.7677]"
1009,a little girl with blond hair is smiling and sitting in a swing,2362481035_a7600875d0.jpg,3,0.6885,0.7664,0.0779,"['2458269558_277012780d.jpg', '2884252132_5d8e776893.jpg', '2362481035_a7600875d0.jpg']","[0.7664, 0.7166, 0.6885]"
1010,a brown and black dog running through a river,2369248869_0266760c4a.jpg,6,0.6631,0.7192,0.0561,"['481827288_a688be7913.jpg', '2756636539_cc1eacbf4a.jpg', '2270483627_16fe41b063.jpg']","[0.7192, 0.7039, 0.6794]"
1011,a dog is running through some water,2369248869_0266760c4a.jpg,4,0.7409,0.7807,0.0398,"['3401902253_cd27e6d0fe.jpg', '2270483627_16fe41b063.jpg', '2417745327_a2c2705043.jpg']","[0.7807, 0.7486, 0.7435]"
1012,a dog running through the water right toward the camera,2369248869_0266760c4a.jpg,4,0.7259,0.7563,0.0304,"['2417745327_a2c2705043.jpg', '3640020134_367941f5ec.jpg', '2051194177_fbeee211e3.jpg']","[0.7563, 0.7459, 0.7418]"
1014,there is a black dog running in a shallow river,2369248869_0266760c4a.jpg,8,0.6316,0.7377,0.1061,"['2756636539_cc1eacbf4a.jpg', '3640020134_367941f5ec.jpg', '527968666_1fcddf81ab.jpg']","[0.7377, 0.7307, 0.7175]"
1015,a boy climbs into his toy car,2372572028_53b76104a9.jpg,3,0.5911,0.6208,0.0297,"['2750867389_4b815f793a.jpg', '3293018193_e4e0c8db7c.jpg', '2372572028_53b76104a9.jpg']","[0.6208, 0.6177, 0.5911]"
1016,a child climbs into a gokart,2372572028_53b76104a9.jpg,10,0.5345,0.6974,0.1629,"['2542037086_58c833699c.jpg', '2362481035_a7600875d0.jpg', '444057017_f1e0fcaef7.jpg']","[0.6974, 0.6086, 0.6085]"
1019,a small child wearing a blue coat climbing into a red toy car,2372572028_53b76104a9.jpg,2,0.617,0.6202,0.0032,"['964197865_0133acaeb4.jpg', '2372572028_53b76104a9.jpg', '2903617548_d3e38d7f88.jpg']","[0.6202, 0.617, 0.6063]"
1020,a child rides a wooden horse,2374247382_023a86b9ca.jpg,-1,0.1683,0.7425,0.5742,"['1234293791_6566284bcd.jpg', '3541962817_78bcd3835b.jpg', '2656987333_80dcc82c05.jpg']","[0.7425, 0.6892, 0.6737]"
1021,a small boy rides a wooden toy and smiles,2374247382_023a86b9ca.jpg,-1,0.4774,0.802,0.3246,"['964197865_0133acaeb4.jpg', '1539166395_0cdc0accee.jpg', '3751594676_edfbfa0688.jpg']","[0.802, 0.7263, 0.689]"
1022,a toddler is sitting on a wooden horse and smiling,2374247382_023a86b9ca.jpg,-1,0.2388,0.6736,0.4348,"['1234293791_6566284bcd.jpg', '3138562460_44227a35cf.jpg', '2656987333_80dcc82c05.jpg']","[0.6736, 0.6261, 0.6201]"
1023,a young blond boy sitting on a wooden rocky horse,2374247382_023a86b9ca.jpg,-1,0.2795,0.6476,0.3681,"['1234293791_6566284bcd.jpg', '2656987333_80dcc82c05.jpg', '2542037086_58c833699c.jpg']","[0.6476, 0.6091, 0.5706]"
1024,the child is on a wooden rocking horse,2374247382_023a86b9ca.jpg,-1,0.2319,0.7304,0.4986,"['1234293791_6566284bcd.jpg', '2656987333_80dcc82c05.jpg', '3541962817_78bcd3835b.jpg']","[0.7304, 0.68, 0.6502]"
1025,there is a black dog jumping across sand,2378127945_8dc9da82d7.jpg,3,0.6452,0.7016,0.0564,"['254527963_3f5824b0e8.jpg', '2090997177_76d482b158.jpg', '2378127945_8dc9da82d7.jpg']","[0.7016, 0.6974, 0.6452]"
1026,black dog jumps through snowy field,2378127945_8dc9da82d7.jpg,3,0.7594,0.8365,0.0771,"['2335619125_2e2034f2c3.jpg', '410422753_de506155fa.jpg', '2378127945_8dc9da82d7.jpg']","[0.8365, 0.787, 0.7594]"
1027,a little dog is leaping through the air over a snowy field,2378127945_8dc9da82d7.jpg,-1,0.4198,0.7771,0.3573,"['3257277774_aba333a94c.jpg', '2095078658_c14ba89bc2.jpg', '2148916767_644ea6a7fa.jpg']","[0.7771, 0.6989, 0.6769]"
1028,a dog is jumping through the air in an open snow covered field,2378127945_8dc9da82d7.jpg,-1,0.4946,0.7756,0.281,"['3257277774_aba333a94c.jpg', '2095078658_c14ba89bc2.jpg', '2148916767_644ea6a7fa.jpg']","[0.7756, 0.738, 0.6668]"
1029,a dog jumps over the sand,2378127945_8dc9da82d7.jpg,-1,0.358,0.6935,0.3355,"['1799271536_6e69c8f1dc.jpg', '1526325728_74eb4153d8.jpg', '3248408149_41a8dd90d3.jpg']","[0.6935, 0.6861, 0.6778]"
1030,a group of people sitting at a table,2380464803_a64f05bfa9.jpg,-1,0.5027,0.7533,0.2506,"['3319338707_892ae2a660.jpg', '2602258549_7401a3cdae.jpg', '3351667846_ac43118ae5.jpg']","[0.7533, 0.6987, 0.6763]"
1031,a man and a woman sit at a desk another man stands behind the first man,2380464803_a64f05bfa9.jpg,2,0.693,0.799,0.106,"['3084018061_df66d98325.jpg', '2380464803_a64f05bfa9.jpg', '3319338707_892ae2a660.jpg']","[0.799, 0.693, 0.6268]"
1032,three adults at work,2380464803_a64f05bfa9.jpg,-1,0.4264,0.7005,0.2741,"['3105929913_94a6882e25.jpg', '2891240104_6755281868.jpg', '3262386960_14f5d857db.jpg']","[0.7005, 0.6198, 0.5856]"
1033,two men and a woman in an office,2380464803_a64f05bfa9.jpg,7,0.5862,0.6587,0.0725,"['470887791_86d5a08a38.jpg', '3199895624_4f01798c6f.jpg', '3139160252_75109e9e05.jpg']","[0.6587, 0.6397, 0.6365]"
1034,two men wearing black smile while a seated woman behind them looks tired,2380464803_a64f05bfa9.jpg,3,0.5362,0.6207,0.0845,"['3474265683_43b1033d94.jpg', '2925737498_57585a7ed9.jpg', '2380464803_a64f05bfa9.jpg']","[0.6207, 0.5652, 0.5362]"
1040,a bald policeman is walking with a german shepherd dog by a metal crowd control barrier,239453674_0df7767208.jpg,-1,0.428,0.5765,0.1485,"['3353278454_2f3a4d0bbc.jpg', '256444892_efcb3bd824.jpg', '1975531316_8b00eeaaf7.jpg']","[0.5765, 0.5752, 0.5096]"
1041,an officer and dog are walking in front of a queue of people,239453674_0df7767208.jpg,-1,0.3937,0.7542,0.3605,"['3353278454_2f3a4d0bbc.jpg', '245252561_4f20f1c89e.jpg', '397547349_1fd14b95af.jpg']","[0.7542, 0.6034, 0.6017]"
1042,a policeman is next to his german shepherd,239453674_0df7767208.jpg,-1,0.3276,0.5775,0.2499,"['522486784_978021d537.jpg', '1975531316_8b00eeaaf7.jpg', '256444892_efcb3bd824.jpg']","[0.5775, 0.5362, 0.5105]"
1043,a policeman walks away from a gate with a large brown and black dog,239453674_0df7767208.jpg,-1,0.3351,0.6519,0.3168,"['256444892_efcb3bd824.jpg', '3353278454_2f3a4d0bbc.jpg', '1975531316_8b00eeaaf7.jpg']","[0.6519, 0.5875, 0.5794]"
1044,the policeman walks with his german shepherd,239453674_0df7767208.jpg,-1,0.3028,0.6154,0.3126,"['522486784_978021d537.jpg', '256444892_efcb3bd824.jpg', '1975531316_8b00eeaaf7.jpg']","[0.6154, 0.588, 0.5732]"
1045,two cows stand nearby while a dog races past both of them,2403544744_cba152f5c1.jpg,2,0.7329,0.7343,0.0014,"['2500567791_101d5ddee3.jpg', '2403544744_cba152f5c1.jpg', '3294952558_96bb8c8cf3.jpg']","[0.7343, 0.7329, 0.7069]"
1050,a black dog is running through a swampy area with tall reeds,2404520067_87798dbaee.jpg,-1,0.4415,0.6349,0.1934,"['689776124_07f560a920.jpg', '210625425_fb1ef5d23b.jpg', '791338571_7f38510bf7.jpg']","[0.6349, 0.5993, 0.5673]"
1052,black dog runs through field in the rain,2404520067_87798dbaee.jpg,4,0.6376,0.718,0.0804,"['2378127945_8dc9da82d7.jpg', '2335619125_2e2034f2c3.jpg', '689776124_07f560a920.jpg']","[0.718, 0.6933, 0.6564]"
1053,the dog runs through the field,2404520067_87798dbaee.jpg,-1,0.6154,0.741,0.1256,"['459814265_d48ba48978.jpg', '2584487952_f70e5aa9bf.jpg', '2730994020_64ac1d18be.jpg']","[0.741, 0.7252, 0.7202]"
1054,the speckled dog runs through the marsh,2404520067_87798dbaee.jpg,-1,0.4638,0.6067,0.1429,"['3401902253_cd27e6d0fe.jpg', '2270483627_16fe41b063.jpg', '3435035138_af32890a4c.jpg']","[0.6067, 0.6038, 0.5794]"
1055,white dog chasing a yellow toy,2404692474_37da774368.jpg,-1,0.542,0.736,0.1941,"['3368671163_0171259581.jpg', '535529555_583d89b7f2.jpg', '244399048_8332bb3270.jpg']","[0.736, 0.6658, 0.626]"
1056,the light colored dog is chasing after a toy outdoors,2404692474_37da774368.jpg,8,0.5999,0.675,0.0751,"['1346529555_e916816cfe.jpg', '242324909_06d5a6c44b.jpg', '2505360288_c972bd29c4.jpg']","[0.675, 0.6724, 0.6573]"
1057,a dog chasing a toy duck,2404692474_37da774368.jpg,-1,0.3852,0.5984,0.2133,"['535529555_583d89b7f2.jpg', '3368671163_0171259581.jpg', '428796930_476a3d6395.jpg']","[0.5984, 0.551, 0.5412]"
1058,a dog runs across the grass to get his toy,2404692474_37da774368.jpg,-1,0.5161,0.6721,0.156,"['241046599_28b0ca7b9f.jpg', '2584487952_f70e5aa9bf.jpg', '1346529555_e916816cfe.jpg']","[0.6721, 0.6695, 0.6379]"
1059,the dog barks at the toy,2404692474_37da774368.jpg,-1,0.3989,0.6727,0.2738,"['2949353587_64c54e9589.jpg', '3228069008_edb2961fc4.jpg', '244399048_8332bb3270.jpg']","[0.6727, 0.6682, 0.6421]"
1061,a dog is running down a dirt path,240583223_e26e17ee96.jpg,3,0.6493,0.7694,0.1201,"['3435035138_af32890a4c.jpg', '2259203920_6b93b721ce.jpg', '240583223_e26e17ee96.jpg']","[0.7694, 0.6578, 0.6493]"
1062,a running golden retriever,240583223_e26e17ee96.jpg,3,0.701,0.7272,0.0262,"['3559781965_d4ec00e506.jpg', '242324909_06d5a6c44b.jpg', '240583223_e26e17ee96.jpg']","[0.7272, 0.7182, 0.701]"
1063,a yellow dog running down a sandy path,240583223_e26e17ee96.jpg,2,0.6216,0.6472,0.0256,"['3248408149_41a8dd90d3.jpg', '240583223_e26e17ee96.jpg', '3435035138_af32890a4c.jpg']","[0.6472, 0.6216, 0.6087]"
1066,dog in foreground with three people in background,2407470303_6fd5e3600d.jpg,-1,0.2754,0.6674,0.392,"['2865376471_43c5e6b941.jpg', '397547349_1fd14b95af.jpg', '239453674_0df7767208.jpg']","[0.6674, 0.6294, 0.6276]"
1068,a family is playing on the beach with their dog,2407470303_6fd5e3600d.jpg,3,0.5344,0.6767,0.1423,"['2759211664_d21393b668.jpg', '489773343_a8aecf7db3.jpg', '2407470303_6fd5e3600d.jpg']","[0.6767, 0.5956, 0.5344]"
1070,a man is in a truck that is lying on its side during a truck event,2410153942_ba4a136358.jpg,4,0.6502,0.6838,0.0335,"['2088460083_42ee8a595a.jpg', '2750867389_4b815f793a.jpg', '492341908_1ef53be265.jpg']","[0.6838, 0.6836, 0.6596]"
1071,a red and white car is overturned on a dirt track,2410153942_ba4a136358.jpg,6,0.5705,0.7514,0.1809,"['2522540026_6ee8ab4c6a.jpg', '3578068665_87bdacef6a.jpg', '2943023421_e297f05e11.jpg']","[0.7514, 0.7223, 0.699]"
1073,the vehicle is lying on its side with the driver inside,2410153942_ba4a136358.jpg,-1,0.521,0.819,0.298,"['2088460083_42ee8a595a.jpg', '2750867389_4b815f793a.jpg', '2943023421_e297f05e11.jpg']","[0.819, 0.7525, 0.7416]"
1075,the dog is wearing a purple cape,241046599_28b0ca7b9f.jpg,-1,0.2598,0.5726,0.3128,"['433855742_c2a6fda763.jpg', '2444339090_bf7b3211f4.jpg', '2311690895_0d6efe11c8.jpg']","[0.5726, 0.5639, 0.5623]"
1076,brown dog with green and purple cape runs on grass,241046599_28b0ca7b9f.jpg,3,0.7659,0.8038,0.0378,"['1359101233_16c2c150e3.jpg', '3559781965_d4ec00e506.jpg', '241046599_28b0ca7b9f.jpg']","[0.8038, 0.7817, 0.7659]"
1077,a small dog wearing a purple and green cape,241046599_28b0ca7b9f.jpg,-1,0.2611,0.6135,0.3524,"['458735196_176e7df6b3.jpg', '2946016853_ceca4f5a07.jpg', '2444339090_bf7b3211f4.jpg']","[0.6135, 0.5787, 0.5763]"
1078,a miniature dachshund has an apron on its back,241046599_28b0ca7b9f.jpg,-1,0.0558,0.7362,0.6805,"['2325258180_6217dd17eb.jpg', '351876121_c7c0221928.jpg', '2702506716_17a7fb3ba4.jpg']","[0.7362, 0.6811, 0.641]"
1079,a small brown dog is running across the grass wearing a purple and green coat,241046599_28b0ca7b9f.jpg,5,0.7176,0.7374,0.0198,"['2764732789_1392e962d0.jpg', '1359101233_16c2c150e3.jpg', '2555535057_007501dae5.jpg']","[0.7374, 0.7254, 0.7234]"
1081,a boy wearing a red jersey is running in the street,2410618963_fb78307d18.jpg,9,0.5112,0.7218,0.2106,"['2021671653_567395c7cf.jpg', '3405942945_f4af2934a6.jpg', '2422018883_336519b5c6.jpg']","[0.7218, 0.636, 0.6131]"
1082,a young boy in an orange shirt is smiling as he runs in a city scene,2410618963_fb78307d18.jpg,8,0.5284,0.6564,0.128,"['3405942945_f4af2934a6.jpg', '3494394662_3edfd4a34c.jpg', '2422018883_336519b5c6.jpg']","[0.6564, 0.6472, 0.646]"
1084,a young man running on a sidewalk with graffiti in the background,2410618963_fb78307d18.jpg,8,0.5422,0.7961,0.254,"['2021671653_567395c7cf.jpg', '495055747_a75872762a.jpg', '2497074804_b4f3e7fd90.jpg']","[0.7961, 0.6206, 0.5895]"
1085,a small brown and white dog is jumping over bushels of hay,2411824767_4eb1fae823.jpg,-1,0.4218,0.5813,0.1595,"['2677614492_792023b928.jpg', '2550109269_bc4262bd27.jpg', '1932161768_996eadac87.jpg']","[0.5813, 0.5796, 0.5735]"
1086,a dog jumps over hay,2411824767_4eb1fae823.jpg,-1,0.3007,0.6322,0.3316,"['1659358133_95cd1027bd.jpg', '2102581664_5ea50f85c6.jpg', '327415627_6313d32a64.jpg']","[0.6322, 0.6147, 0.6113]"
1087,a brown dog is jumping over a grassy mound near to a lake,2411824767_4eb1fae823.jpg,-1,0.406,0.6526,0.2466,"['2952141476_fc9a48a60a.jpg', '2281006675_fde04e93dd.jpg', '2270483627_16fe41b063.jpg']","[0.6526, 0.6471, 0.6293]"
1088,a brown and white dog leaps,2411824767_4eb1fae823.jpg,-1,0.4259,0.7255,0.2996,"['2677614492_792023b928.jpg', '2764732789_1392e962d0.jpg', '2620113705_a8fa89b8f6.jpg']","[0.7255, 0.6684, 0.663]"
1089,a corgi jumps off a bale of hay m water and buildings behind it,2411824767_4eb1fae823.jpg,-1,0.2415,0.5316,0.2901,"['3690425778_3b390b3ea5.jpg', '310728631_155c3bbeea.jpg', '2270483627_16fe41b063.jpg']","[0.5316, 0.531, 0.5007]"
1090,a boy in a red jacket points at red tulips,2412390588_a89cab30f4.jpg,-1,0.3525,0.4958,0.1434,"['3393446245_37dd3f3b59.jpg', '3405942945_f4af2934a6.jpg', '1235580648_7eebaed9bc.jpg']","[0.4958, 0.4881, 0.4869]"
1091,a boy in red is pointing to a red tulip,2412390588_a89cab30f4.jpg,-1,0.2944,0.5184,0.224,"['3318995586_c2bc50b92e.jpg', '2991575785_bd4868e215.jpg', '1427391496_ea512cbe7f.jpg']","[0.5184, 0.5125, 0.4723]"
1092,a child in a red jacket is pointing at beautiful orange flowers,2412390588_a89cab30f4.jpg,3,0.6801,0.694,0.0138,"['3572346664_e1e6c77f11.jpg', '3470303255_fbb41b8dd0.jpg', '2412390588_a89cab30f4.jpg']","[0.694, 0.6899, 0.6801]"
1093,a child in a red longsleeve shirt is pointing at the red tulips,2412390588_a89cab30f4.jpg,-1,0.3699,0.6335,0.2636,"['3405942945_f4af2934a6.jpg', '3688839836_ba5e4c24fc.jpg', '2648165716_02e2e74fd6.jpg']","[0.6335, 0.5785, 0.565]"
1094,the child in the red jacket is looking at the flowers,2412390588_a89cab30f4.jpg,2,0.7003,0.7025,0.0022,"['3470303255_fbb41b8dd0.jpg', '2412390588_a89cab30f4.jpg', '3231880001_193a579b97.jpg']","[0.7025, 0.7003, 0.6339]"
1095,a horse mascot gives high fives to some football fans,241346215_037e18403a.jpg,3,0.5921,0.6153,0.0231,"['241347803_afb04b12c4.jpg', '2003663004_5b70920a98.jpg', '241346215_037e18403a.jpg']","[0.6153, 0.594, 0.5921]"
1096,a horse mascot stands in front of several kids,241346215_037e18403a.jpg,-1,0.4277,0.5708,0.1431,"['3225037367_a71fa86319.jpg', '1454841725_4b6e6199e2.jpg', '576920249_df1bdc2068.jpg']","[0.5708, 0.5323, 0.5227]"
1097,a mascot at a sporting event waves to the crowd,241346215_037e18403a.jpg,-1,0.3758,0.7022,0.3264,"['3688839836_ba5e4c24fc.jpg', '3225037367_a71fa86319.jpg', '2267819545_446c5a3e18.jpg']","[0.7022, 0.6793, 0.6225]"
1098,a team mascot raising its hands toward people,241346215_037e18403a.jpg,-1,0.4872,0.6901,0.203,"['3225037367_a71fa86319.jpg', '3688839836_ba5e4c24fc.jpg', '3451344589_6787bd06ef.jpg']","[0.6901, 0.6765, 0.6005]"
1099,oklahoma horse mascot in a sea of red fans,241346215_037e18403a.jpg,-1,0.413,0.6361,0.2231,"['241347803_afb04b12c4.jpg', '2003663004_5b70920a98.jpg', '241347271_a39a5a0070.jpg']","[0.6361, 0.5443, 0.5385]"
1101,men play football as a crowd watches,241347271_a39a5a0070.jpg,2,0.6731,0.6998,0.0267,"['241347803_afb04b12c4.jpg', '241347271_a39a5a0070.jpg', '241347547_902725b9f8.jpg']","[0.6998, 0.6731, 0.667]"
1102,quarterback waiting for snap of football,241347271_a39a5a0070.jpg,2,0.8109,0.817,0.0061,"['241347803_afb04b12c4.jpg', '241347271_a39a5a0070.jpg', '241347547_902725b9f8.jpg']","[0.817, 0.8109, 0.7317]"
1105,a football coach standing with his players behind him,241347547_902725b9f8.jpg,9,0.5212,0.6639,0.1427,"['241347635_e691395c2f.jpg', '2837799692_2f1c50722a.jpg', '1425919702_ddb761aeec.jpg']","[0.6639, 0.6503, 0.6107]"
1106,a group of football players in gold helmets stand around a man in a purple shirt,241347547_902725b9f8.jpg,2,0.5939,0.6063,0.0124,"['241347635_e691395c2f.jpg', '241347547_902725b9f8.jpg', '241347803_afb04b12c4.jpg']","[0.6063, 0.5939, 0.5923]"
1107,a group of footballs players is standing behind a coaching official,241347547_902725b9f8.jpg,5,0.6089,0.6876,0.0788,"['2003663004_5b70920a98.jpg', '2939371251_f923569a72.jpg', '241347803_afb04b12c4.jpg']","[0.6876, 0.6588, 0.657]"
1108,a man in blue shirt is surrounded by football players,241347547_902725b9f8.jpg,4,0.6372,0.7515,0.1143,"['241347635_e691395c2f.jpg', '2837799692_2f1c50722a.jpg', '241347803_afb04b12c4.jpg']","[0.7515, 0.6997, 0.6845]"
1109,a man surrounded by football players,241347547_902725b9f8.jpg,5,0.6783,0.733,0.0546,"['241347803_afb04b12c4.jpg', '241347271_a39a5a0070.jpg', '241347635_e691395c2f.jpg']","[0.733, 0.6987, 0.6911]"
1110,a man is walking along a field,241347635_e691395c2f.jpg,6,0.4454,0.591,0.1457,"['2344412916_9a5a9b1c82.jpg', '1396703063_e8c3687afe.jpg', '2472574160_8ce233f396.jpg']","[0.591, 0.469, 0.4612]"
1112,a man walks down a field with a crowd in the stands behind him,241347635_e691395c2f.jpg,2,0.6371,0.6434,0.0064,"['3433470650_a8b1c27173.jpg', '241347635_e691395c2f.jpg', '1396703063_e8c3687afe.jpg']","[0.6434, 0.6371, 0.6024]"
1114,the man with the white pants and blue nike shirt has a whistle around his neck,241347635_e691395c2f.jpg,-1,0.4332,0.5807,0.1475,"['2924884899_f512c84332.jpg', '3290105461_7590f23371.jpg', '2856700531_312528eea4.jpg']","[0.5807, 0.5758, 0.5533]"
1116,the oklahoma football player watches the game from the sidelines,241347803_afb04b12c4.jpg,2,0.7905,0.796,0.0056,"['2837799692_2f1c50722a.jpg', '241347803_afb04b12c4.jpg', '241347547_902725b9f8.jpg']","[0.796, 0.7905, 0.7563]"
1126,two dogs are outside near patio furniture,2419221084_01a14176b4.jpg,8,0.5835,0.7044,0.1209,"['460935487_75b2da7854.jpg', '909808296_23c427022d.jpg', '2702506716_17a7fb3ba4.jpg']","[0.7044, 0.6997, 0.657]"
1127,two small brown and white dogs standing beside some white chairs,2419221084_01a14176b4.jpg,7,0.5433,0.6839,0.1406,"['2702506716_17a7fb3ba4.jpg', '3336361161_c06cdd160e.jpg', '460935487_75b2da7854.jpg']","[0.6839, 0.6648, 0.6332]"
1128,two small dogs play on the lawn,2419221084_01a14176b4.jpg,2,0.6731,0.7486,0.0755,"['2314722788_6262c3aa40.jpg', '2419221084_01a14176b4.jpg', '2567035103_3511020c8f.jpg']","[0.7486, 0.6731, 0.669]"
1130,a young asian girl wearing flip flops and a flowered sundress runs down the street,2422018883_336519b5c6.jpg,8,0.53,0.7341,0.204,"['613900608_2e49415772.jpg', '2592019072_a6c0090da4.jpg', '3415228562_4efa9c9b70.jpg']","[0.7341, 0.6327, 0.5949]"
1131,a young asian girl wearing a dress running,2422018883_336519b5c6.jpg,3,0.6091,0.6391,0.0301,"['3415228562_4efa9c9b70.jpg', '2592019072_a6c0090da4.jpg', '2422018883_336519b5c6.jpg']","[0.6391, 0.6144, 0.6091]"
1132,a small toddler girl in a white dress walking,2422018883_336519b5c6.jpg,10,0.4861,0.6417,0.1557,"['3286222970_1fa445e38f.jpg', '961611340_251081fcb8.jpg', '635444010_bd81c89ab7.jpg']","[0.6417, 0.6264, 0.5906]"
1133,a little girl wears a white dress and pink flip flops,2422018883_336519b5c6.jpg,-1,0.2536,0.6962,0.4426,"['640409060_6af18fdd54.jpg', '961611340_251081fcb8.jpg', '3688858505_e8afd1475d.jpg']","[0.6962, 0.6801, 0.6155]"
1134,a baby in a white and pink dress walks outside,2422018883_336519b5c6.jpg,10,0.4565,0.7024,0.2459,"['635444010_bd81c89ab7.jpg', '3111897772_5211a37a02.jpg', '3286222970_1fa445e38f.jpg']","[0.7024, 0.5489, 0.5391]"
1135,a dachshund going for a walk,242324909_06d5a6c44b.jpg,5,0.5685,0.6162,0.0477,"['1975531316_8b00eeaaf7.jpg', '3383491811_fd9d3a891d.jpg', '909808296_23c427022d.jpg']","[0.6162, 0.6041, 0.5793]"
1136,a little brown dog walks on the sidewalk with its tongue sticking out,242324909_06d5a6c44b.jpg,5,0.5847,0.6644,0.0798,"['240583223_e26e17ee96.jpg', '3435035138_af32890a4c.jpg', '2198964806_c57b0534d3.jpg']","[0.6644, 0.6548, 0.6542]"
1137,a little brown dog with a blue collar is being walked along a path,242324909_06d5a6c44b.jpg,4,0.5913,0.6647,0.0734,"['3435035138_af32890a4c.jpg', '3383491811_fd9d3a891d.jpg', '2632366677_43dee456a5.jpg']","[0.6647, 0.6174, 0.6041]"
1138,a small brown dog is pulling on its blue and white leash while on a walk,242324909_06d5a6c44b.jpg,8,0.5524,0.6858,0.1334,"['1975531316_8b00eeaaf7.jpg', '3383491811_fd9d3a891d.jpg', '3228069008_edb2961fc4.jpg']","[0.6858, 0.6832, 0.6748]"
1139,a small brown dog on a leash,242324909_06d5a6c44b.jpg,-1,0.5014,0.787,0.2856,"['3383491811_fd9d3a891d.jpg', '3228069008_edb2961fc4.jpg', '2949353587_64c54e9589.jpg']","[0.787, 0.736, 0.621]"
1140,two dogs pass each other near some water,2427558437_3e839056d7.jpg,9,0.5994,0.7836,0.1842,"['2289212650_69de7a20b2.jpg', '2220175999_081aa9cce8.jpg', '481827288_a688be7913.jpg']","[0.7836, 0.7755, 0.7389]"
1141,two brown dogs together standing on the bank of a lake,2427558437_3e839056d7.jpg,2,0.7103,0.731,0.0207,"['2244024374_54d7e88c2b.jpg', '2427558437_3e839056d7.jpg', '2220175999_081aa9cce8.jpg']","[0.731, 0.7103, 0.6902]"
1142,a large brown dog and a small brown dog are standing near each other beside a body of water,2427558437_3e839056d7.jpg,3,0.7343,0.8024,0.0681,"['2220175999_081aa9cce8.jpg', '2244024374_54d7e88c2b.jpg', '2427558437_3e839056d7.jpg']","[0.8024, 0.7399, 0.7343]"
1143,a big dog and a little dog stand near each other near the water,2427558437_3e839056d7.jpg,4,0.6629,0.7336,0.0706,"['2220175999_081aa9cce8.jpg', '481827288_a688be7913.jpg', '2244024374_54d7e88c2b.jpg']","[0.7336, 0.6688, 0.6649]"
1144,the two dogs are walking past each other on a beach,2427558437_3e839056d7.jpg,7,0.584,0.7508,0.1668,"['3070031806_3d587c2a66.jpg', '496555371_3e1ee0d97d.jpg', '1067790824_f3cc97239b.jpg']","[0.7508, 0.7145, 0.6699]"
1145,a,2428275562_4bde2bc5ea.jpg,-1,-0.1875,0.6749,0.8625,"['3098714492_19939e3b19.jpg', '3098707588_5096d20397.jpg', '2652155912_8ba5426790.jpg']","[0.6749, 0.5978, 0.5479]"
1148,a black and white dog wearing a red collar is digging in the dirt,2428275562_4bde2bc5ea.jpg,3,0.5846,0.6461,0.0614,"['1526325728_74eb4153d8.jpg', '467858872_f3431df682.jpg', '2428275562_4bde2bc5ea.jpg']","[0.6461, 0.6055, 0.5846]"
1149,a black dog running on a sand mound,2428275562_4bde2bc5ea.jpg,9,0.552,0.7772,0.2252,"['2090997177_76d482b158.jpg', '254527963_3f5824b0e8.jpg', '2378127945_8dc9da82d7.jpg']","[0.7772, 0.7605, 0.6854]"
1150,two dogs running through sand,2434006663_207a284cec.jpg,4,0.6981,0.7368,0.0388,"['496555371_3e1ee0d97d.jpg', '566921157_07c18a41e2.jpg', '3070031806_3d587c2a66.jpg']","[0.7368, 0.7179, 0.7151]"
1151,a brown dog is chasing a black dog on the sand,2434006663_207a284cec.jpg,4,0.7367,0.7583,0.0216,"['496555371_3e1ee0d97d.jpg', '566921157_07c18a41e2.jpg', '3070031806_3d587c2a66.jpg']","[0.7583, 0.7481, 0.7443]"
1152,a dog holding a stick running in the sand chased by a grey dog,2434006663_207a284cec.jpg,2,0.6528,0.6691,0.0163,"['2629346153_155ba73ae9.jpg', '2434006663_207a284cec.jpg', '3248408149_41a8dd90d3.jpg']","[0.6691, 0.6528, 0.6387]"
1153,two dogs fetch sticks in the snow next to the tree line,2434006663_207a284cec.jpg,-1,0.4062,0.627,0.2208,"['1403414927_5f80281505.jpg', '3330935489_9cb67ca36b.jpg', '2289096282_4ef120f189.jpg']","[0.627, 0.6144, 0.5626]"
1154,two dogs running near a line of tall trees,2434006663_207a284cec.jpg,-1,0.3782,0.776,0.3978,"['1403414927_5f80281505.jpg', '2289096282_4ef120f189.jpg', '2419221084_01a14176b4.jpg']","[0.776, 0.6693, 0.6238]"
1155,a man in a button up shirt and tie is wearing a smiling mask,2437266971_b91a8f9a00.jpg,6,0.5017,0.7537,0.2519,"['3412249548_00820fc4ca.jpg', '1235580648_7eebaed9bc.jpg', '2551344688_17a12a6948.jpg']","[0.7537, 0.6182, 0.5565]"
1156,a masked man in blue shirt and a tie holding papers in front of him,2437266971_b91a8f9a00.jpg,3,0.5768,0.6285,0.0517,"['3613005134_bb7f304da1.jpg', '3105929913_94a6882e25.jpg', '2437266971_b91a8f9a00.jpg']","[0.6285, 0.5777, 0.5768]"
1157,a man hands out fliers while wearing a mask,2437266971_b91a8f9a00.jpg,2,0.552,0.5839,0.0319,"['440184957_267f3f3a2b.jpg', '2437266971_b91a8f9a00.jpg', '2551344688_17a12a6948.jpg']","[0.5839, 0.552, 0.5517]"
1158,a man in a blue shirt and tie is wearing a white mask whilst handing out papers,2437266971_b91a8f9a00.jpg,2,0.575,0.6156,0.0406,"['3105929913_94a6882e25.jpg', '2437266971_b91a8f9a00.jpg', '2533076864_d799996433.jpg']","[0.6156, 0.575, 0.5252]"
1159,man in business attire with guy fawkes mask holding paper at protest,2437266971_b91a8f9a00.jpg,2,0.604,0.6442,0.0402,"['2815256108_fc1302117d.jpg', '2437266971_b91a8f9a00.jpg', '251958970_fa6b423f23.jpg']","[0.6442, 0.604, 0.5995]"
1161,a young man wearing a yellow shirt and baseball helemt swinging a bat,2443380641_7b38d18f5b.jpg,4,0.6022,0.6482,0.046,"['2460823604_7f6f786b1c.jpg', '3517124784_4b4eb62a7a.jpg', '3290105461_7590f23371.jpg']","[0.6482, 0.6475, 0.6117]"
1163,a little league game in action,2443380641_7b38d18f5b.jpg,5,0.6221,0.7041,0.0821,"['2736508369_fd9ff0b42f.jpg', '3380072636_4cd59385fd.jpg', '269986132_91b71e8aaa.jpg']","[0.7041, 0.6396, 0.6285]"
1165,a blurry dog inside on a carpet,244399048_8332bb3270.jpg,-1,0.5495,0.7804,0.2309,"['2949353587_64c54e9589.jpg', '2325258180_6217dd17eb.jpg', '3383491811_fd9d3a891d.jpg']","[0.7804, 0.7749, 0.7074]"
1166,a dog is jumping up in the air to catch a toy,244399048_8332bb3270.jpg,-1,0.4616,0.741,0.2794,"['3544673666_ffc7483c96.jpg', '2839807428_efe42423f2.jpg', '539750844_02a07ec524.jpg']","[0.741, 0.6493, 0.6335]"
1167,a dog standing up on two legs with something in his mouth,244399048_8332bb3270.jpg,7,0.6169,0.6721,0.0552,"['2095444126_201ff9f222.jpg', '3228069008_edb2961fc4.jpg', '2882483779_73c171ac19.jpg']","[0.6721, 0.6662, 0.6536]"
1168,dog jumping up with something in its mouth,244399048_8332bb3270.jpg,-1,0.588,0.6622,0.0741,"['2882483779_73c171ac19.jpg', '2095444126_201ff9f222.jpg', '2641288004_30ce961211.jpg']","[0.6622, 0.6528, 0.6369]"
1169,the furry brown and white dog is jumping around near a door,244399048_8332bb3270.jpg,-1,0.4107,0.6768,0.2661,"['460935487_75b2da7854.jpg', '2550109269_bc4262bd27.jpg', '3415165462_e1cb536d08.jpg']","[0.6768, 0.6276, 0.6224]"
1170,a group of muzzled greyhound dogs jumping over a wall,2444134813_20895c640c.jpg,6,0.5098,0.634,0.1242,"['2165461920_1a4144eb2b.jpg', '2818735880_68b3dfe1f5.jpg', '2176874361_2b4149010b.jpg']","[0.634, 0.5792, 0.5667]"
1171,four dogs jumping over a hurdle,2444134813_20895c640c.jpg,8,0.5517,0.6883,0.1367,"['2768021570_46bc6325e3.jpg', '2102581664_5ea50f85c6.jpg', '2165461920_1a4144eb2b.jpg']","[0.6883, 0.6697, 0.6292]"
1172,many dogs jump over a fence,2444134813_20895c640c.jpg,-1,0.4629,0.661,0.1981,"['2102581664_5ea50f85c6.jpg', '2176874361_2b4149010b.jpg', '2818735880_68b3dfe1f5.jpg']","[0.661, 0.6309, 0.5832]"
1173,the dogs are racing,2444134813_20895c640c.jpg,3,0.6606,0.6702,0.0096,"['3036596725_541bbe0955.jpg', '3271084924_4778d556cc.jpg', '2444134813_20895c640c.jpg']","[0.6702, 0.6655, 0.6606]"
1174,the dogs jump over an obstacle at an event,2444134813_20895c640c.jpg,6,0.6559,0.724,0.0682,"['3474999131_788cbf253f.jpg', '2768021570_46bc6325e3.jpg', '2831672255_d779807c14.jpg']","[0.724, 0.7089, 0.7066]"
1175,a white dog with a black patch goes through an obstacle,2444339090_bf7b3211f4.jpg,7,0.5961,0.7228,0.1267,"['2946016853_ceca4f5a07.jpg', '2677656448_6b7e7702af.jpg', '3336361161_c06cdd160e.jpg']","[0.7228, 0.6689, 0.6599]"
1179,a black and white dog runs through pole obstacles,2444339090_bf7b3211f4.jpg,2,0.7605,0.8295,0.069,"['251056963_c8b67f0107.jpg', '2444339090_bf7b3211f4.jpg', '2677614492_792023b928.jpg']","[0.8295, 0.7605, 0.704]"
1183,brown dog on a leash is sniffing the ground in a field of grass,2445783904_e6c38a3a3d.jpg,2,0.7029,0.7195,0.0166,"['1745110280_0cbff5e273.jpg', '2445783904_e6c38a3a3d.jpg', '1659358141_0433c9bf99.jpg']","[0.7195, 0.7029, 0.6976]"
1184,the large brown dog with the red collar is in the grass,2445783904_e6c38a3a3d.jpg,8,0.6548,0.7413,0.0865,"['241046599_28b0ca7b9f.jpg', '1659358141_0433c9bf99.jpg', '3518675890_2f65e23ff9.jpg']","[0.7413, 0.7367, 0.7299]"
1185,a young boy wearing blue is holding a blue baseball bat and holding a white ball in his hand,2448393373_80c011d301.jpg,-1,0.4168,0.7035,0.2867,"['2443380641_7b38d18f5b.jpg', '1104133405_c04a00707f.jpg', '1539166395_0cdc0accee.jpg']","[0.7035, 0.6747, 0.5966]"
1186,a small boy playing in the grass with a blue bat and a ball,2448393373_80c011d301.jpg,-1,0.4943,0.839,0.3446,"['1104133405_c04a00707f.jpg', '1269470943_ba7fc49b4d.jpg', '2381613738_d8d2012e3c.jpg']","[0.839, 0.6994, 0.6905]"
1187,a little boy plays baseball with himself,2448393373_80c011d301.jpg,-1,0.4719,0.6481,0.1762,"['1104133405_c04a00707f.jpg', '1539166395_0cdc0accee.jpg', '2443380641_7b38d18f5b.jpg']","[0.6481, 0.6348, 0.633]"
1188,a boy plays baseball,2448393373_80c011d301.jpg,-1,0.4258,0.7189,0.2931,"['2443380641_7b38d18f5b.jpg', '2736508369_fd9ff0b42f.jpg', '3517124784_4b4eb62a7a.jpg']","[0.7189, 0.6706, 0.5713]"
1189,a boy with a plastic bat looking skyward about to throw a ball,2448393373_80c011d301.jpg,5,0.5672,0.7864,0.2192,"['1104133405_c04a00707f.jpg', '2443380641_7b38d18f5b.jpg', '2460823604_7f6f786b1c.jpg']","[0.7864, 0.6735, 0.6642]"
1190,a man in a wheelchair riding to the park,2449552677_ee78f01bae.jpg,-1,0.4559,0.6136,0.1577,"['3530087422_7eb2b2c289.jpg', '2863180332_372510aa49.jpg', '2877159456_ea4a46b0d2.jpg']","[0.6136, 0.5961, 0.5924]"
1191,a person in a wheelchair is on a sidewalk,2449552677_ee78f01bae.jpg,9,0.4989,0.6044,0.1055,"['3293018193_e4e0c8db7c.jpg', '2894850774_2d530040a1.jpg', '2863180332_372510aa49.jpg']","[0.6044, 0.5996, 0.5886]"
1192,a person wearing a knit cap riding in a wheelchair along a seidwalk outside of a building,2449552677_ee78f01bae.jpg,2,0.5725,0.5786,0.0061,"['3484820303_7be0e914b4.jpg', '2449552677_ee78f01bae.jpg', '635444010_bd81c89ab7.jpg']","[0.5786, 0.5725, 0.5621]"
1193,a person with a brown hat and black jacket is in a wheelchair crossing in front of a sign that says park,2449552677_ee78f01bae.jpg,-1,0.4404,0.6502,0.2098,"['495055747_a75872762a.jpg', '1643915227_9f48068772.jpg', '2344412916_9a5a9b1c82.jpg']","[0.6502, 0.5499, 0.5399]"
1194,the handicapped man wheels past the parking lot,2449552677_ee78f01bae.jpg,-1,0.3796,0.7228,0.3432,"['2863180332_372510aa49.jpg', '2877159456_ea4a46b0d2.jpg', '2894850774_2d530040a1.jpg']","[0.7228, 0.6236, 0.6157]"
1195,a black shaggy haired dog is playing with a brown and white fluffy dog on the gravel,245252561_4f20f1c89e.jpg,-1,0.4286,0.6752,0.2466,"['351876121_c7c0221928.jpg', '2545192257_142fe9e2de.jpg', '2434006663_207a284cec.jpg']","[0.6752, 0.6626, 0.6548]"
1196,a black dog and a white dog play in the street together,245252561_4f20f1c89e.jpg,2,0.6623,0.7228,0.0604,"['2095444126_201ff9f222.jpg', '245252561_4f20f1c89e.jpg', '2545192257_142fe9e2de.jpg']","[0.7228, 0.6623, 0.6124]"
1197,two dogs are playing together on the pavement,245252561_4f20f1c89e.jpg,-1,0.5758,0.6961,0.1204,"['909808296_23c427022d.jpg', '351876121_c7c0221928.jpg', '2419221084_01a14176b4.jpg']","[0.6961, 0.6888, 0.6798]"
1198,a black animal and a white animal in motion in close quarters,245252561_4f20f1c89e.jpg,-1,0.3605,0.5849,0.2244,"['2500567791_101d5ddee3.jpg', '3415809168_af9dabdba5.jpg', '3656104088_a0d1642fa9.jpg']","[0.5849, 0.5312, 0.5301]"
1199,a black dog and a white dog playing in the street,245252561_4f20f1c89e.jpg,2,0.6617,0.6627,0.001,"['2095444126_201ff9f222.jpg', '245252561_4f20f1c89e.jpg', '3353278454_2f3a4d0bbc.jpg']","[0.6627, 0.6617, 0.6194]"
1200,a beautiful waterfall with two people walking on the road beside it,2452686995_621878f561.jpg,3,0.5884,0.6236,0.0351,"['3707283973_5cdaa39340.jpg', '3637013_c675de7705.jpg', '2452686995_621878f561.jpg']","[0.6236, 0.6092, 0.5884]"
1204,two people travel down a path going though a woods with a giant waterfall,2452686995_621878f561.jpg,4,0.5778,0.6755,0.0977,"['2289096282_4ef120f189.jpg', '268654674_d29e00b3d0.jpg', '413737417_b0a8b445e9.jpg']","[0.6755, 0.6671, 0.6566]"
1205,young asian girl with blue hair ribbon picking nose,2456030728_d3d147e774.jpg,9,0.5664,0.7061,0.1397,"['1527297882_dededc7891.jpg', '3517362674_0f5296de19.jpg', '3627011534_485f667b10.jpg']","[0.7061, 0.6705, 0.6632]"
1206,a young girl picks her nose,2456030728_d3d147e774.jpg,5,0.5717,0.7122,0.1405,"['3470303255_fbb41b8dd0.jpg', '758921886_55a351dd67.jpg', '2086678529_b3301c2d71.jpg']","[0.7122, 0.597, 0.5839]"
1207,a little girl with a blue bow holding a plushie while picking her nose,2456030728_d3d147e774.jpg,-1,0.4486,0.7061,0.2574,"['3079787482_0757e9d167.jpg', '3470303255_fbb41b8dd0.jpg', '458735196_176e7df6b3.jpg']","[0.7061, 0.6004, 0.5954]"
1208,a little girl with a ribbon in her hair is picking her nose,2456030728_d3d147e774.jpg,5,0.5746,0.6977,0.1232,"['3517362674_0f5296de19.jpg', '3470303255_fbb41b8dd0.jpg', '2086678529_b3301c2d71.jpg']","[0.6977, 0.6373, 0.6026]"
1209,an asian girl with a finger up her nose,2456030728_d3d147e774.jpg,-1,0.4527,0.6655,0.2128,"['2695085862_2ed62df354.jpg', '1527297882_dededc7891.jpg', '2204550058_2707d92338.jpg']","[0.6655, 0.6537, 0.631]"
1210,a man is docking a boat,2456907314_49bc4591c4.jpg,3,0.6046,0.731,0.1264,"['361183669_52be9662b9.jpg', '2125216241_5b265a2fbc.jpg', '2456907314_49bc4591c4.jpg']","[0.731, 0.6504, 0.6046]"
1211,a man is using a long pole to push two boats apart,2456907314_49bc4591c4.jpg,3,0.6224,0.6479,0.0255,"['361183669_52be9662b9.jpg', '493542985_c85ad29ebe.jpg', '2456907314_49bc4591c4.jpg']","[0.6479, 0.627, 0.6224]"
1212,a man on a boat is using a large stick to push another boat away,2456907314_49bc4591c4.jpg,-1,0.455,0.5793,0.1243,"['482088914_e6ea4501e9.jpg', '493542985_c85ad29ebe.jpg', '146577646_9e64b8c2dc.jpg']","[0.5793, 0.5246, 0.5071]"
1213,a man on a fishing boat pushing a wooden pole into the water,2456907314_49bc4591c4.jpg,3,0.632,0.6924,0.0604,"['361183669_52be9662b9.jpg', '493542985_c85ad29ebe.jpg', '2456907314_49bc4591c4.jpg']","[0.6924, 0.654, 0.632]"
1214,a man standing on a boat is pulling another boat close by with a bamboo stick,2456907314_49bc4591c4.jpg,2,0.5626,0.5975,0.0349,"['361183669_52be9662b9.jpg', '2456907314_49bc4591c4.jpg', '493542985_c85ad29ebe.jpg']","[0.5975, 0.5626, 0.5545]"
1215,a little boy swings at the playground,2458269558_277012780d.jpg,4,0.6629,0.7195,0.0566,"['2855417531_521bf47b50.jpg', '2362481035_a7600875d0.jpg', '2381613738_d8d2012e3c.jpg']","[0.7195, 0.7167, 0.668]"
1218,a blonde boy in a white and orange tshirt is playing on a swing,2458269558_277012780d.jpg,2,0.8168,0.8339,0.017,"['3396036947_0af6c3aab7.jpg', '2458269558_277012780d.jpg', '2884252132_5d8e776893.jpg']","[0.8339, 0.8168, 0.7589]"
1219,a boy in a surfing shirt is swinging on a swing,2458269558_277012780d.jpg,3,0.7314,0.7565,0.0251,"['3396036947_0af6c3aab7.jpg', '2855417531_521bf47b50.jpg', '2458269558_277012780d.jpg']","[0.7565, 0.7348, 0.7314]"
1220,a boy baseball player in a green and yellow jersey leaps for the ball,2460823604_7f6f786b1c.jpg,2,0.6246,0.7307,0.1061,"['2443380641_7b38d18f5b.jpg', '2460823604_7f6f786b1c.jpg', '1104133405_c04a00707f.jpg']","[0.7307, 0.6246, 0.6029]"
1221,a boy chasing a baseball,2460823604_7f6f786b1c.jpg,3,0.6,0.7566,0.1566,"['2443380641_7b38d18f5b.jpg', '2736508369_fd9ff0b42f.jpg', '2460823604_7f6f786b1c.jpg']","[0.7566, 0.6043, 0.6]"
1222,a little boy playing baseball goes for the ball on the ground,2460823604_7f6f786b1c.jpg,3,0.6656,0.7559,0.0903,"['2443380641_7b38d18f5b.jpg', '1104133405_c04a00707f.jpg', '2460823604_7f6f786b1c.jpg']","[0.7559, 0.6765, 0.6656]"
1223,a young boy dives to catch the ball during a baseball game,2460823604_7f6f786b1c.jpg,3,0.5932,0.6588,0.0656,"['2443380641_7b38d18f5b.jpg', '2736508369_fd9ff0b42f.jpg', '2460823604_7f6f786b1c.jpg']","[0.6588, 0.6477, 0.5932]"
1224,the boy in the green and yellow shirt has a glove on and is going towards the ball,2460823604_7f6f786b1c.jpg,5,0.6307,0.7685,0.1379,"['1104133405_c04a00707f.jpg', '3177298173_78cea31d64.jpg', '1427391496_ea512cbe7f.jpg']","[0.7685, 0.7228, 0.6546]"
1230,a boy in a black shirt punches a yellow punching bag while a boy in a blue sweatshirt holds the bag,2470486377_c3a39ccb7b.jpg,10,0.4476,0.6121,0.1645,"['3318995586_c2bc50b92e.jpg', '2374247382_023a86b9ca.jpg', '2970183443_accd597e0a.jpg']","[0.6121, 0.6042, 0.5554]"
1231,many children playing outside in the grass practicing punching,2470486377_c3a39ccb7b.jpg,-1,0.422,0.6525,0.2305,"['3515451715_ac5ac04efa.jpg', '2856080862_95d793fa9d.jpg', '1685990174_09c4fb7df8.jpg']","[0.6525, 0.6355, 0.6076]"
1232,some kids play outside on a nice day,2470486377_c3a39ccb7b.jpg,-1,0.4451,0.7298,0.2847,"['2856080862_95d793fa9d.jpg', '2915183095_4ed4aa4f37.jpg', '3608849440_e7d2bed29f.jpg']","[0.7298, 0.6719, 0.6474]"
1233,the boy in the black sweatshirt is hitting the yellow object held by the boy in the blue sweatshirt,2470486377_c3a39ccb7b.jpg,-1,0.4758,0.784,0.3083,"['3318995586_c2bc50b92e.jpg', '2991575785_bd4868e215.jpg', '3229913073_e7857a5966.jpg']","[0.784, 0.6419, 0.6185]"
1234,two boys talk on a field near palm trees,2470486377_c3a39ccb7b.jpg,-1,0.4195,0.6466,0.2271,"['3229913073_e7857a5966.jpg', '2565350330_c7f305e7f7.jpg', '2707873672_15e6b5d54b.jpg']","[0.6466, 0.6047, 0.5811]"
1238,a man in a gray shirt sitting in a field of flowers,2472574160_8ce233f396.jpg,2,0.6709,0.7595,0.0886,"['3495490064_8db40a83af.jpg', '2472574160_8ce233f396.jpg', '436009777_440c7679a1.jpg']","[0.7595, 0.6709, 0.5804]"
1240,a dog plays in water,247778426_fd59734130.jpg,-1,0.6878,0.8014,0.1136,"['1131800850_89c7ffd477.jpg', '2574230252_f5a1382dd4.jpg', '2369248869_0266760c4a.jpg']","[0.8014, 0.7984, 0.795]"
1241,the brown dog splashes through the water,247778426_fd59734130.jpg,-1,0.639,0.7763,0.1373,"['2574230252_f5a1382dd4.jpg', '443430496_3fea95a07d.jpg', '431410325_f4916b5460.jpg']","[0.7763, 0.7516, 0.7485]"
1242,a big brown dog running through the water,247778426_fd59734130.jpg,-1,0.6482,0.7955,0.1473,"['2613209320_edf6a2b7e9.jpg', '3571675421_7e07ac07c5.jpg', '2051194177_fbeee211e3.jpg']","[0.7955, 0.7929, 0.7813]"
1243,a brown dog running through a pond,247778426_fd59734130.jpg,-1,0.6155,0.7602,0.1447,"['3695949492_27ca3892fd.jpg', '2051194177_fbeee211e3.jpg', '2270483627_16fe41b063.jpg']","[0.7602, 0.7084, 0.6863]"
1244,the dog is swimming,247778426_fd59734130.jpg,-1,0.4757,0.7423,0.2666,"['443430496_3fea95a07d.jpg', '2633201394_ee4a7666ed.jpg', '2339946012_06bd480ab8.jpg']","[0.7423, 0.7227, 0.711]"
1245,the boy in the red shirt climbs a large rock,2480832276_fa55480ecb.jpg,6,0.6131,0.7215,0.1085,"['236095031_5cb17dc54a.jpg', '765929807_de381cc764.jpg', '950273886_88c324e663.jpg']","[0.7215, 0.705, 0.6841]"
1247,a person jumping in a rock and treefilled area,2480832276_fa55480ecb.jpg,2,0.6373,0.6418,0.0045,"['3686924335_3c51e8834a.jpg', '2480832276_fa55480ecb.jpg', '3301754574_465af5bf6d.jpg']","[0.6418, 0.6373, 0.6143]"
1249,a man in a red shirt climbs a rock in the background a tree in the foreground,2480832276_fa55480ecb.jpg,3,0.7208,0.7458,0.025,"['136639119_6040b00946.jpg', '415793623_6c1225ae27.jpg', '2480832276_fa55480ecb.jpg']","[0.7458, 0.7334, 0.7208]"
1250,a man is kneeling next to a tripod and a feild of tulips,2490365757_b869282cb3.jpg,-1,0.3909,0.5267,0.1358,"['2472574160_8ce233f396.jpg', '1429723917_6af585e4c0.jpg', '95734035_84732a92c1.jpg']","[0.5267, 0.428, 0.4228]"
1257,a picture of a young man in front of some interesting buildings,2497074804_b4f3e7fd90.jpg,2,0.7172,0.7399,0.0227,"['3503011427_a4ee547c77.jpg', '2497074804_b4f3e7fd90.jpg', '3394586927_eae7732b64.jpg']","[0.7399, 0.7172, 0.6922]"
1258,man poses on street corner,2497074804_b4f3e7fd90.jpg,3,0.5689,0.6112,0.0424,"['3394586927_eae7732b64.jpg', '2815256108_fc1302117d.jpg', '2497074804_b4f3e7fd90.jpg']","[0.6112, 0.6022, 0.5689]"
1259,man with white shirt and green shorts poses for a picture,2497074804_b4f3e7fd90.jpg,-1,0.3601,0.597,0.2369,"['2681215810_00b0642f7b.jpg', '544257613_d9a1fea3f7.jpg', '3412249548_00820fc4ca.jpg']","[0.597, 0.5868, 0.5841]"
1260,a brown cow jumps near a black one as a dog herds them,2500567791_101d5ddee3.jpg,2,0.7683,0.7781,0.0099,"['2403544744_cba152f5c1.jpg', '2500567791_101d5ddee3.jpg', '2176874361_2b4149010b.jpg']","[0.7781, 0.7683, 0.7069]"
1261,a brown and black bull runs from a small black dog,2500567791_101d5ddee3.jpg,-1,0.519,0.72,0.2011,"['3264678536_46601d25f0.jpg', '566921157_07c18a41e2.jpg', '3029715635_43ab414dfb.jpg']","[0.72, 0.6769, 0.6294]"
1262,dog chasing brown cow and black cow,2500567791_101d5ddee3.jpg,2,0.8041,0.8141,0.0099,"['2403544744_cba152f5c1.jpg', '2500567791_101d5ddee3.jpg', '2176874361_2b4149010b.jpg']","[0.8141, 0.8041, 0.7721]"
1265,a woman practicing shooting her gun at a shooting range,2504277798_936a09c74d.jpg,7,0.4217,0.5016,0.08,"['3213395965_2a823c6865.jpg', '2903617548_d3e38d7f88.jpg', '3372251830_baa3665928.jpg']","[0.5016, 0.4996, 0.4849]"
1266,a woman shoots at target practice,2504277798_936a09c74d.jpg,-1,0.3694,0.5339,0.1645,"['3372251830_baa3665928.jpg', '3420260768_26a600b844.jpg', '3425071001_e7c9809ef2.jpg']","[0.5339, 0.4874, 0.4747]"
1267,a woman wearing ear protection is firing a gun at an indoor shooting range,2504277798_936a09c74d.jpg,9,0.4476,0.5534,0.1058,"['3213395965_2a823c6865.jpg', '3726700898_c50494b8bd.jpg', '3119903318_d032141839.jpg']","[0.5534, 0.4863, 0.4629]"
1268,a young woman shoots a gun at a target,2504277798_936a09c74d.jpg,-1,0.3367,0.6182,0.2815,"['2903617548_d3e38d7f88.jpg', '3213395965_2a823c6865.jpg', '319847643_df7c2a1d25.jpg']","[0.6182, 0.5909, 0.5156]"
1269,girl in pink shirt fires at the target at a firing range,2504277798_936a09c74d.jpg,-1,0.2226,0.6011,0.3785,"['2652155912_8ba5426790.jpg', '2448393373_80c011d301.jpg', '3119903318_d032141839.jpg']","[0.6011, 0.5724, 0.5511]"
1270,two people walk toward a potato chip truck,2504991916_dc61e59e49.jpg,-1,0.2358,0.5619,0.3261,"['2410153942_ba4a136358.jpg', '3530087422_7eb2b2c289.jpg', '109823397_e35154645f.jpg']","[0.5619, 0.493, 0.4863]"
1271,two people are walking towards a lays truck,2504991916_dc61e59e49.jpg,-1,0.3447,0.6713,0.3265,"['2750867389_4b815f793a.jpg', '492341908_1ef53be265.jpg', '109823397_e35154645f.jpg']","[0.6713, 0.6592, 0.6128]"
1272,a woman in a tank top checks out the trailer decorated with potato chips,2504991916_dc61e59e49.jpg,-1,0.3708,0.5867,0.2159,"['251958970_fa6b423f23.jpg', '2410153942_ba4a136358.jpg', '210625425_fb1ef5d23b.jpg']","[0.5867, 0.519, 0.4933]"
1273,a lay s potato chip truck at the end of a path and two people walking,2504991916_dc61e59e49.jpg,-1,0.3263,0.6816,0.3553,"['2410153942_ba4a136358.jpg', '109823397_e35154645f.jpg', '3638374272_444f5e0457.jpg']","[0.6816, 0.6787, 0.6083]"
1274,a woman has her arm around a man and they are walking towards a potato chip truck,2504991916_dc61e59e49.jpg,-1,0.2333,0.5078,0.2745,"['2660480624_45f88b3022.jpg', '2877159456_ea4a46b0d2.jpg', '3655964639_21e76383d0.jpg']","[0.5078, 0.5036, 0.5026]"
1275,a daschund with an open mouth appears to bark at a bubble making machine in the grass,2505360288_c972bd29c4.jpg,2,0.6031,0.6293,0.0262,"['2986716822_e220754d32.jpg', '2505360288_c972bd29c4.jpg', '2909875716_25c8652614.jpg']","[0.6293, 0.6031, 0.4952]"
1279,a wiener dog bites at bubbles made by a bubble blowing machine,2505360288_c972bd29c4.jpg,2,0.616,0.6749,0.0589,"['516214924_c2a4364cb3.jpg', '2505360288_c972bd29c4.jpg', '2882483779_73c171ac19.jpg']","[0.6749, 0.616, 0.5662]"
1280,a black dog runs on a platform,251056963_c8b67f0107.jpg,2,0.6489,0.6897,0.0408,"['2378127945_8dc9da82d7.jpg', '251056963_c8b67f0107.jpg', '689776124_07f560a920.jpg']","[0.6897, 0.6489, 0.5831]"
1282,a dog walks across a tall ladder,251056963_c8b67f0107.jpg,7,0.5338,0.6739,0.1401,"['2935703360_4f794f7f09.jpg', '2102581664_5ea50f85c6.jpg', '1659358133_95cd1027bd.jpg']","[0.6739, 0.6445, 0.5739]"
1283,a black and white dog is running along a blue board,251056963_c8b67f0107.jpg,2,0.6528,0.6848,0.032,"['3488087117_2719647989.jpg', '251056963_c8b67f0107.jpg', '2095444126_201ff9f222.jpg']","[0.6848, 0.6528, 0.6424]"
1285,a little boy is putting some cutout letters on the wall,2516317118_10ae66b87a.jpg,-1,0.4346,0.5708,0.1363,"['2212472643_80238475b5.jpg', '343662720_39e4067cd1.jpg', '3701226275_952547ba0f.jpg']","[0.5708, 0.5379, 0.522]"
1286,a small child is playing with cutouts of the letter p,2516317118_10ae66b87a.jpg,-1,0.4709,0.6218,0.1509,"['2410618963_fb78307d18.jpg', '3751594676_edfbfa0688.jpg', '3701226275_952547ba0f.jpg']","[0.6218, 0.5859, 0.5687]"
1287,a toddler sticks paper p letters to a wood paneled wall,2516317118_10ae66b87a.jpg,8,0.4477,0.6168,0.1691,"['3701226275_952547ba0f.jpg', '343662720_39e4067cd1.jpg', '3345025842_bc2082a509.jpg']","[0.6168, 0.5143, 0.4971]"
1288,the child is sticking paper letters to a wooden wall,2516317118_10ae66b87a.jpg,7,0.4662,0.5887,0.1225,"['3701226275_952547ba0f.jpg', '2410618963_fb78307d18.jpg', '3345025842_bc2082a509.jpg']","[0.5887, 0.4786, 0.4767]"
1291,the dog is drinking the water being squirted from the hose by the little girl,2518219912_f47214aa16.jpg,4,0.5338,0.6194,0.0856,"['3052196390_c59dd24ca8.jpg', '3224578187_749882c17f.jpg', '1095476286_87d4f8664e.jpg']","[0.6194, 0.546, 0.5457]"
1295,a man holding a sign with people walking around in the background,251958970_fa6b423f23.jpg,-1,0.4715,0.8162,0.3447,"['2815256108_fc1302117d.jpg', '432167214_c17fcc1a2d.jpg', '2222559267_6fd31e3941.jpg']","[0.8162, 0.6882, 0.6602]"
1296,a man in an old suit holding up a protest sign in a crowd of people,251958970_fa6b423f23.jpg,7,0.54,0.765,0.2251,"['2815256108_fc1302117d.jpg', '3451344589_6787bd06ef.jpg', '416788726_5b4eb1466e.jpg']","[0.765, 0.6601, 0.6485]"
1297,a man stands by an animal rights sign at an outdoor event,251958970_fa6b423f23.jpg,7,0.5325,0.7164,0.184,"['2815256108_fc1302117d.jpg', '416788726_5b4eb1466e.jpg', '2340919359_f56787d307.jpg']","[0.7164, 0.5903, 0.5791]"
1298,a man stands near a crowd holding a protest sign,251958970_fa6b423f23.jpg,-1,0.5213,0.7652,0.2439,"['2815256108_fc1302117d.jpg', '3451344589_6787bd06ef.jpg', '416788726_5b4eb1466e.jpg']","[0.7652, 0.7514, 0.6301]"
1299,man with tan cap suit jacket and plaid shirt behind a picture in an outdoor scene with other people in the background,251958970_fa6b423f23.jpg,-1,0.0518,0.6414,0.5895,"['445861800_75fc6a8c16.jpg', '2930622766_fa8f84deb1.jpg', '2925737498_57585a7ed9.jpg']","[0.6414, 0.6331, 0.6266]"
1303,a dog and his owner at a rocky beach,2521983429_33218366bd.jpg,2,0.6283,0.6322,0.0039,"['1348947380_14f0fc1237.jpg', '2521983429_33218366bd.jpg', '3070031806_3d587c2a66.jpg']","[0.6322, 0.6283, 0.6059]"
1305,a girl in a red and white dress is playing with hula hoops,2522467011_cc825d89ac.jpg,2,0.5631,0.5862,0.023,"['3672940355_47f30e2b28.jpg', '2522467011_cc825d89ac.jpg', '640409060_6af18fdd54.jpg']","[0.5862, 0.5631, 0.5441]"
1306,a girl in a red skirt with some hula hoops,2522467011_cc825d89ac.jpg,2,0.5534,0.5577,0.0042,"['640409060_6af18fdd54.jpg', '2522467011_cc825d89ac.jpg', '3372251830_baa3665928.jpg']","[0.5577, 0.5534, 0.543]"
1307,a little girl hula hoops with multiple colorful hoops,2522467011_cc825d89ac.jpg,-1,0.3907,0.5911,0.2005,"['3474999131_788cbf253f.jpg', '2229179070_dc8ea8582e.jpg', '860928274_744d14f198.jpg']","[0.5911, 0.5157, 0.5143]"
1308,a little girl in a long red skirt is hula hooping with four brightly colored hula hoops,2522467011_cc825d89ac.jpg,3,0.5226,0.5805,0.058,"['640409060_6af18fdd54.jpg', '3474999131_788cbf253f.jpg', '2522467011_cc825d89ac.jpg']","[0.5805, 0.5478, 0.5226]"
1309,the small girl in the red skirt played with the hula hoops,2522467011_cc825d89ac.jpg,5,0.5106,0.5465,0.0359,"['3672940355_47f30e2b28.jpg', '961611340_251081fcb8.jpg', '640409060_6af18fdd54.jpg']","[0.5465, 0.5325, 0.5238]"
1310,silver and blue car marked 104 raises dust on road as two background people watch,2522540026_6ee8ab4c6a.jpg,4,0.5544,0.6271,0.0726,"['3578068665_87bdacef6a.jpg', '2943023421_e297f05e11.jpg', '2660480624_45f88b3022.jpg']","[0.6271, 0.5992, 0.5629]"
1311,blue and silver car going around curve being watched by people standing in grass,2522540026_6ee8ab4c6a.jpg,2,0.6334,0.7701,0.1367,"['3638374272_444f5e0457.jpg', '2522540026_6ee8ab4c6a.jpg', '3578068665_87bdacef6a.jpg']","[0.7701, 0.6334, 0.5718]"
1312,a silver and blue rally car is passing two spectators who are standing at the roadside,2522540026_6ee8ab4c6a.jpg,2,0.7815,0.7987,0.0172,"['3578068665_87bdacef6a.jpg', '2522540026_6ee8ab4c6a.jpg', '2660480624_45f88b3022.jpg']","[0.7987, 0.7815, 0.7808]"
1313,a race car moves down the road as two people watch from a distance,2522540026_6ee8ab4c6a.jpg,3,0.7251,0.7931,0.068,"['2660480624_45f88b3022.jpg', '2943023421_e297f05e11.jpg', '2522540026_6ee8ab4c6a.jpg']","[0.7931, 0.7336, 0.7251]"
1314,a race car numbered 104 is rounding a bend as two people watch and take pictures,2522540026_6ee8ab4c6a.jpg,2,0.7279,0.7518,0.0239,"['3578068665_87bdacef6a.jpg', '2522540026_6ee8ab4c6a.jpg', '2943023421_e297f05e11.jpg']","[0.7518, 0.7279, 0.7207]"
1315,a brown and white dog with a frisbee in his mouth,2525270674_4ab536e7ec.jpg,10,0.4923,0.6258,0.1335,"['516214924_c2a4364cb3.jpg', '535529555_583d89b7f2.jpg', '2942133798_e57c862a90.jpg']","[0.6258, 0.5611, 0.5464]"
1316,a dog with his front paws off the ground holds a white frisbee in his mouth in an rv campground,2525270674_4ab536e7ec.jpg,8,0.5318,0.6739,0.1421,"['535529555_583d89b7f2.jpg', '3595643050_d312e4b652.jpg', '3368671163_0171259581.jpg']","[0.6739, 0.6577, 0.6086]"
1317,a white and brown dog jumps up for a white frisbee,2525270674_4ab536e7ec.jpg,4,0.5308,0.6838,0.1531,"['2857609295_16aaa85293.jpg', '2839807428_efe42423f2.jpg', '3696246123_99d4d10140.jpg']","[0.6838, 0.6477, 0.5603]"
1318,dog catching frisbee,2525270674_4ab536e7ec.jpg,-1,0.4883,0.77,0.2817,"['2839807428_efe42423f2.jpg', '2857609295_16aaa85293.jpg', '436013859_793d870b6f.jpg']","[0.77, 0.7054, 0.626]"
1319,the brown and white dog is catching a frisbee in his mouth,2525270674_4ab536e7ec.jpg,-1,0.4963,0.6488,0.1525,"['516214924_c2a4364cb3.jpg', '2839807428_efe42423f2.jpg', '535529555_583d89b7f2.jpg']","[0.6488, 0.5899, 0.5759]"
1321,a man in blue jeans sits on a bench near a woman in green pants with a red and white bus behind them,2525666287_638ab5e784.jpg,2,0.6998,0.7156,0.0158,"['1332208215_fa824f6659.jpg', '2525666287_638ab5e784.jpg', '310213587_778fe8fb5b.jpg']","[0.7156, 0.6998, 0.6468]"
1322,two people wait on a bench,2525666287_638ab5e784.jpg,2,0.6417,0.6728,0.0312,"['310213587_778fe8fb5b.jpg', '2525666287_638ab5e784.jpg', '468918320_9c275b877f.jpg']","[0.6728, 0.6417, 0.6212]"
1324,a man and a woman are waiting for a train ignoring each other,2525666287_638ab5e784.jpg,4,0.5666,0.7563,0.1898,"['1332208215_fa824f6659.jpg', '454686980_7517fe0c2e.jpg', '954987350_a0c608b467.jpg']","[0.7563, 0.6414, 0.6067]"
1325,a group of men in a yellow boat with their dogs,2526585002_10987a63f3.jpg,4,0.6765,0.7505,0.074,"['2744330402_824240184c.jpg', '2906802485_dfebf09173.jpg', '3207264553_8cd4dcde53.jpg']","[0.7505, 0.707, 0.6908]"
1326,the men shake hands while another man and dogs look on,2526585002_10987a63f3.jpg,-1,0.1946,0.6015,0.4069,"['3105929913_94a6882e25.jpg', '3042380610_c5ea61eef8.jpg', '2891240104_6755281868.jpg']","[0.6015, 0.5579, 0.5523]"
1327,the three men and three dogs floated in the yellow boat,2526585002_10987a63f3.jpg,4,0.6392,0.7179,0.0787,"['2744330402_824240184c.jpg', '2906802485_dfebf09173.jpg', '3207264553_8cd4dcde53.jpg']","[0.7179, 0.6918, 0.645]"
1329,two men huddle around a dog,2526585002_10987a63f3.jpg,-1,0.2485,0.6416,0.3932,"['2340919359_f56787d307.jpg', '2865376471_43c5e6b941.jpg', '397547349_1fd14b95af.jpg']","[0.6416, 0.6252, 0.6024]"
1330,a boy dressed in a plaid kilt with a brown hat wields a long pole,2527163162_d0fb802992.jpg,-1,0.2492,0.5779,0.3286,"['2341254813_c53a5ef27a.jpg', '2372572028_53b76104a9.jpg', '2358554995_54ed3baa83.jpg']","[0.5779, 0.5568, 0.5398]"
1331,a boy wearing a scottish kilt holding a large stick,2527163162_d0fb802992.jpg,-1,0.2891,0.5824,0.2933,"['3426144752_28d63615ca.jpg', '3612249030_e2829ffa31.jpg', '2271468944_3264d29208.jpg']","[0.5824, 0.5174, 0.5119]"
1332,a child is holding a rod while standing on a bridge near a grassy area,2527163162_d0fb802992.jpg,-1,0.4898,0.68,0.1902,"['2456907314_49bc4591c4.jpg', '2107838729_a527e434bd.jpg', '3637013_c675de7705.jpg']","[0.68, 0.6657, 0.6582]"
1333,a little boy in a kilt is fishing with a stick,2527163162_d0fb802992.jpg,6,0.4131,0.5508,0.1378,"['2271468944_3264d29208.jpg', '2456907314_49bc4591c4.jpg', '2107838729_a527e434bd.jpg']","[0.5508, 0.5207, 0.464]"
1334,a young girl dressed in a uniform is holding a very long stick,2527163162_d0fb802992.jpg,-1,0.445,0.5524,0.1074,"['3688839836_ba5e4c24fc.jpg', '2260369648_e21ae6494a.jpg', '2648165716_02e2e74fd6.jpg']","[0.5524, 0.5221, 0.5089]"
1336,an elderly woman collects recyclable trash,2533076864_d799996433.jpg,2,0.5949,0.6222,0.0273,"['3347500603_13670ee6bf.jpg', '2533076864_d799996433.jpg', '3673970325_4e025069e9.jpg']","[0.6222, 0.5949, 0.588]"
1337,a woman searching for cans in the trash to put in her grocery cart,2533076864_d799996433.jpg,5,0.517,0.7111,0.1941,"['251958970_fa6b423f23.jpg', '3673970325_4e025069e9.jpg', '3347500603_13670ee6bf.jpg']","[0.7111, 0.6695, 0.6416]"
1339,bag lady going through the trash,2533076864_d799996433.jpg,4,0.5813,0.6749,0.0936,"['1952896009_cee8147c90.jpg', '3347500603_13670ee6bf.jpg', '3673970325_4e025069e9.jpg']","[0.6749, 0.6747, 0.5864]"
1340,man in maroon shirt running behind a running girl wearing a red white and blue tutu,2538477523_1da77eb11c.jpg,-1,0.3481,0.6596,0.3114,"['3463268965_f22884fc69.jpg', '1685990174_09c4fb7df8.jpg', '2302747917_aa0300eb68.jpg']","[0.6596, 0.6093, 0.6093]"
1341,a man chasing a young girl wearing a red white and blue skirt,2538477523_1da77eb11c.jpg,5,0.5517,0.6718,0.12,"['3555231025_73fa54fa29.jpg', '3415228562_4efa9c9b70.jpg', '2302747917_aa0300eb68.jpg']","[0.6718, 0.6544, 0.6261]"
1342,a man chases a little girl in a flowery dress down a paved trail,2538477523_1da77eb11c.jpg,2,0.6064,0.6319,0.0255,"['3555231025_73fa54fa29.jpg', '2538477523_1da77eb11c.jpg', '2592019072_a6c0090da4.jpg']","[0.6319, 0.6064, 0.6039]"
1343,a girl in a dress runs followed by a man in jeans,2538477523_1da77eb11c.jpg,-1,0.4944,0.7032,0.2088,"['3415228562_4efa9c9b70.jpg', '961611340_251081fcb8.jpg', '2302747917_aa0300eb68.jpg']","[0.7032, 0.6537, 0.6413]"
1344,a man and a little girl are running on a walkway,2538477523_1da77eb11c.jpg,2,0.644,0.6751,0.0311,"['2302747917_aa0300eb68.jpg', '2538477523_1da77eb11c.jpg', '3415228562_4efa9c9b70.jpg']","[0.6751, 0.644, 0.6193]"
1345,a man and woman walk away from the camera as a redheaded man walks in the other direction,2540751930_d71c7f5622.jpg,-1,0.0166,0.6326,0.616,"['2219959872_988e6d498e.jpg', '3125158798_0743dae56e.jpg', '3677734351_63d60844cb.jpg']","[0.6326, 0.6267, 0.6167]"
1346,pedestrians walk on a sidewalk next to a grassy wooded field,2540751930_d71c7f5622.jpg,-1,0.0276,0.7302,0.7027,"['2344412916_9a5a9b1c82.jpg', '3677734351_63d60844cb.jpg', '268365231_a0acecdc45.jpg']","[0.7302, 0.6726, 0.667]"
1347,people are walking around a park area,2540751930_d71c7f5622.jpg,-1,0.2128,0.754,0.5412,"['3677734351_63d60844cb.jpg', '2344412916_9a5a9b1c82.jpg', '2289096282_4ef120f189.jpg']","[0.754, 0.6922, 0.6145]"
1348,people meandering around in a grassy area with trees,2540751930_d71c7f5622.jpg,9,0.4911,0.6645,0.1734,"['3596959859_a7cb1e194b.jpg', '1685990174_09c4fb7df8.jpg', '305199420_89f6ddd778.jpg']","[0.6645, 0.5886, 0.582]"
1349,young adults dressed casually walk around in a field,2540751930_d71c7f5622.jpg,-1,0.2417,0.583,0.3414,"['3677734351_63d60844cb.jpg', '3125158798_0743dae56e.jpg', '3712923460_1b20ebb131.jpg']","[0.583, 0.5494, 0.5272]"
1350,a young boy smiles at the bottom of the slide,2542037086_58c833699c.jpg,3,0.6157,0.7422,0.1265,"['2988244398_5da7012fce.jpg', '542317719_ed4dd95dc2.jpg', '2542037086_58c833699c.jpg']","[0.7422, 0.6926, 0.6157]"
1351,a little girl sliding on her belly down a slide,2542037086_58c833699c.jpg,-1,0.47,0.7568,0.2868,"['640409060_6af18fdd54.jpg', '2988244398_5da7012fce.jpg', '2576878141_87f25a10f0.jpg']","[0.7568, 0.7156, 0.6418]"
1353,a blonde haired boy is at the bottom of a slide,2542037086_58c833699c.jpg,2,0.6965,0.7919,0.0954,"['2988244398_5da7012fce.jpg', '2542037086_58c833699c.jpg', '542317719_ed4dd95dc2.jpg']","[0.7919, 0.6965, 0.6353]"
1354,a child on a red slide,2542037086_58c833699c.jpg,3,0.6965,0.7944,0.0979,"['542317719_ed4dd95dc2.jpg', '2988244398_5da7012fce.jpg', '2542037086_58c833699c.jpg']","[0.7944, 0.7296, 0.6965]"
1355,a woman in a blue shirt guides her dog over an obstacle,2542662402_d781dd7f7c.jpg,2,0.7272,0.7353,0.0081,"['1348947380_14f0fc1237.jpg', '2542662402_d781dd7f7c.jpg', '3474999131_788cbf253f.jpg']","[0.7353, 0.7272, 0.6993]"
1358,a woman walking with a sheltie through a competition obstacle course,2542662402_d781dd7f7c.jpg,2,0.5874,0.6335,0.046,"['3474999131_788cbf253f.jpg', '2542662402_d781dd7f7c.jpg', '2935703360_4f794f7f09.jpg']","[0.6335, 0.5874, 0.5621]"
1360,the white dog is lying on the grass and chewing a piece of wood,2543247940_083f1b7969.jpg,2,0.5612,0.5699,0.0087,"['2584412512_6767593f24.jpg', '2543247940_083f1b7969.jpg', '1084040636_97d9633581.jpg']","[0.5699, 0.5612, 0.5443]"
1361,a white dog with a collar and leash is about to chew on a stick,2543247940_083f1b7969.jpg,-1,0.4437,0.6094,0.1657,"['2584412512_6767593f24.jpg', '467858872_f3431df682.jpg', '3368671163_0171259581.jpg']","[0.6094, 0.5805, 0.5356]"
1362,a white dog wearing a leash laying down and chewing on the end of a stick,2543247940_083f1b7969.jpg,-1,0.4082,0.6509,0.2427,"['467858872_f3431df682.jpg', '2584412512_6767593f24.jpg', '3330935489_9cb67ca36b.jpg']","[0.6509, 0.6001, 0.532]"
1363,a large white dog is playing with a large stick,2543247940_083f1b7969.jpg,3,0.6203,0.6603,0.04,"['3368671163_0171259581.jpg', '2584412512_6767593f24.jpg', '2543247940_083f1b7969.jpg']","[0.6603, 0.6292, 0.6203]"
1364,a white dog lays on green grass while chewing on a stick,2543247940_083f1b7969.jpg,2,0.5876,0.6218,0.0342,"['2584412512_6767593f24.jpg', '2543247940_083f1b7969.jpg', '2986716822_e220754d32.jpg']","[0.6218, 0.5876, 0.5605]"
1365,a black and white dog hopes a toy is thrown his way after a gray and white one receives one,2545192257_142fe9e2de.jpg,-1,0.4416,0.5734,0.1318,"['2942133798_e57c862a90.jpg', '244399048_8332bb3270.jpg', '283428775_a3665bee7c.jpg']","[0.5734, 0.545, 0.5405]"
1366,a black and white dog near a grey and white dog on beige carpet,2545192257_142fe9e2de.jpg,4,0.6996,0.7686,0.0691,"['351876121_c7c0221928.jpg', '460935487_75b2da7854.jpg', '2702506716_17a7fb3ba4.jpg']","[0.7686, 0.7178, 0.7093]"
1368,two dogs are on the carpet in front of a cardboard box,2545192257_142fe9e2de.jpg,2,0.7219,0.7922,0.0703,"['2325258180_6217dd17eb.jpg', '2545192257_142fe9e2de.jpg', '351876121_c7c0221928.jpg']","[0.7922, 0.7219, 0.7132]"
1375,a dog nipping at the feet of a cow,2546959333_23b957988f.jpg,7,0.5529,0.6747,0.1219,"['3271468462_701eb88d3b.jpg', '2403544744_cba152f5c1.jpg', '2176874361_2b4149010b.jpg']","[0.6747, 0.6638, 0.6173]"
1376,a dog pounces on the grass,2546959333_23b957988f.jpg,-1,0.3892,0.7243,0.3352,"['1359101233_16c2c150e3.jpg', '241046599_28b0ca7b9f.jpg', '1346529555_e916816cfe.jpg']","[0.7243, 0.7207, 0.7006]"
1377,the dog is running after the bull,2546959333_23b957988f.jpg,8,0.6225,0.771,0.1485,"['536721406_884ab8fece.jpg', '2176874361_2b4149010b.jpg', '3294952558_96bb8c8cf3.jpg']","[0.771, 0.725, 0.6617]"
1379,two dogs outside on green grass,2546959333_23b957988f.jpg,8,0.562,0.8038,0.2418,"['2314722788_6262c3aa40.jpg', '2567035103_3511020c8f.jpg', '439492931_a96d590e40.jpg']","[0.8038, 0.7642, 0.6738]"
1380,a dog jumps on bed covered in pink with hopes of playing with the ball in its mouth,2550109269_bc4262bd27.jpg,8,0.5466,0.7129,0.1663,"['3155390408_8e1a81efb2.jpg', '539750844_02a07ec524.jpg', '3229898555_16877f5180.jpg']","[0.7129, 0.683, 0.6077]"
1381,blonde scottish terrier with ball in mouth standing on blanket,2550109269_bc4262bd27.jpg,-1,0.3682,0.6969,0.3286,"['2949353587_64c54e9589.jpg', '3383491811_fd9d3a891d.jpg', '458735196_176e7df6b3.jpg']","[0.6969, 0.667, 0.65]"
1382,a dog is on the bed holding a toy soccer ball,2550109269_bc4262bd27.jpg,-1,0.4054,0.6726,0.2672,"['2949353587_64c54e9589.jpg', '2325258180_6217dd17eb.jpg', '3177298173_78cea31d64.jpg']","[0.6726, 0.647, 0.5762]"
1383,a brown dog with a tiny soccer ball in its mouth is standing on a blanket,2550109269_bc4262bd27.jpg,-1,0.2703,0.6333,0.363,"['2949353587_64c54e9589.jpg', '458735196_176e7df6b3.jpg', '3383491811_fd9d3a891d.jpg']","[0.6333, 0.592, 0.5632]"
1384,a dog is bringing a little soccer ball onto a human bed,2550109269_bc4262bd27.jpg,-1,0.4207,0.6298,0.2092,"['2325258180_6217dd17eb.jpg', '2949353587_64c54e9589.jpg', '3177298173_78cea31d64.jpg']","[0.6298, 0.6027, 0.5885]"
1385,people laying in massage chairs,255091927_2eb643beb2.jpg,9,0.4418,0.5969,0.1551,"['3319338707_892ae2a660.jpg', '469617651_278e586e46.jpg', '3321516504_5ee97771cb.jpg']","[0.5969, 0.5368, 0.5358]"
1386,three people are enjoying vibrating massage chairs,255091927_2eb643beb2.jpg,-1,0.4267,0.6961,0.2693,"['3319338707_892ae2a660.jpg', '3084018061_df66d98325.jpg', '3042380610_c5ea61eef8.jpg']","[0.6961, 0.5573, 0.5208]"
1387,three people recline in massage chairs,255091927_2eb643beb2.jpg,8,0.4603,0.6956,0.2353,"['3319338707_892ae2a660.jpg', '3178599352_c57fdebcd2.jpg', '3084018061_df66d98325.jpg']","[0.6956, 0.5402, 0.5324]"
1388,two asian men and asian woman sit in black massage chairs,255091927_2eb643beb2.jpg,6,0.5094,0.6897,0.1804,"['3319338707_892ae2a660.jpg', '2602258549_7401a3cdae.jpg', '3084018061_df66d98325.jpg']","[0.6897, 0.6141, 0.6021]"
1389,two asian men and a woman are relaxing in massage chairs,255091927_2eb643beb2.jpg,-1,0.4261,0.7039,0.2778,"['3319338707_892ae2a660.jpg', '3084018061_df66d98325.jpg', '2602258549_7401a3cdae.jpg']","[0.7039, 0.6038, 0.595]"
1390,the elderly man wearing the white cap is holding his thumb up,2551344688_17a12a6948.jpg,2,0.6635,0.7218,0.0584,"['2924884899_f512c84332.jpg', '2551344688_17a12a6948.jpg', '1418019748_51c7d59c11.jpg']","[0.7218, 0.6635, 0.6512]"
1391,man with white beard and glasses gives a thumbs up,2551344688_17a12a6948.jpg,6,0.5815,0.7564,0.175,"['3412249548_00820fc4ca.jpg', '544257613_d9a1fea3f7.jpg', '2856700531_312528eea4.jpg']","[0.7564, 0.6472, 0.6226]"
1392,an old man with a whitehaired beard and a blue cap gives a thumbsup sign with his right hand,2551344688_17a12a6948.jpg,4,0.5857,0.6796,0.0939,"['3412249548_00820fc4ca.jpg', '2924884899_f512c84332.jpg', '2815256108_fc1302117d.jpg']","[0.6796, 0.6669, 0.6412]"
1393,a man with a denim hat and white beard gives a thumbs up,2551344688_17a12a6948.jpg,3,0.6332,0.6779,0.0447,"['2924884899_f512c84332.jpg', '3412249548_00820fc4ca.jpg', '2551344688_17a12a6948.jpg']","[0.6779, 0.6638, 0.6332]"
1394,a man with a gray beard and denim hat gives a thumbs up sign with his hand,2551344688_17a12a6948.jpg,-1,0.4308,0.7087,0.2779,"['3412249548_00820fc4ca.jpg', '2815256108_fc1302117d.jpg', '470887791_86d5a08a38.jpg']","[0.7087, 0.6417, 0.6108]"
1396,a man and a woman walk with a white dog on a leash,255330891_86d65dfdbf.jpg,4,0.6515,0.6964,0.0449,"['397547349_1fd14b95af.jpg', '2865376471_43c5e6b941.jpg', '1348947380_14f0fc1237.jpg']","[0.6964, 0.6631, 0.6622]"
1397,a man walking a dog puts his arm around the shoulder of a woman with pink pants,255330891_86d65dfdbf.jpg,-1,0.4124,0.6809,0.2684,"['1348947380_14f0fc1237.jpg', '3655964639_21e76383d0.jpg', '397547349_1fd14b95af.jpg']","[0.6809, 0.6433, 0.6407]"
1398,a man woman and dog walk down a paved road,255330891_86d65dfdbf.jpg,6,0.6093,0.7127,0.1034,"['1348947380_14f0fc1237.jpg', '397547349_1fd14b95af.jpg', '3655964639_21e76383d0.jpg']","[0.7127, 0.6636, 0.6245]"
1399,the man is walking a white dog with one hand whilst resting his other hand on the shoulder of the woman with the pink backpack,255330891_86d65dfdbf.jpg,5,0.5846,0.6758,0.0912,"['397547349_1fd14b95af.jpg', '1348947380_14f0fc1237.jpg', '2340919359_f56787d307.jpg']","[0.6758, 0.6721, 0.6075]"
1404,a dog is running along the grass,2555535057_007501dae5.jpg,-1,0.6873,0.7922,0.1048,"['2730994020_64ac1d18be.jpg', '459814265_d48ba48978.jpg', '2584487952_f70e5aa9bf.jpg']","[0.7922, 0.7885, 0.7431]"
1406,a little darkhaired boy on a chair in his white bathrobe,2556392380_ee57514233.jpg,-1,0.4352,0.6525,0.2173,"['2212472643_80238475b5.jpg', '3613030730_0b28b079ba.jpg', '3321516504_5ee97771cb.jpg']","[0.6525, 0.5754, 0.5356]"
1407,a small boy in a bathrobe is sitting in a metal chair,2556392380_ee57514233.jpg,2,0.5412,0.6042,0.063,"['2542037086_58c833699c.jpg', '2556392380_ee57514233.jpg', '2212472643_80238475b5.jpg']","[0.6042, 0.5412, 0.5315]"
1408,little boy in a robe sits in a chair posing for the camera,2556392380_ee57514233.jpg,2,0.6892,0.7047,0.0155,"['2212472643_80238475b5.jpg', '2556392380_ee57514233.jpg', '452419961_6d42ab7000.jpg']","[0.7047, 0.6892, 0.6053]"
1410,two children play street hockey in front of a goal,2557972410_6925fe695c.jpg,4,0.5827,0.6674,0.0848,"['3437781040_82b06facb3.jpg', '3538021517_b930dc76fc.jpg', '3506607642_40037b3fbf.jpg']","[0.6674, 0.6332, 0.5905]"
1411,several players playing a game of hockey outside on the road,2557972410_6925fe695c.jpg,-1,0.3378,0.7277,0.3899,"['3437781040_82b06facb3.jpg', '3613027188_1645ca1976.jpg', '269986132_91b71e8aaa.jpg']","[0.7277, 0.616, 0.6073]"
1412,some children play hockey outside,2557972410_6925fe695c.jpg,7,0.5264,0.7045,0.178,"['3437781040_82b06facb3.jpg', '72218201_e0e9c7d65b.jpg', '3538021517_b930dc76fc.jpg']","[0.7045, 0.6077, 0.5636]"
1413,a goalie is guarding the goal,2557972410_6925fe695c.jpg,-1,0.1384,0.7897,0.6513,"['3231751379_10ebf7150c.jpg', '3538021517_b930dc76fc.jpg', '3363836972_c87b58c948.jpg']","[0.7897, 0.6737, 0.6337]"
1414,kids in helmets play hockey outside,2557972410_6925fe695c.jpg,2,0.596,0.7076,0.1116,"['3437781040_82b06facb3.jpg', '2557972410_6925fe695c.jpg', '3231751379_10ebf7150c.jpg']","[0.7076, 0.596, 0.5891]"
1416,a girl with a guitar,2561319255_ce5ede291e.jpg,3,0.6666,0.7476,0.081,"['3332202255_a30c522664.jpg', '2978236380_fb24c43f1e.jpg', '2561319255_ce5ede291e.jpg']","[0.7476, 0.6723, 0.6666]"
1421,a man plays with his dog making him jump for food,2561334141_0aacefa5e7.jpg,4,0.6426,0.7475,0.1049,"['2340919359_f56787d307.jpg', '3415646718_f9f4e23a66.jpg', '2839807428_efe42423f2.jpg']","[0.7475, 0.6616, 0.6463]"
1422,a man playing with a ball toy with his brown dog,2561334141_0aacefa5e7.jpg,9,0.5081,0.6409,0.1327,"['539750844_02a07ec524.jpg', '2340919359_f56787d307.jpg', '2960033435_c20cc7399a.jpg']","[0.6409, 0.6077, 0.6038]"
1423,a man in jeans plays with a white and brown dog at the beach,2561334141_0aacefa5e7.jpg,2,0.6779,0.6841,0.0062,"['1348947380_14f0fc1237.jpg', '2561334141_0aacefa5e7.jpg', '2759211664_d21393b668.jpg']","[0.6841, 0.6779, 0.5896]"
1425,a couple walking down the street,256444892_efcb3bd824.jpg,-1,0.5721,0.6702,0.0982,"['1389264266_8170bc1c54.jpg', '3655964639_21e76383d0.jpg', '2798651021_2566f2a47e.jpg']","[0.6702, 0.6672, 0.6659]"
1426,a man and a woman walk along the sidewalk,256444892_efcb3bd824.jpg,-1,0.5944,0.6903,0.096,"['2798651021_2566f2a47e.jpg', '3242007318_01e82171aa.jpg', '2344412916_9a5a9b1c82.jpg']","[0.6903, 0.6814, 0.6734]"
1427,a man and a woman walking down a city street,256444892_efcb3bd824.jpg,2,0.7039,0.7266,0.0227,"['3655964639_21e76383d0.jpg', '256444892_efcb3bd824.jpg', '3242007318_01e82171aa.jpg']","[0.7266, 0.7039, 0.7019]"
1428,a man and woman stand on the sidewalk of a busy street,256444892_efcb3bd824.jpg,8,0.6352,0.7574,0.1222,"['2222559267_6fd31e3941.jpg', '3072782873_3278f3b3a7.jpg', '3655964639_21e76383d0.jpg']","[0.7574, 0.7058, 0.6963]"
1429,people are walking through a crowded street,256444892_efcb3bd824.jpg,-1,0.567,0.7322,0.1652,"['3433470650_a8b1c27173.jpg', '3535879138_9281dc83d5.jpg', '2718376488_3c62f7642c.jpg']","[0.7322, 0.6926, 0.6764]"
1434,a man laying in the grass under a tree,2565350330_c7f305e7f7.jpg,2,0.5817,0.7349,0.1532,"['3495490064_8db40a83af.jpg', '2565350330_c7f305e7f7.jpg', '2681215810_00b0642f7b.jpg']","[0.7349, 0.5817, 0.5442]"
1435,three black dogs retrieving an item from a body of water,2565685680_c30972455d.jpg,2,0.5927,0.7263,0.1336,"['2089350172_dc2cf9fcf6.jpg', '2565685680_c30972455d.jpg', '428796930_476a3d6395.jpg']","[0.7263, 0.5927, 0.5893]"
1436,a black animal or two are in the water,2565685680_c30972455d.jpg,3,0.6797,0.6918,0.012,"['1470132731_fa416b7504.jpg', '2089350172_dc2cf9fcf6.jpg', '2565685680_c30972455d.jpg']","[0.6918, 0.6889, 0.6797]"
1437,a black dog plays around in water,2565685680_c30972455d.jpg,3,0.8679,0.91,0.0421,"['1470132731_fa416b7504.jpg', '2756636539_cc1eacbf4a.jpg', '2565685680_c30972455d.jpg']","[0.91, 0.8682, 0.8679]"
1438,an animal with black fur splashing about in relatively deep water,2565685680_c30972455d.jpg,4,0.7662,0.7881,0.0219,"['247778426_fd59734130.jpg', '2756636539_cc1eacbf4a.jpg', '1470132731_fa416b7504.jpg']","[0.7881, 0.7824, 0.7684]"
1439,the three black dogs are swimming very close to each other,2565685680_c30972455d.jpg,2,0.6242,0.741,0.1168,"['2089350172_dc2cf9fcf6.jpg', '2565685680_c30972455d.jpg', '1470132731_fa416b7504.jpg']","[0.741, 0.6242, 0.5994]"
1440,two dogs face each other in a field,2567035103_3511020c8f.jpg,2,0.7275,0.7529,0.0254,"['2314722788_6262c3aa40.jpg', '2567035103_3511020c8f.jpg', '2427558437_3e839056d7.jpg']","[0.7529, 0.7275, 0.6633]"
1441,two dogs are running and barking at each other,2567035103_3511020c8f.jpg,-1,0.3678,0.6643,0.2965,"['2347921097_f2e35753c0.jpg', '3173461705_b5cdeef1eb.jpg', '3415809168_af9dabdba5.jpg']","[0.6643, 0.6383, 0.6268]"
1442,two dogs are playing in the grass,2567035103_3511020c8f.jpg,3,0.6758,0.7944,0.1186,"['2314722788_6262c3aa40.jpg', '684375286_09cc1aa778.jpg', '2567035103_3511020c8f.jpg']","[0.7944, 0.7422, 0.6758]"
1443,a black and white dog is playing or fighting with a brown dog in grass,2567035103_3511020c8f.jpg,-1,0.507,0.7036,0.1966,"['684375286_09cc1aa778.jpg', '3086523890_fd9394af8b.jpg', '2314722788_6262c3aa40.jpg']","[0.7036, 0.6677, 0.6327]"
1445,a black dog splashes through greenish water,2574230252_f5a1382dd4.jpg,5,0.7291,0.816,0.0869,"['2565685680_c30972455d.jpg', '1470132731_fa416b7504.jpg', '2756636539_cc1eacbf4a.jpg']","[0.816, 0.793, 0.7507]"
1446,a black dog walking through splashing water in a rocky creek,2574230252_f5a1382dd4.jpg,5,0.6254,0.7774,0.1519,"['527968666_1fcddf81ab.jpg', '3640020134_367941f5ec.jpg', '2756636539_cc1eacbf4a.jpg']","[0.7774, 0.674, 0.6601]"
1447,a brown dog walks through a shallow stream,2574230252_f5a1382dd4.jpg,10,0.6179,0.7559,0.1379,"['3695949492_27ca3892fd.jpg', '2452686995_621878f561.jpg', '2051194177_fbeee211e3.jpg']","[0.7559, 0.699, 0.674]"
1448,a greenish dog runs through the water by several large rocks,2574230252_f5a1382dd4.jpg,8,0.6305,0.7075,0.0771,"['2051194177_fbeee211e3.jpg', '2452686995_621878f561.jpg', '3695949492_27ca3892fd.jpg']","[0.7075, 0.6936, 0.6834]"
1449,the dog walks in the shallow water,2574230252_f5a1382dd4.jpg,10,0.6624,0.7524,0.09,"['2613209320_edf6a2b7e9.jpg', '2220175999_081aa9cce8.jpg', '2051194177_fbeee211e3.jpg']","[0.7524, 0.7423, 0.7349]"
1450,a toddler in a light blue overall sits at the top of a red plastic slide,2576878141_87f25a10f0.jpg,3,0.666,0.7543,0.0883,"['2988244398_5da7012fce.jpg', '542317719_ed4dd95dc2.jpg', '2576878141_87f25a10f0.jpg']","[0.7543, 0.719, 0.666]"
1451,a small baby boy sitting on a slide,2576878141_87f25a10f0.jpg,6,0.5683,0.7146,0.1463,"['2988244398_5da7012fce.jpg', '2556392380_ee57514233.jpg', '2542037086_58c833699c.jpg']","[0.7146, 0.7124, 0.6428]"
1452,a small child wearing light blue overalls sits on a red slide,2576878141_87f25a10f0.jpg,10,0.5478,0.7427,0.1949,"['2988244398_5da7012fce.jpg', '2542037086_58c833699c.jpg', '542317719_ed4dd95dc2.jpg']","[0.7427, 0.7218, 0.6889]"
1453,a baby in blue pants is sitting on a red slide,2576878141_87f25a10f0.jpg,2,0.6751,0.7169,0.0418,"['2988244398_5da7012fce.jpg', '2576878141_87f25a10f0.jpg', '542317719_ed4dd95dc2.jpg']","[0.7169, 0.6751, 0.6223]"
1454,a little boy in a blue jumper is playing on a red plastic toy that looks like a slide,2576878141_87f25a10f0.jpg,3,0.649,0.7114,0.0625,"['860928274_744d14f198.jpg', '2988244398_5da7012fce.jpg', '2576878141_87f25a10f0.jpg']","[0.7114, 0.6875, 0.649]"
1455,a fluffy white and brown puppy is playing with a white curly haired puppy,2584412512_6767593f24.jpg,4,0.6217,0.761,0.1392,"['3086523890_fd9394af8b.jpg', '351876121_c7c0221928.jpg', '3035118753_69287079dc.jpg']","[0.761, 0.6371, 0.6357]"
1456,a spotted dog butting a white dog with his head,2584412512_6767593f24.jpg,3,0.7092,0.7703,0.0611,"['453756106_711c20471a.jpg', '467858872_f3431df682.jpg', '2584412512_6767593f24.jpg']","[0.7703, 0.7396, 0.7092]"
1458,two dogs are playing together,2584412512_6767593f24.jpg,-1,0.4877,0.7814,0.2937,"['3494345896_dd6b32cfa3.jpg', '684375286_09cc1aa778.jpg', '351876121_c7c0221928.jpg']","[0.7814, 0.7615, 0.7554]"
1459,two dogs play with one another on the lawn,2584412512_6767593f24.jpg,-1,0.5468,0.7762,0.2295,"['684375286_09cc1aa778.jpg', '2314722788_6262c3aa40.jpg', '2981372647_2061278c60.jpg']","[0.7762, 0.7343, 0.7035]"
1460,a red dog jumping up in a field of tall grass,2584487952_f70e5aa9bf.jpg,3,0.6123,0.6423,0.0299,"['2730994020_64ac1d18be.jpg', '3518675890_2f65e23ff9.jpg', '2584487952_f70e5aa9bf.jpg']","[0.6423, 0.6129, 0.6123]"
1461,a dog is jumping in the air in a field of grass,2584487952_f70e5aa9bf.jpg,5,0.6596,0.7153,0.0557,"['1514957266_a19827c538.jpg', '2673148534_8daf0de833.jpg', '2730994020_64ac1d18be.jpg']","[0.7153, 0.7134, 0.6894]"
1462,a brown dog jumps high on a field of grass,2584487952_f70e5aa9bf.jpg,4,0.6478,0.7288,0.0809,"['1324816249_86600a6759.jpg', '3518675890_2f65e23ff9.jpg', '2673148534_8daf0de833.jpg']","[0.7288, 0.7279, 0.6869]"
1463,a brown dog jumps high in the grass,2584487952_f70e5aa9bf.jpg,9,0.5856,0.6957,0.11,"['3518675890_2f65e23ff9.jpg', '1324816249_86600a6759.jpg', '241046599_28b0ca7b9f.jpg']","[0.6957, 0.6775, 0.6696]"
1464,a brown dog jumps into the grass,2584487952_f70e5aa9bf.jpg,7,0.6113,0.7147,0.1033,"['241046599_28b0ca7b9f.jpg', '3518675890_2f65e23ff9.jpg', '1324816249_86600a6759.jpg']","[0.7147, 0.7008, 0.6563]"
1469,the asian girl is running across the grass,2592019072_a6c0090da4.jpg,2,0.7317,0.7384,0.0066,"['3555231025_73fa54fa29.jpg', '2592019072_a6c0090da4.jpg', '3415287719_3c776f370e.jpg']","[0.7384, 0.7317, 0.6916]"
1475,a boy and a girl at the beach throwing sand,2597308074_acacc12e1b.jpg,-1,0.4566,0.8299,0.3733,"['3518755601_cebf11e515.jpg', '3649224118_abe73c672c.jpg', '459778335_857d8ffebf.jpg']","[0.8299, 0.7322, 0.7169]"
1476,a boy flings sand at a girl,2597308074_acacc12e1b.jpg,-1,0.3801,0.8001,0.42,"['3518755601_cebf11e515.jpg', '3649224118_abe73c672c.jpg', '459778335_857d8ffebf.jpg']","[0.8001, 0.7035, 0.6712]"
1477,a boy with an orange tool on the shore is spraying a girl standing in shallow water with mud,2597308074_acacc12e1b.jpg,7,0.5278,0.7034,0.1756,"['1308472581_9961782889.jpg', '2277081067_d2b4c98bce.jpg', '2271468944_3264d29208.jpg']","[0.7034, 0.6779, 0.6495]"
1478,boy flings mud at girl,2597308074_acacc12e1b.jpg,-1,0.2942,0.6529,0.3587,"['3041689520_c481bdb20e.jpg', '3229913073_e7857a5966.jpg', '3178489390_13a6ae7524.jpg']","[0.6529, 0.6079, 0.5668]"
1479,the young boy flings mud at the barefoot girl in the pond,2597308074_acacc12e1b.jpg,-1,0.4292,0.5812,0.1521,"['3041689520_c481bdb20e.jpg', '2277081067_d2b4c98bce.jpg', '3229913073_e7857a5966.jpg']","[0.5812, 0.5812, 0.5597]"
1480,the kid is sliding down a tan plastic slide,2597737483_6518a230e4.jpg,5,0.5507,0.8307,0.2801,"['2988244398_5da7012fce.jpg', '2542037086_58c833699c.jpg', '542317719_ed4dd95dc2.jpg']","[0.8307, 0.7067, 0.6959]"
1481,boy sliding down the slide with outstretched arms,2597737483_6518a230e4.jpg,8,0.4934,0.6723,0.1789,"['2988244398_5da7012fce.jpg', '3741827382_71e93298d0.jpg', '693785581_68bec8312a.jpg']","[0.6723, 0.6428, 0.6312]"
1482,a smiling boy goes down a brown slide,2597737483_6518a230e4.jpg,7,0.4616,0.7645,0.3029,"['2988244398_5da7012fce.jpg', '2542037086_58c833699c.jpg', '542317719_ed4dd95dc2.jpg']","[0.7645, 0.6858, 0.6727]"
1483,a boy goes down a slide,2597737483_6518a230e4.jpg,5,0.5028,0.7645,0.2616,"['2988244398_5da7012fce.jpg', '2542037086_58c833699c.jpg', '542317719_ed4dd95dc2.jpg']","[0.7645, 0.7188, 0.6688]"
1484,a boy wearing a tshirt with the american flag goes down a slide with his arms flung out,2597737483_6518a230e4.jpg,-1,0.3218,0.634,0.3122,"['693785581_68bec8312a.jpg', '542317719_ed4dd95dc2.jpg', '2973638173_0dc21fd443.jpg']","[0.634, 0.5779, 0.5734]"
1486,two girls enjoy themselves whilst wind blows through their hair,2599131872_65789d86d5.jpg,6,0.5984,0.8293,0.2309,"['3661072592_2e693cd5a0.jpg', '3231880001_193a579b97.jpg', '3534824784_7133119316.jpg']","[0.8293, 0.6979, 0.6179]"
1487,two girls with long hair jumping on a trampoline,2599131872_65789d86d5.jpg,-1,0.4788,0.6492,0.1704,"['210126070_0d43b300b9.jpg', '3661072592_2e693cd5a0.jpg', '1309330801_aeeb23f1ee.jpg']","[0.6492, 0.5928, 0.5826]"
1489,two little girls are playing on a trampoline,2599131872_65789d86d5.jpg,-1,0.4977,0.6121,0.1144,"['3431101934_99a6c55914.jpg', '3404978479_8a81843e17.jpg', '3454988449_1de1ef4f20.jpg']","[0.6121, 0.6069, 0.5834]"
1490,a couple in a restaurant are holding hands,2602258549_7401a3cdae.jpg,-1,0.3218,0.6235,0.3017,"['3084018061_df66d98325.jpg', '1798209205_77dbf525b0.jpg', '3351667846_ac43118ae5.jpg']","[0.6235, 0.6172, 0.6144]"
1491,a couple holding hands across a table,2602258549_7401a3cdae.jpg,-1,0.1537,0.5713,0.4176,"['3139160252_75109e9e05.jpg', '3084018061_df66d98325.jpg', '3638783842_af08dbb518.jpg']","[0.5713, 0.5669, 0.5545]"
1492,a couple is sitting in a restaurant holding hands,2602258549_7401a3cdae.jpg,-1,0.4407,0.6812,0.2406,"['3084018061_df66d98325.jpg', '3351667846_ac43118ae5.jpg', '1798209205_77dbf525b0.jpg']","[0.6812, 0.6745, 0.6387]"
1493,a dimly lit room with several individuals including a young man and woman holding hands across a table,2602258549_7401a3cdae.jpg,3,0.6268,0.6593,0.0325,"['2380464803_a64f05bfa9.jpg', '3084018061_df66d98325.jpg', '2602258549_7401a3cdae.jpg']","[0.6593, 0.6269, 0.6268]"
1494,a man and woman are sitting at a restaurant table holding hands,2602258549_7401a3cdae.jpg,-1,0.4802,0.7681,0.2878,"['3351667846_ac43118ae5.jpg', '1798209205_77dbf525b0.jpg', '3084018061_df66d98325.jpg']","[0.7681, 0.7118, 0.6874]"
1495,a bunch of people on the beach at sunset,2603792708_18a97bac97.jpg,2,0.8363,0.8672,0.0309,"['3189002057_3ef61b803e.jpg', '2603792708_18a97bac97.jpg', '2843695880_eeea6c67db.jpg']","[0.8672, 0.8363, 0.644]"
1501,a young smiling girl wearing yellow in a crowd,2609847254_0ec40c1cce.jpg,2,0.6337,0.6752,0.0415,"['3372251830_baa3665928.jpg', '2609847254_0ec40c1cce.jpg', '1454841725_4b6e6199e2.jpg']","[0.6752, 0.6337, 0.6103]"
1502,a young girl smiling for the camera,2609847254_0ec40c1cce.jpg,-1,0.4985,0.7486,0.2501,"['1449692616_60507875fb.jpg', '3627011534_485f667b10.jpg', '2456030728_d3d147e774.jpg']","[0.7486, 0.7056, 0.6623]"
1503,a girl is smiling at the camera with a crowd of people behind her,2609847254_0ec40c1cce.jpg,2,0.7332,0.7678,0.0346,"['1454841725_4b6e6199e2.jpg', '2609847254_0ec40c1cce.jpg', '2621771656_09a620da6d.jpg']","[0.7678, 0.7332, 0.6695]"
1504,a girl with long dark hair wearing a yellow and white shirt is smiling,2609847254_0ec40c1cce.jpg,7,0.5694,0.7335,0.1641,"['3627011534_485f667b10.jpg', '911795495_342bb15b97.jpg', '3517362674_0f5296de19.jpg']","[0.7335, 0.7095, 0.7034]"
1514,a long brown haired dog walking through a river,2613209320_edf6a2b7e9.jpg,2,0.7127,0.7604,0.0478,"['3695949492_27ca3892fd.jpg', '2613209320_edf6a2b7e9.jpg', '431410325_f4916b5460.jpg']","[0.7604, 0.7127, 0.6972]"
1520,the white dog is sitting in the grass,2620113705_a8fa89b8f6.jpg,-1,0.4935,0.6753,0.1818,"['416106657_cab2a107a5.jpg', '2584412512_6767593f24.jpg', '2543247940_083f1b7969.jpg']","[0.6753, 0.6215, 0.6061]"
1521,a white dog sits on a rocky lawn,2620113705_a8fa89b8f6.jpg,-1,0.4499,0.6541,0.2042,"['416106657_cab2a107a5.jpg', '2584412512_6767593f24.jpg', '2880051254_e0ca96b6be.jpg']","[0.6541, 0.5949, 0.5635]"
1522,a white and brown dog sitting on a grassy rocky area,2620113705_a8fa89b8f6.jpg,-1,0.4658,0.6112,0.1454,"['2702506716_17a7fb3ba4.jpg', '416106657_cab2a107a5.jpg', '2095444126_201ff9f222.jpg']","[0.6112, 0.5758, 0.5697]"
1523,a small white dog sits in a field,2620113705_a8fa89b8f6.jpg,3,0.6368,0.6892,0.0524,"['2702506716_17a7fb3ba4.jpg', '416106657_cab2a107a5.jpg', '2620113705_a8fa89b8f6.jpg']","[0.6892, 0.6524, 0.6368]"
1524,a white and brown dog sitting in the grass,2620113705_a8fa89b8f6.jpg,10,0.5121,0.6338,0.1218,"['2584412512_6767593f24.jpg', '2543247940_083f1b7969.jpg', '2702506716_17a7fb3ba4.jpg']","[0.6338, 0.5943, 0.5937]"
1525,a crowd of people are standing behind a railing watching something in the distance,2621771656_09a620da6d.jpg,6,0.5264,0.6838,0.1575,"['2180356743_b3a3c9a7f6.jpg', '2930622766_fa8f84deb1.jpg', '3433470650_a8b1c27173.jpg']","[0.6838, 0.6707, 0.5741]"
1526,a group of people wait behind a barricade and look toward the right,2621771656_09a620da6d.jpg,2,0.666,0.6696,0.0036,"['2930622766_fa8f84deb1.jpg', '2621771656_09a620da6d.jpg', '3225037367_a71fa86319.jpg']","[0.6696, 0.666, 0.6322]"
1527,a group of people wait behind a metal fence,2621771656_09a620da6d.jpg,-1,0.459,0.6641,0.2051,"['2180356743_b3a3c9a7f6.jpg', '3480052428_c034b98a08.jpg', '2930622766_fa8f84deb1.jpg']","[0.6641, 0.6082, 0.5668]"
1528,a group of people waiting outside a fenced in area,2621771656_09a620da6d.jpg,-1,0.5247,0.6573,0.1326,"['2930622766_fa8f84deb1.jpg', '2180356743_b3a3c9a7f6.jpg', '3480052428_c034b98a08.jpg']","[0.6573, 0.6423, 0.632]"
1529,a group of spectators enjoying an event,2621771656_09a620da6d.jpg,2,0.7394,0.8102,0.0709,"['325005410_e1ff5041b5.jpg', '2621771656_09a620da6d.jpg', '3225037367_a71fa86319.jpg']","[0.8102, 0.7394, 0.7314]"
1530,the little boy bends down to look at an animal,2622517932_57c52c376f.jpg,-1,0.3226,0.5205,0.198,"['536721406_884ab8fece.jpg', '2271468944_3264d29208.jpg', '3289817083_4e78e1c05a.jpg']","[0.5205, 0.4717, 0.4715]"
1531,a young child is kneeling and looking at a small creature inside a glass case,2622517932_57c52c376f.jpg,-1,0.456,0.6284,0.1724,"['542317719_ed4dd95dc2.jpg', '452419961_6d42ab7000.jpg', '820169182_f5e78d7d19.jpg']","[0.6284, 0.6062, 0.5543]"
1532,a boy in a white shirt is looking through the glass at a little creature,2622517932_57c52c376f.jpg,-1,0.1449,0.5693,0.4244,"['2676648667_cb055b4fc6.jpg', '2107838729_a527e434bd.jpg', '3698944019_825ef54f2f.jpg']","[0.5693, 0.5612, 0.5478]"
1533,a child looks at rodents in a glass display,2622517932_57c52c376f.jpg,-1,0.293,0.5422,0.2492,"['2882483779_73c171ac19.jpg', '3701226275_952547ba0f.jpg', '2911919938_6bb6587a36.jpg']","[0.5422, 0.5015, 0.4226]"
1534,a young boy looks through the glass at an aquarium at a stingray,2622517932_57c52c376f.jpg,-1,0.1261,0.5221,0.3961,"['1429723917_6af585e4c0.jpg', '3572346664_e1e6c77f11.jpg', '2842849030_89548af61c.jpg']","[0.5221, 0.5193, 0.494]"
1535,a man in a blue and fuchsia sweater holds his hands as if to catch something while standing in a crowd of people,2622971954_59f192922d.jpg,10,0.5369,0.647,0.1101,"['1303727066_23d0f6ed43.jpg', '2267819545_446c5a3e18.jpg', '325005410_e1ff5041b5.jpg']","[0.647, 0.6104, 0.593]"
1536,a man in a crowd extends his hands emphatically,2622971954_59f192922d.jpg,-1,0.4874,0.7023,0.2149,"['325005410_e1ff5041b5.jpg', '3535056297_e16f014cb7.jpg', '1303727066_23d0f6ed43.jpg']","[0.7023, 0.6146, 0.6034]"
1537,a man in a crowd is expressing his opinion,2622971954_59f192922d.jpg,5,0.6468,0.7434,0.0966,"['2267819545_446c5a3e18.jpg', '3535056297_e16f014cb7.jpg', '1303727066_23d0f6ed43.jpg']","[0.7434, 0.707, 0.707]"
1538,a man in a crowd raises his arms pleadingly,2622971954_59f192922d.jpg,5,0.537,0.6808,0.1438,"['325005410_e1ff5041b5.jpg', '2267819545_446c5a3e18.jpg', '1303727066_23d0f6ed43.jpg']","[0.6808, 0.5873, 0.5618]"
1539,a man raises his hands from within a crowd of people,2622971954_59f192922d.jpg,6,0.5625,0.7267,0.1643,"['325005410_e1ff5041b5.jpg', '3535056297_e16f014cb7.jpg', '1303727066_23d0f6ed43.jpg']","[0.7267, 0.6415, 0.6337]"
1540,two guys at a bar one dark skinned and one light skinned,2623247254_3bfc795121.jpg,-1,0.3258,0.5663,0.2405,"['2970183443_accd597e0a.jpg', '3084018061_df66d98325.jpg', '3210419174_d083a16f77.jpg']","[0.5663, 0.563, 0.5546]"
1541,two men are sitting next to each other near to a vending machine,2623247254_3bfc795121.jpg,-1,0.3439,0.7664,0.4225,"['2891240104_6755281868.jpg', '3084018061_df66d98325.jpg', '3066338314_2c3fb731d1.jpg']","[0.7664, 0.6518, 0.6416]"
1542,a young man lights a lighter while another looks on,2623247254_3bfc795121.jpg,-1,0.1639,0.522,0.3581,"['3619232550_0b1e1fd4e4.jpg', '3640109324_3ce89e4d1a.jpg', '2610447973_89227ff978.jpg']","[0.522, 0.51, 0.5035]"
1543,a guy talks and does something with his hand while others sit near him,2623247254_3bfc795121.jpg,-1,0.1338,0.6511,0.5173,"['3631474374_e40764d153.jpg', '3084018061_df66d98325.jpg', '3210419174_d083a16f77.jpg']","[0.6511, 0.6259, 0.5641]"
1544,a young blond man sitting at a table with a brick wall in the background,2623247254_3bfc795121.jpg,-1,0.2613,0.7188,0.4574,"['343662720_39e4067cd1.jpg', '2676648667_cb055b4fc6.jpg', '3066338314_2c3fb731d1.jpg']","[0.7188, 0.6064, 0.5503]"
1545,a man and young girl and standing under a large redwood tree,2623560640_0445c9a138.jpg,-1,0.3693,0.6457,0.2763,"['3041645937_ff7591d134.jpg', '2707873672_15e6b5d54b.jpg', '2991575785_bd4868e215.jpg']","[0.6457, 0.5589, 0.5242]"
1546,a man hugging a boy in a tunnel made in the trunk of a tree,2623560640_0445c9a138.jpg,-1,0.3038,0.5951,0.2913,"['2970183443_accd597e0a.jpg', '2565350330_c7f305e7f7.jpg', '2991575785_bd4868e215.jpg']","[0.5951, 0.5725, 0.5667]"
1547,an older boy with his arm around a younger kid under a sequoia tree,2623560640_0445c9a138.jpg,-1,0.4127,0.6644,0.2517,"['3041645937_ff7591d134.jpg', '3698944019_825ef54f2f.jpg', '2707873672_15e6b5d54b.jpg']","[0.6644, 0.6401, 0.6282]"
1548,two boys stand in a cutting underneath a giant tree,2623560640_0445c9a138.jpg,-1,0.4585,0.6452,0.1867,"['2707873672_15e6b5d54b.jpg', '2289096282_4ef120f189.jpg', '3698944019_825ef54f2f.jpg']","[0.6452, 0.5868, 0.5452]"
1549,two kids stand under an area carved in a large tree,2623560640_0445c9a138.jpg,-1,0.4302,0.6324,0.2022,"['2289096282_4ef120f189.jpg', '2707873672_15e6b5d54b.jpg', '3698944019_825ef54f2f.jpg']","[0.6324, 0.6144, 0.5686]"
1550,the attack dog is biting the cloth the officer with the police baton is holding on to,2629346153_155ba73ae9.jpg,-1,0.2498,0.521,0.2713,"['3228069008_edb2961fc4.jpg', '2545192257_142fe9e2de.jpg', '1562392511_522a26063b.jpg']","[0.521, 0.5126, 0.4778]"
1551,a man trains an attack dog,2629346153_155ba73ae9.jpg,6,0.5749,0.7502,0.1753,"['2340919359_f56787d307.jpg', '1562392511_522a26063b.jpg', '3526805681_38461c0d5d.jpg']","[0.7502, 0.6641, 0.6411]"
1552,a german shepherd bites the arm of a man who has on protective gear,2629346153_155ba73ae9.jpg,-1,0.4446,0.6721,0.2276,"['2340919359_f56787d307.jpg', '1562392511_522a26063b.jpg', '3526805681_38461c0d5d.jpg']","[0.6721, 0.652, 0.5732]"
1553,a brown and black attack dog being trained by a man holding a stick,2629346153_155ba73ae9.jpg,4,0.6397,0.7438,0.1041,"['2340919359_f56787d307.jpg', '2561334141_0aacefa5e7.jpg', '433855742_c2a6fda763.jpg']","[0.7438, 0.6874, 0.6403]"
1554,a dog attacking a man wearing protective gear,2629346153_155ba73ae9.jpg,5,0.5785,0.7561,0.1776,"['1562392511_522a26063b.jpg', '2340919359_f56787d307.jpg', '1975531316_8b00eeaaf7.jpg']","[0.7561, 0.704, 0.6418]"
1556,a small dog sits under a bench,2632366677_43dee456a5.jpg,4,0.545,0.7026,0.1576,"['2702506716_17a7fb3ba4.jpg', '3383491811_fd9d3a891d.jpg', '460935487_75b2da7854.jpg']","[0.7026, 0.5813, 0.5723]"
1557,a small dog wearing a collar sits next to a concrete bench,2632366677_43dee456a5.jpg,4,0.563,0.7635,0.2005,"['2702506716_17a7fb3ba4.jpg', '3383491811_fd9d3a891d.jpg', '460935487_75b2da7854.jpg']","[0.7635, 0.6981, 0.6545]"
1558,a tan dog sits in the sand by a beach looking sad,2632366677_43dee456a5.jpg,3,0.5168,0.6859,0.1691,"['1526325728_74eb4153d8.jpg', '3383491811_fd9d3a891d.jpg', '2632366677_43dee456a5.jpg']","[0.6859, 0.5811, 0.5168]"
1559,the small dog is wearing a red collar and sits in the sand behind a stone object,2632366677_43dee456a5.jpg,-1,0.5277,0.6964,0.1687,"['1526325728_74eb4153d8.jpg', '3228069008_edb2961fc4.jpg', '3383491811_fd9d3a891d.jpg']","[0.6964, 0.689, 0.6749]"
1560,two large dogs fighting over a frisbee in the water,2632381125_de32bdfdf6.jpg,7,0.5658,0.731,0.1652,"['1129704496_4a61441f2c.jpg', '2089350172_dc2cf9fcf6.jpg', '481827288_a688be7913.jpg']","[0.731, 0.6352, 0.6301]"
1561,two dogs play tug of war with a disc in kneehigh water,2632381125_de32bdfdf6.jpg,3,0.6205,0.7077,0.0872,"['1129704496_4a61441f2c.jpg', '2244024374_54d7e88c2b.jpg', '2632381125_de32bdfdf6.jpg']","[0.7077, 0.6918, 0.6205]"
1562,two brown dogs play with a frisbee in the water,2632381125_de32bdfdf6.jpg,4,0.6692,0.7545,0.0853,"['1129704496_4a61441f2c.jpg', '481827288_a688be7913.jpg', '1130401779_8c30182e3e.jpg']","[0.7545, 0.7327, 0.6694]"
1563,two dogs biting on a frisbee in the pond,2632381125_de32bdfdf6.jpg,5,0.5443,0.6339,0.0896,"['1129704496_4a61441f2c.jpg', '2696394827_7342ced36f.jpg', '2244024374_54d7e88c2b.jpg']","[0.6339, 0.6033, 0.5512]"
1564,two dogs both fighting for control of a frisbee while in a lake,2632381125_de32bdfdf6.jpg,7,0.519,0.6431,0.1241,"['1129704496_4a61441f2c.jpg', '2244024374_54d7e88c2b.jpg', '3585488964_1467945775.jpg']","[0.6431, 0.6373, 0.5766]"
1567,a german shephard carries a small log in the water,2633201394_ee4a7666ed.jpg,7,0.497,0.6061,0.1092,"['2527163162_d0fb802992.jpg', '186890601_8a6b0f1769.jpg', '3695949492_27ca3892fd.jpg']","[0.6061, 0.59, 0.5399]"
1568,dog is swimming through water with a piece of wood in its mouth,2633201394_ee4a7666ed.jpg,3,0.7266,0.7366,0.01,"['431410325_f4916b5460.jpg', '2339946012_06bd480ab8.jpg', '2633201394_ee4a7666ed.jpg']","[0.7366, 0.7268, 0.7266]"
1569,german shepherd retrieving large stick from water,2633201394_ee4a7666ed.jpg,4,0.5789,0.7183,0.1394,"['2986716822_e220754d32.jpg', '431410325_f4916b5460.jpg', '2632381125_de32bdfdf6.jpg']","[0.7183, 0.6207, 0.5832]"
1570,the wide eyed little boy is eating a red popsicle,2635938723_11b85e6763.jpg,5,0.4856,0.5957,0.1101,"['319847643_df7c2a1d25.jpg', '542317719_ed4dd95dc2.jpg', '2181724497_dbb7fcb0a9.jpg']","[0.5957, 0.5257, 0.519]"
1571,dark haired child eating a frozen treat,2635938723_11b85e6763.jpg,8,0.4967,0.7442,0.2474,"['2181724497_dbb7fcb0a9.jpg', '3338291921_fe7ae0c8f8.jpg', '2131762850_5293a288d9.jpg']","[0.7442, 0.6336, 0.5422]"
1572,little boy eating a red popsicle,2635938723_11b85e6763.jpg,5,0.5283,0.5795,0.0512,"['820169182_f5e78d7d19.jpg', '2576878141_87f25a10f0.jpg', '542317719_ed4dd95dc2.jpg']","[0.5795, 0.5506, 0.5398]"
1573,a darkheaded boy is eating a large red popsicle,2635938723_11b85e6763.jpg,3,0.4973,0.5527,0.0554,"['2181724497_dbb7fcb0a9.jpg', '319847643_df7c2a1d25.jpg', '2635938723_11b85e6763.jpg']","[0.5527, 0.5036, 0.4973]"
1574,a little boy is eating a red popsicle,2635938723_11b85e6763.jpg,3,0.5331,0.5682,0.035,"['2181724497_dbb7fcb0a9.jpg', '820169182_f5e78d7d19.jpg', '2635938723_11b85e6763.jpg']","[0.5682, 0.5592, 0.5331]"
1575,a border collie jumps over a bed with a tennis ball in its mouth,2641288004_30ce961211.jpg,-1,0.4468,0.6369,0.1901,"['3155390408_8e1a81efb2.jpg', '3696246123_99d4d10140.jpg', '3229898555_16877f5180.jpg']","[0.6369, 0.6261, 0.5633]"
1576,a dog jumping with a ball in its mouth,2641288004_30ce961211.jpg,-1,0.5776,0.7969,0.2193,"['3696246123_99d4d10140.jpg', '539750844_02a07ec524.jpg', '3155390408_8e1a81efb2.jpg']","[0.7969, 0.7885, 0.7641]"
1577,a dog jumps on a bed and catches a green toy,2641288004_30ce961211.jpg,9,0.5327,0.6727,0.14,"['3155390408_8e1a81efb2.jpg', '3229898555_16877f5180.jpg', '2119660490_ce0d4d1f73.jpg']","[0.6727, 0.6322, 0.6186]"
1578,border collie jumps in the air and catches a tennis ball,2641288004_30ce961211.jpg,-1,0.3555,0.7563,0.4009,"['3696246123_99d4d10140.jpg', '2857609295_16aaa85293.jpg', '2616561200_ea079f285a.jpg']","[0.7563, 0.599, 0.576]"
1579,the black and white dog jumps with a tennis ball in its mouth,2641288004_30ce961211.jpg,9,0.5244,0.777,0.2525,"['3696246123_99d4d10140.jpg', '3155390408_8e1a81efb2.jpg', '2880051254_e0ca96b6be.jpg']","[0.777, 0.6805, 0.6547]"
1580,a woman wearing dollar sign glasses holding a dollar bill stands with a suitcase that says lucky that is overflowing with cash,264141937_585320617a.jpg,-1,0.3739,0.6833,0.3095,"['3451344589_6787bd06ef.jpg', '432167214_c17fcc1a2d.jpg', '954987350_a0c608b467.jpg']","[0.6833, 0.6632, 0.5788]"
1581,a woman wearing a money themed costume stands on the street,264141937_585320617a.jpg,-1,0.3817,0.659,0.2772,"['3688839836_ba5e4c24fc.jpg', '440184957_267f3f3a2b.jpg', '3451344589_6787bd06ef.jpg']","[0.659, 0.6486, 0.6079]"
1582,a woman wearing a suitcase full of money,264141937_585320617a.jpg,-1,0.2292,0.5787,0.3495,"['1952896009_cee8147c90.jpg', '551664516_78a5131dc4.jpg', '3347500603_13670ee6bf.jpg']","[0.5787, 0.5741, 0.5208]"
1583,a woman is holding a white satchel that is full of dollar bills,264141937_585320617a.jpg,-1,0.1289,0.5829,0.454,"['3673970325_4e025069e9.jpg', '251958970_fa6b423f23.jpg', '432167214_c17fcc1a2d.jpg']","[0.5829, 0.4987, 0.4858]"
1584,a woman poses with sunglasses shaped like dollar signs and a silver suitcase labelled lucky full of bills,264141937_585320617a.jpg,-1,0.379,0.6654,0.2865,"['3451344589_6787bd06ef.jpg', '2721656220_5f4cda8bc1.jpg', '432167214_c17fcc1a2d.jpg']","[0.6654, 0.5578, 0.5411]"
1585,a child puts dirt into his mouth,2647049174_0fb47cee2e.jpg,2,0.6122,0.6308,0.0186,"['3426144752_28d63615ca.jpg', '2647049174_0fb47cee2e.jpg', '3030962048_f71948226c.jpg']","[0.6308, 0.6122, 0.5962]"
1586,a little boy who is playing outdoors is tasting dirt,2647049174_0fb47cee2e.jpg,-1,0.4055,0.5601,0.1546,"['3698944019_825ef54f2f.jpg', '3767841911_6678052eb6.jpg', '2181724497_dbb7fcb0a9.jpg']","[0.5601, 0.5423, 0.5216]"
1589,the little boy wearing the blue shirt is putting dirt in his mouth,2647049174_0fb47cee2e.jpg,2,0.5852,0.588,0.0028,"['3030962048_f71948226c.jpg', '2647049174_0fb47cee2e.jpg', '3426144752_28d63615ca.jpg']","[0.588, 0.5852, 0.5616]"
1590,a little boy holds a bat in the air waiting on the ball,2648165716_02e2e74fd6.jpg,-1,0.4758,0.8012,0.3254,"['1104133405_c04a00707f.jpg', '2443380641_7b38d18f5b.jpg', '2460823604_7f6f786b1c.jpg']","[0.8012, 0.7222, 0.6712]"
1591,a small child swings back a red baseball bat,2648165716_02e2e74fd6.jpg,-1,0.391,0.7017,0.3107,"['2458269558_277012780d.jpg', '2884252132_5d8e776893.jpg', '3396036947_0af6c3aab7.jpg']","[0.7017, 0.6445, 0.6323]"
1592,a little boy in a winnie the pooh tshirt is waiting to swing his red bat,2648165716_02e2e74fd6.jpg,-1,0.453,0.6038,0.1508,"['2443380641_7b38d18f5b.jpg', '2381613738_d8d2012e3c.jpg', '1104133405_c04a00707f.jpg']","[0.6038, 0.6028, 0.6008]"
1593,a little blonde boy in a winnie the pool tshirt holds up a red plastic bat,2648165716_02e2e74fd6.jpg,2,0.5849,0.7032,0.1182,"['2842849030_89548af61c.jpg', '2648165716_02e2e74fd6.jpg', '3767841911_6678052eb6.jpg']","[0.7032, 0.5849, 0.5665]"
1594,a boy swings a plastic bat,2648165716_02e2e74fd6.jpg,-1,0.3889,0.6237,0.2348,"['2381613738_d8d2012e3c.jpg', '1104133405_c04a00707f.jpg', '2458269558_277012780d.jpg']","[0.6237, 0.5955, 0.5923]"
1596,a woman jogging up a hill with a scenic view behing her,2648310638_d6c576b5e4.jpg,2,0.6492,0.6552,0.006,"['3555231025_73fa54fa29.jpg', '2648310638_d6c576b5e4.jpg', '3415228562_4efa9c9b70.jpg']","[0.6552, 0.6492, 0.5939]"
1598,person in blue top and shorts wearing a cap standing on a road with mountain with trees in the background,2648310638_d6c576b5e4.jpg,3,0.6371,0.6928,0.0557,"['319869052_08b000e4af.jpg', '2098174172_e57d86ea03.jpg', '2648310638_d6c576b5e4.jpg']","[0.6928, 0.6503, 0.6371]"
1602,a gas station and a car on fire,2652155912_8ba5426790.jpg,3,0.678,0.7319,0.054,"['2088460083_42ee8a595a.jpg', '2943023421_e297f05e11.jpg', '2652155912_8ba5426790.jpg']","[0.7319, 0.697, 0.678]"
1603,a large explosion occured near a red car at a gas station,2652155912_8ba5426790.jpg,2,0.6781,0.7006,0.0225,"['2943023421_e297f05e11.jpg', '2652155912_8ba5426790.jpg', '2088460083_42ee8a595a.jpg']","[0.7006, 0.6781, 0.6323]"
1604,a red car is caught in an explosion,2652155912_8ba5426790.jpg,2,0.6807,0.7394,0.0586,"['2943023421_e297f05e11.jpg', '2652155912_8ba5426790.jpg', '2088460083_42ee8a595a.jpg']","[0.7394, 0.6807, 0.6608]"
1607,a rider has fallen off a horse and is shielding himself from being trampled,2656987333_80dcc82c05.jpg,3,0.6958,0.7812,0.0855,"['1234293791_6566284bcd.jpg', '3352697012_751b079bbb.jpg', '2656987333_80dcc82c05.jpg']","[0.7812, 0.7129, 0.6958]"
1608,man with white cowboy hat on the ground behind a brown horse with both front legs off the ground,2656987333_80dcc82c05.jpg,2,0.6808,0.6879,0.0071,"['109202756_b97fcdc62c.jpg', '2656987333_80dcc82c05.jpg', '3138562460_44227a35cf.jpg']","[0.6879, 0.6808, 0.664]"
1611,two ladies pose in front of the red bull energy drink vehicle,2660480624_45f88b3022.jpg,4,0.5415,0.5664,0.0249,"['3183883750_b6acc40397.jpg', '3203707977_cc9448fecb.jpg', '3726120436_740bda8416.jpg']","[0.5664, 0.557, 0.5477]"
1615,the man crouched down as he held onto the parachute that was caught in the breeze,2664103423_c539f61016.jpg,2,0.5287,0.5689,0.0402,"['109823397_e35154645f.jpg', '2664103423_c539f61016.jpg', '3694219419_a7a83d4886.jpg']","[0.5689, 0.5287, 0.506]"
1616,man trying to guide a kit in the desert,2664103423_c539f61016.jpg,-1,0.3249,0.5675,0.2426,"['2410153942_ba4a136358.jpg', '58368365_03ed3e5bdf.jpg', '3564385317_1bf5094068.jpg']","[0.5675, 0.5645, 0.51]"
1617,the man slides in the sand while holding on to his hang glider,2664103423_c539f61016.jpg,-1,0.4628,0.6069,0.1442,"['3037558954_20115165e3.jpg', '3426789838_8771f0ed56.jpg', '2561334141_0aacefa5e7.jpg']","[0.6069, 0.6028, 0.5418]"
1618,a man bracing himself against the pull of a large kite,2664103423_c539f61016.jpg,4,0.5201,0.6303,0.1103,"['3037558954_20115165e3.jpg', '3132760860_3e743a935d.jpg', '186890601_8a6b0f1769.jpg']","[0.6303, 0.5724, 0.5275]"
1619,a man holds his parachute,2664103423_c539f61016.jpg,4,0.5437,0.5627,0.019,"['109823397_e35154645f.jpg', '3694219419_a7a83d4886.jpg', '3240351042_5d29c94b0e.jpg']","[0.5627, 0.5588, 0.5486]"
1620,three children run by the water,2672588619_3849930e99.jpg,3,0.6539,0.7255,0.0716,"['2852982055_8112d0964f.jpg', '2257294002_0073263c54.jpg', '2672588619_3849930e99.jpg']","[0.7255, 0.6677, 0.6539]"
1623,three children run on the walkway by the river,2672588619_3849930e99.jpg,2,0.6589,0.738,0.0791,"['3637013_c675de7705.jpg', '2672588619_3849930e99.jpg', '2257294002_0073263c54.jpg']","[0.738, 0.6589, 0.6575]"
1624,three kids one holding a closed umbrella run around on a sidewalk next to a river,2672588619_3849930e99.jpg,-1,0.5064,0.6238,0.1174,"['2852982055_8112d0964f.jpg', '1432342377_3e41603f26.jpg', '3229821595_77ace81c6b.jpg']","[0.6238, 0.6121, 0.5878]"
1625,the gray dog is running on a green field,2673148534_8daf0de833.jpg,4,0.7024,0.7436,0.0412,"['2584487952_f70e5aa9bf.jpg', '1514957266_a19827c538.jpg', '459814265_d48ba48978.jpg']","[0.7436, 0.7047, 0.7025]"
1626,a dog with all fours up in the air above the cloverfilled grass,2673148534_8daf0de833.jpg,-1,0.574,0.7247,0.1507,"['1514957266_a19827c538.jpg', '2198964806_c57b0534d3.jpg', '2584487952_f70e5aa9bf.jpg']","[0.7247, 0.6494, 0.6489]"
1627,a dog runs past an empty chair and a tripod between stretched strings marking a path through a grassy field,2673148534_8daf0de833.jpg,-1,0.487,0.6255,0.1384,"['2584487952_f70e5aa9bf.jpg', '2444339090_bf7b3211f4.jpg', '2358898017_24496b80e8.jpg']","[0.6255, 0.6035, 0.587]"
1628,a black dog runs paralell to a wire fence in a grassy medow,2673148534_8daf0de833.jpg,5,0.5752,0.7231,0.1479,"['689776124_07f560a920.jpg', '472860064_a96a228796.jpg', '1514957266_a19827c538.jpg']","[0.7231, 0.6781, 0.6338]"
1629,a brown dog is running along a grassy stretch divided by strings,2673148534_8daf0de833.jpg,4,0.6873,0.7113,0.024,"['3518675890_2f65e23ff9.jpg', '3559781965_d4ec00e506.jpg', '1324816249_86600a6759.jpg']","[0.7113, 0.6934, 0.6894]"
1630,a girl in a hate with ear flaps and a sweater,2676184321_858eff416b.jpg,6,0.5665,0.5982,0.0317,"['3372251830_baa3665928.jpg', '502884177_25939ac000.jpg', '1527297882_dededc7891.jpg']","[0.5982, 0.5861, 0.5776]"
1631,a teenage girl is wearing a brown hat and a jacket with hearts on,2676184321_858eff416b.jpg,2,0.71,0.7288,0.0188,"['1527297882_dededc7891.jpg', '2676184321_858eff416b.jpg', '3437315443_ba2263f92e.jpg']","[0.7288, 0.71, 0.6668]"
1632,a woman stands in front of a mountain in the winter,2676184321_858eff416b.jpg,-1,0.3285,0.7103,0.3818,"['3166578139_33500f7e8a.jpg', '2098174172_e57d86ea03.jpg', '1655781989_b15ab4cbff.jpg']","[0.7103, 0.7003, 0.6988]"
1633,a young woman is outside in the snow wearing a hat,2676184321_858eff416b.jpg,3,0.583,0.6378,0.0548,"['3470303255_fbb41b8dd0.jpg', '2131762850_5293a288d9.jpg', '2676184321_858eff416b.jpg']","[0.6378, 0.6146, 0.583]"
1634,the girl stands outside in the cold wearing a warm hat and looking off into the distance,2676184321_858eff416b.jpg,2,0.5731,0.6238,0.0506,"['454709143_9c513f095c.jpg', '2676184321_858eff416b.jpg', '3470303255_fbb41b8dd0.jpg']","[0.6238, 0.5731, 0.5378]"
1635,this woman is sitting in a lawnchair on the sand,2676648667_cb055b4fc6.jpg,-1,-0.0494,0.5195,0.5689,"['1115565519_d976d4b1f1.jpg', '3328535573_33c3cd5b59.jpg', '3518755601_cebf11e515.jpg']","[0.5195, 0.4584, 0.4534]"
1636,the elderly african woman is sitting on a blue chair in front of a rough brick wall,2676648667_cb055b4fc6.jpg,-1,0.3141,0.5788,0.2647,"['3178599352_c57fdebcd2.jpg', '374124237_51f62b6937.jpg', '343662720_39e4067cd1.jpg']","[0.5788, 0.5675, 0.5654]"
1637,woman in grey shirt and dark skirt sitting in blue chair with white stars in front of a brick wall,2676648667_cb055b4fc6.jpg,-1,0.1352,0.7492,0.614,"['3178599352_c57fdebcd2.jpg', '374124237_51f62b6937.jpg', '2602258549_7401a3cdae.jpg']","[0.7492, 0.7089, 0.5807]"
1638,a woman is sitting in a chair near a brick building,2676648667_cb055b4fc6.jpg,-1,0.3023,0.6311,0.3288,"['3106340185_80d0cb770a.jpg', '3178599352_c57fdebcd2.jpg', '436009777_440c7679a1.jpg']","[0.6311, 0.621, 0.5853]"
1639,a woman sits in a blue chair outside a brick house,2676648667_cb055b4fc6.jpg,-1,0.2474,0.6128,0.3655,"['374124237_51f62b6937.jpg', '436009777_440c7679a1.jpg', '3178599352_c57fdebcd2.jpg']","[0.6128, 0.5914, 0.565]"
1641,a brown and white dog jumping over a red and yellow pole,2677614492_792023b928.jpg,2,0.8089,0.8109,0.0019,"['2102581664_5ea50f85c6.jpg', '2677614492_792023b928.jpg', '251056963_c8b67f0107.jpg']","[0.8109, 0.8089, 0.7184]"
1643,a brown and white dog is jumping over an obstacle,2677614492_792023b928.jpg,2,0.8585,0.8721,0.0136,"['2102581664_5ea50f85c6.jpg', '2677614492_792023b928.jpg', '2831672255_d779807c14.jpg']","[0.8721, 0.8585, 0.7621]"
1644,a brown and white dog is jumping over a yellow and red pole,2677614492_792023b928.jpg,2,0.8149,0.8294,0.0145,"['2102581664_5ea50f85c6.jpg', '2677614492_792023b928.jpg', '2831672255_d779807c14.jpg']","[0.8294, 0.8149, 0.7496]"
1645,a brown and white dog swimming towards some in the pool,2677656448_6b7e7702af.jpg,8,0.5604,0.6326,0.0722,"['2220175999_081aa9cce8.jpg', '443430496_3fea95a07d.jpg', '2339946012_06bd480ab8.jpg']","[0.6326, 0.6296, 0.6145]"
1646,a dog in a swimming pool swims toward sombody we cannot see,2677656448_6b7e7702af.jpg,7,0.6026,0.6891,0.0864,"['2089350172_dc2cf9fcf6.jpg', '3655773435_c234e94820.jpg', '443430496_3fea95a07d.jpg']","[0.6891, 0.665, 0.6497]"
1647,a dog swims in a pool near a person,2677656448_6b7e7702af.jpg,5,0.5458,0.6646,0.1188,"['1178705300_c224d9a4f1.jpg', '3655773435_c234e94820.jpg', '2632381125_de32bdfdf6.jpg']","[0.6646, 0.6408, 0.589]"
1648,small dog is paddling through the water in a pool,2677656448_6b7e7702af.jpg,4,0.6389,0.6788,0.0398,"['3712742641_641282803e.jpg', '1096097967_ac305887b4.jpg', '2613209320_edf6a2b7e9.jpg']","[0.6788, 0.6692, 0.6452]"
1650,a man with no shirt and wearing sunglasses is holding a football,2681215810_00b0642f7b.jpg,-1,0.4734,0.6961,0.2227,"['2837799692_2f1c50722a.jpg', '2856700531_312528eea4.jpg', '2267819545_446c5a3e18.jpg']","[0.6961, 0.657, 0.6306]"
1652,a shirtless man catches a football,2681215810_00b0642f7b.jpg,5,0.5413,0.5863,0.045,"['3564385317_1bf5094068.jpg', '3613005134_bb7f304da1.jpg', '2061354254_faa5bd294b.jpg']","[0.5863, 0.5728, 0.5633]"
1654,a young topless man wearing sunglasses and shorts is holding a football,2681215810_00b0642f7b.jpg,4,0.5744,0.6114,0.037,"['2837799692_2f1c50722a.jpg', '241347635_e691395c2f.jpg', '3564385317_1bf5094068.jpg']","[0.6114, 0.5828, 0.5783]"
1655,man and woman wearing black walk with arms around each other,268365231_a0acecdc45.jpg,10,0.4759,0.6835,0.2076,"['3242007318_01e82171aa.jpg', '2222559267_6fd31e3941.jpg', '3125158798_0743dae56e.jpg']","[0.6835, 0.6715, 0.6536]"
1656,a man and a woman walk away with their arms around each other,268365231_a0acecdc45.jpg,-1,0.4423,0.716,0.2737,"['3655964639_21e76383d0.jpg', '3125158798_0743dae56e.jpg', '454686980_7517fe0c2e.jpg']","[0.716, 0.6555, 0.6324]"
1657,two people dressed in black are leaving,268365231_a0acecdc45.jpg,-1,0.4214,0.7595,0.3381,"['3125158798_0743dae56e.jpg', '1389264266_8170bc1c54.jpg', '3655964639_21e76383d0.jpg']","[0.7595, 0.6806, 0.546]"
1658,a couple in black clothes are walking towards a white gate,268365231_a0acecdc45.jpg,6,0.5803,0.704,0.1237,"['1389264266_8170bc1c54.jpg', '1350811702_2ce7cfd0c5.jpg', '3125158798_0743dae56e.jpg']","[0.704, 0.6594, 0.6179]"
1659,a man and a woman dressed in black walk towards a gate near a wooded area,268365231_a0acecdc45.jpg,4,0.6033,0.65,0.0467,"['3242007318_01e82171aa.jpg', '1389264266_8170bc1c54.jpg', '2289096282_4ef120f189.jpg']","[0.65, 0.6429, 0.6283]"
1662,a man wearing a blue shirt and hat jumping on one wheel on a fountain ledge,2685752892_9d5cd7f274.jpg,7,0.5573,0.6945,0.1372,"['3179336562_c3d0c0a3bd.jpg', '2876494009_9f96d7eaf2.jpg', '3240351042_5d29c94b0e.jpg']","[0.6945, 0.6195, 0.6118]"
1665,two mothers are pushing baby strollers as the dogs run down,268654674_d29e00b3d0.jpg,-1,-0.1713,0.5981,0.7694,"['2865376471_43c5e6b941.jpg', '3439982121_0afc6d5973.jpg', '255330891_86d65dfdbf.jpg']","[0.5981, 0.5534, 0.5473]"
1666,the couple pushed the strollers across the wood bridge and the dogs followed,268654674_d29e00b3d0.jpg,-1,0.3165,0.6425,0.326,"['397547349_1fd14b95af.jpg', '2865376471_43c5e6b941.jpg', '522486784_978021d537.jpg']","[0.6425, 0.5736, 0.5697]"
1667,dog and women with baby strollers crossing a bridge in rural area,268654674_d29e00b3d0.jpg,-1,0.2851,0.6276,0.3425,"['397547349_1fd14b95af.jpg', '2865376471_43c5e6b941.jpg', '255330891_86d65dfdbf.jpg']","[0.6276, 0.6062, 0.598]"
1668,a family crossing a bridge,268654674_d29e00b3d0.jpg,2,0.6221,0.6233,0.0012,"['3637013_c675de7705.jpg', '268654674_d29e00b3d0.jpg', '1350811702_2ce7cfd0c5.jpg']","[0.6233, 0.6221, 0.6092]"
1669,people with strollers walking on a bridge,268654674_d29e00b3d0.jpg,2,0.6194,0.6305,0.011,"['435827376_4384c3005a.jpg', '268654674_d29e00b3d0.jpg', '1350811702_2ce7cfd0c5.jpg']","[0.6305, 0.6194, 0.6138]"
1671,a dog is being squirted with a hose as it jumps into a paddling pool,2687328779_b4356dab16.jpg,-1,0.542,0.7316,0.1896,"['1178705300_c224d9a4f1.jpg', '3224578187_749882c17f.jpg', '3655773435_c234e94820.jpg']","[0.7316, 0.6747, 0.6574]"
1672,a dog is hosed as it jumps into a kiddie pool,2687328779_b4356dab16.jpg,3,0.6794,0.815,0.1356,"['1178705300_c224d9a4f1.jpg', '701816897_221bbe761a.jpg', '2687328779_b4356dab16.jpg']","[0.815, 0.6866, 0.6794]"
1673,a terrier is sprayed by a hose while jumping in a pool,2687328779_b4356dab16.jpg,4,0.6287,0.7496,0.1208,"['1178705300_c224d9a4f1.jpg', '1095476286_87d4f8664e.jpg', '3052196390_c59dd24ca8.jpg']","[0.7496, 0.6781, 0.6778]"
1674,a white dog with black patches runs jumps through a spray from a hose into a blue plastic wading pool,2687328779_b4356dab16.jpg,4,0.604,0.6319,0.0279,"['3401902253_cd27e6d0fe.jpg', '1178705300_c224d9a4f1.jpg', '3488087117_2719647989.jpg']","[0.6319, 0.6197, 0.6184]"
1675,a man with a pompadour haircut and beard wearing a bandanna around his neck,2695085862_2ed62df354.jpg,-1,0.3054,0.738,0.4326,"['1235580648_7eebaed9bc.jpg', '2551344688_17a12a6948.jpg', '942399470_6132d3e5d2.jpg']","[0.738, 0.6891, 0.6388]"
1676,the man has a black and white scarf around his neck,2695085862_2ed62df354.jpg,-1,0.4288,0.6066,0.1779,"['3134585858_a8c3493ca5.jpg', '2551344688_17a12a6948.jpg', '3503623999_bbd5dcfb18.jpg']","[0.6066, 0.5859, 0.5853]"
1678,a man with a hankerchief on his next and pierced ears looks off into the distance,2695085862_2ed62df354.jpg,-1,0.2213,0.6218,0.4005,"['1429723917_6af585e4c0.jpg', '2925737498_57585a7ed9.jpg', '2328104318_5a43ca170c.jpg']","[0.6218, 0.5881, 0.5818]"
1679,a bearded man with a mohawk and skull bandanna,2695085862_2ed62df354.jpg,-1,0.3127,0.6708,0.3581,"['1235580648_7eebaed9bc.jpg', '3412249548_00820fc4ca.jpg', '942399470_6132d3e5d2.jpg']","[0.6708, 0.6397, 0.5764]"
1680,a bird is splashing in the water next to the swimming dog wearing the blue collar,2696394827_7342ced36f.jpg,4,0.6711,0.7755,0.1044,"['358875403_f357f03713.jpg', '3282634762_2650d0088a.jpg', '3587009091_37188fd07e.jpg']","[0.7755, 0.6873, 0.6815]"
1681,a dog chases a bird in the water,2696394827_7342ced36f.jpg,7,0.583,0.8147,0.2317,"['3282634762_2650d0088a.jpg', '358875403_f357f03713.jpg', '3315110972_1090d11728.jpg']","[0.8147, 0.7245, 0.7073]"
1682,a dog swims in a body of water while slightly ahead a black duck takes flight,2696394827_7342ced36f.jpg,3,0.7222,0.798,0.0758,"['358875403_f357f03713.jpg', '3587009091_37188fd07e.jpg', '2696394827_7342ced36f.jpg']","[0.798, 0.761, 0.7222]"
1683,dog and bird together in water,2696394827_7342ced36f.jpg,3,0.6866,0.7751,0.0885,"['358875403_f357f03713.jpg', '3282634762_2650d0088a.jpg', '2696394827_7342ced36f.jpg']","[0.7751, 0.7632, 0.6866]"
1684,the retriever is swimming out to the goose who is about to get away,2696394827_7342ced36f.jpg,3,0.7086,0.7603,0.0517,"['358875403_f357f03713.jpg', '3587009091_37188fd07e.jpg', '2696394827_7342ced36f.jpg']","[0.7603, 0.7337, 0.7086]"
1687,three rugby players trying to catch the ball,2698487246_e827404cac.jpg,2,0.7295,0.8837,0.1542,"['3539840291_1c3eed701d.jpg', '2698487246_e827404cac.jpg', '3195188609_01afbe46e6.jpg']","[0.8837, 0.7295, 0.7276]"
1688,people playing a sport with a referee looking on,2698487246_e827404cac.jpg,-1,0.524,0.7314,0.2074,"['3380072636_4cd59385fd.jpg', '3613027188_1645ca1976.jpg', '269986132_91b71e8aaa.jpg']","[0.7314, 0.7162, 0.7098]"
1690,five men play football,2698614194_b4e6e11dff.jpg,-1,0.4571,0.6827,0.2256,"['3195188609_01afbe46e6.jpg', '2939371251_f923569a72.jpg', '3539840291_1c3eed701d.jpg']","[0.6827, 0.6821, 0.6434]"
1691,five young men playing rugby,2698614194_b4e6e11dff.jpg,6,0.636,0.7929,0.1569,"['3539840291_1c3eed701d.jpg', '3195188609_01afbe46e6.jpg', '3613027188_1645ca1976.jpg']","[0.7929, 0.7713, 0.6714]"
1692,the player wearing the black and white jersey jumps for the ball amidst two players from the other team as his two teammates run to help him,2698614194_b4e6e11dff.jpg,10,0.6571,0.75,0.0929,"['2944952557_8484f0da8f.jpg', '3613027188_1645ca1976.jpg', '3155451946_c0862c70cb.jpg']","[0.75, 0.7321, 0.7275]"
1693,the three men leaped in the air in an effort to grab the ball,2698614194_b4e6e11dff.jpg,6,0.5649,0.6649,0.1001,"['2698487246_e827404cac.jpg', '3539840291_1c3eed701d.jpg', '3497234632_6ec740fc1e.jpg']","[0.6649, 0.6543, 0.5781]"
1694,three rugby players all trying to catch a ball,2698614194_b4e6e11dff.jpg,6,0.6851,0.875,0.1898,"['3539840291_1c3eed701d.jpg', '3195188609_01afbe46e6.jpg', '3613027188_1645ca1976.jpg']","[0.875, 0.743, 0.7143]"
1700,a guy skateboarding on a basketball court,2700147489_f1664f2b61.jpg,-1,0.4194,0.7582,0.3388,"['3154709407_9b0778cbeb.jpg', '3218481970_1fa627b3da.jpg', '3244734844_c318c29c23.jpg']","[0.7582, 0.6596, 0.5789]"
1701,a man jumps in the air while performing a stunt on his skateboard,2700147489_f1664f2b61.jpg,-1,0.6043,0.7333,0.129,"['3550763985_800cfee7e4.jpg', '2973638173_0dc21fd443.jpg', '2868575889_2c030aa8ae.jpg']","[0.7333, 0.7246, 0.7035]"
1702,a skateboarder ollies,2700147489_f1664f2b61.jpg,-1,0.4473,0.7233,0.276,"['3576741633_671340544c.jpg', '3244734844_c318c29c23.jpg', '3038941104_17ee91fc03.jpg']","[0.7233, 0.7037, 0.6993]"
1703,man with beard doing skateboarding stunt,2700147489_f1664f2b61.jpg,-1,0.5503,0.7104,0.1601,"['2868575889_2c030aa8ae.jpg', '3446762868_06e9d9d899.jpg', '3038941104_17ee91fc03.jpg']","[0.7104, 0.7008, 0.6952]"
1704,the guy in gray pants is completing a jump on his skateboard,2700147489_f1664f2b61.jpg,5,0.697,0.7709,0.0739,"['3550763985_800cfee7e4.jpg', '2922512807_d382528a93.jpg', '2968135512_51fbb56e3e.jpg']","[0.7709, 0.7652, 0.7465]"
1705,a young boy with a blue body board,2701487024_e866eb4550.jpg,-1,0.5291,0.6422,0.1131,"['2046222127_a6f300e202.jpg', '543264612_c53cc163b4.jpg', '2212472643_80238475b5.jpg']","[0.6422, 0.6279, 0.622]"
1706,a young boy holds his boogie board in shallow ocean water,2701487024_e866eb4550.jpg,2,0.7402,0.7942,0.054,"['2271468944_3264d29208.jpg', '2701487024_e866eb4550.jpg', '493542985_c85ad29ebe.jpg']","[0.7942, 0.7402, 0.6104]"
1710,a beagle is climbing through some grey stairs,2702506716_17a7fb3ba4.jpg,2,0.5462,0.5596,0.0134,"['3383491811_fd9d3a891d.jpg', '2702506716_17a7fb3ba4.jpg', '2911919938_6bb6587a36.jpg']","[0.5596, 0.5462, 0.5397]"
1711,a dog attempts to squeeze between two gray steps,2702506716_17a7fb3ba4.jpg,10,0.5269,0.6787,0.1518,"['2949353587_64c54e9589.jpg', '3383491811_fd9d3a891d.jpg', '1659358133_95cd1027bd.jpg']","[0.6787, 0.6586, 0.6436]"
1712,a dog sticking his head out from under some grey stairs,2702506716_17a7fb3ba4.jpg,3,0.6386,0.7329,0.0943,"['3383491811_fd9d3a891d.jpg', '2632366677_43dee456a5.jpg', '2702506716_17a7fb3ba4.jpg']","[0.7329, 0.6406, 0.6386]"
1713,dog crawling in between steps from behind the steps,2702506716_17a7fb3ba4.jpg,2,0.5972,0.625,0.0278,"['460935487_75b2da7854.jpg', '2702506716_17a7fb3ba4.jpg', '909808296_23c427022d.jpg']","[0.625, 0.5972, 0.5731]"
1716,a woman in a river is shaking her hair causing a water to spray everywhere,2704934519_457dc38986.jpg,4,0.5177,0.66,0.1422,"['3517362674_0f5296de19.jpg', '2594459477_8ca0121a9a.jpg', '3208074567_ac44aeb3f3.jpg']","[0.66, 0.5498, 0.5475]"
1718,a girl is shaking the water out of her hair,2704934519_457dc38986.jpg,2,0.594,0.7267,0.1327,"['3517362674_0f5296de19.jpg', '2704934519_457dc38986.jpg', '3613030730_0b28b079ba.jpg']","[0.7267, 0.594, 0.5837]"
1721,two boys with red hair and glasses stand on a table and fight,2707873672_15e6b5d54b.jpg,10,0.4489,0.5583,0.1095,"['3434452829_62cee280bc.jpg', '2374247382_023a86b9ca.jpg', '3217291172_10ef70af88.jpg']","[0.5583, 0.5538, 0.5444]"
1722,two redheaded boys in brown shirts stand on a table and are fighting with sticks,2707873672_15e6b5d54b.jpg,8,0.4975,0.6335,0.1359,"['799431781_65dc312afc.jpg', '3434452829_62cee280bc.jpg', '3515451715_ac5ac04efa.jpg']","[0.6335, 0.5864, 0.5271]"
1724,two twin preteen boys dueling with sticks,2707873672_15e6b5d54b.jpg,5,0.5182,0.5786,0.0604,"['1177994172_10d143cb8d.jpg', '3596959859_a7cb1e194b.jpg', '3155400369_69e3d6d70f.jpg']","[0.5786, 0.541, 0.5224]"
1725,a little white dog running through the sand,2714220101_c31db50b10.jpg,2,0.6653,0.7001,0.0348,"['2407470303_6fd5e3600d.jpg', '2714220101_c31db50b10.jpg', '3488087117_2719647989.jpg']","[0.7001, 0.6653, 0.6649]"
1726,a west highland terrier runs across the dirt,2714220101_c31db50b10.jpg,-1,0.47,0.696,0.226,"['3435035138_af32890a4c.jpg', '1932161768_996eadac87.jpg', '2259203920_6b93b721ce.jpg']","[0.696, 0.6486, 0.6124]"
1727,a white dog running on sand,2714220101_c31db50b10.jpg,8,0.6473,0.7916,0.1443,"['2407470303_6fd5e3600d.jpg', '1799271536_6e69c8f1dc.jpg', '3488087117_2719647989.jpg']","[0.7916, 0.7148, 0.6883]"
1728,a white dog runs on the beach,2714220101_c31db50b10.jpg,4,0.7119,0.7641,0.0522,"['2407470303_6fd5e3600d.jpg', '3673165148_67f217064f.jpg', '140430106_2978fda105.jpg']","[0.7641, 0.7395, 0.7198]"
1729,a white dog runs on the sand,2714220101_c31db50b10.jpg,6,0.6465,0.7947,0.1482,"['2407470303_6fd5e3600d.jpg', '1799271536_6e69c8f1dc.jpg', '3488087117_2719647989.jpg']","[0.7947, 0.6953, 0.6709]"
1730,a boy wearing sunglasses looks straight ahead,2716457668_187a6d2b1c.jpg,-1,0.4445,0.6452,0.2006,"['2924884899_f512c84332.jpg', '3494394662_3edfd4a34c.jpg', '2131762850_5293a288d9.jpg']","[0.6452, 0.5827, 0.5719]"
1731,a boy with a mohawk and sunglasses,2716457668_187a6d2b1c.jpg,4,0.5845,0.6717,0.0872,"['3494394662_3edfd4a34c.jpg', '3412249548_00820fc4ca.jpg', '1235580648_7eebaed9bc.jpg']","[0.6717, 0.6273, 0.6246]"
1733,a young boy wearing glasses has his hair set to stand up,2716457668_187a6d2b1c.jpg,-1,0.483,0.7758,0.2929,"['3494394662_3edfd4a34c.jpg', '3612249030_e2829ffa31.jpg', '3426144752_28d63615ca.jpg']","[0.7758, 0.6442, 0.622]"
1734,the head of a child with dark glasses is in focus,2716457668_187a6d2b1c.jpg,3,0.6053,0.6664,0.0611,"['2456030728_d3d147e774.jpg', '2131762850_5293a288d9.jpg', '2716457668_187a6d2b1c.jpg']","[0.6664, 0.6543, 0.6053]"
1735,the bulls are coming down the street with people to the right of them and a building behind them,2718376488_3c62f7642c.jpg,-1,0.4081,0.5893,0.1812,"['791338571_7f38510bf7.jpg', '2652155912_8ba5426790.jpg', '380527679_574749123d.jpg']","[0.5893, 0.5479, 0.5216]"
1736,the bulls are chasing the runners,2718376488_3c62f7642c.jpg,-1,0.2137,0.5433,0.3296,"['2944952557_8484f0da8f.jpg', '2629346153_155ba73ae9.jpg', '3656104088_a0d1642fa9.jpg']","[0.5433, 0.5325, 0.5325]"
1737,hundreds of people watch as people partake in the bullrun,2718376488_3c62f7642c.jpg,-1,0.4033,0.6714,0.2681,"['1425919702_ddb761aeec.jpg', '3438858409_136345fa07.jpg', '3225037367_a71fa86319.jpg']","[0.6714, 0.5663, 0.5332]"
1738,a group of bulls are running down a street as people run and others watch,2718376488_3c62f7642c.jpg,4,0.5072,0.5828,0.0756,"['2818735880_68b3dfe1f5.jpg', '1425919702_ddb761aeec.jpg', '97731718_eb7ba71fd3.jpg']","[0.5828, 0.5159, 0.5101]"
1739,cows and people running down street,2718376488_3c62f7642c.jpg,-1,0.4668,0.613,0.1462,"['3656104088_a0d1642fa9.jpg', '2344412916_9a5a9b1c82.jpg', '380527679_574749123d.jpg']","[0.613, 0.5689, 0.5572]"
1740,a lady holds a beverage,2721656220_5f4cda8bc1.jpg,3,0.6362,0.737,0.1008,"['1798209205_77dbf525b0.jpg', '3213395965_2a823c6865.jpg', '2721656220_5f4cda8bc1.jpg']","[0.737, 0.6439, 0.6362]"
1741,an attractive brunette woman smiles and holds a beverage in front of her,2721656220_5f4cda8bc1.jpg,4,0.5579,0.5906,0.0327,"['3213395965_2a823c6865.jpg', '1798209205_77dbf525b0.jpg', '3396153660_f729d9f9b9.jpg']","[0.5906, 0.5889, 0.5827]"
1745,this girl dressed in a bikini is leaving the water,2726262796_03bd63a155.jpg,2,0.6559,0.716,0.06,"['2830869109_c4e403eae6.jpg', '2726262796_03bd63a155.jpg', '2704934519_457dc38986.jpg']","[0.716, 0.6559, 0.5975]"
1751,a group of smiling women,2728276857_3f83757ef2.jpg,2,0.6966,0.7194,0.0228,"['3396153660_f729d9f9b9.jpg', '2728276857_3f83757ef2.jpg', '1454841725_4b6e6199e2.jpg']","[0.7194, 0.6966, 0.6757]"
1752,a group of women hugging each other,2728276857_3f83757ef2.jpg,7,0.6041,0.7146,0.1106,"['3396153660_f729d9f9b9.jpg', '1454841725_4b6e6199e2.jpg', '3718007650_e5930b4509.jpg']","[0.7146, 0.6894, 0.6849]"
1753,a group of women pose for a picture as a man plays guitar behind them,2728276857_3f83757ef2.jpg,4,0.5466,0.7145,0.1679,"['3305767464_d64a336f60.jpg', '3332202255_a30c522664.jpg', '3155400369_69e3d6d70f.jpg']","[0.7145, 0.7063, 0.5504]"
1754,many women sitting happily together smiling at the camera,2728276857_3f83757ef2.jpg,2,0.6422,0.6474,0.0053,"['255091927_2eb643beb2.jpg', '2728276857_3f83757ef2.jpg', '2621771656_09a620da6d.jpg']","[0.6474, 0.6422, 0.6352]"
1755,the brown and white dog is running through a field,2730994020_64ac1d18be.jpg,-1,0.6383,0.7769,0.1386,"['2867699650_e6ddb540de.jpg', '2764732789_1392e962d0.jpg', '2886411666_72d8b12ce4.jpg']","[0.7769, 0.7404, 0.7335]"
1756,a dog sprints across a grassy field,2730994020_64ac1d18be.jpg,4,0.7367,0.7441,0.0074,"['2673148534_8daf0de833.jpg', '2584487952_f70e5aa9bf.jpg', '3518675890_2f65e23ff9.jpg']","[0.7441, 0.74, 0.7384]"
1760,a child gets squirted while squirting a water gun,2735792721_b8fe85e803.jpg,10,0.4716,0.6868,0.2152,"['3208074567_ac44aeb3f3.jpg', '3052196390_c59dd24ca8.jpg', '3517362674_0f5296de19.jpg']","[0.6868, 0.6251, 0.5683]"
1761,a child with a squirt gun,2735792721_b8fe85e803.jpg,-1,0.4006,0.665,0.2644,"['2648165716_02e2e74fd6.jpg', '542317719_ed4dd95dc2.jpg', '3426144752_28d63615ca.jpg']","[0.665, 0.6467, 0.6117]"
1762,a child with a water gun being sprayed with water,2735792721_b8fe85e803.jpg,10,0.4849,0.7769,0.2921,"['3208074567_ac44aeb3f3.jpg', '1308472581_9961782889.jpg', '3052196390_c59dd24ca8.jpg']","[0.7769, 0.6365, 0.5986]"
1763,a laughing child is holding a water gun and getting sprayed with water,2735792721_b8fe85e803.jpg,-1,0.4603,0.7311,0.2708,"['3208074567_ac44aeb3f3.jpg', '1308472581_9961782889.jpg', '3052196390_c59dd24ca8.jpg']","[0.7311, 0.6367, 0.5394]"
1764,there is a kid spraying a water gun,2735792721_b8fe85e803.jpg,9,0.5287,0.7308,0.2021,"['3208074567_ac44aeb3f3.jpg', '3052196390_c59dd24ca8.jpg', '506882688_b37d549593.jpg']","[0.7308, 0.6845, 0.6258]"
1769,a man in a grey uniform sliding into a base,2736508369_fd9ff0b42f.jpg,-1,0.5098,0.648,0.1382,"['3442978981_53bf1f45f3.jpg', '3550763985_800cfee7e4.jpg', '2061354254_faa5bd294b.jpg']","[0.648, 0.6384, 0.6032]"
1773,a lot of men and motorcycles float on a canoe,2744330402_824240184c.jpg,2,0.8396,0.8511,0.0115,"['3207264553_8cd4dcde53.jpg', '2744330402_824240184c.jpg', '2526585002_10987a63f3.jpg']","[0.8511, 0.8396, 0.7578]"
1774,people are riding in a boat with oars,2744330402_824240184c.jpg,2,0.8114,0.8326,0.0213,"['3207264553_8cd4dcde53.jpg', '2744330402_824240184c.jpg', '2526585002_10987a63f3.jpg']","[0.8326, 0.8114, 0.7785]"
1775,a pack of bicyclists taking a turn during a race,2744600462_5804577296.jpg,3,0.715,0.8963,0.1813,"['2986671935_0c60bbb3fa.jpg', '3726025663_e7d35d23f6.jpg', '2744600462_5804577296.jpg']","[0.8963, 0.8431, 0.715]"
1776,cyclists competing in a race are coming around a bend in the road,2744600462_5804577296.jpg,3,0.5819,0.8046,0.2227,"['2986671935_0c60bbb3fa.jpg', '3726025663_e7d35d23f6.jpg', '2744600462_5804577296.jpg']","[0.8046, 0.7265, 0.5819]"
1777,a pack of bicycle road racers lean through a curve,2744600462_5804577296.jpg,3,0.6263,0.8134,0.1871,"['2986671935_0c60bbb3fa.jpg', '3726025663_e7d35d23f6.jpg', '2744600462_5804577296.jpg']","[0.8134, 0.727, 0.6263]"
1778,a cyclist donning blue and white is leading a pack of cyclists,2744600462_5804577296.jpg,3,0.7234,0.8461,0.1227,"['2986671935_0c60bbb3fa.jpg', '3726025663_e7d35d23f6.jpg', '2744600462_5804577296.jpg']","[0.8461, 0.7601, 0.7234]"
1779,a large column of bicyclists is cycling down a road,2744600462_5804577296.jpg,5,0.6069,0.7082,0.1013,"['3726025663_e7d35d23f6.jpg', '2986671935_0c60bbb3fa.jpg', '3671933270_d124e9a1a4.jpg']","[0.7082, 0.6403, 0.6329]"
1780,a girl in a yellow shirt plays in the water,2747714500_49476225c6.jpg,6,0.5958,0.7434,0.1476,"['2594459477_8ca0121a9a.jpg', '3229282764_a4a515f4e2.jpg', '2704934519_457dc38986.jpg']","[0.7434, 0.7058, 0.6954]"
1781,a girl wearing a yellow dress is playing in water while others are watching,2747714500_49476225c6.jpg,5,0.5868,0.6915,0.1048,"['2704934519_457dc38986.jpg', '1095476286_87d4f8664e.jpg', '3433982387_3fa993cf5a.jpg']","[0.6915, 0.622, 0.6086]"
1782,a little girl dressed in yellow splashes in a shallow pool,2747714500_49476225c6.jpg,2,0.6726,0.6813,0.0087,"['1808370027_2088394eb4.jpg', '2747714500_49476225c6.jpg', '1095476286_87d4f8664e.jpg']","[0.6813, 0.6726, 0.631]"
1783,a little girl in a yellow shirt runs through a fountain in a busy park,2747714500_49476225c6.jpg,5,0.5757,0.6287,0.053,"['2594459477_8ca0121a9a.jpg', '1095476286_87d4f8664e.jpg', '506882688_b37d549593.jpg']","[0.6287, 0.6235, 0.6227]"
1784,young girl in wading pool with onlooker in red shirt and backpack standing on the side,2747714500_49476225c6.jpg,-1,0.4212,0.6443,0.2231,"['1801063894_60bce29e19.jpg', '2830869109_c4e403eae6.jpg', '758921886_55a351dd67.jpg']","[0.6443, 0.5613, 0.5319]"
1790,a man sits in a camping chair near the edge of a rock face over a body of water,2752331711_cb18abba5a.jpg,8,0.4824,0.7251,0.2427,"['561179884_8b6b925ef9.jpg', '3495490064_8db40a83af.jpg', '3108378861_d2214d971e.jpg']","[0.7251, 0.7173, 0.5859]"
1791,a man sits in a chair while holding a large pole,2752331711_cb18abba5a.jpg,-1,0.3072,0.6222,0.315,"['3495490064_8db40a83af.jpg', '361183669_52be9662b9.jpg', '181777261_84c48b31cb.jpg']","[0.6222, 0.526, 0.4789]"
1792,a man sits on a folding chair on big block of ice holding on to a rope,2752331711_cb18abba5a.jpg,8,0.4881,0.5305,0.0424,"['3288274849_07ff76ee93.jpg', '1584315962_5b0b45d02d.jpg', '561179884_8b6b925ef9.jpg']","[0.5305, 0.499, 0.4989]"
1793,man sits on chair near edge of cliff fishing,2752331711_cb18abba5a.jpg,6,0.502,0.7061,0.2042,"['361183669_52be9662b9.jpg', '3495490064_8db40a83af.jpg', '2125216241_5b265a2fbc.jpg']","[0.7061, 0.6862, 0.5182]"
1794,the man hold a pole in the air while sitting close to the cliffs edge,2752331711_cb18abba5a.jpg,-1,0.4174,0.6172,0.1998,"['3108378861_d2214d971e.jpg', '181777261_84c48b31cb.jpg', '530888330_a18343e38d.jpg']","[0.6172, 0.6049, 0.5613]"
1798,a man in red swim trunks is in midair above the people in the water below,2753531542_ace2c870b7.jpg,-1,0.5118,0.7025,0.1906,"['2797438951_88a3ed7541.jpg', '3426789838_8771f0ed56.jpg', '3582066525_e9d6377f56.jpg']","[0.7025, 0.6809, 0.6187]"
1800,a big black dog with fluffy fur runs in the surf of a rocky shore,2756636539_cc1eacbf4a.jpg,5,0.6704,0.8116,0.1411,"['3640020134_367941f5ec.jpg', '254527963_3f5824b0e8.jpg', '2378127945_8dc9da82d7.jpg']","[0.8116, 0.7362, 0.7331]"
1801,a black dog jumps through the water,2756636539_cc1eacbf4a.jpg,2,0.793,0.8485,0.0554,"['1470132731_fa416b7504.jpg', '2756636539_cc1eacbf4a.jpg', '247778426_fd59734130.jpg']","[0.8485, 0.793, 0.7848]"
1802,a black dog splashes in the water,2756636539_cc1eacbf4a.jpg,3,0.8689,0.9049,0.0361,"['2565685680_c30972455d.jpg', '1470132731_fa416b7504.jpg', '2756636539_cc1eacbf4a.jpg']","[0.9049, 0.8948, 0.8689]"
1803,the black dog is in the water on the shore,2756636539_cc1eacbf4a.jpg,4,0.7439,0.8225,0.0785,"['3640020134_367941f5ec.jpg', '527968666_1fcddf81ab.jpg', '1470132731_fa416b7504.jpg']","[0.8225, 0.7668, 0.7606]"
1804,the black dog is running through the water,2756636539_cc1eacbf4a.jpg,2,0.8173,0.8179,0.0006,"['2565685680_c30972455d.jpg', '2756636539_cc1eacbf4a.jpg', '1470132731_fa416b7504.jpg']","[0.8179, 0.8173, 0.7958]"
1805,the blonde girl is watching the boy run barefoot on the ground,2759211664_d21393b668.jpg,-1,0.2621,0.5821,0.32,"['2538477523_1da77eb11c.jpg', '3178489390_13a6ae7524.jpg', '3463268965_f22884fc69.jpg']","[0.5821, 0.564, 0.5556]"
1806,a boy wearing a red shirt is running through the sand,2759211664_d21393b668.jpg,-1,0.2888,0.6662,0.3774,"['3178489390_13a6ae7524.jpg', '3649224118_abe73c672c.jpg', '2422018883_336519b5c6.jpg']","[0.6662, 0.5832, 0.5527]"
1807,a boy in a red shirt and white shorts is standing in the sand,2759211664_d21393b668.jpg,-1,0.4302,0.6066,0.1764,"['3532194771_07faf20d76.jpg', '3612249030_e2829ffa31.jpg', '3649224118_abe73c672c.jpg']","[0.6066, 0.5997, 0.5952]"
1808,a boy runs along a beach while a group of young girls watch,2759211664_d21393b668.jpg,-1,0.3756,0.798,0.4224,"['3178489390_13a6ae7524.jpg', '3649224118_abe73c672c.jpg', '3747543364_bf5b548527.jpg']","[0.798, 0.7077, 0.6979]"
1809,a boy sprints across the sand,2759211664_d21393b668.jpg,-1,0.3582,0.7176,0.3594,"['3649224118_abe73c672c.jpg', '3178489390_13a6ae7524.jpg', '2407470303_6fd5e3600d.jpg']","[0.7176, 0.686, 0.5695]"
1810,a man walking while holding a hat on a stick,2760715910_87c7bdeb87.jpg,-1,0.3405,0.6059,0.2653,"['1396703063_e8c3687afe.jpg', '2924884899_f512c84332.jpg', '2551344688_17a12a6948.jpg']","[0.6059, 0.5965, 0.5053]"
1811,an asian man balancing a hat on a stick,2760715910_87c7bdeb87.jpg,-1,0.1568,0.6202,0.4634,"['2924884899_f512c84332.jpg', '3132760860_3e743a935d.jpg', '1396703063_e8c3687afe.jpg']","[0.6202, 0.5363, 0.5143]"
1812,a person holds a very small umbrella,2760715910_87c7bdeb87.jpg,6,0.4612,0.6,0.1388,"['3174726084_c108de0a64.jpg', '3484820303_7be0e914b4.jpg', '3694219419_a7a83d4886.jpg']","[0.6, 0.5923, 0.5312]"
1813,older man holds a baseball hat above his head with a pole,2760715910_87c7bdeb87.jpg,-1,0.1967,0.8126,0.6159,"['2924884899_f512c84332.jpg', '2837640996_0183db8d93.jpg', '1396703063_e8c3687afe.jpg']","[0.8126, 0.6706, 0.6051]"
1814,the man in the glasses holds something on a stick,2760715910_87c7bdeb87.jpg,-1,0.018,0.7144,0.6964,"['1418019748_51c7d59c11.jpg', '1417295167_5299df6db8.jpg', '278002800_3817135105.jpg']","[0.7144, 0.6328, 0.6014]"
1815,a dog with floppy ears runs in a dry field,2764732789_1392e962d0.jpg,-1,0.4772,0.6562,0.179,"['3559781965_d4ec00e506.jpg', '240583223_e26e17ee96.jpg', '2445783904_e6c38a3a3d.jpg']","[0.6562, 0.6429, 0.6133]"
1816,a longeared dog running in the grass,2764732789_1392e962d0.jpg,8,0.6893,0.8329,0.1436,"['3518675890_2f65e23ff9.jpg', '2584487952_f70e5aa9bf.jpg', '241046599_28b0ca7b9f.jpg']","[0.8329, 0.7889, 0.7851]"
1817,a dog runs in a field of brown grass,2764732789_1392e962d0.jpg,-1,0.6228,0.842,0.2192,"['3518675890_2f65e23ff9.jpg', '2584487952_f70e5aa9bf.jpg', '1324816249_86600a6759.jpg']","[0.842, 0.8026, 0.7069]"
1818,a brown and white dog wearing a red harness is running through a dry field ears flapping,2764732789_1392e962d0.jpg,2,0.6557,0.6611,0.0054,"['3559781965_d4ec00e506.jpg', '2764732789_1392e962d0.jpg', '3036596725_541bbe0955.jpg']","[0.6611, 0.6557, 0.6221]"
1819,a dog bounds across the brown grass,2764732789_1392e962d0.jpg,5,0.7236,0.7733,0.0497,"['1324816249_86600a6759.jpg', '3559781965_d4ec00e506.jpg', '3518675890_2f65e23ff9.jpg']","[0.7733, 0.7709, 0.7577]"
1820,a black and white dog is staring at two brown lambs,2768021570_46bc6325e3.jpg,7,0.5087,0.6142,0.1055,"['2702506716_17a7fb3ba4.jpg', '2882483779_73c171ac19.jpg', '288508162_1727873924.jpg']","[0.6142, 0.601, 0.5692]"
1821,a cowboy stands near two sheep and a dog at a rodeo,2768021570_46bc6325e3.jpg,7,0.6018,0.711,0.1092,"['2403544744_cba152f5c1.jpg', '2500567791_101d5ddee3.jpg', '3289817083_4e78e1c05a.jpg']","[0.711, 0.6861, 0.6858]"
1822,a man in a pink shirt herding goats in a ring,2768021570_46bc6325e3.jpg,-1,0.3762,0.5629,0.1868,"['2629346153_155ba73ae9.jpg', '305199420_89f6ddd778.jpg', '3294952558_96bb8c8cf3.jpg']","[0.5629, 0.5524, 0.5402]"
1823,a man uses two sticks to control two tan goats in a pen while a black and white dog watches,2768021570_46bc6325e3.jpg,-1,0.4115,0.6463,0.2348,"['2629346153_155ba73ae9.jpg', '2891240104_6755281868.jpg', '3289817083_4e78e1c05a.jpg']","[0.6463, 0.5313, 0.5291]"
1824,the dog is herding sheep into a pen,2768021570_46bc6325e3.jpg,-1,0.4908,0.6571,0.1663,"['2403544744_cba152f5c1.jpg', '2818735880_68b3dfe1f5.jpg', '536721406_884ab8fece.jpg']","[0.6571, 0.6103, 0.5977]"
1825,the large brown dog is sniffing a small white dog,2768972186_92787cd523.jpg,8,0.5428,0.7529,0.2101,"['2427558437_3e839056d7.jpg', '460935487_75b2da7854.jpg', '2632366677_43dee456a5.jpg']","[0.7529, 0.6435, 0.6091]"
1826,a large brown dog trying to catch a small white puppy from behind,2768972186_92787cd523.jpg,-1,0.5382,0.7575,0.2193,"['2419221084_01a14176b4.jpg', '453756106_711c20471a.jpg', '460935487_75b2da7854.jpg']","[0.7575, 0.6855, 0.6815]"
1827,a large brown dog sniffs a small white dog s behind,2768972186_92787cd523.jpg,9,0.5286,0.7449,0.2164,"['2427558437_3e839056d7.jpg', '460935487_75b2da7854.jpg', '3383491811_fd9d3a891d.jpg']","[0.7449, 0.649, 0.6405]"
1828,a big dog is biting a smaller dog on the leg,2768972186_92787cd523.jpg,-1,0.5485,0.7718,0.2233,"['351876121_c7c0221928.jpg', '2545192257_142fe9e2de.jpg', '3086523890_fd9394af8b.jpg']","[0.7718, 0.7507, 0.6716]"
1829,a dog bites the tail of another dog,2768972186_92787cd523.jpg,4,0.6431,0.7298,0.0867,"['351876121_c7c0221928.jpg', '3086523890_fd9394af8b.jpg', '2545192257_142fe9e2de.jpg']","[0.7298, 0.6945, 0.6799]"
1830,people are riding on a ride at a theme park or carnival,2773011586_6f4cd41e84.jpg,9,0.5127,0.6108,0.0981,"['2504991916_dc61e59e49.jpg', '2834103050_512e5b330a.jpg', '2744330402_824240184c.jpg']","[0.6108, 0.6023, 0.6019]"
1831,riders in the log ride throw their arms in the air in enjoyment as they prepare for the watery descent,2773011586_6f4cd41e84.jpg,-1,0.0325,0.7115,0.679,"['3207264553_8cd4dcde53.jpg', '3421928157_69a325366f.jpg', '2888732432_7e907a3df1.jpg']","[0.7115, 0.5884, 0.5852]"
1832,two people are riding down a log flume in a theme park,2773011586_6f4cd41e84.jpg,-1,-0.0245,0.6048,0.6293,"['2289096282_4ef120f189.jpg', '2888732432_7e907a3df1.jpg', '3515451715_ac5ac04efa.jpg']","[0.6048, 0.5988, 0.5233]"
1833,two people raise up their arms in a rollercoaster ride,2773011586_6f4cd41e84.jpg,-1,0.2377,0.701,0.4633,"['1332208215_fa824f6659.jpg', '2525666287_638ab5e784.jpg', '3726120436_740bda8416.jpg']","[0.701, 0.5299, 0.5207]"
1834,water log amusement park ride with people in it at night,2773011586_6f4cd41e84.jpg,-1,0.3515,0.6852,0.3337,"['2744330402_824240184c.jpg', '3207264553_8cd4dcde53.jpg', '3692746368_ab7d97ab31.jpg']","[0.6852, 0.6676, 0.5482]"
1835,a man in black is eating a baked good near two elderly men,278002800_3817135105.jpg,6,0.569,0.7058,0.1368,"['3351667846_ac43118ae5.jpg', '1798209205_77dbf525b0.jpg', '3066338314_2c3fb731d1.jpg']","[0.7058, 0.6094, 0.6089]"
1838,a man eats a pastry,278002800_3817135105.jpg,-1,0.3812,0.6262,0.245,"['191003287_2915c11d8e.jpg', '1798209205_77dbf525b0.jpg', '2181724497_dbb7fcb0a9.jpg']","[0.6262, 0.5678, 0.5637]"
1839,a man in a black coat eats a doughnut while other men look out of frame,278002800_3817135105.jpg,10,0.4179,0.5398,0.122,"['358607894_5abb1250d3.jpg', '2891240104_6755281868.jpg', '3066338314_2c3fb731d1.jpg']","[0.5398, 0.5024, 0.5003]"
1843,a male watches a young female playing soccer,278608022_4175813019.jpg,5,0.7268,0.8061,0.0793,"['2962977152_9d6958fdd5.jpg', '3538021517_b930dc76fc.jpg', '3522749949_fb615cee47.jpg']","[0.8061, 0.7728, 0.7658]"
1845,the biker is riding through the woods,2788628994_61123c03d2.jpg,2,0.6851,0.7455,0.0603,"['2308108566_2cba6bca53.jpg', '2788628994_61123c03d2.jpg', '3374384485_751f719be4.jpg']","[0.7455, 0.6851, 0.6268]"
1846,tall trees reach to the horizon as a cyclist navigates the way through the tangled roots,2788628994_61123c03d2.jpg,5,0.5788,0.6349,0.0561,"['3119696225_b289efaec8.jpg', '268654674_d29e00b3d0.jpg', '2308108566_2cba6bca53.jpg']","[0.6349, 0.5974, 0.5844]"
1847,a person on a bike rides through a wooded area,2788628994_61123c03d2.jpg,4,0.6298,0.7701,0.1403,"['2308108566_2cba6bca53.jpg', '3374384485_751f719be4.jpg', '3476451861_5b9c9ce191.jpg']","[0.7701, 0.6962, 0.6738]"
1848,a man in a blue jacket bikes down a forest path,2788628994_61123c03d2.jpg,5,0.5603,0.7593,0.199,"['2308108566_2cba6bca53.jpg', '95728660_d47de66544.jpg', '3474985008_0a827cd340.jpg']","[0.7593, 0.6573, 0.5815]"
1849,a man rides a bike down a trail in a pine forest,2788628994_61123c03d2.jpg,2,0.6196,0.7751,0.1554,"['2308108566_2cba6bca53.jpg', '2788628994_61123c03d2.jpg', '3374384485_751f719be4.jpg']","[0.7751, 0.6196, 0.6167]"
1855,older man playing accordion on a street,2798651021_2566f2a47e.jpg,-1,0.2465,0.5897,0.3432,"['3293018193_e4e0c8db7c.jpg', '397601572_9587a39291.jpg', '3526805681_38461c0d5d.jpg']","[0.5897, 0.5795, 0.5542]"
1856,a man with an accordion sitting alongside a path,2798651021_2566f2a47e.jpg,-1,0.2697,0.5691,0.2994,"['2533076864_d799996433.jpg', '3495490064_8db40a83af.jpg', '2788628994_61123c03d2.jpg']","[0.5691, 0.5398, 0.5364]"
1857,a guy sitting on the side of the road playing an accordion,2798651021_2566f2a47e.jpg,-1,0.3009,0.5954,0.2945,"['2750867389_4b815f793a.jpg', '397601572_9587a39291.jpg', '2863180332_372510aa49.jpg']","[0.5954, 0.5848, 0.581]"
1858,a man is playing the accordion in an empty park,2798651021_2566f2a47e.jpg,-1,0.2041,0.5231,0.319,"['2533076864_d799996433.jpg', '3495490064_8db40a83af.jpg', '2788628994_61123c03d2.jpg']","[0.5231, 0.512, 0.4696]"
1859,a man sits by a driveway in front of a white building playing an accordion,2798651021_2566f2a47e.jpg,-1,0.2038,0.6316,0.4278,"['3293018193_e4e0c8db7c.jpg', '2894850774_2d530040a1.jpg', '3619232550_0b1e1fd4e4.jpg']","[0.6316, 0.5318, 0.5021]"
1864,two men talking by a red box and a poster,2815256108_fc1302117d.jpg,4,0.5441,0.7174,0.1733,"['2891240104_6755281868.jpg', '3183883750_b6acc40397.jpg', '432167214_c17fcc1a2d.jpg']","[0.7174, 0.5599, 0.5528]"
1865,a boy in a yellow polo standing in tall grass,281754914_bc8119a0ed.jpg,-1,0.2844,0.6359,0.3516,"['2107838729_a527e434bd.jpg', '1104133405_c04a00707f.jpg', '2410618963_fb78307d18.jpg']","[0.6359, 0.624, 0.6122]"
1866,a kid hides from the camera in the overgrown bushes,281754914_bc8119a0ed.jpg,-1,0.4385,0.6602,0.2217,"['2412390588_a89cab30f4.jpg', '3698944019_825ef54f2f.jpg', '3694093650_547259731e.jpg']","[0.6602, 0.626, 0.5882]"
1867,a little boy standing in very tall green grass,281754914_bc8119a0ed.jpg,-1,0.3647,0.6636,0.2989,"['745966757_6d16dfad8f.jpg', '3405942945_f4af2934a6.jpg', '3767841911_6678052eb6.jpg']","[0.6636, 0.663, 0.6455]"
1868,boy in striped shirt standing among the tall grasses,281754914_bc8119a0ed.jpg,-1,0.3665,0.6502,0.2837,"['2681215810_00b0642f7b.jpg', '3405942945_f4af2934a6.jpg', '762947607_2001ee4c72.jpg']","[0.6502, 0.6382, 0.583]"
1869,the little boy in a yellow striped shirt stands in some tall grass,281754914_bc8119a0ed.jpg,-1,0.2849,0.733,0.4481,"['3767841911_6678052eb6.jpg', '3405942945_f4af2934a6.jpg', '1104133405_c04a00707f.jpg']","[0.733, 0.6756, 0.6429]"
1873,a group of dogs runs down a path through dry grass and bushes,2818735880_68b3dfe1f5.jpg,2,0.6957,0.7096,0.014,"['1403414927_5f80281505.jpg', '2818735880_68b3dfe1f5.jpg', '3435035138_af32890a4c.jpg']","[0.7096, 0.6957, 0.5809]"
1874,brown dogs are running down a trail,2818735880_68b3dfe1f5.jpg,3,0.585,0.5931,0.0081,"['2546959333_23b957988f.jpg', '2259203920_6b93b721ce.jpg', '2818735880_68b3dfe1f5.jpg']","[0.5931, 0.5858, 0.585]"
1875,a boy and girl playing with buckets in a lawn sprinkler,2830869109_c4e403eae6.jpg,-1,0.1544,0.6745,0.5201,"['3052196390_c59dd24ca8.jpg', '3767841911_6678052eb6.jpg', '1095476286_87d4f8664e.jpg']","[0.6745, 0.6389, 0.6006]"
1876,a girl and boy are playing with buckets of water in the garden overlooking a lake,2830869109_c4e403eae6.jpg,-1,0.3971,0.7178,0.3207,"['3637013_c675de7705.jpg', '2747714500_49476225c6.jpg', '1248357227_2b4175fc39.jpg']","[0.7178, 0.6404, 0.6182]"
1877,a girl with a bucket of water is being chased by a boy with a bucket of water,2830869109_c4e403eae6.jpg,-1,0.5006,0.757,0.2564,"['1308472581_9961782889.jpg', '2672588619_3849930e99.jpg', '2747714500_49476225c6.jpg']","[0.757, 0.7559, 0.72]"
1878,a young girl and young boy are playing with pails of water with the ocean in the background,2830869109_c4e403eae6.jpg,-1,0.3685,0.7143,0.3458,"['2277081067_d2b4c98bce.jpg', '1308472581_9961782889.jpg', '2701487024_e866eb4550.jpg']","[0.7143, 0.6599, 0.653]"
1879,children play in a sprinkler near a beach,2830869109_c4e403eae6.jpg,-1,0.1443,0.635,0.4907,"['2257294002_0073263c54.jpg', '3747543364_bf5b548527.jpg', '2852982055_8112d0964f.jpg']","[0.635, 0.6325, 0.623]"
1880,the dog runs down the wooden ramp,2831672255_d779807c14.jpg,2,0.6729,0.6816,0.0087,"['2102581664_5ea50f85c6.jpg', '2831672255_d779807c14.jpg', '2935703360_4f794f7f09.jpg']","[0.6816, 0.6729, 0.6176]"
1884,a brown dog is running down a green and yellow obstacle,2831672255_d779807c14.jpg,7,0.6195,0.6497,0.0302,"['2632366677_43dee456a5.jpg', '2946016853_ceca4f5a07.jpg', '2404692474_37da774368.jpg']","[0.6497, 0.6473, 0.6294]"
1885,a beach with people standing on the sand,2834103050_512e5b330a.jpg,-1,0.2137,0.7797,0.566,"['2603792708_18a97bac97.jpg', '3189002057_3ef61b803e.jpg', '3518755601_cebf11e515.jpg']","[0.7797, 0.7491, 0.7334]"
1886,a woman with a green sunshade is passing a sales merchant on the beach,2834103050_512e5b330a.jpg,3,0.4714,0.5114,0.04,"['3189002057_3ef61b803e.jpg', '2603792708_18a97bac97.jpg', '2834103050_512e5b330a.jpg']","[0.5114, 0.4881, 0.4714]"
1887,many people are walking along the beach on a clear day,2834103050_512e5b330a.jpg,-1,0.3086,0.7666,0.458,"['3189002057_3ef61b803e.jpg', '3446347599_0ecc49a9d5.jpg', '2603792708_18a97bac97.jpg']","[0.7666, 0.6946, 0.6672]"
1888,people dressed in bathing suits dresses and shorts are on the beach near an exhibit,2834103050_512e5b330a.jpg,2,0.5241,0.558,0.0339,"['3697378565_7060d9281a.jpg', '2834103050_512e5b330a.jpg', '2928835996_88b9f9503d.jpg']","[0.558, 0.5241, 0.5233]"
1889,people standing on a beach one under a green umbrella,2834103050_512e5b330a.jpg,-1,0.4029,0.77,0.367,"['2603792708_18a97bac97.jpg', '3189002057_3ef61b803e.jpg', '2760715910_87c7bdeb87.jpg']","[0.77, 0.7099, 0.6593]"
1890,the black dog catches a toy in its mouth while running in the field,283428775_a3665bee7c.jpg,2,0.7953,0.7999,0.0046,"['1026685415_0431cbf574.jpg', '283428775_a3665bee7c.jpg', '428796930_476a3d6395.jpg']","[0.7999, 0.7953, 0.6377]"
1891,black retriever plays with a multicolored toy in dry grass,283428775_a3665bee7c.jpg,2,0.7326,0.7439,0.0113,"['1026685415_0431cbf574.jpg', '283428775_a3665bee7c.jpg', '689776124_07f560a920.jpg']","[0.7439, 0.7326, 0.6429]"
1892,a dog catching a toy in a field,283428775_a3665bee7c.jpg,-1,0.582,0.7192,0.1372,"['1026685415_0431cbf574.jpg', '2584487952_f70e5aa9bf.jpg', '2505360288_c972bd29c4.jpg']","[0.7192, 0.67, 0.6636]"
1893,a black dog is running through long grass with a colorful toy in its mouth,283428775_a3665bee7c.jpg,2,0.7167,0.7943,0.0776,"['1026685415_0431cbf574.jpg', '283428775_a3665bee7c.jpg', '689776124_07f560a920.jpg']","[0.7943, 0.7167, 0.655]"
1895,a man talks on the phone with his feet up,2837640996_0183db8d93.jpg,-1,0.3641,0.6189,0.2548,"['1860543210_47e94cf652.jpg', '2856700531_312528eea4.jpg', '2700147489_f1664f2b61.jpg']","[0.6189, 0.61, 0.5653]"
1896,a man wearing a green tshirt sits with his legs on a ledge and talks on the phone,2837640996_0183db8d93.jpg,5,0.5082,0.5496,0.0414,"['343662720_39e4067cd1.jpg', '403678611_73978faed7.jpg', '397601572_9587a39291.jpg']","[0.5496, 0.5237, 0.5192]"
1897,a man with his feet up using a telephone,2837640996_0183db8d93.jpg,-1,0.1788,0.668,0.4893,"['3726700898_c50494b8bd.jpg', '2700147489_f1664f2b61.jpg', '1298866571_b4c496b71c.jpg']","[0.668, 0.6398, 0.6118]"
1898,seated man with red hat and green shirt is talking on the phone,2837640996_0183db8d93.jpg,2,0.6006,0.612,0.0114,"['397601572_9587a39291.jpg', '2837640996_0183db8d93.jpg', '403678611_73978faed7.jpg']","[0.612, 0.6006, 0.5638]"
1899,the man in the green tshirt has his feet up whilst talking on a cellphone,2837640996_0183db8d93.jpg,-1,0.2773,0.611,0.3337,"['2700147489_f1664f2b61.jpg', '1860543210_47e94cf652.jpg', '2856700531_312528eea4.jpg']","[0.611, 0.5984, 0.582]"
1903,a football player his helmet half off looking at the ground,2837799692_2f1c50722a.jpg,4,0.7202,0.8145,0.0943,"['241347803_afb04b12c4.jpg', '241347271_a39a5a0070.jpg', '241347547_902725b9f8.jpg']","[0.8145, 0.8129, 0.7324]"
1905,a collie catches a white frisbee at an obedience competition,2839807428_efe42423f2.jpg,2,0.5376,0.6198,0.0822,"['2857609295_16aaa85293.jpg', '2839807428_efe42423f2.jpg', '3368671163_0171259581.jpg']","[0.6198, 0.5376, 0.5366]"
1915,two boys stand in an ocean as the sun sets,2843695880_eeea6c67db.jpg,3,0.5958,0.641,0.0452,"['2603792708_18a97bac97.jpg', '3217893350_57be430d06.jpg', '2843695880_eeea6c67db.jpg']","[0.641, 0.623, 0.5958]"
1917,two people in water,2843695880_eeea6c67db.jpg,-1,0.5161,0.6064,0.0903,"['1299459550_1fd5594fa2.jpg', '1177994172_10d143cb8d.jpg', '3217893350_57be430d06.jpg']","[0.6064, 0.6033, 0.5864]"
1918,two people stand elbow deep in the ocean watching the sunset,2843695880_eeea6c67db.jpg,5,0.668,0.8207,0.1527,"['2603792708_18a97bac97.jpg', '3189002057_3ef61b803e.jpg', '530661899_94655d7d0e.jpg']","[0.8207, 0.7797, 0.7335]"
1920,two people in a field looking offcamera,2845845721_d0bc113ff7.jpg,4,0.4746,0.7115,0.2369,"['530661899_94655d7d0e.jpg', '530888330_a18343e38d.jpg', '1429723917_6af585e4c0.jpg']","[0.7115, 0.5493, 0.5125]"
1922,a woman stands in a field with her hands on her hips while a man runs up behind her,2845845721_d0bc113ff7.jpg,2,0.5986,0.6037,0.0051,"['2698487246_e827404cac.jpg', '2845845721_d0bc113ff7.jpg', '2061354254_faa5bd294b.jpg']","[0.6037, 0.5986, 0.5583]"
1924,a man in jeans is playing with a ball while a woman in jeans stands nearby looking away,2845845721_d0bc113ff7.jpg,4,0.5569,0.6324,0.0755,"['3425071001_e7c9809ef2.jpg', '2061354254_faa5bd294b.jpg', '2991575785_bd4868e215.jpg']","[0.6324, 0.6013, 0.5579]"
1925,a woman is looking away from two small children playing in a fountain,2852982055_8112d0964f.jpg,8,0.4679,0.6229,0.155,"['2747714500_49476225c6.jpg', '3347500603_13670ee6bf.jpg', '571507143_be346225b7.jpg']","[0.6229, 0.5559, 0.5476]"
1926,two children and an adult are near the fountain,2852982055_8112d0964f.jpg,4,0.6636,0.7097,0.0461,"['3052196390_c59dd24ca8.jpg', '506882688_b37d549593.jpg', '1095476286_87d4f8664e.jpg']","[0.7097, 0.6752, 0.6737]"
1927,two children and a woman are playing in a water fountain,2852982055_8112d0964f.jpg,4,0.7184,0.733,0.0146,"['571507143_be346225b7.jpg', '3052196390_c59dd24ca8.jpg', '2747714500_49476225c6.jpg']","[0.733, 0.7237, 0.7184]"
1928,two children playing in public fountains,2852982055_8112d0964f.jpg,3,0.7154,0.7399,0.0245,"['1095476286_87d4f8664e.jpg', '3052196390_c59dd24ca8.jpg', '2852982055_8112d0964f.jpg']","[0.7399, 0.7191, 0.7154]"
1929,woman with two children playing in outdoor fountain,2852982055_8112d0964f.jpg,5,0.5579,0.6985,0.1406,"['3052196390_c59dd24ca8.jpg', '2747714500_49476225c6.jpg', '1095476286_87d4f8664e.jpg']","[0.6985, 0.6656, 0.6478]"
1930,a child on a swingtype ride,2855417531_521bf47b50.jpg,2,0.7305,0.7527,0.0222,"['3396036947_0af6c3aab7.jpg', '2855417531_521bf47b50.jpg', '2458269558_277012780d.jpg']","[0.7527, 0.7305, 0.7166]"
1933,a boy plays on a swing,2855417531_521bf47b50.jpg,2,0.8226,0.8512,0.0287,"['3396036947_0af6c3aab7.jpg', '2855417531_521bf47b50.jpg', '2458269558_277012780d.jpg']","[0.8512, 0.8226, 0.8131]"
1938,four dogs run on field,2855667597_bf6ceaef8e.jpg,2,0.7242,0.7877,0.0635,"['2818735880_68b3dfe1f5.jpg', '2855667597_bf6ceaef8e.jpg', '2165461920_1a4144eb2b.jpg']","[0.7877, 0.7242, 0.6848]"
1940,nine men are playing a game in the park shirts versus skins,2856080862_95d793fa9d.jpg,-1,0.4256,0.6998,0.2743,"['3497234632_6ec740fc1e.jpg', '3539840291_1c3eed701d.jpg', '3195188609_01afbe46e6.jpg']","[0.6998, 0.6439, 0.6215]"
1941,men standing on a grass field with trees in the background,2856080862_95d793fa9d.jpg,-1,0.2755,0.6038,0.3283,"['2219959872_988e6d498e.jpg', '3596959859_a7cb1e194b.jpg', '3640109324_3ce89e4d1a.jpg']","[0.6038, 0.6006, 0.5621]"
1942,men playing soccer in a field,2856080862_95d793fa9d.jpg,-1,0.4701,0.7713,0.3012,"['269986132_91b71e8aaa.jpg', '3380072636_4cd59385fd.jpg', '3613027188_1645ca1976.jpg']","[0.7713, 0.771, 0.7596]"
1943,men in the park,2856080862_95d793fa9d.jpg,-1,0.313,0.6557,0.3427,"['2219959872_988e6d498e.jpg', '3608849440_e7d2bed29f.jpg', '3438858409_136345fa07.jpg']","[0.6557, 0.6303, 0.6063]"
1944,a group of men are standing around during a sports game in a park,2856080862_95d793fa9d.jpg,-1,0.5301,0.7439,0.2137,"['3497234632_6ec740fc1e.jpg', '3195188609_01afbe46e6.jpg', '3613027188_1645ca1976.jpg']","[0.7439, 0.7413, 0.6948]"
1945,a man in a black jacket with a black beard stares pensively,2856700531_312528eea4.jpg,3,0.6509,0.71,0.0591,"['2925737498_57585a7ed9.jpg', '3134585858_a8c3493ca5.jpg', '2856700531_312528eea4.jpg']","[0.71, 0.6717, 0.6509]"
1946,a man in a jacket looks out,2856700531_312528eea4.jpg,8,0.5638,0.6909,0.1271,"['2925737498_57585a7ed9.jpg', '2551344688_17a12a6948.jpg', '1860543210_47e94cf652.jpg']","[0.6909, 0.6465, 0.6103]"
1947,a man sits and rubs his chin,2856700531_312528eea4.jpg,2,0.582,0.6848,0.1028,"['3321516504_5ee97771cb.jpg', '2856700531_312528eea4.jpg', '374103842_17873ce505.jpg']","[0.6848, 0.582, 0.5781]"
1948,a man with a mohawk and beard with his hand on his chin looking off into the distance,2856700531_312528eea4.jpg,7,0.5916,0.7559,0.1643,"['544257613_d9a1fea3f7.jpg', '2925737498_57585a7ed9.jpg', '3412249548_00820fc4ca.jpg']","[0.7559, 0.7356, 0.7355]"
1950,two people jetskiing on a blue jet ski,2856923934_6eb8832c9a.jpg,-1,0.4074,0.5487,0.1413,"['492341908_1ef53be265.jpg', '3708743823_3e3e0554d1.jpg', '2053733930_e245615ad4.jpg']","[0.5487, 0.5392, 0.5378]"
1951,two people are driving a blue jet ski leaving a trail of water in the air,2856923934_6eb8832c9a.jpg,-1,0.4712,0.6942,0.223,"['3692746368_ab7d97ab31.jpg', '2660480624_45f88b3022.jpg', '492341908_1ef53be265.jpg']","[0.6942, 0.6881, 0.6687]"
1952,a man steers a speeding jet ski through a turn,2856923934_6eb8832c9a.jpg,4,0.4898,0.655,0.1652,"['3682428916_69ce66d375.jpg', '2339140905_9f625f140a.jpg', '2522540026_6ee8ab4c6a.jpg']","[0.655, 0.6175, 0.5061]"
1953,two men are in a blue and white speed boat,2856923934_6eb8832c9a.jpg,-1,0.4857,0.6906,0.2048,"['2526585002_10987a63f3.jpg', '3315033940_e91f87b7f2.jpg', '2906802485_dfebf09173.jpg']","[0.6906, 0.6839, 0.5523]"
1954,two men are riding a blue and white jet ski,2856923934_6eb8832c9a.jpg,-1,0.4533,0.5695,0.1161,"['2526585002_10987a63f3.jpg', '2053733930_e245615ad4.jpg', '2906802485_dfebf09173.jpg']","[0.5695, 0.5694, 0.5145]"
1955,a dog catching a frisbee with onlookers in the background,2857609295_16aaa85293.jpg,2,0.7001,0.7884,0.0883,"['2839807428_efe42423f2.jpg', '2857609295_16aaa85293.jpg', '436013859_793d870b6f.jpg']","[0.7884, 0.7001, 0.6281]"
1956,a dog jumping to catch a frisbee while people watch,2857609295_16aaa85293.jpg,3,0.6601,0.8662,0.2062,"['2839807428_efe42423f2.jpg', '436013859_793d870b6f.jpg', '2857609295_16aaa85293.jpg']","[0.8662, 0.6882, 0.6601]"
1957,a jack russel terrier catching a frisbee in midair,2857609295_16aaa85293.jpg,2,0.6461,0.7423,0.0962,"['2839807428_efe42423f2.jpg', '2857609295_16aaa85293.jpg', '436013859_793d870b6f.jpg']","[0.7423, 0.6461, 0.6125]"
1959,dog catching a frisbee on a field in front of an audience,2857609295_16aaa85293.jpg,2,0.7565,0.8081,0.0516,"['2839807428_efe42423f2.jpg', '2857609295_16aaa85293.jpg', '436013859_793d870b6f.jpg']","[0.8081, 0.7565, 0.6499]"
1960,a girl takes a picture of her friend who is leaning on a picnic table,2858903676_6278f07ee3.jpg,-1,0.4599,0.573,0.1131,"['503090187_8758ab5680.jpg', '465859490_b077219424.jpg', '3437273677_47d4462974.jpg']","[0.573, 0.5545, 0.5343]"
1961,one girl is taking a picture of another girl outside,2858903676_6278f07ee3.jpg,-1,0.3803,0.6985,0.3182,"['2102732029_9ae520914d.jpg', '3661072592_2e693cd5a0.jpg', '3534824784_7133119316.jpg']","[0.6985, 0.6324, 0.6212]"
1962,one woman taking a picture of a second woman as she leans on a table,2858903676_6278f07ee3.jpg,-1,0.401,0.5416,0.1406,"['1798209205_77dbf525b0.jpg', '2504277798_936a09c74d.jpg', '3437273677_47d4462974.jpg']","[0.5416, 0.535, 0.5339]"
1963,the girls playfully pose for photos for each other in the park,2858903676_6278f07ee3.jpg,-1,0.471,0.7192,0.2482,"['3534824784_7133119316.jpg', '3661072592_2e693cd5a0.jpg', '3396153660_f729d9f9b9.jpg']","[0.7192, 0.7176, 0.7046]"
1964,two women next to a picnic table,2858903676_6278f07ee3.jpg,2,0.6826,0.7061,0.0235,"['465859490_b077219424.jpg', '2858903676_6278f07ee3.jpg', '3437273677_47d4462974.jpg']","[0.7061, 0.6826, 0.6398]"
1965,people in helmets racing down the street on skateboards,2863180332_372510aa49.jpg,6,0.5779,0.6191,0.0413,"['2557972410_6925fe695c.jpg', '2986671935_0c60bbb3fa.jpg', '72218201_e0e9c7d65b.jpg']","[0.6191, 0.6, 0.5919]"
1966,a person wearing a helmet begins to ride a skateboard down a street hill,2863180332_372510aa49.jpg,-1,0.447,0.6631,0.2161,"['523692399_d2e261a302.jpg', '3527926597_45af299eee.jpg', '3038941104_17ee91fc03.jpg']","[0.6631, 0.6163, 0.6117]"
1968,a person on a downhill skateboard,2863180332_372510aa49.jpg,-1,0.3908,0.7302,0.3394,"['3244734844_c318c29c23.jpg', '3576741633_671340544c.jpg', '523692399_d2e261a302.jpg']","[0.7302, 0.6778, 0.6747]"
1969,a person wearing a helmet and red and silver jumpsuit is kneeling on a skateboard,2863180332_372510aa49.jpg,-1,0.4355,0.7392,0.3036,"['3038941104_17ee91fc03.jpg', '523692399_d2e261a302.jpg', '3576741633_671340544c.jpg']","[0.7392, 0.6692, 0.6337]"
1971,a large golden dog sniffing the butt of a white dog,2865376471_43c5e6b941.jpg,-1,0.4481,0.7592,0.3112,"['2427558437_3e839056d7.jpg', '460935487_75b2da7854.jpg', '909808296_23c427022d.jpg']","[0.7592, 0.6485, 0.6102]"
1974,two large dogs greet other while their owners watch,2865376471_43c5e6b941.jpg,5,0.5739,0.6702,0.0964,"['2427558437_3e839056d7.jpg', '2768972186_92787cd523.jpg', '2347921097_f2e35753c0.jpg']","[0.6702, 0.6547, 0.6224]"
1980,three dark haired little girls running across a field,2868324804_5cc8030484.jpg,-1,0.4172,0.6463,0.2291,"['3415228562_4efa9c9b70.jpg', '3242718240_3358f2d6e6.jpg', '2302747917_aa0300eb68.jpg']","[0.6463, 0.6417, 0.6181]"
1981,three girls are running on a field in front of a fence,2868324804_5cc8030484.jpg,-1,0.3586,0.6229,0.2642,"['3415287719_3c776f370e.jpg', '2335428699_4eba9b6245.jpg', '3526018344_450c517a72.jpg']","[0.6229, 0.5783, 0.5733]"
1982,three girls run in a field outside,2868324804_5cc8030484.jpg,-1,0.4682,0.6492,0.181,"['3415228562_4efa9c9b70.jpg', '3415287719_3c776f370e.jpg', '2335428699_4eba9b6245.jpg']","[0.6492, 0.6334, 0.5813]"
1983,three girls run on a grassy field with a building in the background,2868324804_5cc8030484.jpg,2,0.5836,0.6181,0.0346,"['2856080862_95d793fa9d.jpg', '2868324804_5cc8030484.jpg', '3415287719_3c776f370e.jpg']","[0.6181, 0.5836, 0.5787]"
1984,three little girls run on a soccer field,2868324804_5cc8030484.jpg,-1,0.4314,0.6676,0.2362,"['2302747917_aa0300eb68.jpg', '3415228562_4efa9c9b70.jpg', '2194495372_bdac7d9e71.jpg']","[0.6676, 0.6166, 0.6089]"
1986,a skateboarder in the air above his board on a residential street,2868575889_2c030aa8ae.jpg,4,0.6299,0.7536,0.1237,"['3576741633_671340544c.jpg', '3038941104_17ee91fc03.jpg', '3244734844_c318c29c23.jpg']","[0.7536, 0.6767, 0.6529]"
1987,the guy is wearing a red shirt and doing a aerial flip with his skateboard,2868575889_2c030aa8ae.jpg,2,0.6926,0.7071,0.0145,"['2973638173_0dc21fd443.jpg', '2868575889_2c030aa8ae.jpg', '3550763985_800cfee7e4.jpg']","[0.7071, 0.6926, 0.6582]"
1993,skateboarder jumping from one quarterpipe to another,2876494009_9f96d7eaf2.jpg,4,0.6361,0.6536,0.0174,"['2332540384_4cf26406a9.jpg', '3550763985_800cfee7e4.jpg', '3038941104_17ee91fc03.jpg']","[0.6536, 0.6462, 0.6385]"
1994,three young boys are skateboarding on a ramp,2876494009_9f96d7eaf2.jpg,-1,0.4999,0.7318,0.2319,"['3576741633_671340544c.jpg', '2332540384_4cf26406a9.jpg', '2257294002_0073263c54.jpg']","[0.7318, 0.5737, 0.5466]"
1995,two bike riders standing with 3 bikes parked at the car,2877159456_ea4a46b0d2.jpg,-1,0.4688,0.808,0.3392,"['3726025663_e7d35d23f6.jpg', '2986671935_0c60bbb3fa.jpg', '2744600462_5804577296.jpg']","[0.808, 0.6496, 0.6019]"
1996,two bicyclists stand by a silver car with three bikes,2877159456_ea4a46b0d2.jpg,-1,0.4495,0.7569,0.3074,"['3726025663_e7d35d23f6.jpg', '95734035_84732a92c1.jpg', '3530502404_f8c3a3f61c.jpg']","[0.7569, 0.6378, 0.5964]"
1997,a man and a woman with three bikes and a silver car,2877159456_ea4a46b0d2.jpg,2,0.6316,0.7491,0.1175,"['3726025663_e7d35d23f6.jpg', '2877159456_ea4a46b0d2.jpg', '2744600462_5804577296.jpg']","[0.7491, 0.6316, 0.6024]"
2000,a black and white dog runs towards the camera,2880051254_e0ca96b6be.jpg,-1,0.5591,0.7242,0.1651,"['2730994020_64ac1d18be.jpg', '697582336_601462e052.jpg', '3257277774_aba333a94c.jpg']","[0.7242, 0.6919, 0.653]"
2001,a white and black dog runs on the grass,2880051254_e0ca96b6be.jpg,7,0.6967,0.7523,0.0556,"['426920445_d07d1fd0f7.jpg', '2730994020_64ac1d18be.jpg', '2555535057_007501dae5.jpg']","[0.7523, 0.7288, 0.7206]"
2002,a white dog jumping towards the camera,2880051254_e0ca96b6be.jpg,9,0.6452,0.7429,0.0977,"['3488087117_2719647989.jpg', '2620113705_a8fa89b8f6.jpg', '2867699650_e6ddb540de.jpg']","[0.7429, 0.7286, 0.6989]"
2003,black and white dog running outside,2880051254_e0ca96b6be.jpg,-1,0.5683,0.7458,0.1775,"['2730994020_64ac1d18be.jpg', '697582336_601462e052.jpg', '3257277774_aba333a94c.jpg']","[0.7458, 0.7236, 0.7004]"
2004,the white and black dog is on the grass,2880051254_e0ca96b6be.jpg,2,0.7721,0.7942,0.022,"['2095444126_201ff9f222.jpg', '2880051254_e0ca96b6be.jpg', '459814265_d48ba48978.jpg']","[0.7942, 0.7721, 0.6913]"
2005,big black dog and kitten curiously looking at the wooden weave basket,2882483779_73c171ac19.jpg,4,0.5295,0.5778,0.0483,"['2702506716_17a7fb3ba4.jpg', '2533076864_d799996433.jpg', '3336361161_c06cdd160e.jpg']","[0.5778, 0.5479, 0.5349]"
2006,the pets play in the apartment,2882483779_73c171ac19.jpg,-1,0.49,0.6553,0.1653,"['460935487_75b2da7854.jpg', '2702506716_17a7fb3ba4.jpg', '2325258180_6217dd17eb.jpg']","[0.6553, 0.6493, 0.6463]"
2011,a small girl in a toddler swing,2884252132_5d8e776893.jpg,2,0.7031,0.7583,0.0552,"['2458269558_277012780d.jpg', '2884252132_5d8e776893.jpg', '2362481035_a7600875d0.jpg']","[0.7583, 0.7031, 0.7009]"
2016,person s foot resting on fluffy black dog,288508162_1727873924.jpg,2,0.6761,0.6969,0.0209,"['2311690895_0d6efe11c8.jpg', '288508162_1727873924.jpg', '1562392511_522a26063b.jpg']","[0.6969, 0.6761, 0.5911]"
2018,a puppy sniffs a human foot that is resting on his face,288508162_1727873924.jpg,4,0.6105,0.7111,0.1006,"['3383491811_fd9d3a891d.jpg', '2949353587_64c54e9589.jpg', '2311690895_0d6efe11c8.jpg']","[0.7111, 0.6125, 0.612]"
2019,black fuzzy dog with a humans foot in front of it,288508162_1727873924.jpg,3,0.5356,0.5677,0.0321,"['1562392511_522a26063b.jpg', '1975531316_8b00eeaaf7.jpg', '288508162_1727873924.jpg']","[0.5677, 0.5484, 0.5356]"
2020,a black brown and white dog is running beside a green fence in a grassy garden,2886411666_72d8b12ce4.jpg,2,0.6343,0.6904,0.0561,"['1514957266_a19827c538.jpg', '2886411666_72d8b12ce4.jpg', '3029715635_43ab414dfb.jpg']","[0.6904, 0.6343, 0.6313]"
2021,a dog is galloping through the grass,2886411666_72d8b12ce4.jpg,8,0.6705,0.7041,0.0337,"['1359101233_16c2c150e3.jpg', '2764732789_1392e962d0.jpg', '241046599_28b0ca7b9f.jpg']","[0.7041, 0.6976, 0.6866]"
2022,a dog runs through a lush green lawn,2886411666_72d8b12ce4.jpg,-1,0.5516,0.7878,0.2363,"['2584487952_f70e5aa9bf.jpg', '3518675890_2f65e23ff9.jpg', '459814265_d48ba48978.jpg']","[0.7878, 0.7693, 0.7329]"
2023,a tricolored dog is running on the green grass,2886411666_72d8b12ce4.jpg,-1,0.6827,0.7651,0.0824,"['3518675890_2f65e23ff9.jpg', '2584487952_f70e5aa9bf.jpg', '459814265_d48ba48978.jpg']","[0.7651, 0.7593, 0.7425]"
2024,dog running through grass in fenced in area,2886411666_72d8b12ce4.jpg,5,0.6565,0.7387,0.0822,"['2673148534_8daf0de833.jpg', '1514957266_a19827c538.jpg', '3435035138_af32890a4c.jpg']","[0.7387, 0.7372, 0.6825]"
2025,blonde young boy rides a zip line in the woods,2888732432_7e907a3df1.jpg,-1,0.3205,0.6998,0.3794,"['3698944019_825ef54f2f.jpg', '510510783_b2cf5d57bb.jpg', '3682038869_585075b5ff.jpg']","[0.6998, 0.6592, 0.63]"
2026,a young boy on a zip line with a red ladder in the background,2888732432_7e907a3df1.jpg,-1,-0.0457,0.6783,0.724,"['2341254813_c53a5ef27a.jpg', '540604040_bec822c144.jpg', '3472066410_065b4f99d3.jpg']","[0.6783, 0.6208, 0.5715]"
2027,a young boy is holding on and riding a zip line down a hill,2888732432_7e907a3df1.jpg,-1,-0.0871,0.6616,0.7488,"['3405942945_f4af2934a6.jpg', '3612249030_e2829ffa31.jpg', '514222285_aa0c8d05b7.jpg']","[0.6616, 0.6171, 0.5812]"
2028,a little boy in black shorts and no shirt is holding on to handles as he flies down a rope,2888732432_7e907a3df1.jpg,-1,0.3693,0.6844,0.3152,"['2681215810_00b0642f7b.jpg', '3698944019_825ef54f2f.jpg', '543264612_c53cc163b4.jpg']","[0.6844, 0.6226, 0.5539]"
2029,a child holding onto handles sliding across a rope,2888732432_7e907a3df1.jpg,-1,0.4666,0.6505,0.1839,"['514222303_cb98584536.jpg', '2884252132_5d8e776893.jpg', '510510783_b2cf5d57bb.jpg']","[0.6505, 0.6332, 0.6307]"
2030,a group of workers are posing for a picture,2891240104_6755281868.jpg,-1,0.2992,0.7348,0.4356,"['2728276857_3f83757ef2.jpg', '2211593099_4a4f1c85d2.jpg', '3716277216_c04002be81.jpg']","[0.7348, 0.6997, 0.6935]"
2031,four men are posing behind a cash register,2891240104_6755281868.jpg,2,0.618,0.6479,0.0299,"['3105929913_94a6882e25.jpg', '2891240104_6755281868.jpg', '3640109324_3ce89e4d1a.jpg']","[0.6479, 0.618, 0.5977]"
2037,a person on a dirt bike is riding up a sandy hill,2891617125_f939f604c7.jpg,3,0.664,0.6981,0.0341,"['455611732_d65bf3e976.jpg', '479807833_85eed6899c.jpg', '2891617125_f939f604c7.jpg']","[0.6981, 0.6667, 0.664]"
2039,man riding a dirt bike on a dirt track,2891617125_f939f604c7.jpg,4,0.655,0.7327,0.0776,"['3488512097_e500cb499f.jpg', '3472449219_eb927f05b8.jpg', '3556598205_86c180769d.jpg']","[0.7327, 0.6965, 0.6943]"
2040,man skates along cement wall,2891961886_b7a2f0b0fd.jpg,-1,0.4491,0.6848,0.2357,"['3412822878_5d961492e5.jpg', '232193739_ed5f348c7a.jpg', '3244734844_c318c29c23.jpg']","[0.6848, 0.6647, 0.6423]"
2041,a man on rollerblades grinds a wall,2891961886_b7a2f0b0fd.jpg,-1,0.5199,0.6918,0.1719,"['3412822878_5d961492e5.jpg', '2046222127_a6f300e202.jpg', '232193739_ed5f348c7a.jpg']","[0.6918, 0.6667, 0.62]"
2042,the man is standing on the white wall in front of the building,2891961886_b7a2f0b0fd.jpg,-1,0.2381,0.7652,0.5271,"['3503011427_a4ee547c77.jpg', '3394586927_eae7732b64.jpg', '1057210460_09c6f4c6c1.jpg']","[0.7652, 0.7248, 0.605]"
2043,a boy skateboards on a cement wall,2891961886_b7a2f0b0fd.jpg,-1,0.3633,0.7623,0.399,"['232193739_ed5f348c7a.jpg', '3576741633_671340544c.jpg', '3244734844_c318c29c23.jpg']","[0.7623, 0.6983, 0.6687]"
2044,a man doing a trick on skateboard,2891961886_b7a2f0b0fd.jpg,-1,0.2698,0.7258,0.456,"['3550763985_800cfee7e4.jpg', '3038941104_17ee91fc03.jpg', '3244734844_c318c29c23.jpg']","[0.7258, 0.7168, 0.6965]"
2045,two elderly women can be seen from a car talking next to a wall,2894850774_2d530040a1.jpg,-1,-0.0064,0.5892,0.5956,"['954987350_a0c608b467.jpg', '3183883750_b6acc40397.jpg', '3319058642_885d756295.jpg']","[0.5892, 0.5723, 0.5606]"
2046,two grayhaired women holding bags talk on the sidewalk near a road,2894850774_2d530040a1.jpg,-1,0.2019,0.6562,0.4543,"['1952896009_cee8147c90.jpg', '954987350_a0c608b467.jpg', '255330891_86d65dfdbf.jpg']","[0.6562, 0.6492, 0.6402]"
2047,two older women conversing near a wall as seen from the driver s seat of a parked vehicle,2894850774_2d530040a1.jpg,-1,-0.0144,0.6421,0.6565,"['3474265683_43b1033d94.jpg', '465859490_b077219424.jpg', '3319058642_885d756295.jpg']","[0.6421, 0.576, 0.5715]"
2048,two older women stand outdoors with their bags and talk,2894850774_2d530040a1.jpg,-1,0.1633,0.6515,0.4882,"['954987350_a0c608b467.jpg', '1389264266_8170bc1c54.jpg', '617038406_4092ee91dd.jpg']","[0.6515, 0.6359, 0.5774]"
2049,two women carrying bags stand outside next to a wall,2894850774_2d530040a1.jpg,-1,0.3528,0.6441,0.2913,"['3565598162_56044bc2f7.jpg', '3677734351_63d60844cb.jpg', '1389264266_8170bc1c54.jpg']","[0.6441, 0.6366, 0.6335]"
2050,two dogs urinating on a red fire hydrant,2902486045_6298eb22ef.jpg,-1,0.3826,0.56,0.1774,"['522486784_978021d537.jpg', '1130401779_8c30182e3e.jpg', '2652155912_8ba5426790.jpg']","[0.56, 0.5528, 0.5162]"
2051,two dogs pee on the fire hydrant,2902486045_6298eb22ef.jpg,-1,0.3995,0.5484,0.1489,"['522486784_978021d537.jpg', '1130401779_8c30182e3e.jpg', '2244024374_54d7e88c2b.jpg']","[0.5484, 0.5181, 0.4828]"
2052,two dogs peeing on a fire hydrant,2902486045_6298eb22ef.jpg,-1,0.4093,0.5677,0.1585,"['522486784_978021d537.jpg', '1130401779_8c30182e3e.jpg', '2244024374_54d7e88c2b.jpg']","[0.5677, 0.5452, 0.5099]"
2053,two dogs are peeing at a red fire hydrant,2902486045_6298eb22ef.jpg,-1,0.4017,0.5442,0.1426,"['1130401779_8c30182e3e.jpg', '522486784_978021d537.jpg', '2652155912_8ba5426790.jpg']","[0.5442, 0.5414, 0.4771]"
2054,two dogs are urinating on the red fire hydrant,2902486045_6298eb22ef.jpg,-1,0.3322,0.5265,0.1943,"['1130401779_8c30182e3e.jpg', '2652155912_8ba5426790.jpg', '522486784_978021d537.jpg']","[0.5265, 0.5154, 0.5085]"
2055,a boy performs a trick on his skateboard on a rail,2902844125_4186bf3ab6.jpg,-1,0.5933,0.7925,0.1993,"['3348811097_0e09baa26f.jpg', '3244734844_c318c29c23.jpg', '2968135512_51fbb56e3e.jpg']","[0.7925, 0.7362, 0.7309]"
2056,a skateboarder grinds a red rail,2902844125_4186bf3ab6.jpg,-1,0.4935,0.6575,0.164,"['3446762868_06e9d9d899.jpg', '2372572028_53b76104a9.jpg', '3412822878_5d961492e5.jpg']","[0.6575, 0.6532, 0.6324]"
2057,a teenage boy grinds across a bar on his skateboard,2902844125_4186bf3ab6.jpg,3,0.621,0.7583,0.1373,"['232193739_ed5f348c7a.jpg', '3527926597_45af299eee.jpg', '2902844125_4186bf3ab6.jpg']","[0.7583, 0.6957, 0.621]"
2058,a young man skateboards off a pink railing,2902844125_4186bf3ab6.jpg,-1,0.5477,0.7476,0.1999,"['3412822878_5d961492e5.jpg', '2891961886_b7a2f0b0fd.jpg', '2968135512_51fbb56e3e.jpg']","[0.7476, 0.6892, 0.6859]"
2059,the boy in the yellow shirt is riding a skateboard along a red bar,2902844125_4186bf3ab6.jpg,5,0.5759,0.6665,0.0906,"['3527926597_45af299eee.jpg', '3038941104_17ee91fc03.jpg', '232193739_ed5f348c7a.jpg']","[0.6665, 0.6415, 0.6396]"
2060,the kid is in front of a car with a put and a ball,2903617548_d3e38d7f88.jpg,2,0.6485,0.6649,0.0164,"['1104133405_c04a00707f.jpg', '2903617548_d3e38d7f88.jpg', '2381613738_d8d2012e3c.jpg']","[0.6649, 0.6485, 0.6471]"
2062,the little boy is playing with a croquet hammer and ball beside the car,2903617548_d3e38d7f88.jpg,2,0.6405,0.6641,0.0236,"['2381613738_d8d2012e3c.jpg', '2903617548_d3e38d7f88.jpg', '1104133405_c04a00707f.jpg']","[0.6641, 0.6405, 0.5976]"
2063,a little baby plays croquet,2903617548_d3e38d7f88.jpg,10,0.4905,0.7165,0.2259,"['964197865_0133acaeb4.jpg', '3751594676_edfbfa0688.jpg', '2648165716_02e2e74fd6.jpg']","[0.7165, 0.6825, 0.5753]"
2065,four kayakers and canoers near a rock wall,2906802485_dfebf09173.jpg,2,0.7998,0.8005,0.0007,"['3207264553_8cd4dcde53.jpg', '2906802485_dfebf09173.jpg', '2744330402_824240184c.jpg']","[0.8005, 0.7998, 0.7538]"
2066,four kayakers on a moutain stream,2906802485_dfebf09173.jpg,2,0.7817,0.8202,0.0385,"['3207264553_8cd4dcde53.jpg', '2906802485_dfebf09173.jpg', '3692746368_ab7d97ab31.jpg']","[0.8202, 0.7817, 0.7626]"
2067,four kayakers paddle through the water,2906802485_dfebf09173.jpg,2,0.7632,0.7832,0.02,"['3207264553_8cd4dcde53.jpg', '2906802485_dfebf09173.jpg', '2744330402_824240184c.jpg']","[0.7832, 0.7632, 0.7156]"
2069,four people in colorful kayaks are on the water on a sunny day,2906802485_dfebf09173.jpg,3,0.6857,0.7383,0.0526,"['2744330402_824240184c.jpg', '3207264553_8cd4dcde53.jpg', '2906802485_dfebf09173.jpg']","[0.7383, 0.7324, 0.6857]"
2075,a man and a child going down a water slide,2911245290_b2c79f328a.jpg,10,0.5043,0.6198,0.1154,"['2852982055_8112d0964f.jpg', '3030566410_393c36a6c5.jpg', '1177994172_10d143cb8d.jpg']","[0.6198, 0.5664, 0.5635]"
2076,a man carries a little boy down a water slide and makes a big splash,2911245290_b2c79f328a.jpg,7,0.6141,0.6618,0.0477,"['2852982055_8112d0964f.jpg', '1308472581_9961782889.jpg', '2842849030_89548af61c.jpg']","[0.6618, 0.6564, 0.6322]"
2077,a man holding a boy on a raft,2911245290_b2c79f328a.jpg,-1,0.1522,0.612,0.4599,"['2271468944_3264d29208.jpg', '2707873672_15e6b5d54b.jpg', '493542985_c85ad29ebe.jpg']","[0.612, 0.5499, 0.5359]"
2078,a man holds up a child while sitting in a pool of water situated on a tarp and grassy field,2911245290_b2c79f328a.jpg,-1,0.4374,0.5468,0.1094,"['3495490064_8db40a83af.jpg', '2681215810_00b0642f7b.jpg', '477254932_56b48d775d.jpg']","[0.5468, 0.5308, 0.5048]"
2079,two people go down a water slide on a raft,2911245290_b2c79f328a.jpg,-1,0.3131,0.6196,0.3065,"['3207264553_8cd4dcde53.jpg', '520491467_54cbc0a866.jpg', '3692746368_ab7d97ab31.jpg']","[0.6196, 0.608, 0.5961]"
2080,a man takes a shower outdoors and looks up to stick out his tongue,2911919938_6bb6587a36.jpg,-1,0.3761,0.6097,0.2336,"['374103842_17873ce505.jpg', '1745110280_0cbff5e273.jpg', '2574230252_f5a1382dd4.jpg']","[0.6097, 0.5062, 0.4876]"
2081,the man is standing under a shower with his tongue sticking out,2911919938_6bb6587a36.jpg,-1,0.3162,0.5828,0.2665,"['374103842_17873ce505.jpg', '3613030730_0b28b079ba.jpg', '2695085862_2ed62df354.jpg']","[0.5828, 0.5059, 0.4897]"
2082,a man sticks his tongue out in an outdoor shower,2911919938_6bb6587a36.jpg,-1,0.3661,0.5988,0.2328,"['374103842_17873ce505.jpg', '3613030730_0b28b079ba.jpg', '2574230252_f5a1382dd4.jpg']","[0.5988, 0.5219, 0.5076]"
2083,a boy getting a shower,2911919938_6bb6587a36.jpg,5,0.511,0.6502,0.1392,"['3613030730_0b28b079ba.jpg', '2842849030_89548af61c.jpg', '897621891_efb1e00d1d.jpg']","[0.6502, 0.6162, 0.5604]"
2084,a man is taking a shower,2911919938_6bb6587a36.jpg,-1,0.3336,0.58,0.2464,"['374103842_17873ce505.jpg', '3613030730_0b28b079ba.jpg', '1429723917_6af585e4c0.jpg']","[0.58, 0.4668, 0.4632]"
2085,a bike racer hold up a hand while riding a motorcycle,2911928620_06c3fa293e.jpg,3,0.7029,0.7267,0.0238,"['3079073247_97e88e2eb7.jpg', '3488512097_e500cb499f.jpg', '2911928620_06c3fa293e.jpg']","[0.7267, 0.7087, 0.7029]"
2088,a racer on a motorcycle lifts one hand in the air,2911928620_06c3fa293e.jpg,5,0.6767,0.7833,0.1066,"['3528105511_12ff45dc9c.jpg', '3043501068_be58ac47e1.jpg', '3488512097_e500cb499f.jpg']","[0.7833, 0.7637, 0.7297]"
2089,the person on the motorcycle is holding up his arm,2911928620_06c3fa293e.jpg,2,0.6742,0.6999,0.0257,"['3079073247_97e88e2eb7.jpg', '2911928620_06c3fa293e.jpg', '3528105511_12ff45dc9c.jpg']","[0.6999, 0.6742, 0.6648]"
2090,three teens watching a basketball in the air,2915183095_4ed4aa4f37.jpg,-1,0.3914,0.6718,0.2804,"['3497234632_6ec740fc1e.jpg', '2247192427_5e106f24a9.jpg', '3368569524_a9df2fc312.jpg']","[0.6718, 0.6616, 0.6176]"
2091,three teen boys playing basketball outside,2915183095_4ed4aa4f37.jpg,3,0.6732,0.6872,0.014,"['3497234632_6ec740fc1e.jpg', '2257294002_0073263c54.jpg', '2915183095_4ed4aa4f37.jpg']","[0.6872, 0.6781, 0.6732]"
2092,three people stand on a basketball court as a ball flies through the air,2915183095_4ed4aa4f37.jpg,-1,0.4817,0.6833,0.2016,"['3497234632_6ec740fc1e.jpg', '3154709407_9b0778cbeb.jpg', '3155451946_c0862c70cb.jpg']","[0.6833, 0.6641, 0.6347]"
2093,people playing basketball ball in air,2915183095_4ed4aa4f37.jpg,-1,0.4144,0.7506,0.3361,"['3368569524_a9df2fc312.jpg', '3403263046_3cc701a07a.jpg', '3155451946_c0862c70cb.jpg']","[0.7506, 0.7335, 0.7228]"
2094,a group of boys play basketball outside of a brown building,2915183095_4ed4aa4f37.jpg,4,0.6379,0.6967,0.0588,"['3497234632_6ec740fc1e.jpg', '2061144717_5b3a1864f0.jpg', '2247192427_5e106f24a9.jpg']","[0.6967, 0.6387, 0.6381]"
2095,a man is flying down a flight of stairs on his skateboard,2922512807_d382528a93.jpg,3,0.7312,0.7587,0.0275,"['3323988406_e3c8fce690.jpg', '3412822878_5d961492e5.jpg', '2922512807_d382528a93.jpg']","[0.7587, 0.7339, 0.7312]"
2096,a shirtless young rides his skateboard over steps,2922512807_d382528a93.jpg,2,0.7756,0.7915,0.0159,"['3244734844_c318c29c23.jpg', '2922512807_d382528a93.jpg', '523692399_d2e261a302.jpg']","[0.7915, 0.7756, 0.6639]"
2097,a topless man is airborne on a skateboard in front of a white building,2922512807_d382528a93.jpg,7,0.606,0.7175,0.1115,"['3323988406_e3c8fce690.jpg', '3446762868_06e9d9d899.jpg', '2968135512_51fbb56e3e.jpg']","[0.7175, 0.6995, 0.6787]"
2098,a young man jumps down a flight of stairs on his skateboard,2922512807_d382528a93.jpg,2,0.8233,0.8351,0.0118,"['3244734844_c318c29c23.jpg', '2922512807_d382528a93.jpg', '3348811097_0e09baa26f.jpg']","[0.8351, 0.8233, 0.7608]"
2099,boy jumping steps with skateboard,2922512807_d382528a93.jpg,2,0.7404,0.8326,0.0921,"['3244734844_c318c29c23.jpg', '2922512807_d382528a93.jpg', '3348811097_0e09baa26f.jpg']","[0.8326, 0.7404, 0.7163]"
2103,a man in a light blue cap smiles,2924884899_f512c84332.jpg,2,0.7232,0.7491,0.026,"['3412249548_00820fc4ca.jpg', '2924884899_f512c84332.jpg', '1235580648_7eebaed9bc.jpg']","[0.7491, 0.7232, 0.6333]"
2105,a boy in a denim jacket is smiling,2925737498_57585a7ed9.jpg,-1,0.4591,0.8417,0.3825,"['3494394662_3edfd4a34c.jpg', '425088533_a460dc4617.jpg', '3405942945_f4af2934a6.jpg']","[0.8417, 0.6671, 0.6518]"
2107,a man smiles outdoors,2925737498_57585a7ed9.jpg,2,0.6074,0.6292,0.0219,"['3412249548_00820fc4ca.jpg', '2925737498_57585a7ed9.jpg', '2551344688_17a12a6948.jpg']","[0.6292, 0.6074, 0.5995]"
2109,a young man is standing outside wearing a black denim jacket,2925737498_57585a7ed9.jpg,10,0.5299,0.6855,0.1557,"['3393446245_37dd3f3b59.jpg', '3494394662_3edfd4a34c.jpg', '1860543210_47e94cf652.jpg']","[0.6855, 0.6226, 0.618]"
2112,a large crowd raises their hands in unison,2928835996_88b9f9503d.jpg,-1,0.5249,0.761,0.2361,"['325005410_e1ff5041b5.jpg', '3225037367_a71fa86319.jpg', '2622971954_59f192922d.jpg']","[0.761, 0.6882, 0.6449]"
2114,many people stand with their hands raised,2928835996_88b9f9503d.jpg,10,0.5815,0.7092,0.1277,"['1454841725_4b6e6199e2.jpg', '325005410_e1ff5041b5.jpg', '3535056297_e16f014cb7.jpg']","[0.7092, 0.699, 0.6747]"
2115,a darkhaired greysuited man is leaning on a silver pole,2930622766_fa8f84deb1.jpg,-1,0.072,0.5301,0.4581,"['2891961886_b7a2f0b0fd.jpg', '2328104318_5a43ca170c.jpg', '2837640996_0183db8d93.jpg']","[0.5301, 0.5269, 0.5122]"
2116,a man leaning against a pole surrounded by people,2930622766_fa8f84deb1.jpg,-1,0.418,0.6477,0.2298,"['3433470650_a8b1c27173.jpg', '2180356743_b3a3c9a7f6.jpg', '181777261_84c48b31cb.jpg']","[0.6477, 0.6246, 0.5609]"
2117,a man leans against a metal pole,2930622766_fa8f84deb1.jpg,-1,0.0479,0.6125,0.5646,"['2456907314_49bc4591c4.jpg', '2891961886_b7a2f0b0fd.jpg', '2328104318_5a43ca170c.jpg']","[0.6125, 0.6047, 0.5693]"
2118,a middle eastern man is standing with his back against a lamp post near to other people who are waiting around,2930622766_fa8f84deb1.jpg,-1,0.4104,0.6614,0.251,"['518789868_8895ef8792.jpg', '2497074804_b4f3e7fd90.jpg', '862187579_9faf4a51e0.jpg']","[0.6614, 0.5941, 0.5671]"
2119,several people are standing on a sidewalk near a man leaning against a pole,2930622766_fa8f84deb1.jpg,9,0.5736,0.7164,0.1428,"['2180356743_b3a3c9a7f6.jpg', '3433470650_a8b1c27173.jpg', '181777261_84c48b31cb.jpg']","[0.7164, 0.6751, 0.6531]"
2120,dog in field with yellow posts,2935703360_4f794f7f09.jpg,-1,0.4907,0.7346,0.2439,"['2632366677_43dee456a5.jpg', '2411824767_4eb1fae823.jpg', '2946016853_ceca4f5a07.jpg']","[0.7346, 0.7312, 0.7013]"
2121,a little dog running between yellow poles,2935703360_4f794f7f09.jpg,-1,0.5545,0.6957,0.1412,"['2946016853_ceca4f5a07.jpg', '2677614492_792023b928.jpg', '2444339090_bf7b3211f4.jpg']","[0.6957, 0.6775, 0.666]"
2122,a dog is running in and out of a line of posts on an obstacle course,2935703360_4f794f7f09.jpg,6,0.7231,0.7862,0.0631,"['251056963_c8b67f0107.jpg', '3474999131_788cbf253f.jpg', '2831672255_d779807c14.jpg']","[0.7862, 0.7486, 0.7462]"
2123,a black and white dog is running between yellow poles,2935703360_4f794f7f09.jpg,-1,0.5189,0.768,0.2491,"['2444339090_bf7b3211f4.jpg', '251056963_c8b67f0107.jpg', '2677614492_792023b928.jpg']","[0.768, 0.7593, 0.6864]"
2124,a black dog running through yellow cones,2935703360_4f794f7f09.jpg,-1,0.261,0.6854,0.4244,"['337647771_3b819feaba.jpg', '2946016853_ceca4f5a07.jpg', '3474999131_788cbf253f.jpg']","[0.6854, 0.6166, 0.6102]"
2125,a guy on a waterskiing board is doing a stunt,2937697444_2367ff0e28.jpg,-1,0.5511,0.7317,0.1805,"['3640329164_20cb245fd5.jpg', '3707990914_843e8f15f1.jpg', '2978409165_acc4f29a40.jpg']","[0.7317, 0.7221, 0.7011]"
2126,a man on a wakeboard is jumping over the wake and trying to grab the board with one hand,2937697444_2367ff0e28.jpg,-1,0.2799,0.6427,0.3628,"['70995350_75d0698839.jpg', '3446762868_06e9d9d899.jpg', '3707990914_843e8f15f1.jpg']","[0.6427, 0.6304, 0.6237]"
2127,a man performs a wakeboarding trick,2937697444_2367ff0e28.jpg,-1,0.3756,0.6736,0.298,"['3707990914_843e8f15f1.jpg', '3613005134_bb7f304da1.jpg', '3397228832_8ce5b1c26f.jpg']","[0.6736, 0.6335, 0.63]"
2128,a waterskier flying slighty in the air over a wave,2937697444_2367ff0e28.jpg,-1,0.3946,0.7461,0.3515,"['2984174290_a915748d77.jpg', '3467510271_0f57e52768.jpg', '70995350_75d0698839.jpg']","[0.7461, 0.7316, 0.7294]"
2129,a waterskier flies into the air,2937697444_2367ff0e28.jpg,-1,0.4001,0.7139,0.3138,"['3467510271_0f57e52768.jpg', '70995350_75d0698839.jpg', '2984174290_a915748d77.jpg']","[0.7139, 0.7072, 0.6436]"
2130,two teams compete in football,2939371251_f923569a72.jpg,3,0.8008,0.8524,0.0516,"['241347271_a39a5a0070.jpg', '241347803_afb04b12c4.jpg', '2939371251_f923569a72.jpg']","[0.8524, 0.8397, 0.8008]"
2131,men playing football,2939371251_f923569a72.jpg,2,0.7276,0.7566,0.0291,"['241347271_a39a5a0070.jpg', '2939371251_f923569a72.jpg', '241347803_afb04b12c4.jpg']","[0.7566, 0.7276, 0.6956]"
2132,a running back running with the football,2939371251_f923569a72.jpg,6,0.5791,0.6834,0.1042,"['241347803_afb04b12c4.jpg', '241347271_a39a5a0070.jpg', '2837799692_2f1c50722a.jpg']","[0.6834, 0.6812, 0.678]"
2133,a football player runs with the ball chased by members of the opposing team,2939371251_f923569a72.jpg,3,0.6679,0.7092,0.0413,"['241347803_afb04b12c4.jpg', '241347271_a39a5a0070.jpg', '2939371251_f923569a72.jpg']","[0.7092, 0.6929, 0.6679]"
2134,many football players are running on the grassy field,2939371251_f923569a72.jpg,2,0.7134,0.7483,0.0349,"['3195188609_01afbe46e6.jpg', '2939371251_f923569a72.jpg', '2194495372_bdac7d9e71.jpg']","[0.7483, 0.7134, 0.6821]"
2135,a brown and white dog is running with a yellow frisbee,2942133798_e57c862a90.jpg,2,0.5812,0.5971,0.0158,"['427936315_0b8f7b8d23.jpg', '2942133798_e57c862a90.jpg', '2857609295_16aaa85293.jpg']","[0.5971, 0.5812, 0.5805]"
2137,one dog is sniffing the ground by the wooden fence whist another dog is carrying a frisbee in its mouth,2942133798_e57c862a90.jpg,4,0.5781,0.6793,0.1011,"['78984436_ad96eaa802.jpg', '424506167_01f365726b.jpg', '2960033435_c20cc7399a.jpg']","[0.6793, 0.6759, 0.6116]"
2138,there is a dog carrying a frisbee,2942133798_e57c862a90.jpg,10,0.4923,0.6037,0.1114,"['2839807428_efe42423f2.jpg', '535529555_583d89b7f2.jpg', '436013859_793d870b6f.jpg']","[0.6037, 0.5915, 0.5826]"
2139,two dogs one with a frisbee,2942133798_e57c862a90.jpg,6,0.5239,0.609,0.0851,"['684375286_09cc1aa778.jpg', '78984436_ad96eaa802.jpg', '2337809114_899ba61330.jpg']","[0.609, 0.5805, 0.5791]"
2144,a blue car splashes mud on a dirt road while driving through a puddle,2943023421_e297f05e11.jpg,2,0.6778,0.709,0.0312,"['210625425_fb1ef5d23b.jpg', '2943023421_e297f05e11.jpg', '3578068665_87bdacef6a.jpg']","[0.709, 0.6778, 0.5597]"
2146,a man on a motorcycle is silhouetted by the sunset,2943334864_6bab479a3e.jpg,5,0.5733,0.6514,0.0782,"['2911928620_06c3fa293e.jpg', '3530502404_f8c3a3f61c.jpg', '3079073247_97e88e2eb7.jpg']","[0.6514, 0.6081, 0.5943]"
2147,a man sitting on a motorcycle with a sunset directly behind him,2943334864_6bab479a3e.jpg,2,0.5741,0.6375,0.0634,"['2911928620_06c3fa293e.jpg', '2943334864_6bab479a3e.jpg', '181777261_84c48b31cb.jpg']","[0.6375, 0.5741, 0.5737]"
2150,two people playing ball on a field,2944952557_8484f0da8f.jpg,-1,0.4296,0.6317,0.2021,"['2845845721_d0bc113ff7.jpg', '2698487246_e827404cac.jpg', '2962977152_9d6958fdd5.jpg']","[0.6317, 0.619, 0.6107]"
2151,girl in blue tries to get a base runner number 11 out during softball game,2944952557_8484f0da8f.jpg,7,0.5598,0.6913,0.1316,"['3517124784_4b4eb62a7a.jpg', '2736508369_fd9ff0b42f.jpg', '3513265399_a32e8cfd18.jpg']","[0.6913, 0.6388, 0.6304]"
2152,a girl in a blue and white uniform tags someone in a black and red uniform,2944952557_8484f0da8f.jpg,-1,0.3506,0.6062,0.2556,"['3183883750_b6acc40397.jpg', '954987350_a0c608b467.jpg', '3688839836_ba5e4c24fc.jpg']","[0.6062, 0.5927, 0.5623]"
2153,a girl is catching a baseball before an opponent touches base,2944952557_8484f0da8f.jpg,-1,0.4395,0.7323,0.2928,"['2736508369_fd9ff0b42f.jpg', '3517124784_4b4eb62a7a.jpg', '3513265399_a32e8cfd18.jpg']","[0.7323, 0.6782, 0.6187]"
2154,a woman in blue has a yellow ball in her mitt,2944952557_8484f0da8f.jpg,-1,0.032,0.5363,0.5043,"['2021602343_03023e1fd1.jpg', '3672940355_47f30e2b28.jpg', '3403263046_3cc701a07a.jpg']","[0.5363, 0.5187, 0.5037]"
2158,a white and black dog is running out of a yellow and orange tube,2946016853_ceca4f5a07.jpg,7,0.6139,0.695,0.0812,"['2867699650_e6ddb540de.jpg', '2620113705_a8fa89b8f6.jpg', '3036596725_541bbe0955.jpg']","[0.695, 0.658, 0.6451]"
2160,a dark brown dog chews on something white and fluffy,2949353587_64c54e9589.jpg,-1,0.5355,0.6924,0.1568,"['516214924_c2a4364cb3.jpg', '244399048_8332bb3270.jpg', '1084040636_97d9633581.jpg']","[0.6924, 0.6262, 0.6248]"
2161,a dog tugs on a piece of fabric,2949353587_64c54e9589.jpg,9,0.6045,0.681,0.0765,"['2311690895_0d6efe11c8.jpg', '337647771_3b819feaba.jpg', '2677656448_6b7e7702af.jpg']","[0.681, 0.6728, 0.6519]"
2162,a brown dog with a white covering in its mouth,2949353587_64c54e9589.jpg,-1,0.451,0.7067,0.2557,"['1084040636_97d9633581.jpg', '2525270674_4ab536e7ec.jpg', '2550109269_bc4262bd27.jpg']","[0.7067, 0.6129, 0.5954]"
2163,a brown dog is chewing on a white rug whilst standing on a red carpet next to a checkered floor,2949353587_64c54e9589.jpg,2,0.7032,0.7709,0.0676,"['2325258180_6217dd17eb.jpg', '2949353587_64c54e9589.jpg', '351876121_c7c0221928.jpg']","[0.7709, 0.7032, 0.6901]"
2164,a brown dog is playing with a white fluffy stuffed animal,2949353587_64c54e9589.jpg,6,0.6215,0.7476,0.1261,"['244399048_8332bb3270.jpg', '535529555_583d89b7f2.jpg', '2325258180_6217dd17eb.jpg']","[0.7476, 0.6805, 0.6668]"
2165,a boy and girl in swimwear and arm floaters,2951092164_4940b9a517.jpg,-1,0.5016,0.6385,0.137,"['1177994172_10d143cb8d.jpg', '989754491_7e53fb4586.jpg', '2701487024_e866eb4550.jpg']","[0.6385, 0.6232, 0.5995]"
2166,a little boy and a little girl wearing water wings are running on a path beside a black fence,2951092164_4940b9a517.jpg,-1,0.4828,0.798,0.3152,"['2672588619_3849930e99.jpg', '3229282764_a4a515f4e2.jpg', '3637013_c675de7705.jpg']","[0.798, 0.7301, 0.7115]"
2167,a little boy and girl in their swimsuits wearing arm floats,2951092164_4940b9a517.jpg,-1,0.4926,0.6449,0.1523,"['1177994172_10d143cb8d.jpg', '3130064588_6d1d3fa2dd.jpg', '1299459550_1fd5594fa2.jpg']","[0.6449, 0.6179, 0.6168]"
2168,the boy and girl are playing with arm floats on,2951092164_4940b9a517.jpg,-1,0.4998,0.607,0.1071,"['2538477523_1da77eb11c.jpg', '2271468944_3264d29208.jpg', '3404978479_8a81843e17.jpg']","[0.607, 0.5966, 0.5965]"
2169,young boy and girl running with water wings on,2951092164_4940b9a517.jpg,5,0.6454,0.7922,0.1467,"['3229282764_a4a515f4e2.jpg', '2852982055_8112d0964f.jpg', '1308472581_9961782889.jpg']","[0.7922, 0.6808, 0.6521]"
2170,the surfer lost his board and is about to fall into the sea,2952141476_fc9a48a60a.jpg,-1,0.3006,0.8104,0.5098,"['3018304737_0a46fc5f1d.jpg', '3640329164_20cb245fd5.jpg', '2984174290_a915748d77.jpg']","[0.8104, 0.8035, 0.8033]"
2171,a person is out in the water at the beach while the sun sets,2952141476_fc9a48a60a.jpg,-1,0.4916,0.7646,0.2729,"['3189002057_3ef61b803e.jpg', '3705688385_47651205d3.jpg', '3532194771_07faf20d76.jpg']","[0.7646, 0.697, 0.6737]"
2172,a person above their surfboard on the water,2952141476_fc9a48a60a.jpg,-1,0.3766,0.8603,0.4837,"['2984174290_a915748d77.jpg', '3627679667_0e3de9fc90.jpg', '3018304737_0a46fc5f1d.jpg']","[0.8603, 0.8186, 0.7968]"
2173,a man floating in the ocean,2952141476_fc9a48a60a.jpg,-1,0.3465,0.7348,0.3882,"['3627679667_0e3de9fc90.jpg', '3037558954_20115165e3.jpg', '2984174290_a915748d77.jpg']","[0.7348, 0.7091, 0.7041]"
2174,a man has jumped from a surfboard up into the air,2952141476_fc9a48a60a.jpg,-1,0.2869,0.7313,0.4444,"['3707990914_843e8f15f1.jpg', '3058627443_1d57ff0a2c.jpg', '3593220756_5c416c3ceb.jpg']","[0.7313, 0.731, 0.7291]"
2176,a dog jumps in the air with a lady standing near,2960033435_c20cc7399a.jpg,2,0.5962,0.5964,0.0002,"['2839807428_efe42423f2.jpg', '2960033435_c20cc7399a.jpg', '3595643050_d312e4b652.jpg']","[0.5964, 0.5962, 0.5853]"
2179,a woman with a stick is playing with a dog in a red collar,2960033435_c20cc7399a.jpg,2,0.674,0.6993,0.0253,"['2518219912_f47214aa16.jpg', '2960033435_c20cc7399a.jpg', '433855742_c2a6fda763.jpg']","[0.6993, 0.674, 0.6193]"
2181,two players hustle during a soccer game,2962977152_9d6958fdd5.jpg,4,0.7505,0.7635,0.013,"['3613027188_1645ca1976.jpg', '2698487246_e827404cac.jpg', '3522749949_fb615cee47.jpg']","[0.7635, 0.7568, 0.7552]"
2184,two men fighting for control of a soccer ball as fans watch,2962977152_9d6958fdd5.jpg,5,0.6442,0.6768,0.0326,"['2698487246_e827404cac.jpg', '3539840291_1c3eed701d.jpg', '3522749949_fb615cee47.jpg']","[0.6768, 0.6752, 0.6631]"
2185,a boy in a white tshirt does skateboard tricks,2968135512_51fbb56e3e.jpg,-1,0.5146,0.7944,0.2797,"['2868575889_2c030aa8ae.jpg', '3038941104_17ee91fc03.jpg', '3527926597_45af299eee.jpg']","[0.7944, 0.7903, 0.6808]"
2186,a boy in tshirt jeans and knit cap jumps up with his skating board arms flung out,2968135512_51fbb56e3e.jpg,8,0.592,0.8062,0.2142,"['2868575889_2c030aa8ae.jpg', '3038941104_17ee91fc03.jpg', '2973638173_0dc21fd443.jpg']","[0.8062, 0.7176, 0.6852]"
2187,a man performs a skateboarding trick on a cement monument in a city park,2968135512_51fbb56e3e.jpg,7,0.5899,0.7114,0.1215,"['3208032657_27b9d6c4f3.jpg', '3576741633_671340544c.jpg', '1414820925_3504c394e1.jpg']","[0.7114, 0.6941, 0.6481]"
2188,a skateboarder is airborne in a city green space,2968135512_51fbb56e3e.jpg,-1,0.5492,0.6633,0.1141,"['3323988406_e3c8fce690.jpg', '3550763985_800cfee7e4.jpg', '2876494009_9f96d7eaf2.jpg']","[0.6633, 0.6299, 0.6019]"
2189,young skateboarder doing a trick in the park,2968135512_51fbb56e3e.jpg,10,0.5983,0.7411,0.1428,"['2868575889_2c030aa8ae.jpg', '3576741633_671340544c.jpg', '3038941104_17ee91fc03.jpg']","[0.7411, 0.699, 0.6987]"
2190,a man and a boy watch a dog leap to catch a ball,2970183443_accd597e0a.jpg,4,0.5396,0.6396,0.0999,"['3544673666_ffc7483c96.jpg', '2839807428_efe42423f2.jpg', '2960033435_c20cc7399a.jpg']","[0.6396, 0.6027, 0.5804]"
2191,a man and a child are standing near a dog who is jumping,2970183443_accd597e0a.jpg,-1,0.4699,0.6162,0.1463,"['2839807428_efe42423f2.jpg', '1348947380_14f0fc1237.jpg', '3618932839_acd7d2c2ea.jpg']","[0.6162, 0.5879, 0.5862]"
2192,a man and a small boy watch their small white dog catch a toy in the air,2970183443_accd597e0a.jpg,-1,0.4173,0.6429,0.2256,"['2839807428_efe42423f2.jpg', '2470486377_c3a39ccb7b.jpg', '397547349_1fd14b95af.jpg']","[0.6429, 0.6292, 0.5958]"
2193,a small black brown and white dog catches a football in midair as a man and child look on,2970183443_accd597e0a.jpg,-1,0.3604,0.6898,0.3294,"['2839807428_efe42423f2.jpg', '2857609295_16aaa85293.jpg', '3544673666_ffc7483c96.jpg']","[0.6898, 0.6352, 0.6271]"
2194,small white dog with spot on back leaping in air with football in mouth with small boy and man watching,2970183443_accd597e0a.jpg,-1,0.3482,0.6821,0.3338,"['2857609295_16aaa85293.jpg', '3608400551_d6f7965308.jpg', '3696246123_99d4d10140.jpg']","[0.6821, 0.6364, 0.6334]"
2195,the skateboarder jumps into the air,2973638173_0dc21fd443.jpg,6,0.6261,0.7434,0.1173,"['3550763985_800cfee7e4.jpg', '3244734844_c318c29c23.jpg', '2868575889_2c030aa8ae.jpg']","[0.7434, 0.7131, 0.6803]"
2196,a skateboarder doing a maneuver in the air,2973638173_0dc21fd443.jpg,-1,0.6186,0.7702,0.1516,"['3550763985_800cfee7e4.jpg', '3038941104_17ee91fc03.jpg', '3244734844_c318c29c23.jpg']","[0.7702, 0.7203, 0.6842]"
2197,the young man catches some air while skateboarding,2973638173_0dc21fd443.jpg,4,0.7247,0.7724,0.0477,"['2868575889_2c030aa8ae.jpg', '3550763985_800cfee7e4.jpg', '3038941104_17ee91fc03.jpg']","[0.7724, 0.767, 0.7272]"
2198,a boy does a skateboard trick,2973638173_0dc21fd443.jpg,-1,0.5603,0.7449,0.1846,"['3038941104_17ee91fc03.jpg', '2868575889_2c030aa8ae.jpg', '3244734844_c318c29c23.jpg']","[0.7449, 0.7447, 0.7441]"
2199,a man jumps in the air on his skateboard,2973638173_0dc21fd443.jpg,2,0.7307,0.7501,0.0194,"['2868575889_2c030aa8ae.jpg', '2973638173_0dc21fd443.jpg', '3550763985_800cfee7e4.jpg']","[0.7501, 0.7307, 0.7295]"
2200,a boy does a skateboard jump at a skateboard park,2974501005_346f74e5d8.jpg,-1,0.5084,0.7645,0.256,"['2868575889_2c030aa8ae.jpg', '3038941104_17ee91fc03.jpg', '3527926597_45af299eee.jpg']","[0.7645, 0.6866, 0.631]"
2201,a kid doing a trick on his skateboard,2974501005_346f74e5d8.jpg,-1,0.6177,0.7831,0.1654,"['3576741633_671340544c.jpg', '3244734844_c318c29c23.jpg', '3038941104_17ee91fc03.jpg']","[0.7831, 0.7665, 0.755]"
2202,a young boy is performing tricks with a skateboard at a skate park,2974501005_346f74e5d8.jpg,8,0.5646,0.7801,0.2155,"['2868575889_2c030aa8ae.jpg', '3038941104_17ee91fc03.jpg', '3527926597_45af299eee.jpg']","[0.7801, 0.7322, 0.7089]"
2203,a young man rides a yellow and black skateboard at the top of a ramp,2974501005_346f74e5d8.jpg,-1,0.4915,0.7037,0.2121,"['2332540384_4cf26406a9.jpg', '3576741633_671340544c.jpg', '3446762868_06e9d9d899.jpg']","[0.7037, 0.6637, 0.6575]"
2204,kid doing skateboard trick with his legs split and board between them,2974501005_346f74e5d8.jpg,-1,0.5437,0.7932,0.2496,"['3244734844_c318c29c23.jpg', '2868575889_2c030aa8ae.jpg', '3576741633_671340544c.jpg']","[0.7932, 0.707, 0.6867]"
2205,the hawaiian singer belts out a tune,2978236380_fb24c43f1e.jpg,3,0.501,0.5539,0.0529,"['3332202255_a30c522664.jpg', '146577646_9e64b8c2dc.jpg', '2978236380_fb24c43f1e.jpg']","[0.5539, 0.5069, 0.501]"
2207,an older man is playing a guitar and singing into a microphone,2978236380_fb24c43f1e.jpg,2,0.6725,0.8193,0.1468,"['3332202255_a30c522664.jpg', '2978236380_fb24c43f1e.jpg', '3619232550_0b1e1fd4e4.jpg']","[0.8193, 0.6725, 0.6557]"
2208,a man playing guitar sings into a microphone,2978236380_fb24c43f1e.jpg,2,0.6972,0.8146,0.1174,"['3332202255_a30c522664.jpg', '2978236380_fb24c43f1e.jpg', '3305767464_d64a336f60.jpg']","[0.8146, 0.6972, 0.6793]"
2209,a man plays guitar and sings into a microphone,2978236380_fb24c43f1e.jpg,2,0.6775,0.8129,0.1354,"['3332202255_a30c522664.jpg', '2978236380_fb24c43f1e.jpg', '3305767464_d64a336f60.jpg']","[0.8129, 0.6775, 0.6498]"
2210,a man in a blue bodysuit surfing,2978409165_acc4f29a40.jpg,6,0.7513,0.8088,0.0575,"['3168123064_d1983b8f92.jpg', '3640329164_20cb245fd5.jpg', '3018304737_0a46fc5f1d.jpg']","[0.8088, 0.7846, 0.7826]"
2211,a man in a blue wetsuit rides a wave on a white surfboard,2978409165_acc4f29a40.jpg,5,0.7693,0.8531,0.0838,"['3018304737_0a46fc5f1d.jpg', '3168123064_d1983b8f92.jpg', '3707990914_843e8f15f1.jpg']","[0.8531, 0.8367, 0.8329]"
2212,a man in blue surfs in the ocean,2978409165_acc4f29a40.jpg,9,0.6466,0.7473,0.1007,"['3018304737_0a46fc5f1d.jpg', '3168123064_d1983b8f92.jpg', '3627679667_0e3de9fc90.jpg']","[0.7473, 0.7439, 0.7312]"
2213,a surfer tries to stay moving on his white surfboard,2978409165_acc4f29a40.jpg,3,0.7582,0.816,0.0579,"['3707990914_843e8f15f1.jpg', '3640329164_20cb245fd5.jpg', '2978409165_acc4f29a40.jpg']","[0.816, 0.7637, 0.7582]"
2214,a surfer in a blue swimsuit is riding the waves,2978409165_acc4f29a40.jpg,9,0.6795,0.8238,0.1443,"['3168123064_d1983b8f92.jpg', '3018304737_0a46fc5f1d.jpg', '3627679667_0e3de9fc90.jpg']","[0.8238, 0.8186, 0.7675]"
2215,child on a swing in motion,2979914158_5906470b8f.jpg,-1,0.2923,0.895,0.6027,"['3396036947_0af6c3aab7.jpg', '2458269558_277012780d.jpg', '2884252132_5d8e776893.jpg']","[0.895, 0.855, 0.835]"
2216,a young girl with brown hair is swinging on a swing in a swimming suit,2979914158_5906470b8f.jpg,10,0.5195,0.6696,0.15,"['2884252132_5d8e776893.jpg', '3396036947_0af6c3aab7.jpg', '3656225270_cdf89e3240.jpg']","[0.6696, 0.6253, 0.6253]"
2217,the little girl wearing a black swimsuit is playing on a swing,2979914158_5906470b8f.jpg,2,0.63,0.6621,0.0321,"['2884252132_5d8e776893.jpg', '2979914158_5906470b8f.jpg', '3656225270_cdf89e3240.jpg']","[0.6621, 0.63, 0.6106]"
2219,a young girl wearing a black and red swimsuit swinging on a swing,2979914158_5906470b8f.jpg,6,0.6289,0.772,0.1432,"['2884252132_5d8e776893.jpg', '3656225270_cdf89e3240.jpg', '3396036947_0af6c3aab7.jpg']","[0.772, 0.7314, 0.7005]"
2220,a dog rolls on his back in the grass as two other dogs look on,2981372647_2061278c60.jpg,10,0.4872,0.5968,0.1096,"['684375286_09cc1aa778.jpg', '472860064_a96a228796.jpg', '2276314067_7ee246f859.jpg']","[0.5968, 0.5879, 0.5556]"
2221,one pale dog is rolling on his back while two others stand nearby,2981372647_2061278c60.jpg,10,0.5491,0.6918,0.1427,"['2768972186_92787cd523.jpg', '467858872_f3431df682.jpg', '453756106_711c20471a.jpg']","[0.6918, 0.6741, 0.6692]"
2222,three dogs are playing,2981372647_2061278c60.jpg,5,0.606,0.6634,0.0574,"['382090166_be2c2c63e1.jpg', '2216695423_1362cb25f3.jpg', '3526018344_450c517a72.jpg']","[0.6634, 0.6314, 0.6274]"
2223,three dogs play in the grass near the playground equipment,2981372647_2061278c60.jpg,3,0.6271,0.6458,0.0186,"['3526018344_450c517a72.jpg', '2276314067_7ee246f859.jpg', '2981372647_2061278c60.jpg']","[0.6458, 0.6343, 0.6271]"
2224,three white and brown dogs are playing outside in a grassy area with a play set in the background,2981372647_2061278c60.jpg,6,0.6674,0.7879,0.1205,"['2165461920_1a4144eb2b.jpg', '3526018344_450c517a72.jpg', '3132619510_7dfc947d25.jpg']","[0.7879, 0.7238, 0.7122]"
2225,the surfer rides a wave on a blue surfboard,2984174290_a915748d77.jpg,6,0.7459,0.8509,0.105,"['3018304737_0a46fc5f1d.jpg', '3168123064_d1983b8f92.jpg', '3707990914_843e8f15f1.jpg']","[0.8509, 0.7945, 0.7921]"
2226,the surfer is in the wave,2984174290_a915748d77.jpg,4,0.7729,0.8822,0.1093,"['3018304737_0a46fc5f1d.jpg', '3168123064_d1983b8f92.jpg', '3058627443_1d57ff0a2c.jpg']","[0.8822, 0.8042, 0.7968]"
2227,a surfer on a blue surfboard is falling off of it as he hits a wave,2984174290_a915748d77.jpg,7,0.7516,0.8375,0.0859,"['3018304737_0a46fc5f1d.jpg', '3707990914_843e8f15f1.jpg', '3593220756_5c416c3ceb.jpg']","[0.8375, 0.7973, 0.7859]"
2228,a surfer rides up the wave,2984174290_a915748d77.jpg,4,0.7486,0.8642,0.1156,"['3018304737_0a46fc5f1d.jpg', '3168123064_d1983b8f92.jpg', '3707990914_843e8f15f1.jpg']","[0.8642, 0.8095, 0.7539]"
2229,man falling off a blue surfboard in the ocean,2984174290_a915748d77.jpg,2,0.7864,0.7939,0.0074,"['3707990914_843e8f15f1.jpg', '2984174290_a915748d77.jpg', '3640329164_20cb245fd5.jpg']","[0.7939, 0.7864, 0.7818]"
2231,a group of bikers pedal along,2986671935_0c60bbb3fa.jpg,2,0.7708,0.817,0.0462,"['3726025663_e7d35d23f6.jpg', '2986671935_0c60bbb3fa.jpg', '2744600462_5804577296.jpg']","[0.817, 0.7708, 0.7206]"
2236,the brown german shepherd dog is playing with a stick,2986716822_e220754d32.jpg,2,0.6566,0.6697,0.0131,"['3228069008_edb2961fc4.jpg', '2986716822_e220754d32.jpg', '1659358141_0433c9bf99.jpg']","[0.6697, 0.6566, 0.64]"
2245,a woman kicks at a man,2991575785_bd4868e215.jpg,-1,0.3324,0.5098,0.1774,"['3399944164_ec24123945.jpg', '3155501473_510f9c9f6b.jpg', '2061354254_faa5bd294b.jpg']","[0.5098, 0.479, 0.4784]"
2246,a girl kicking her leg up to the shoulder of a woman standing next to her,2991575785_bd4868e215.jpg,-1,0.1627,0.5249,0.3622,"['3415287719_3c776f370e.jpg', '961611340_251081fcb8.jpg', '3319058642_885d756295.jpg']","[0.5249, 0.5152, 0.4902]"
2247,a girl in jeans tries to show an adult how high she can kick,2991575785_bd4868e215.jpg,-1,0.1819,0.6312,0.4492,"['3686924335_3c51e8834a.jpg', '2561319255_ce5ede291e.jpg', '514222303_cb98584536.jpg']","[0.6312, 0.5998, 0.5157]"
2248,a girl doing a kick near a woman,2991575785_bd4868e215.jpg,-1,0.2203,0.539,0.3187,"['961611340_251081fcb8.jpg', '3661072592_2e693cd5a0.jpg', '3415287719_3c776f370e.jpg']","[0.539, 0.5258, 0.5177]"
2249,a girl in black high kicks over a jackolantern,2991575785_bd4868e215.jpg,-1,0.1026,0.5898,0.4872,"['3686924335_3c51e8834a.jpg', '2592019072_a6c0090da4.jpg', '613900608_2e49415772.jpg']","[0.5898, 0.5241, 0.5072]"
2252,a speed biker makes a sharp turn on his bicycle,2998024845_1529c11694.jpg,3,0.6872,0.7042,0.0169,"['3386060324_b98fdfa449.jpg', '3079073247_97e88e2eb7.jpg', '2998024845_1529c11694.jpg']","[0.7042, 0.6882, 0.6872]"
2254,the cyclist in the orange jersey turned a corner,2998024845_1529c11694.jpg,3,0.7,0.7412,0.0412,"['2192411521_9c7e488c5e.jpg', '3671933270_d124e9a1a4.jpg', '2998024845_1529c11694.jpg']","[0.7412, 0.7324, 0.7]"
2255,girls in matching outfits one holding inflatable toy outside of odeon building,3002448718_a478c64fb4.jpg,-1,0.1488,0.6157,0.4669,"['2951092164_4940b9a517.jpg', '2504991916_dc61e59e49.jpg', '860928274_744d14f198.jpg']","[0.6157, 0.5872, 0.5488]"
2256,four women in front of odeon wear similar black pink and white superman type shirts and jean skirts,3002448718_a478c64fb4.jpg,-1,0.3049,0.7006,0.3958,"['3111897772_5211a37a02.jpg', '3565598162_56044bc2f7.jpg', '2621771656_09a620da6d.jpg']","[0.7006, 0.6949, 0.5426]"
2257,girls walking in the street on a sunny day,3002448718_a478c64fb4.jpg,-1,0.2397,0.7956,0.5559,"['3415228562_4efa9c9b70.jpg', '3677734351_63d60844cb.jpg', '1952896009_cee8147c90.jpg']","[0.7956, 0.7029, 0.6314]"
2258,a group of girls stands wearing jean skirts and superman shirts,3002448718_a478c64fb4.jpg,-1,0.4678,0.6962,0.2284,"['2621771656_09a620da6d.jpg', '3242718240_3358f2d6e6.jpg', '3565598162_56044bc2f7.jpg']","[0.6962, 0.6817, 0.6747]"
2259,a group of women with black shirts,3002448718_a478c64fb4.jpg,-1,0.4741,0.6566,0.1825,"['2621771656_09a620da6d.jpg', '255091927_2eb643beb2.jpg', '3114944484_28b5bb9842.jpg']","[0.6566, 0.5915, 0.5632]"
2260,a boy and a girl dancing,3002920707_5d2e6e6aac.jpg,-1,0.3839,0.6377,0.2538,"['2538477523_1da77eb11c.jpg', '1177994172_10d143cb8d.jpg', '961611340_251081fcb8.jpg']","[0.6377, 0.5992, 0.5931]"
2261,a boy and girl are dancing,3002920707_5d2e6e6aac.jpg,-1,0.441,0.6338,0.1928,"['961611340_251081fcb8.jpg', '2538477523_1da77eb11c.jpg', '1177994172_10d143cb8d.jpg']","[0.6338, 0.5728, 0.5553]"
2262,a boy in brown shorts is dancing with a girl wearing a green hood in a wooden floored room whilst other children look on,3002920707_5d2e6e6aac.jpg,3,0.5681,0.6089,0.0408,"['3396043950_12783c5147.jpg', '2516317118_10ae66b87a.jpg', '3002920707_5d2e6e6aac.jpg']","[0.6089, 0.5861, 0.5681]"
2263,a little girl and a little boy are facing each other,3002920707_5d2e6e6aac.jpg,-1,0.2939,0.7423,0.4484,"['452419961_6d42ab7000.jpg', '2556392380_ee57514233.jpg', '3079787482_0757e9d167.jpg']","[0.7423, 0.5925, 0.578]"
2264,two children facing each other are doing a dance,3002920707_5d2e6e6aac.jpg,-1,0.3744,0.662,0.2876,"['1177994172_10d143cb8d.jpg', '2599131872_65789d86d5.jpg', '961611340_251081fcb8.jpg']","[0.662, 0.6038, 0.6004]"
2265,a girl in a swimming pool playing badminton while a lady watches,3009018821_ba47396e24.jpg,2,0.6547,0.6634,0.0086,"['2830869109_c4e403eae6.jpg', '3009018821_ba47396e24.jpg', '1309330801_aeeb23f1ee.jpg']","[0.6634, 0.6547, 0.5761]"
2266,a woman in a pink bathing suit holds a badminton racket while another lady looks on,3009018821_ba47396e24.jpg,-1,0.3986,0.6658,0.2672,"['2830869109_c4e403eae6.jpg', '654130822_4aeb1f1273.jpg', '3582465732_78f77f34ae.jpg']","[0.6658, 0.6623, 0.5817]"
2267,a woman sits and watches another woman play in the pool,3009018821_ba47396e24.jpg,8,0.5193,0.6393,0.12,"['701816897_221bbe761a.jpg', '477254932_56b48d775d.jpg', '989754491_7e53fb4586.jpg']","[0.6393, 0.592, 0.5888]"
2268,one woman sitting beside the pool while another plays badminton in the pool,3009018821_ba47396e24.jpg,-1,0.4929,0.6041,0.1112,"['2830869109_c4e403eae6.jpg', '654130822_4aeb1f1273.jpg', '2030781555_b7ff7be28f.jpg']","[0.6041, 0.5918, 0.5793]"
2269,woman playing badminton in the pool while another woman looks on,3009018821_ba47396e24.jpg,3,0.5567,0.6158,0.059,"['654130822_4aeb1f1273.jpg', '2830869109_c4e403eae6.jpg', '3009018821_ba47396e24.jpg']","[0.6158, 0.5994, 0.5567]"
2270,a man performs a ski jump in the snow,3012513414_86180c44cb.jpg,5,0.731,0.8281,0.0971,"['3248352729_ab264b2222.jpg', '3108732084_565b423162.jpg', '3241965735_8742782a70.jpg']","[0.8281, 0.8046, 0.772]"
2271,a skier in a black top making a jump with a blue and white sign on pile of snow underneath,3012513414_86180c44cb.jpg,2,0.7757,0.7852,0.0095,"['3248352729_ab264b2222.jpg', '3012513414_86180c44cb.jpg', '3108732084_565b423162.jpg']","[0.7852, 0.7757, 0.7647]"
2272,a skier high in the air after a jump,3012513414_86180c44cb.jpg,2,0.7461,0.7889,0.0428,"['3357416302_fcfcdd7b86.jpg', '3012513414_86180c44cb.jpg', '2272750492_91e8f67328.jpg']","[0.7889, 0.7461, 0.7431]"
2273,man on skis attempting to jump over a snow pile,3012513414_86180c44cb.jpg,4,0.7531,0.8263,0.0732,"['3248352729_ab264b2222.jpg', '3254645823_a7c072481c.jpg', '3357416302_fcfcdd7b86.jpg']","[0.8263, 0.7864, 0.7538]"
2274,the skier is airborne after going off the ramp,3012513414_86180c44cb.jpg,5,0.7,0.8398,0.1398,"['3357416302_fcfcdd7b86.jpg', '3241965735_8742782a70.jpg', '3248352729_ab264b2222.jpg']","[0.8398, 0.7656, 0.7286]"
2275,sled dogs pull a sled through a snowy forest,3014080715_f4f0dbb56e.jpg,5,0.616,0.7123,0.0963,"['1287931016_fb015e2e10.jpg', '3164415865_612f9fd8bc.jpg', '336551615_a01418bc53.jpg']","[0.7123, 0.6883, 0.6287]"
2276,a team of dogs pulling a sled down a snow covered road,3014080715_f4f0dbb56e.jpg,3,0.6418,0.7041,0.0622,"['3164415865_612f9fd8bc.jpg', '1287931016_fb015e2e10.jpg', '3014080715_f4f0dbb56e.jpg']","[0.7041, 0.6547, 0.6418]"
2278,a group of dogs pulling a sled through the snow,3014080715_f4f0dbb56e.jpg,4,0.6102,0.6873,0.0771,"['3164415865_612f9fd8bc.jpg', '1287931016_fb015e2e10.jpg', '1584315962_5b0b45d02d.jpg']","[0.6873, 0.6844, 0.6116]"
2279,a team of dogs are pulling a sled over snow,3014080715_f4f0dbb56e.jpg,7,0.5539,0.7167,0.1628,"['3164415865_612f9fd8bc.jpg', '1287931016_fb015e2e10.jpg', '72218201_e0e9c7d65b.jpg']","[0.7167, 0.7105, 0.5997]"
2285,the small brown dog is amidst the potted plants and fallen leaves,3019857541_3de3e24f54.jpg,2,0.5887,0.705,0.1163,"['1745110280_0cbff5e273.jpg', '3019857541_3de3e24f54.jpg', '3330935489_9cb67ca36b.jpg']","[0.705, 0.5887, 0.5667]"
2287,a dog is jumping in the air over some leaves,3019857541_3de3e24f54.jpg,4,0.6456,0.7375,0.0919,"['1659358133_95cd1027bd.jpg', '3330935489_9cb67ca36b.jpg', '1403414927_5f80281505.jpg']","[0.7375, 0.7203, 0.6656]"
2288,a brown dog leaps in the air over colorful leafs,3019857541_3de3e24f54.jpg,3,0.6536,0.6713,0.0177,"['2404692474_37da774368.jpg', '2198964806_c57b0534d3.jpg', '3019857541_3de3e24f54.jpg']","[0.6713, 0.6709, 0.6536]"
2290,one large brown dog running alongside a black and white dog,3025334206_76888792e5.jpg,-1,0.4847,0.7229,0.2382,"['2567035103_3511020c8f.jpg', '566921157_07c18a41e2.jpg', '3264678536_46601d25f0.jpg']","[0.7229, 0.6816, 0.6594]"
2291,two dogs are running on the grass in front of the trees,3025334206_76888792e5.jpg,-1,0.4829,0.6833,0.2004,"['2567035103_3511020c8f.jpg', '439492931_a96d590e40.jpg', '2313230479_13f87c6bf3.jpg']","[0.6833, 0.6686, 0.6306]"
2292,two dogs are running through a grassy area near tall trees,3025334206_76888792e5.jpg,9,0.6072,0.7161,0.1089,"['1403414927_5f80281505.jpg', '2567035103_3511020c8f.jpg', '2546959333_23b957988f.jpg']","[0.7161, 0.6688, 0.661]"
2293,two dogs running in the grass,3025334206_76888792e5.jpg,-1,0.4007,0.7884,0.3877,"['2567035103_3511020c8f.jpg', '439492931_a96d590e40.jpg', '2313230479_13f87c6bf3.jpg']","[0.7884, 0.73, 0.6908]"
2294,two dog with trees in the background,3025334206_76888792e5.jpg,-1,0.4642,0.7466,0.2824,"['3330935489_9cb67ca36b.jpg', '1403414927_5f80281505.jpg', '2419221084_01a14176b4.jpg']","[0.7466, 0.7081, 0.6313]"
2298,two guys running along a wall,3029472296_d429b1586c.jpg,5,0.5006,0.6136,0.113,"['2219959872_988e6d498e.jpg', '3463268965_f22884fc69.jpg', '2698487246_e827404cac.jpg']","[0.6136, 0.6128, 0.569]"
2299,two men holding their arms out from their bodies,3029472296_d429b1586c.jpg,-1,0.2388,0.6834,0.4446,"['2219959872_988e6d498e.jpg', '3105929913_94a6882e25.jpg', '3613005134_bb7f304da1.jpg']","[0.6834, 0.6097, 0.5836]"
2300,a black and white dog with a blue toy in its mouth runs on a grassy surface just beyond a fence,3029715635_43ab414dfb.jpg,-1,0.552,0.6664,0.1144,"['689776124_07f560a920.jpg', '3076928208_5763e9eb8c.jpg', '472860064_a96a228796.jpg']","[0.6664, 0.6338, 0.62]"
2301,a black dog is running pasts a wire mesh fence with a blue bone shaped toy in its mouth,3029715635_43ab414dfb.jpg,6,0.6253,0.6987,0.0735,"['283428775_a3665bee7c.jpg', '689776124_07f560a920.jpg', '3383545083_1d7c95b003.jpg']","[0.6987, 0.6987, 0.6661]"
2302,a black dog is running with a blue bone in his mouth,3029715635_43ab414dfb.jpg,3,0.6555,0.7421,0.0866,"['283428775_a3665bee7c.jpg', '689776124_07f560a920.jpg', '3029715635_43ab414dfb.jpg']","[0.7421, 0.6851, 0.6555]"
2303,a black dog running with a blue toy in his mouth,3029715635_43ab414dfb.jpg,9,0.5339,0.7746,0.2407,"['1026685415_0431cbf574.jpg', '283428775_a3665bee7c.jpg', '428796930_476a3d6395.jpg']","[0.7746, 0.7295, 0.6339]"
2304,a dog is running with a blue bone in its mouth,3029715635_43ab414dfb.jpg,-1,0.4794,0.6917,0.2124,"['3559781965_d4ec00e506.jpg', '1026685415_0431cbf574.jpg', '697582336_601462e052.jpg']","[0.6917, 0.62, 0.6111]"
2310,an elderly indian lady is wearing an orange headscarf and bangles,3030962048_f71948226c.jpg,-1,0.3758,0.631,0.2552,"['2676184321_858eff416b.jpg', '1527297882_dededc7891.jpg', '2837640996_0183db8d93.jpg']","[0.631, 0.595, 0.5385]"
2311,an elderly woman smiles for the camera,3030962048_f71948226c.jpg,-1,0.1288,0.6333,0.5045,"['3213395965_2a823c6865.jpg', '2721656220_5f4cda8bc1.jpg', '503090187_8758ab5680.jpg']","[0.6333, 0.6077, 0.5917]"
2312,a smiling old woman in india is covered by a safron shawl,3030962048_f71948226c.jpg,-1,0.2281,0.6941,0.466,"['2676184321_858eff416b.jpg', '502884177_25939ac000.jpg', '3470303255_fbb41b8dd0.jpg']","[0.6941, 0.5548, 0.5282]"
2313,a woman wearing an orange scarf smiles and looks at the camera,3030962048_f71948226c.jpg,-1,0.1109,0.6991,0.5882,"['2716457668_187a6d2b1c.jpg', '2695085862_2ed62df354.jpg', '2609847254_0ec40c1cce.jpg']","[0.6991, 0.6442, 0.6298]"
2314,old woman missing teeth stands with metal object in hand,3030962048_f71948226c.jpg,-1,0.4364,0.5765,0.1401,"['1527297882_dededc7891.jpg', '3213395965_2a823c6865.jpg', '2721656220_5f4cda8bc1.jpg']","[0.5765, 0.5191, 0.5159]"
2315,a young girl hugs a little boy,3035118753_69287079dc.jpg,-1,0.5083,0.7124,0.2041,"['452419961_6d42ab7000.jpg', '1316247213_1d2c726dd5.jpg', '2538477523_1da77eb11c.jpg']","[0.7124, 0.6105, 0.6081]"
2316,the little boy sitting next to the girl is covering his face with his hand,3035118753_69287079dc.jpg,-1,0.3224,0.6789,0.3566,"['2647049174_0fb47cee2e.jpg', '452419961_6d42ab7000.jpg', '2556392380_ee57514233.jpg']","[0.6789, 0.6596, 0.6433]"
2317,a little girls puts her arm around a little boy,3035118753_69287079dc.jpg,-1,0.4422,0.6271,0.185,"['452419961_6d42ab7000.jpg', '2609847254_0ec40c1cce.jpg', '2456030728_d3d147e774.jpg']","[0.6271, 0.5875, 0.5685]"
2318,a blonde boy and a girl in pajamas with makeup,3035118753_69287079dc.jpg,4,0.5313,0.5708,0.0395,"['2599131872_65789d86d5.jpg', '1177994172_10d143cb8d.jpg', '2337809114_899ba61330.jpg']","[0.5708, 0.5533, 0.552]"
2319,a girl with her arm around a boy covering his face,3035118753_69287079dc.jpg,-1,0.2832,0.7353,0.4521,"['2609847254_0ec40c1cce.jpg', '2456030728_d3d147e774.jpg', '452419961_6d42ab7000.jpg']","[0.7353, 0.6876, 0.6379]"
2320,a black and white dog is carrying a blue ball through the yard of a house in a tropical location,3036033157_522a43a550.jpg,9,0.5461,0.623,0.0769,"['539750844_02a07ec524.jpg', '1026685415_0431cbf574.jpg', '2880051254_e0ca96b6be.jpg']","[0.623, 0.6023, 0.5769]"
2321,a black and white dog with a blue dog toy in its mouth walks across a grassy yard,3036033157_522a43a550.jpg,5,0.6238,0.6707,0.0469,"['283428775_a3665bee7c.jpg', '1026685415_0431cbf574.jpg', '684375286_09cc1aa778.jpg']","[0.6707, 0.6705, 0.6285]"
2322,a dog plays with a blue spiky ball in the grass,3036033157_522a43a550.jpg,5,0.656,0.756,0.1,"['539750844_02a07ec524.jpg', '1026685415_0431cbf574.jpg', '3383545083_1d7c95b003.jpg']","[0.756, 0.7221, 0.7002]"
2323,a dog plays with a toy,3036033157_522a43a550.jpg,-1,0.4187,0.7632,0.3444,"['535529555_583d89b7f2.jpg', '244399048_8332bb3270.jpg', '337647771_3b819feaba.jpg']","[0.7632, 0.7619, 0.7499]"
2324,black and white dog has blue ball in mouth,3036033157_522a43a550.jpg,8,0.5344,0.7642,0.2298,"['1026685415_0431cbf574.jpg', '496971341_22782195f0.jpg', '283428775_a3665bee7c.jpg']","[0.7642, 0.6721, 0.6212]"
2327,a white dog with a mouthpiece and a red collar running,3036596725_541bbe0955.jpg,-1,0.5386,0.6825,0.1439,"['2867699650_e6ddb540de.jpg', '2555535057_007501dae5.jpg', '2525270674_4ab536e7ec.jpg']","[0.6825, 0.6262, 0.5894]"
2331,a man stands on a sailboat in the water,3037558954_20115165e3.jpg,2,0.7052,0.8028,0.0976,"['2125216241_5b265a2fbc.jpg', '3037558954_20115165e3.jpg', '361183669_52be9662b9.jpg']","[0.8028, 0.7052, 0.6949]"
2332,a man windsurfs near the beach,3037558954_20115165e3.jpg,3,0.6425,0.6756,0.0331,"['3705688385_47651205d3.jpg', '3532194771_07faf20d76.jpg', '3037558954_20115165e3.jpg']","[0.6756, 0.6679, 0.6425]"
2334,a windsurfer in near the beach,3037558954_20115165e3.jpg,2,0.7069,0.7572,0.0503,"['2125216241_5b265a2fbc.jpg', '3037558954_20115165e3.jpg', '3701509233_a2275a4e57.jpg']","[0.7572, 0.7069, 0.6966]"
2337,a young man taking a jump on a skateboard,3038941104_17ee91fc03.jpg,3,0.7483,0.7847,0.0364,"['2868575889_2c030aa8ae.jpg', '3244734844_c318c29c23.jpg', '3038941104_17ee91fc03.jpg']","[0.7847, 0.7541, 0.7483]"
2338,a guy on a skateboard is doing a stunt at night,3038941104_17ee91fc03.jpg,4,0.6518,0.7111,0.0593,"['3446762868_06e9d9d899.jpg', '3550763985_800cfee7e4.jpg', '2700147489_f1664f2b61.jpg']","[0.7111, 0.678, 0.6544]"
2339,a man wearing green jumps with his skateboard in the street,3038941104_17ee91fc03.jpg,6,0.5604,0.6348,0.0744,"['3268443910_b36dbc1e5c.jpg', '2700147489_f1664f2b61.jpg', '2868575889_2c030aa8ae.jpg']","[0.6348, 0.6155, 0.5992]"
2340,a man in a brown jacket and a white shirt looks to his side,3041645937_ff7591d134.jpg,-1,0.3106,0.682,0.3714,"['2328104318_5a43ca170c.jpg', '2925737498_57585a7ed9.jpg', '2856700531_312528eea4.jpg']","[0.682, 0.6645, 0.6172]"
2341,a man in a brown jacket looking off to the side,3041645937_ff7591d134.jpg,-1,0.2257,0.6859,0.4602,"['2328104318_5a43ca170c.jpg', '2925737498_57585a7ed9.jpg', '1429723917_6af585e4c0.jpg']","[0.6859, 0.6121, 0.6019]"
2342,a white man in a jacket looks to his left,3041645937_ff7591d134.jpg,-1,0.349,0.6354,0.2864,"['3125158798_0743dae56e.jpg', '2551344688_17a12a6948.jpg', '2925737498_57585a7ed9.jpg']","[0.6354, 0.6084, 0.6037]"
2343,a young man standing in a crowded area,3041645937_ff7591d134.jpg,-1,-0.0442,0.7342,0.7784,"['2267819545_446c5a3e18.jpg', '3535056297_e16f014cb7.jpg', '3433470650_a8b1c27173.jpg']","[0.7342, 0.6618, 0.6591]"
2344,middleaged man in casual clothes looking off camera,3041645937_ff7591d134.jpg,-1,-0.0024,0.65,0.6524,"['1860543210_47e94cf652.jpg', '2551344688_17a12a6948.jpg', '3613005134_bb7f304da1.jpg']","[0.65, 0.6291, 0.6159]"
2350,a group of people are standing around a sound mixing table,3042380610_c5ea61eef8.jpg,2,0.7007,0.7947,0.094,"['3305767464_d64a336f60.jpg', '3042380610_c5ea61eef8.jpg', '3631474374_e40764d153.jpg']","[0.7947, 0.7007, 0.6649]"
2351,a group of people looking at sound equipment,3042380610_c5ea61eef8.jpg,2,0.6813,0.7221,0.0409,"['3305767464_d64a336f60.jpg', '3042380610_c5ea61eef8.jpg', '3631474374_e40764d153.jpg']","[0.7221, 0.6813, 0.6402]"
2352,people are inspecting sound equipment indoors,3042380610_c5ea61eef8.jpg,2,0.6818,0.7054,0.0236,"['3305767464_d64a336f60.jpg', '3042380610_c5ea61eef8.jpg', '3392019836_c7aeebca1c.jpg']","[0.7054, 0.6818, 0.6762]"
2353,people examine equipment,3042380610_c5ea61eef8.jpg,3,0.5285,0.6268,0.0983,"['3057497487_57ecc60ff1.jpg', '219730733_6a55382dd2.jpg', '3042380610_c5ea61eef8.jpg']","[0.6268, 0.5475, 0.5285]"
2354,six people standing behind electrical equipment,3042380610_c5ea61eef8.jpg,2,0.6586,0.6962,0.0376,"['3254817653_632e840423.jpg', '3042380610_c5ea61eef8.jpg', '2244551043_21b8cca866.jpg']","[0.6962, 0.6586, 0.6532]"
2356,the motocross bike is doing a jump in the air in front of the crowd,3043501068_be58ac47e1.jpg,2,0.7195,0.7241,0.0046,"['3538686658_30afc75f02.jpg', '3043501068_be58ac47e1.jpg', '3215315009_47577bf8f7.jpg']","[0.7241, 0.7195, 0.6662]"
2357,man on a motorcycle performing a trick high in the air,3043501068_be58ac47e1.jpg,2,0.7933,0.8487,0.0554,"['3528105511_12ff45dc9c.jpg', '3043501068_be58ac47e1.jpg', '3309578722_1765d7d1af.jpg']","[0.8487, 0.7933, 0.7887]"
2360,men in blue uniforms holding little girl with bandaged face and stuffed animal,305199420_89f6ddd778.jpg,-1,0.4965,0.5785,0.082,"['536537638_f5ee42410b.jpg', '3503623999_bbd5dcfb18.jpg', '576920249_df1bdc2068.jpg']","[0.5785, 0.5523, 0.5491]"
2361,two first responders carrying an injured girl,305199420_89f6ddd778.jpg,-1,0.3187,0.6005,0.2819,"['2272823323_3b7291cd47.jpg', '2238166082_140f8b01b8.jpg', '72218201_e0e9c7d65b.jpg']","[0.6005, 0.5604, 0.5343]"
2362,two men in blue jumpsuits one holding a bandaged girl,305199420_89f6ddd778.jpg,2,0.5714,0.7001,0.1287,"['3674168459_6245f4f658.jpg', '305199420_89f6ddd778.jpg', '2346772831_b2748ba1f0.jpg']","[0.7001, 0.5714, 0.5677]"
2363,two men in uniform carry a small girl and her things,305199420_89f6ddd778.jpg,-1,0.2417,0.6092,0.3675,"['3125158798_0743dae56e.jpg', '536537638_f5ee42410b.jpg', '3589367895_5d3729e3ea.jpg']","[0.6092, 0.5402, 0.5294]"
2364,two pilots walk along carrying a young girl with a bandaged head,305199420_89f6ddd778.jpg,-1,0.296,0.5432,0.2472,"['3503623999_bbd5dcfb18.jpg', '1389264266_8170bc1c54.jpg', '2337809114_899ba61330.jpg']","[0.5432, 0.5, 0.4734]"
2365,several girls in swimsuits are playing in a sprinkler fountain,3052196390_c59dd24ca8.jpg,9,0.5489,0.7318,0.1829,"['571507143_be346225b7.jpg', '2747714500_49476225c6.jpg', '2852982055_8112d0964f.jpg']","[0.7318, 0.708, 0.6671]"
2366,little kids enjoy sprinklers by running through them outdoors,3052196390_c59dd24ca8.jpg,5,0.6112,0.7117,0.1005,"['2852982055_8112d0964f.jpg', '2747714500_49476225c6.jpg', '1095476286_87d4f8664e.jpg']","[0.7117, 0.6951, 0.674]"
2367,a group of children playing in a water fountain,3052196390_c59dd24ca8.jpg,5,0.6643,0.7388,0.0745,"['673806038_0a3682a83f.jpg', '571507143_be346225b7.jpg', '2852982055_8112d0964f.jpg']","[0.7388, 0.7049, 0.692]"
2368,a group of children playing in a sprinkler,3052196390_c59dd24ca8.jpg,2,0.6609,0.7581,0.0972,"['673806038_0a3682a83f.jpg', '3052196390_c59dd24ca8.jpg', '1095476286_87d4f8664e.jpg']","[0.7581, 0.6609, 0.6526]"
2369,children play in a water spray,3052196390_c59dd24ca8.jpg,4,0.6683,0.7524,0.0841,"['673806038_0a3682a83f.jpg', '2852982055_8112d0964f.jpg', '2747714500_49476225c6.jpg']","[0.7524, 0.7512, 0.6734]"
2371,a closeup into a large unique type plan with a lone woman in the center,3057497487_57ecc60ff1.jpg,-1,0.0351,0.6398,0.6048,"['1225443522_1633e7121f.jpg', '3106340185_80d0cb770a.jpg', '530661899_94655d7d0e.jpg']","[0.6398, 0.5856, 0.5325]"
2372,a person sitting in an airplane display,3057497487_57ecc60ff1.jpg,9,0.4674,0.5661,0.0986,"['3066338314_2c3fb731d1.jpg', '403678611_73978faed7.jpg', '397601572_9587a39291.jpg']","[0.5661, 0.5659, 0.5501]"
2373,a woman is sitting in a white biplane that hangs from the roof of an air museum,3057497487_57ecc60ff1.jpg,-1,0.3734,0.5399,0.1665,"['2504277798_936a09c74d.jpg', '469617651_278e586e46.jpg', '2125216241_5b265a2fbc.jpg']","[0.5399, 0.4872, 0.4663]"
2374,ride with a model biplane,3057497487_57ecc60ff1.jpg,-1,0.3793,0.5972,0.2179,"['2125216241_5b265a2fbc.jpg', '2088460083_42ee8a595a.jpg', '3682428916_69ce66d375.jpg']","[0.5972, 0.5674, 0.5484]"
2375,a person wearing a red shirt is falling off a white surfboard,3058627443_1d57ff0a2c.jpg,8,0.7067,0.7794,0.0728,"['3707990914_843e8f15f1.jpg', '3018304737_0a46fc5f1d.jpg', '3593220756_5c416c3ceb.jpg']","[0.7794, 0.7696, 0.7588]"
2376,a person performing watersports gets seperated from his apparatus,3058627443_1d57ff0a2c.jpg,-1,0.4144,0.6576,0.2432,"['3037558954_20115165e3.jpg', '195962284_e57178054a.jpg', '2735792721_b8fe85e803.jpg']","[0.6576, 0.6101, 0.5997]"
2377,a person is falling off their surfboard,3058627443_1d57ff0a2c.jpg,9,0.673,0.7513,0.0783,"['3640329164_20cb245fd5.jpg', '3183519385_311555d5f5.jpg', '3593220756_5c416c3ceb.jpg']","[0.7513, 0.7432, 0.7413]"
2378,a man falling off his surfboard on the top of a wave,3058627443_1d57ff0a2c.jpg,6,0.7799,0.8666,0.0867,"['3018304737_0a46fc5f1d.jpg', '3183519385_311555d5f5.jpg', '3707990914_843e8f15f1.jpg']","[0.8666, 0.8064, 0.8005]"
2379,a man is tumbling into the water having fallen off a surfboard,3058627443_1d57ff0a2c.jpg,8,0.6457,0.7529,0.1072,"['3640329164_20cb245fd5.jpg', '2978409165_acc4f29a40.jpg', '3593220756_5c416c3ceb.jpg']","[0.7529, 0.7519, 0.7206]"
2383,a smiling man leaning back from a table with an ashtray on top,3066338314_2c3fb731d1.jpg,3,0.6204,0.6485,0.0281,"['2380464803_a64f05bfa9.jpg', '343662720_39e4067cd1.jpg', '3066338314_2c3fb731d1.jpg']","[0.6485, 0.647, 0.6204]"
2385,man watching four dogs play on the beach,3070031806_3d587c2a66.jpg,-1,0.4348,0.6966,0.2617,"['3328535573_33c3cd5b59.jpg', '496555371_3e1ee0d97d.jpg', '2521983429_33218366bd.jpg']","[0.6966, 0.6234, 0.5702]"
2386,a man is standing at the shoreline on the beach with 4 dogs,3070031806_3d587c2a66.jpg,10,0.5013,0.6522,0.1508,"['3446347599_0ecc49a9d5.jpg', '2521983429_33218366bd.jpg', '1348947380_14f0fc1237.jpg']","[0.6522, 0.6493, 0.6003]"
2387,a man is standing in front of 4 dogs on the beach,3070031806_3d587c2a66.jpg,6,0.536,0.6451,0.1091,"['1348947380_14f0fc1237.jpg', '2521983429_33218366bd.jpg', '3446347599_0ecc49a9d5.jpg']","[0.6451, 0.6088, 0.5831]"
2389,a man and 4 dogs playing on the beach,3070031806_3d587c2a66.jpg,4,0.5801,0.6598,0.0796,"['496555371_3e1ee0d97d.jpg', '2759211664_d21393b668.jpg', '2561334141_0aacefa5e7.jpg']","[0.6598, 0.6143, 0.6007]"
2390,a man and a woman are kissing in a crowded street,3072782873_3278f3b3a7.jpg,-1,0.3328,0.6334,0.3006,"['3655964639_21e76383d0.jpg', '2622971954_59f192922d.jpg', '3399944164_ec24123945.jpg']","[0.6334, 0.611, 0.6056]"
2391,a man and woman kiss in the street,3072782873_3278f3b3a7.jpg,-1,0.3081,0.6441,0.3359,"['3655964639_21e76383d0.jpg', '617038406_4092ee91dd.jpg', '502884177_25939ac000.jpg']","[0.6441, 0.6439, 0.6059]"
2392,couple kissing in the middle of a street,3072782873_3278f3b3a7.jpg,-1,0.3929,0.6563,0.2634,"['3655964639_21e76383d0.jpg', '617038406_4092ee91dd.jpg', '502884177_25939ac000.jpg']","[0.6563, 0.5993, 0.5603]"
2393,man and woman kissing on a public street,3072782873_3278f3b3a7.jpg,-1,0.373,0.6793,0.3063,"['3655964639_21e76383d0.jpg', '502884177_25939ac000.jpg', '617038406_4092ee91dd.jpg']","[0.6793, 0.633, 0.6153]"
2394,two people are kissing with old buildings on either side of them and people walking up in the background,3072782873_3278f3b3a7.jpg,9,0.455,0.5663,0.1114,"['3655964639_21e76383d0.jpg', '3125158798_0743dae56e.jpg', '3106340185_80d0cb770a.jpg']","[0.5663, 0.5475, 0.5245]"
2395,the dog by the fence is running on the grass,3076928208_5763e9eb8c.jpg,-1,0.4711,0.7072,0.2361,"['1514957266_a19827c538.jpg', '2673148534_8daf0de833.jpg', '697582336_601462e052.jpg']","[0.7072, 0.6772, 0.6341]"
2396,the black and brown dog is playing in the yard,3076928208_5763e9eb8c.jpg,-1,0.4378,0.7393,0.3015,"['472860064_a96a228796.jpg', '697582336_601462e052.jpg', '283428775_a3665bee7c.jpg']","[0.7393, 0.6809, 0.6695]"
2397,a dog running with something in his mouth in the grass,3076928208_5763e9eb8c.jpg,-1,0.5287,0.7306,0.202,"['459814265_d48ba48978.jpg', '2445783904_e6c38a3a3d.jpg', '1026685415_0431cbf574.jpg']","[0.7306, 0.6858, 0.6819]"
2398,a black and tan dog jumping in the air in a grassy area in front of a fence,3076928208_5763e9eb8c.jpg,-1,0.3935,0.652,0.2585,"['2102581664_5ea50f85c6.jpg', '2673148534_8daf0de833.jpg', '3618932839_acd7d2c2ea.jpg']","[0.652, 0.6306, 0.6225]"
2399,black and tan dog with all paws off ground and yellow object in mouth,3076928208_5763e9eb8c.jpg,-1,0.5467,0.664,0.1173,"['1026685415_0431cbf574.jpg', '3228069008_edb2961fc4.jpg', '320093980_5388cb3733.jpg']","[0.664, 0.6223, 0.5965]"
2401,a man standing on a motorcycle doing a stunt,3079073247_97e88e2eb7.jpg,2,0.7658,0.7954,0.0296,"['3528105511_12ff45dc9c.jpg', '3079073247_97e88e2eb7.jpg', '2911928620_06c3fa293e.jpg']","[0.7954, 0.7658, 0.7206]"
2402,a person performing a wheelie trick on a motorcycle in a parking lot,3079073247_97e88e2eb7.jpg,3,0.6367,0.6909,0.0542,"['3528105511_12ff45dc9c.jpg', '2911928620_06c3fa293e.jpg', '3079073247_97e88e2eb7.jpg']","[0.6909, 0.6383, 0.6367]"
2403,motorcycle daredevil on reared motorcycle,3079073247_97e88e2eb7.jpg,3,0.6291,0.6973,0.0682,"['3528105511_12ff45dc9c.jpg', '3309578722_1765d7d1af.jpg', '3079073247_97e88e2eb7.jpg']","[0.6973, 0.6946, 0.6291]"
2404,someone riding sideways on a motorcycle,3079073247_97e88e2eb7.jpg,2,0.8119,0.8144,0.0025,"['2911928620_06c3fa293e.jpg', '3079073247_97e88e2eb7.jpg', '2891617125_f939f604c7.jpg']","[0.8144, 0.8119, 0.7752]"
2405,two young girls hug,3079787482_0757e9d167.jpg,-1,0.4126,0.757,0.3444,"['3652150541_8fb5a3a5d1.jpg', '3661072592_2e693cd5a0.jpg', '3534824784_7133119316.jpg']","[0.757, 0.697, 0.6942]"
2406,two young children holding each other and posing,3079787482_0757e9d167.jpg,-1,0.4665,0.6759,0.2094,"['1177994172_10d143cb8d.jpg', '2337809114_899ba61330.jpg', '3661072592_2e693cd5a0.jpg']","[0.6759, 0.6605, 0.6192]"
2407,two toddlers posing for the camera,3079787482_0757e9d167.jpg,3,0.5941,0.6627,0.0686,"['452419961_6d42ab7000.jpg', '1177994172_10d143cb8d.jpg', '3079787482_0757e9d167.jpg']","[0.6627, 0.6039, 0.5941]"
2408,a little girl hugs another little girl,3079787482_0757e9d167.jpg,6,0.5792,0.7516,0.1724,"['3035118753_69287079dc.jpg', '2599131872_65789d86d5.jpg', '3661072592_2e693cd5a0.jpg']","[0.7516, 0.6656, 0.663]"
2409,a young child is being held by another child looking straight at us,3079787482_0757e9d167.jpg,6,0.5151,0.7455,0.2304,"['452419961_6d42ab7000.jpg', '2556392380_ee57514233.jpg', '3396043950_12783c5147.jpg']","[0.7455, 0.5772, 0.5393]"
2410,five people are sitting in a bar while a tv plays nearby,3084018061_df66d98325.jpg,5,0.5828,0.755,0.1722,"['3319338707_892ae2a660.jpg', '2602258549_7401a3cdae.jpg', '3497234632_6ec740fc1e.jpg']","[0.755, 0.644, 0.5979]"
2412,three men drink at a reflective bar,3084018061_df66d98325.jpg,2,0.5744,0.5853,0.0109,"['3066338314_2c3fb731d1.jpg', '3084018061_df66d98325.jpg', '2380464803_a64f05bfa9.jpg']","[0.5853, 0.5744, 0.5499]"
2413,three men stand at a bar with drinks,3084018061_df66d98325.jpg,-1,0.4641,0.6191,0.155,"['3105929913_94a6882e25.jpg', '3640109324_3ce89e4d1a.jpg', '3210419174_d083a16f77.jpg']","[0.6191, 0.5808, 0.572]"
2414,three men stand in a bar with a purple counter,3084018061_df66d98325.jpg,7,0.5701,0.6404,0.0703,"['3392019836_c7aeebca1c.jpg', '3042380610_c5ea61eef8.jpg', '3640109324_3ce89e4d1a.jpg']","[0.6404, 0.6344, 0.6223]"
2415,two women in very colorful costumes stand next to a man dressed in all white,3084034954_fe5737197d.jpg,2,0.7577,0.8181,0.0605,"['440184957_267f3f3a2b.jpg', '3084034954_fe5737197d.jpg', '3638783842_af08dbb518.jpg']","[0.8181, 0.7577, 0.6845]"
2416,a white suited man stands between two showgirls in a casino foyer,3084034954_fe5737197d.jpg,6,0.5259,0.6053,0.0794,"['3543378438_47e2712486.jpg', '3392019836_c7aeebca1c.jpg', '3348208268_6d97d951eb.jpg']","[0.6053, 0.5798, 0.5573]"
2417,a man in a white suit is standing with two women,3084034954_fe5737197d.jpg,10,0.4933,0.7002,0.2069,"['3098714492_19939e3b19.jpg', '3098707588_5096d20397.jpg', '3105929913_94a6882e25.jpg']","[0.7002, 0.6779, 0.5714]"
2418,a man at a casino hugging two colorfully dressed show girls,3084034954_fe5737197d.jpg,-1,0.3515,0.5717,0.2202,"['416788726_5b4eb1466e.jpg', '1303727066_23d0f6ed43.jpg', '3652150541_8fb5a3a5d1.jpg']","[0.5717, 0.5422, 0.5415]"
2419,a man stands in the middle of two woman dressed in brightly colored costumes,3084034954_fe5737197d.jpg,2,0.6956,0.7538,0.0582,"['440184957_267f3f3a2b.jpg', '3084034954_fe5737197d.jpg', '3098707588_5096d20397.jpg']","[0.7538, 0.6956, 0.6869]"
2420,a big brown dog plays with a small white dog near a ball,3086523890_fd9394af8b.jpg,8,0.549,0.6683,0.1193,"['3494345896_dd6b32cfa3.jpg', '2616561200_ea079f285a.jpg', '539750844_02a07ec524.jpg']","[0.6683, 0.6604, 0.6372]"
2421,a brown dog is jumping on top of a smaller white dog and there is a colorful ball on the floor,3086523890_fd9394af8b.jpg,2,0.6547,0.7354,0.0807,"['3494345896_dd6b32cfa3.jpg', '3086523890_fd9394af8b.jpg', '3155390408_8e1a81efb2.jpg']","[0.7354, 0.6547, 0.654]"
2422,a large brown and a small white dog play indoors on a carpet,3086523890_fd9394af8b.jpg,2,0.7237,0.7528,0.0291,"['351876121_c7c0221928.jpg', '3086523890_fd9394af8b.jpg', '2325258180_6217dd17eb.jpg']","[0.7528, 0.7237, 0.6938]"
2423,the fat brown dog is standing over the little white dog,3086523890_fd9394af8b.jpg,9,0.5634,0.7036,0.1402,"['2427558437_3e839056d7.jpg', '2768972186_92787cd523.jpg', '2584412512_6767593f24.jpg']","[0.7036, 0.6729, 0.648]"
2424,two dogs play together,3086523890_fd9394af8b.jpg,5,0.7181,0.767,0.0489,"['3494345896_dd6b32cfa3.jpg', '351876121_c7c0221928.jpg', '684375286_09cc1aa778.jpg']","[0.767, 0.7575, 0.7344]"
2425,a man wearing glasses and black clothing is sitting while a man in a vest drinks in the background,3091962081_194f2f3bd4.jpg,2,0.6124,0.6713,0.0589,"['3084018061_df66d98325.jpg', '3091962081_194f2f3bd4.jpg', '2380464803_a64f05bfa9.jpg']","[0.6713, 0.6124, 0.6036]"
2426,a man with glasses wearing all black sits on grass surrounded by other people,3091962081_194f2f3bd4.jpg,3,0.5613,0.6045,0.0432,"['3495490064_8db40a83af.jpg', '436009777_440c7679a1.jpg', '3091962081_194f2f3bd4.jpg']","[0.6045, 0.5897, 0.5613]"
2427,a saltandpepperhaired man with beard and glasses wearing black sits on the grass,3091962081_194f2f3bd4.jpg,3,0.5767,0.8407,0.2639,"['3495490064_8db40a83af.jpg', '3108378861_d2214d971e.jpg', '3091962081_194f2f3bd4.jpg']","[0.8407, 0.6, 0.5767]"
2428,closeup of a man at an event with formal attire,3091962081_194f2f3bd4.jpg,-1,0.3882,0.6263,0.2381,"['3433470650_a8b1c27173.jpg', '3098707588_5096d20397.jpg', '2551344688_17a12a6948.jpg']","[0.6263, 0.6148, 0.607]"
2429,the man is dressed in black and smiling while another man is drinking and an elderly woman is standing near a fence,3091962081_194f2f3bd4.jpg,-1,0.4337,0.7275,0.2938,"['2925737498_57585a7ed9.jpg', '1429723917_6af585e4c0.jpg', '3199895624_4f01798c6f.jpg']","[0.7275, 0.6736, 0.6501]"
2430,two guys dressed in tuxes with red ties,3098707588_5096d20397.jpg,-1,0.4463,0.5997,0.1534,"['440184957_267f3f3a2b.jpg', '536537638_f5ee42410b.jpg', '3125158798_0743dae56e.jpg']","[0.5997, 0.562, 0.5492]"
2433,two men in matching suits are smiling and drinking,3098707588_5096d20397.jpg,4,0.5892,0.6495,0.0602,"['3105929913_94a6882e25.jpg', '2219959872_988e6d498e.jpg', '3640109324_3ce89e4d1a.jpg']","[0.6495, 0.6039, 0.5967]"
2434,two men in suits laugh and hold drinks,3098707588_5096d20397.jpg,2,0.5931,0.608,0.0149,"['2219959872_988e6d498e.jpg', '3098707588_5096d20397.jpg', '3105929913_94a6882e25.jpg']","[0.608, 0.5931, 0.5864]"
2441,a man drinking a beverage and holding a plastic bag far away from the other people,310213587_778fe8fb5b.jpg,-1,0.2098,0.6575,0.4477,"['1418019748_51c7d59c11.jpg', '3673970325_4e025069e9.jpg', '251958970_fa6b423f23.jpg']","[0.6575, 0.5794, 0.5698]"
2442,a man drinking a soda is standing in front of a bench near a group of people sitting,310213587_778fe8fb5b.jpg,-1,0.4424,0.6425,0.2002,"['3351667846_ac43118ae5.jpg', '1798209205_77dbf525b0.jpg', '3066338314_2c3fb731d1.jpg']","[0.6425, 0.5776, 0.56]"
2443,a man in black clothes and a blue hat is taking a drink and holding a shopping bag,310213587_778fe8fb5b.jpg,-1,0.0785,0.6579,0.5794,"['1418019748_51c7d59c11.jpg', '1417295167_5299df6db8.jpg', '3066338314_2c3fb731d1.jpg']","[0.6579, 0.6158, 0.5309]"
2444,a man is standing next to a bench drinking a soda while other people sit on a bench nearby,310213587_778fe8fb5b.jpg,7,0.5216,0.696,0.1744,"['3351667846_ac43118ae5.jpg', '1798209205_77dbf525b0.jpg', '3066338314_2c3fb731d1.jpg']","[0.696, 0.6, 0.5857]"
2445,two bald men and two bald women dressed in all white standing in a prayer pose,3105929913_94a6882e25.jpg,-1,0.4622,0.688,0.2257,"['3098714492_19939e3b19.jpg', '3098707588_5096d20397.jpg', '3404552106_f516df0f5b.jpg']","[0.688, 0.6352, 0.5779]"
2446,religious people wearing white with bald heads hold their hands in a praying position,3105929913_94a6882e25.jpg,-1,0.4041,0.5748,0.1707,"['3503623999_bbd5dcfb18.jpg', '3328535573_33c3cd5b59.jpg', '2928835996_88b9f9503d.jpg']","[0.5748, 0.5739, 0.5631]"
2447,four people with shaved heads and white robes pose their hands in prayer,3105929913_94a6882e25.jpg,-1,0.5188,0.6558,0.137,"['2211593099_4a4f1c85d2.jpg', '3716277216_c04002be81.jpg', '2928835996_88b9f9503d.jpg']","[0.6558, 0.6317, 0.6206]"
2448,four bald people are praying or meditating,3105929913_94a6882e25.jpg,-1,0.3476,0.7045,0.3569,"['3328535573_33c3cd5b59.jpg', '2928835996_88b9f9503d.jpg', '2211593099_4a4f1c85d2.jpg']","[0.7045, 0.5885, 0.5863]"
2449,four people with shaved heads and white robes praying,3105929913_94a6882e25.jpg,-1,0.4085,0.6172,0.2086,"['2928835996_88b9f9503d.jpg', '3328535573_33c3cd5b59.jpg', '2211593099_4a4f1c85d2.jpg']","[0.6172, 0.6106, 0.5756]"
2450,a man takes a picture out a window,3106340185_80d0cb770a.jpg,-1,0.2607,0.7415,0.4808,"['3640241166_b1ab7a8e7a.jpg', '503090187_8758ab5680.jpg', '1298866571_b4c496b71c.jpg']","[0.7415, 0.6318, 0.6256]"
2451,a shirtless man looks out a window,3106340185_80d0cb770a.jpg,6,0.4966,0.7001,0.2035,"['1057210460_09c6f4c6c1.jpg', '518789868_8895ef8792.jpg', '3394586927_eae7732b64.jpg']","[0.7001, 0.653, 0.613]"
2452,half naked man leaning out of window taking pictures,3106340185_80d0cb770a.jpg,-1,0.3214,0.629,0.3076,"['518789868_8895ef8792.jpg', '1057210460_09c6f4c6c1.jpg', '1298866571_b4c496b71c.jpg']","[0.629, 0.5606, 0.5146]"
2453,the man is going to take a picture from the open window,3106340185_80d0cb770a.jpg,-1,0.2884,0.6628,0.3744,"['3640241166_b1ab7a8e7a.jpg', '503090187_8758ab5680.jpg', '1298866571_b4c496b71c.jpg']","[0.6628, 0.6145, 0.5916]"
2454,the man is with a camera looking out of an open window,3106340185_80d0cb770a.jpg,-1,0.2897,0.6809,0.3912,"['3640241166_b1ab7a8e7a.jpg', '503090187_8758ab5680.jpg', '1298866571_b4c496b71c.jpg']","[0.6809, 0.6601, 0.5969]"
2460,a man and woman both wearing white are on rocks,3108378861_d2214d971e.jpg,4,0.5231,0.6564,0.1333,"['2162564553_96de62c7e6.jpg', '2521983429_33218366bd.jpg', '765929807_de381cc764.jpg']","[0.6564, 0.5821, 0.5427]"
2465,two snowboarders in a snowy scene,3108732084_565b423162.jpg,-1,0.4485,0.8024,0.3539,"['2301867590_98c0ecb0cb.jpg', '3287963317_186491ee78.jpg', '2272823323_3b7291cd47.jpg']","[0.8024, 0.6735, 0.6652]"
2466,someone on a nitro snowboard in midair and another person on the ground behind them,3108732084_565b423162.jpg,-1,0.579,0.7202,0.1412,"['3254645823_a7c072481c.jpg', '3351493005_6e5030f596.jpg', '3170551725_1276644eab.jpg']","[0.7202, 0.6959, 0.6803]"
2467,a man in a white coat jumps a snowboard,3108732084_565b423162.jpg,10,0.6016,0.8072,0.2056,"['3329169877_175cb16845.jpg', '3170551725_1276644eab.jpg', '3248352729_ab264b2222.jpg']","[0.8072, 0.8038, 0.7812]"
2468,a person on a green board is snowboarding in midair,3108732084_565b423162.jpg,-1,0.5548,0.8242,0.2694,"['3241965735_8742782a70.jpg', '3319899418_4bcf1b00d8.jpg', '3329169877_175cb16845.jpg']","[0.8242, 0.8059, 0.7833]"
2469,a snowboarder,3108732084_565b423162.jpg,-1,0.569,0.7912,0.2222,"['3170551725_1276644eab.jpg', '3329169877_175cb16845.jpg', '116409198_0fe0c94f3b.jpg']","[0.7912, 0.7723, 0.7508]"
2470,a man in red shorts runs on a track,3111208043_dbe8e87fa1.jpg,3,0.6006,0.7738,0.1732,"['3268443910_b36dbc1e5c.jpg', '3463268965_f22884fc69.jpg', '3111208043_dbe8e87fa1.jpg']","[0.7738, 0.706, 0.6006]"
2471,a man running on a track,3111208043_dbe8e87fa1.jpg,4,0.5569,0.7408,0.1839,"['3268443910_b36dbc1e5c.jpg', '3463268965_f22884fc69.jpg', '3036596725_541bbe0955.jpg']","[0.7408, 0.6398, 0.5601]"
2472,a man running track,3111208043_dbe8e87fa1.jpg,7,0.5134,0.7115,0.1981,"['3268443910_b36dbc1e5c.jpg', '3463268965_f22884fc69.jpg', '2700147489_f1664f2b61.jpg']","[0.7115, 0.612, 0.5372]"
2473,a man runs on a track outside,3111208043_dbe8e87fa1.jpg,6,0.546,0.7007,0.1547,"['3268443910_b36dbc1e5c.jpg', '3463268965_f22884fc69.jpg', '2344412916_9a5a9b1c82.jpg']","[0.7007, 0.6853, 0.6391]"
2474,a runner on a track,3111208043_dbe8e87fa1.jpg,5,0.5699,0.703,0.1331,"['3268443910_b36dbc1e5c.jpg', '3036596725_541bbe0955.jpg', '2522540026_6ee8ab4c6a.jpg']","[0.703, 0.6214, 0.6047]"
2475,women in colorful costumes dance in the street in front of a mcdonalds,3111897772_5211a37a02.jpg,3,0.571,0.6607,0.0897,"['3565598162_56044bc2f7.jpg', '3084034954_fe5737197d.jpg', '3111897772_5211a37a02.jpg']","[0.6607, 0.5753, 0.571]"
2476,women in long skirts and jackets dancing in the back of a mcdonald s,3111897772_5211a37a02.jpg,-1,0.3749,0.551,0.1761,"['3565598162_56044bc2f7.jpg', '3674168459_6245f4f658.jpg', '239453674_0df7767208.jpg']","[0.551, 0.5382, 0.4736]"
2478,a group of girls in dresses dancing,3111897772_5211a37a02.jpg,3,0.6431,0.6836,0.0405,"['3242718240_3358f2d6e6.jpg', '3433982387_3fa993cf5a.jpg', '3111897772_5211a37a02.jpg']","[0.6836, 0.6497, 0.6431]"
2479,the people are dressed in heavy layered clothing and are motioning together,3111897772_5211a37a02.jpg,4,0.509,0.596,0.087,"['3674168459_6245f4f658.jpg', '3351493005_6e5030f596.jpg', '1350811702_2ce7cfd0c5.jpg']","[0.596, 0.5355, 0.51]"
2481,a group of people are facing away from the camera,3114944484_28b5bb9842.jpg,3,0.7089,0.7503,0.0414,"['2930622766_fa8f84deb1.jpg', '3254817653_632e840423.jpg', '3114944484_28b5bb9842.jpg']","[0.7503, 0.712, 0.7089]"
2482,a group of people with their backs to the camera and a little girl facing a lady,3114944484_28b5bb9842.jpg,3,0.7008,0.7492,0.0484,"['1454841725_4b6e6199e2.jpg', '3718007650_e5930b4509.jpg', '3114944484_28b5bb9842.jpg']","[0.7492, 0.7043, 0.7008]"
2483,a little girl looking into a females face in the midst of a crowd,3114944484_28b5bb9842.jpg,7,0.5404,0.7644,0.2239,"['3718007650_e5930b4509.jpg', '2609847254_0ec40c1cce.jpg', '1454841725_4b6e6199e2.jpg']","[0.7644, 0.7175, 0.6634]"
2484,a young girl wearing red faces the opposite direction from the rest of a seated audience,3114944484_28b5bb9842.jpg,6,0.5676,0.7607,0.1931,"['2609847254_0ec40c1cce.jpg', '1454841725_4b6e6199e2.jpg', '3437315443_ba2263f92e.jpg']","[0.7607, 0.6835, 0.6249]"
2485,a person is riding his bicycle and is flying through the air on it,3119696225_b289efaec8.jpg,10,0.6349,0.7791,0.1441,"['2943334864_6bab479a3e.jpg', '3531811969_49af4c22f0.jpg', '3391924827_53b31542ce.jpg']","[0.7791, 0.7582, 0.7476]"
2486,a person is on a bike in midair,3119696225_b289efaec8.jpg,-1,0.5938,0.831,0.2373,"['2943334864_6bab479a3e.jpg', '3309578722_1765d7d1af.jpg', '3391924827_53b31542ce.jpg']","[0.831, 0.7697, 0.7482]"
2488,a bike rider performing a stunt on the cliffs near the water,3119696225_b289efaec8.jpg,2,0.6902,0.7433,0.0531,"['3674521435_89ff681074.jpg', '3119696225_b289efaec8.jpg', '3625519177_4c2bb9e7f0.jpg']","[0.7433, 0.6902, 0.6648]"
2491,a man in wrestling tights poses in a furious pose on a stage in front of some pyrotechnics,3119903318_d032141839.jpg,7,0.5082,0.6724,0.1642,"['3613005134_bb7f304da1.jpg', '1991806812_065f747689.jpg', '2700147489_f1664f2b61.jpg']","[0.6724, 0.6457, 0.5862]"
2492,a man wearing no shirt stands on a stage with fire in the background,3119903318_d032141839.jpg,2,0.556,0.5575,0.0015,"['2652155912_8ba5426790.jpg', '3119903318_d032141839.jpg', '374103842_17873ce505.jpg']","[0.5575, 0.556, 0.5099]"
2493,a man wearing shorts is standing near explosive special effects,3119903318_d032141839.jpg,2,0.5274,0.6292,0.1017,"['2652155912_8ba5426790.jpg', '3119903318_d032141839.jpg', '3438858409_136345fa07.jpg']","[0.6292, 0.5274, 0.4743]"
2495,man and woman standing together on a cobbled street having their picture taken,3125158798_0743dae56e.jpg,4,0.5978,0.7459,0.1481,"['3242007318_01e82171aa.jpg', '3400385314_a5bc062e97.jpg', '2925737498_57585a7ed9.jpg']","[0.7459, 0.6448, 0.6164]"
2496,a well dressed man and woman are posing for a picture,3125158798_0743dae56e.jpg,-1,0.4625,0.8041,0.3416,"['3400385314_a5bc062e97.jpg', '2925737498_57585a7ed9.jpg', '3155501473_510f9c9f6b.jpg']","[0.8041, 0.6128, 0.6044]"
2498,a man and a woman with a red book both dressed in black,3125158798_0743dae56e.jpg,-1,0.4423,0.6525,0.2102,"['3183883750_b6acc40397.jpg', '3203707977_cc9448fecb.jpg', '3638783842_af08dbb518.jpg']","[0.6525, 0.628, 0.6029]"
2499,a man and woman pose together on a cobblestone street,3125158798_0743dae56e.jpg,6,0.5378,0.7385,0.2007,"['3242007318_01e82171aa.jpg', '3106340185_80d0cb770a.jpg', '1057210460_09c6f4c6c1.jpg']","[0.7385, 0.5997, 0.5926]"
2500,two boys on a boat riding though the water,3130064588_6d1d3fa2dd.jpg,-1,0.5005,0.6768,0.1762,"['3315033940_e91f87b7f2.jpg', '1998457059_c9ac9a1e1a.jpg', '2526585002_10987a63f3.jpg']","[0.6768, 0.5949, 0.5869]"
2501,two boys sitting on a boat in the water,3130064588_6d1d3fa2dd.jpg,6,0.5479,0.6384,0.0905,"['3315033940_e91f87b7f2.jpg', '2526585002_10987a63f3.jpg', '2542037086_58c833699c.jpg']","[0.6384, 0.6119, 0.5783]"
2502,two men are riding a blue and orange boat,3130064588_6d1d3fa2dd.jpg,-1,0.2433,0.7175,0.4742,"['2526585002_10987a63f3.jpg', '3315033940_e91f87b7f2.jpg', '2906802485_dfebf09173.jpg']","[0.7175, 0.6779, 0.6116]"
2503,two men sit on the dock overlooking blue water,3130064588_6d1d3fa2dd.jpg,4,0.5354,0.716,0.1806,"['361183669_52be9662b9.jpg', '2030781555_b7ff7be28f.jpg', '2521983429_33218366bd.jpg']","[0.716, 0.666, 0.5528]"
2504,two young men with shirts are riding on the back of a boat with an orange deck,3130064588_6d1d3fa2dd.jpg,-1,0.3772,0.6384,0.2612,"['2526585002_10987a63f3.jpg', '3726120436_740bda8416.jpg', '3207264553_8cd4dcde53.jpg']","[0.6384, 0.6024, 0.5694]"
2506,four children keeping warm under a blanket,3131107810_7e9b96cddc.jpg,5,0.5858,0.6798,0.094,"['3694093650_547259731e.jpg', '979383193_0a542a059d.jpg', '3501083764_cf592292a6.jpg']","[0.6798, 0.6603, 0.6123]"
2508,a group of children sit against a fence covered with a blanket,3131107810_7e9b96cddc.jpg,4,0.6117,0.6899,0.0782,"['979383193_0a542a059d.jpg', '2211593099_4a4f1c85d2.jpg', '3694093650_547259731e.jpg']","[0.6899, 0.6265, 0.6253]"
2511,a man in a red suit climbs a rock wall,3131160589_dc73c209b7.jpg,-1,0.3187,0.7422,0.4235,"['950273886_88c324e663.jpg', '415793623_6c1225ae27.jpg', '486917990_72bd4069af.jpg']","[0.7422, 0.7401, 0.7231]"
2512,a rock climber wearing a santa suit is hanging from a strand of christmas lights,3131160589_dc73c209b7.jpg,3,0.4742,0.5659,0.0916,"['3351493005_6e5030f596.jpg', '3288274849_07ff76ee93.jpg', '3131160589_dc73c209b7.jpg']","[0.5659, 0.5116, 0.4742]"
2513,santa claus climbing a rock strung with christmas lights,3131160589_dc73c209b7.jpg,3,0.4799,0.5215,0.0416,"['3288274849_07ff76ee93.jpg', '3351493005_6e5030f596.jpg', '3131160589_dc73c209b7.jpg']","[0.5215, 0.5026, 0.4799]"
2514,someone dressed like santa claus is climbing a rock wall,3131160589_dc73c209b7.jpg,4,0.5472,0.6056,0.0584,"['486917990_72bd4069af.jpg', '466956675_a2fb6bf901.jpg', '111537222_07e56d5a30.jpg']","[0.6056, 0.5866, 0.5563]"
2515,two white dogs running with each other,3132619510_7dfc947d25.jpg,5,0.6553,0.6993,0.0439,"['3271084924_4778d556cc.jpg', '2419221084_01a14176b4.jpg', '3415809168_af9dabdba5.jpg']","[0.6993, 0.6916, 0.6811]"
2516,two white dogs are running alongside one another next to a fence,3132619510_7dfc947d25.jpg,7,0.5846,0.7516,0.167,"['2419221084_01a14176b4.jpg', '2289212650_69de7a20b2.jpg', '2259203920_6b93b721ce.jpg']","[0.7516, 0.6314, 0.6283]"
2517,two white dogs running and playing in a grassy yard,3132619510_7dfc947d25.jpg,3,0.6975,0.7676,0.0701,"['2419221084_01a14176b4.jpg', '2313230479_13f87c6bf3.jpg', '3132619510_7dfc947d25.jpg']","[0.7676, 0.6986, 0.6975]"
2518,a white dog with brown ears leaps at a white dog running from it,3132619510_7dfc947d25.jpg,-1,0.5755,0.7273,0.1518,"['453756106_711c20471a.jpg', '3271084924_4778d556cc.jpg', '3415809168_af9dabdba5.jpg']","[0.7273, 0.7173, 0.6947]"
2519,two dogs running along a fence,3132619510_7dfc947d25.jpg,-1,0.2339,0.6521,0.4182,"['1403414927_5f80281505.jpg', '2419221084_01a14176b4.jpg', '2259203920_6b93b721ce.jpg']","[0.6521, 0.6408, 0.6295]"
2520,a boy with a board strapped to his feet does a trick while holding onto some kind of rope,3132760860_3e743a935d.jpg,2,0.5564,0.5603,0.0039,"['2046222127_a6f300e202.jpg', '3132760860_3e743a935d.jpg', '3527926597_45af299eee.jpg']","[0.5603, 0.5564, 0.523]"
2521,a wakeboarder is leaping into the air whilst holding onto a yellow rope,3132760860_3e743a935d.jpg,-1,0.4629,0.6941,0.2312,"['70995350_75d0698839.jpg', '2797438951_88a3ed7541.jpg', '186890601_8a6b0f1769.jpg']","[0.6941, 0.6476, 0.6402]"
2522,girl wearing swim gear is surfboarding,3132760860_3e743a935d.jpg,-1,0.1612,0.6517,0.4904,"['2726262796_03bd63a155.jpg', '656260720_a7db4ce48b.jpg', '654130822_4aeb1f1273.jpg']","[0.6517, 0.6474, 0.6336]"
2523,this boy is doing a stunt with a tow rope and skateboard,3132760860_3e743a935d.jpg,-1,0.4141,0.6685,0.2544,"['2868575889_2c030aa8ae.jpg', '3446762868_06e9d9d899.jpg', '3530087422_7eb2b2c289.jpg']","[0.6685, 0.6026, 0.5985]"
2524,waterskier holding line midjump and almost turned upside down,3132760860_3e743a935d.jpg,-1,0.399,0.6915,0.2925,"['70995350_75d0698839.jpg', '3467510271_0f57e52768.jpg', '3707990914_843e8f15f1.jpg']","[0.6915, 0.6874, 0.6556]"
2525,santa and a woman drink wine next to the christmas tree while wearing joke disguise glasses,3134341610_3c55e373a7.jpg,4,0.5468,0.5753,0.0285,"['1859726819_9a793b3b44.jpg', '3199895624_4f01798c6f.jpg', '1798209205_77dbf525b0.jpg']","[0.5753, 0.5718, 0.548]"
2526,two people with silly disguises at christmas time,3134341610_3c55e373a7.jpg,-1,0.4551,0.783,0.3279,"['440184957_267f3f3a2b.jpg', '2337809114_899ba61330.jpg', '536537638_f5ee42410b.jpg']","[0.783, 0.6575, 0.6482]"
2527,two people one of whom is in a santa costume pose wearing funny glasses,3134341610_3c55e373a7.jpg,9,0.5275,0.7434,0.2159,"['440184957_267f3f3a2b.jpg', '2337809114_899ba61330.jpg', '536537638_f5ee42410b.jpg']","[0.7434, 0.626, 0.6016]"
2528,a woman in mask sits next to a man wearing a santa suit and also in mask as they hold wine glasses next to a christmas tree,3134341610_3c55e373a7.jpg,3,0.5112,0.5729,0.0617,"['3638783842_af08dbb518.jpg', '440184957_267f3f3a2b.jpg', '3134341610_3c55e373a7.jpg']","[0.5729, 0.5535, 0.5112]"
2529,a man and woman in masks and costume make a toast in front of a christmas tree,3134341610_3c55e373a7.jpg,-1,0.3655,0.4833,0.1179,"['440184957_267f3f3a2b.jpg', '2328616978_fb21be2b87.jpg', '3338291921_fe7ae0c8f8.jpg']","[0.4833, 0.4776, 0.4629]"
2530,a man and a woman are dressed in black coats,3134585858_a8c3493ca5.jpg,2,0.6607,0.7084,0.0477,"['1389264266_8170bc1c54.jpg', '3134585858_a8c3493ca5.jpg', '3125158798_0743dae56e.jpg']","[0.7084, 0.6607, 0.657]"
2531,a man and a woman wearing black wool coats,3134585858_a8c3493ca5.jpg,3,0.6055,0.7451,0.1395,"['1389264266_8170bc1c54.jpg', '3125158798_0743dae56e.jpg', '3134585858_a8c3493ca5.jpg']","[0.7451, 0.64, 0.6055]"
2532,a man and woman both wearing black coats pose for a picture,3134585858_a8c3493ca5.jpg,6,0.6036,0.7909,0.1873,"['3400385314_a5bc062e97.jpg', '2925737498_57585a7ed9.jpg', '3199895624_4f01798c6f.jpg']","[0.7909, 0.7531, 0.7066]"
2533,a man and woman in black coats are outside while it is snowing,3134585858_a8c3493ca5.jpg,-1,0.4995,0.6409,0.1414,"['454709143_9c513f095c.jpg', '1389264266_8170bc1c54.jpg', '3125158798_0743dae56e.jpg']","[0.6409, 0.639, 0.627]"
2536,a horse runs,3138562460_44227a35cf.jpg,2,0.835,0.8613,0.0263,"['2656987333_80dcc82c05.jpg', '3138562460_44227a35cf.jpg', '3541962817_78bcd3835b.jpg']","[0.8613, 0.835, 0.8134]"
2539,a brown and white horse runs in the gravel,3138562460_44227a35cf.jpg,2,0.7606,0.7998,0.0392,"['2656987333_80dcc82c05.jpg', '3138562460_44227a35cf.jpg', '536721406_884ab8fece.jpg']","[0.7998, 0.7606, 0.7011]"
2540,three girls are posing for a picture beside a dresser in front of a decorated christmas tree,3139160252_75109e9e05.jpg,2,0.5987,0.6593,0.0606,"['3145967019_1a83ebf712.jpg', '3139160252_75109e9e05.jpg', '3134341610_3c55e373a7.jpg']","[0.6593, 0.5987, 0.5807]"
2541,three women are posing for a photo in front of a christmas tree,3139160252_75109e9e05.jpg,4,0.538,0.5972,0.0592,"['2728276857_3f83757ef2.jpg', '3145967019_1a83ebf712.jpg', '3404552106_f516df0f5b.jpg']","[0.5972, 0.5864, 0.5467]"
2542,three women are posing together in front of a christmas tree,3139160252_75109e9e05.jpg,4,0.5266,0.5961,0.0695,"['3145967019_1a83ebf712.jpg', '2728276857_3f83757ef2.jpg', '3404552106_f516df0f5b.jpg']","[0.5961, 0.5956, 0.5441]"
2543,three women one of which is holding a paper cup posing in front of a christmas tree,3139160252_75109e9e05.jpg,5,0.5003,0.7179,0.2176,"['3145967019_1a83ebf712.jpg', '2728276857_3f83757ef2.jpg', '3404552106_f516df0f5b.jpg']","[0.7179, 0.6169, 0.544]"
2544,three women standing next to each other are smiling in front of a christmas tree,3139160252_75109e9e05.jpg,7,0.5261,0.6792,0.1531,"['3145967019_1a83ebf712.jpg', '3134341610_3c55e373a7.jpg', '3404552106_f516df0f5b.jpg']","[0.6792, 0.5986, 0.598]"
2545,three women pose for a picture together,3145967019_1a83ebf712.jpg,2,0.7424,0.7493,0.0069,"['3396153660_f729d9f9b9.jpg', '3145967019_1a83ebf712.jpg', '2728276857_3f83757ef2.jpg']","[0.7493, 0.7424, 0.675]"
2546,three women are posing together and smiling while one holds up a hand signal,3145967019_1a83ebf712.jpg,2,0.7767,0.7959,0.0192,"['3396153660_f729d9f9b9.jpg', '3145967019_1a83ebf712.jpg', '2728276857_3f83757ef2.jpg']","[0.7959, 0.7767, 0.7177]"
2548,three women are drinking and hugging,3145967019_1a83ebf712.jpg,2,0.6312,0.6901,0.0589,"['3396153660_f729d9f9b9.jpg', '3145967019_1a83ebf712.jpg', '571507143_be346225b7.jpg']","[0.6901, 0.6312, 0.6098]"
2550,a couple leaning over a concrete railing inside of a building,3150315970_8f045c41a4.jpg,-1,0.3206,0.6977,0.3771,"['3106340185_80d0cb770a.jpg', '3029472296_d429b1586c.jpg', '1429723917_6af585e4c0.jpg']","[0.6977, 0.5411, 0.5358]"
2551,a man and a woman are looking at each other while standing on an elaborate indoor balcony,3150315970_8f045c41a4.jpg,-1,0.0874,0.6279,0.5405,"['3474265683_43b1033d94.jpg', '3106340185_80d0cb770a.jpg', '2504277798_936a09c74d.jpg']","[0.6279, 0.613, 0.5444]"
2552,a man and a woman looking over a balcony at an elegant building,3150315970_8f045c41a4.jpg,-1,0.2864,0.7663,0.48,"['3106340185_80d0cb770a.jpg', '465859490_b077219424.jpg', '3029472296_d429b1586c.jpg']","[0.7663, 0.552, 0.5272]"
2553,a man and woman are gazing at each other on a balcony inside a building,3150315970_8f045c41a4.jpg,-1,0.084,0.6677,0.5837,"['3106340185_80d0cb770a.jpg', '3474265683_43b1033d94.jpg', '2328104318_5a43ca170c.jpg']","[0.6677, 0.6206, 0.6012]"
2554,a man and woman stand at a balcony looking at each other,3150315970_8f045c41a4.jpg,-1,0.0525,0.6341,0.5816,"['3106340185_80d0cb770a.jpg', '3474265683_43b1033d94.jpg', '1429723917_6af585e4c0.jpg']","[0.6341, 0.6316, 0.5944]"
2555,the number five miami player dribbles down the court,3154709407_9b0778cbeb.jpg,2,0.7337,0.7588,0.0251,"['3368569524_a9df2fc312.jpg', '3154709407_9b0778cbeb.jpg', '3155451946_c0862c70cb.jpg']","[0.7588, 0.7337, 0.617]"
2557,number five plays basketball for miami,3154709407_9b0778cbeb.jpg,2,0.7392,0.762,0.0228,"['3368569524_a9df2fc312.jpg', '3154709407_9b0778cbeb.jpg', '3155451946_c0862c70cb.jpg']","[0.762, 0.7392, 0.6917]"
2558,man playing basketball jersey number 5,3154709407_9b0778cbeb.jpg,2,0.7444,0.7597,0.0152,"['3218481970_1fa627b3da.jpg', '3154709407_9b0778cbeb.jpg', '3368569524_a9df2fc312.jpg']","[0.7597, 0.7444, 0.6896]"
2559,a bald man dribbles a basketball while wearing a miami jersey,3154709407_9b0778cbeb.jpg,2,0.7696,0.7807,0.0111,"['3368569524_a9df2fc312.jpg', '3154709407_9b0778cbeb.jpg', '3218481970_1fa627b3da.jpg']","[0.7807, 0.7696, 0.7514]"
2560,a dog catches a ball in its mouth,3155390408_8e1a81efb2.jpg,5,0.6425,0.7469,0.1044,"['539750844_02a07ec524.jpg', '1026685415_0431cbf574.jpg', '2616561200_ea079f285a.jpg']","[0.7469, 0.6675, 0.6531]"
2561,a dog leaps up to catch a blue and tan ball,3155390408_8e1a81efb2.jpg,3,0.727,0.7992,0.0722,"['539750844_02a07ec524.jpg', '3544673666_ffc7483c96.jpg', '3155390408_8e1a81efb2.jpg']","[0.7992, 0.7513, 0.727]"
2562,a dog reaches to catch a ball with its mouth,3155390408_8e1a81efb2.jpg,7,0.5879,0.7725,0.1846,"['539750844_02a07ec524.jpg', '2616561200_ea079f285a.jpg', '1026685415_0431cbf574.jpg']","[0.7725, 0.6711, 0.64]"
2564,a white dog with black spots is catching a baseball with its mouth,3155390408_8e1a81efb2.jpg,3,0.5499,0.6873,0.1375,"['3696246123_99d4d10140.jpg', '2736508369_fd9ff0b42f.jpg', '3155390408_8e1a81efb2.jpg']","[0.6873, 0.6187, 0.5499]"
2565,many people carry their drums,3155400369_69e3d6d70f.jpg,-1,0.4148,0.5728,0.1579,"['416788726_5b4eb1466e.jpg', '3589367895_5d3729e3ea.jpg', '3305767464_d64a336f60.jpg']","[0.5728, 0.5685, 0.5628]"
2566,marching band dressed in yellow and green march on the field,3155400369_69e3d6d70f.jpg,-1,0.4355,0.6125,0.177,"['3347701468_bb0001b035.jpg', '2522540026_6ee8ab4c6a.jpg', '2260369648_e21ae6494a.jpg']","[0.6125, 0.5541, 0.5447]"
2568,people marching on the grass in yellow shirts carrying drums,3155400369_69e3d6d70f.jpg,5,0.4815,0.5645,0.083,"['416788726_5b4eb1466e.jpg', '3596959859_a7cb1e194b.jpg', '1663454406_5e2cf8c5bb.jpg']","[0.5645, 0.5486, 0.5212]"
2569,several people in yellow and black uniforms are lined up carrying drums,3155400369_69e3d6d70f.jpg,10,0.4961,0.5855,0.0894,"['416788726_5b4eb1466e.jpg', '2928835996_88b9f9503d.jpg', '3697378565_7060d9281a.jpg']","[0.5855, 0.5849, 0.5746]"
2571,the basketball player in white holds the ball,3155451946_c0862c70cb.jpg,5,0.6507,0.8014,0.1507,"['3154709407_9b0778cbeb.jpg', '3368569524_a9df2fc312.jpg', '3403263046_3cc701a07a.jpg']","[0.8014, 0.7339, 0.6729]"
2574,three men are playing basketball,3155451946_c0862c70cb.jpg,2,0.6573,0.6979,0.0405,"['3497234632_6ec740fc1e.jpg', '3155451946_c0862c70cb.jpg', '3368569524_a9df2fc312.jpg']","[0.6979, 0.6573, 0.6478]"
2575,two women joking around are caught on camera,3155501473_510f9c9f6b.jpg,-1,0.4755,0.7282,0.2528,"['3319058642_885d756295.jpg', '3396153660_f729d9f9b9.jpg', '3145967019_1a83ebf712.jpg']","[0.7282, 0.6779, 0.6012]"
2576,two blonde women one in glasses,3155501473_510f9c9f6b.jpg,8,0.5224,0.7237,0.2013,"['3534824784_7133119316.jpg', '3203707977_cc9448fecb.jpg', '3319058642_885d756295.jpg']","[0.7237, 0.7128, 0.6931]"
2577,a blond woman with her hand on the throat of a blond girl,3155501473_510f9c9f6b.jpg,6,0.6457,0.7945,0.1489,"['3319058642_885d756295.jpg', '3396153660_f729d9f9b9.jpg', '3652150541_8fb5a3a5d1.jpg']","[0.7945, 0.7523, 0.7289]"
2578,a mother is asking her daughter to make a nice face for the camera,3155501473_510f9c9f6b.jpg,-1,0.4625,0.6422,0.1797,"['1449692616_60507875fb.jpg', '2102732029_9ae520914d.jpg', '2204550058_2707d92338.jpg']","[0.6422, 0.5892, 0.5825]"
2579,there are two blond hair women in the picture with one pretending to choke the other,3155501473_510f9c9f6b.jpg,5,0.6258,0.7479,0.1221,"['3319058642_885d756295.jpg', '3396153660_f729d9f9b9.jpg', '3652150541_8fb5a3a5d1.jpg']","[0.7479, 0.7431, 0.6711]"
2580,a boy in a white shirt and blue shirts is playing tennis,3163563871_cef3cf33ea.jpg,2,0.6937,0.7433,0.0496,"['2269795781_46a296aa21.jpg', '3163563871_cef3cf33ea.jpg', '3420260768_26a600b844.jpg']","[0.7433, 0.6937, 0.6656]"
2581,a boy swings his tennis racket at a tennis ball,3163563871_cef3cf33ea.jpg,4,0.6148,0.6994,0.0847,"['2269795781_46a296aa21.jpg', '3425071001_e7c9809ef2.jpg', '3396036947_0af6c3aab7.jpg']","[0.6994, 0.6771, 0.6592]"
2583,a person with sunglasses blue shorts and a white shirt hitting a tennis ball,3163563871_cef3cf33ea.jpg,2,0.847,0.8839,0.0369,"['2269795781_46a296aa21.jpg', '3163563871_cef3cf33ea.jpg', '3420260768_26a600b844.jpg']","[0.8839, 0.847, 0.8378]"
2584,a woman is hitting a tennis ball,3163563871_cef3cf33ea.jpg,3,0.7174,0.8231,0.1057,"['3425071001_e7c9809ef2.jpg', '3420260768_26a600b844.jpg', '3163563871_cef3cf33ea.jpg']","[0.8231, 0.7696, 0.7174]"
2588,four children snow sledding down a hill,3164415865_612f9fd8bc.jpg,3,0.6849,0.7161,0.0312,"['72218201_e0e9c7d65b.jpg', '2301867590_98c0ecb0cb.jpg', '3164415865_612f9fd8bc.jpg']","[0.7161, 0.6899, 0.6849]"
2590,a skier on a high mountain slope,3166578139_33500f7e8a.jpg,3,0.8045,0.8361,0.0317,"['3621647714_fc67ab2617.jpg', '106514190_bae200f463.jpg', '3166578139_33500f7e8a.jpg']","[0.8361, 0.8061, 0.8045]"
2591,a person skis down a snowy hill,3166578139_33500f7e8a.jpg,6,0.6772,0.7973,0.1201,"['3621647714_fc67ab2617.jpg', '3264650118_be7df266e7.jpg', '56494233_1824005879.jpg']","[0.7973, 0.7354, 0.7343]"
2592,skier skiing downhill,3166578139_33500f7e8a.jpg,6,0.6204,0.7487,0.1283,"['2339140905_9f625f140a.jpg', '3621647714_fc67ab2617.jpg', '56494233_1824005879.jpg']","[0.7487, 0.7282, 0.6946]"
2593,a lonely skier enjoys the slopes on a beautiful day,3166578139_33500f7e8a.jpg,3,0.7278,0.7483,0.0205,"['2339140905_9f625f140a.jpg', '3621647714_fc67ab2617.jpg', '3166578139_33500f7e8a.jpg']","[0.7483, 0.7282, 0.7278]"
2596,a person is surfing,3168123064_d1983b8f92.jpg,2,0.8294,0.8824,0.053,"['3018304737_0a46fc5f1d.jpg', '3168123064_d1983b8f92.jpg', '2984174290_a915748d77.jpg']","[0.8824, 0.8294, 0.8169]"
2598,a surfer rides the waves,3168123064_d1983b8f92.jpg,2,0.8313,0.8857,0.0545,"['3018304737_0a46fc5f1d.jpg', '3168123064_d1983b8f92.jpg', '2984174290_a915748d77.jpg']","[0.8857, 0.8313, 0.774]"
2599,a woman in a black wetsuit surfs in bad weather,3168123064_d1983b8f92.jpg,4,0.5702,0.6234,0.0532,"['3627679667_0e3de9fc90.jpg', '2726262796_03bd63a155.jpg', '3582465732_78f77f34ae.jpg']","[0.6234, 0.6096, 0.5725]"
2600,three people are in the snow,3170551725_1276644eab.jpg,-1,0.478,0.8008,0.3228,"['2272823323_3b7291cd47.jpg', '2301867590_98c0ecb0cb.jpg', '369360998_ba56fb436f.jpg']","[0.8008, 0.733, 0.712]"
2601,there are two snowboarders one who is dressed in white is doing a trick,3170551725_1276644eab.jpg,2,0.6698,0.689,0.0192,"['2301867590_98c0ecb0cb.jpg', '3170551725_1276644eab.jpg', '3351493005_6e5030f596.jpg']","[0.689, 0.6698, 0.6319]"
2602,there are two people on a ski run and one is high in the air making a jump,3170551725_1276644eab.jpg,-1,0.3414,0.6388,0.2974,"['2272750492_91e8f67328.jpg', '3108732084_565b423162.jpg', '3357416302_fcfcdd7b86.jpg']","[0.6388, 0.6171, 0.6101]"
2603,a person does a trick in the air on a skateboard,3170551725_1276644eab.jpg,-1,0.4338,0.7914,0.3576,"['3550763985_800cfee7e4.jpg', '3244734844_c318c29c23.jpg', '2922512807_d382528a93.jpg']","[0.7914, 0.7623, 0.7147]"
2604,a snowboarder is leaping a mogul,3170551725_1276644eab.jpg,4,0.689,0.7438,0.0549,"['3329169877_175cb16845.jpg', '3319899418_4bcf1b00d8.jpg', '3248352729_ab264b2222.jpg']","[0.7438, 0.7154, 0.7073]"
2605,one dog is jumping up at another dog by a fence on a snowy day,3173461705_b5cdeef1eb.jpg,3,0.6507,0.7345,0.0837,"['412101267_7257e6d8c0.jpg', '366548880_3d3e914746.jpg', '3173461705_b5cdeef1eb.jpg']","[0.7345, 0.716, 0.6507]"
2606,two blond dogs sniff one another,3173461705_b5cdeef1eb.jpg,-1,0.3346,0.7523,0.4177,"['2427558437_3e839056d7.jpg', '2314722788_6262c3aa40.jpg', '3494345896_dd6b32cfa3.jpg']","[0.7523, 0.6182, 0.6061]"
2607,two dogs in snow,3173461705_b5cdeef1eb.jpg,4,0.7296,0.8039,0.0743,"['1287931016_fb015e2e10.jpg', '412101267_7257e6d8c0.jpg', '1067790824_f3cc97239b.jpg']","[0.8039, 0.7792, 0.7389]"
2608,two dogs play in the snow,3173461705_b5cdeef1eb.jpg,5,0.7217,0.8214,0.0996,"['412101267_7257e6d8c0.jpg', '3266306177_7994dc2865.jpg', '366548880_3d3e914746.jpg']","[0.8214, 0.7513, 0.7342]"
2610,there is a hand in front of a red green white and black flag,3174726084_c108de0a64.jpg,2,0.5986,0.6402,0.0416,"['3688839836_ba5e4c24fc.jpg', '3174726084_c108de0a64.jpg', '3132760860_3e743a935d.jpg']","[0.6402, 0.5986, 0.5885]"
2611,the flag of a country is being held in a crowd,3174726084_c108de0a64.jpg,10,0.5464,0.7639,0.2174,"['3225037367_a71fa86319.jpg', '325005410_e1ff5041b5.jpg', '3688839836_ba5e4c24fc.jpg']","[0.7639, 0.6363, 0.6288]"
2612,there is a picture of a green white black and red flag,3174726084_c108de0a64.jpg,3,0.5794,0.6232,0.0438,"['3451344589_6787bd06ef.jpg', '3688839836_ba5e4c24fc.jpg', '3174726084_c108de0a64.jpg']","[0.6232, 0.5913, 0.5794]"
2613,a flag is carried,3174726084_c108de0a64.jpg,2,0.6369,0.6744,0.0375,"['3688839836_ba5e4c24fc.jpg', '3174726084_c108de0a64.jpg', '3694219419_a7a83d4886.jpg']","[0.6744, 0.6369, 0.5791]"
2614,a red white black and green flag,3174726084_c108de0a64.jpg,2,0.5598,0.6312,0.0713,"['3688839836_ba5e4c24fc.jpg', '3174726084_c108de0a64.jpg', '3451344589_6787bd06ef.jpg']","[0.6312, 0.5598, 0.5486]"
2615,a boy in a sports uniform chasing a soccer ball,3177298173_78cea31d64.jpg,6,0.718,0.7723,0.0543,"['3506607642_40037b3fbf.jpg', '278608022_4175813019.jpg', '3538021517_b930dc76fc.jpg']","[0.7723, 0.755, 0.7468]"
2617,a child in a blue and white team uniform chasing a soccer ball,3177298173_78cea31d64.jpg,7,0.6635,0.7865,0.1229,"['3506607642_40037b3fbf.jpg', '278608022_4175813019.jpg', '2962977152_9d6958fdd5.jpg']","[0.7865, 0.7587, 0.7516]"
2618,a young boy in a blue soccer uniform chasing a ball,3177298173_78cea31d64.jpg,2,0.735,0.7599,0.0248,"['3506607642_40037b3fbf.jpg', '3177298173_78cea31d64.jpg', '278608022_4175813019.jpg']","[0.7599, 0.735, 0.7207]"
2621,two young boys playing with ducks near the water,3178489390_13a6ae7524.jpg,-1,0.4516,0.6176,0.1661,"['1308472581_9961782889.jpg', '2672588619_3849930e99.jpg', '2852982055_8112d0964f.jpg']","[0.6176, 0.5733, 0.5713]"
2622,two boys are walking up the beach with a bunch of ducks behind them,3178489390_13a6ae7524.jpg,4,0.4742,0.4877,0.0136,"['1663454406_5e2cf8c5bb.jpg', '3501083764_cf592292a6.jpg', '3656104088_a0d1642fa9.jpg']","[0.4877, 0.4778, 0.4762]"
2623,two children walking up a hill away from ducks on a lake,3178489390_13a6ae7524.jpg,-1,0.3374,0.5637,0.2263,"['3656104088_a0d1642fa9.jpg', '2672588619_3849930e99.jpg', '3637013_c675de7705.jpg']","[0.5637, 0.5516, 0.5116]"
2624,two little boys running from a lake with ducks,3178489390_13a6ae7524.jpg,5,0.5538,0.6657,0.1119,"['2672588619_3849930e99.jpg', '1308472581_9961782889.jpg', '2597308074_acacc12e1b.jpg']","[0.6657, 0.6302, 0.577]"
2630,person in the midst of a ramp jump,3179336562_c3d0c0a3bd.jpg,3,0.6748,0.8035,0.1287,"['3240351042_5d29c94b0e.jpg', '3323988406_e3c8fce690.jpg', '3179336562_c3d0c0a3bd.jpg']","[0.8035, 0.6804, 0.6748]"
2631,the boy is performing a trick off a ramp with a skateboard,3179336562_c3d0c0a3bd.jpg,-1,0.5118,0.7887,0.2769,"['2332540384_4cf26406a9.jpg', '3576741633_671340544c.jpg', '3038941104_17ee91fc03.jpg']","[0.7887, 0.7842, 0.6828]"
2632,a large graffitied skateboarding ramp with a couple people in the background,3179336562_c3d0c0a3bd.jpg,-1,0.4201,0.6332,0.213,"['520491467_54cbc0a866.jpg', '3576741633_671340544c.jpg', '3323988406_e3c8fce690.jpg']","[0.6332, 0.6075, 0.6073]"
2633,a bicyclist doing a trick on a ramp,3179336562_c3d0c0a3bd.jpg,-1,0.5259,0.7785,0.2526,"['3531811969_49af4c22f0.jpg', '3729405438_6e79077ab2.jpg', '2449552677_ee78f01bae.jpg']","[0.7785, 0.6981, 0.6859]"
2634,a cyclist is performing a jump on a graffiti covered ramp,3179336562_c3d0c0a3bd.jpg,-1,0.4832,0.691,0.2077,"['3724113279_99b6e5bf41.jpg', '3531811969_49af4c22f0.jpg', '3476451861_5b9c9ce191.jpg']","[0.691, 0.6615, 0.58]"
2635,a man is about to fall off his surfboard in a wave,3183519385_311555d5f5.jpg,3,0.8007,0.8669,0.0662,"['3018304737_0a46fc5f1d.jpg', '2984174290_a915748d77.jpg', '3183519385_311555d5f5.jpg']","[0.8669, 0.8024, 0.8007]"
2636,a man surfs the sun behind him his face in shadow,3183519385_311555d5f5.jpg,3,0.5917,0.6267,0.0349,"['3189002057_3ef61b803e.jpg', '3705688385_47651205d3.jpg', '3183519385_311555d5f5.jpg']","[0.6267, 0.6042, 0.5917]"
2637,a woman on a surfboard in front of a wave of green water,3183519385_311555d5f5.jpg,3,0.7102,0.7637,0.0535,"['3627679667_0e3de9fc90.jpg', '2984174290_a915748d77.jpg', '3183519385_311555d5f5.jpg']","[0.7637, 0.7552, 0.7102]"
2638,someone is surfing a giant wave,3183519385_311555d5f5.jpg,3,0.7336,0.818,0.0844,"['3018304737_0a46fc5f1d.jpg', '3168123064_d1983b8f92.jpg', '3183519385_311555d5f5.jpg']","[0.818, 0.7477, 0.7336]"
2639,the boy is surfing,3183519385_311555d5f5.jpg,-1,0.5681,0.6707,0.1027,"['3018304737_0a46fc5f1d.jpg', '3640329164_20cb245fd5.jpg', '1998457059_c9ac9a1e1a.jpg']","[0.6707, 0.659, 0.6538]"
2640,two teenage girls hold a card referring to periods as they smile,3183883750_b6acc40397.jpg,3,0.7414,0.847,0.1056,"['3145967019_1a83ebf712.jpg', '3534824784_7133119316.jpg', '3183883750_b6acc40397.jpg']","[0.847, 0.7554, 0.7414]"
2642,two people pose for a picure holding a card that says know what this is,3183883750_b6acc40397.jpg,2,0.6522,0.6963,0.0441,"['3145967019_1a83ebf712.jpg', '3183883750_b6acc40397.jpg', '3638783842_af08dbb518.jpg']","[0.6963, 0.6522, 0.63]"
2644,two kids smiling and holding a card,3183883750_b6acc40397.jpg,3,0.5794,0.6092,0.0298,"['3145967019_1a83ebf712.jpg', '2337809114_899ba61330.jpg', '3183883750_b6acc40397.jpg']","[0.6092, 0.6081, 0.5794]"
2645,the middle eastern woman wearing the pink headscarf is walking beside a woman in a purple headscarf,3184031654_34b5c4ffe1.jpg,-1,0.4893,0.5802,0.0909,"['536537638_f5ee42410b.jpg', '440184957_267f3f3a2b.jpg', '3503623999_bbd5dcfb18.jpg']","[0.5802, 0.5555, 0.5496]"
2646,two muslim woman wearing their head scarves and frowning faces,3184031654_34b5c4ffe1.jpg,8,0.5049,0.6328,0.1279,"['536537638_f5ee42410b.jpg', '3503623999_bbd5dcfb18.jpg', '2676184321_858eff416b.jpg']","[0.6328, 0.6115, 0.5619]"
2647,two women are wearing lavender scarves an their heads,3184031654_34b5c4ffe1.jpg,4,0.5352,0.5584,0.0232,"['2676184321_858eff416b.jpg', '3134341610_3c55e373a7.jpg', '2084217208_7bd9bc85e5.jpg']","[0.5584, 0.5428, 0.5381]"
2648,two women dressed with scarves over their heads look angrily at the photographer,3184031654_34b5c4ffe1.jpg,-1,0.4373,0.6178,0.1805,"['1389264266_8170bc1c54.jpg', '3396153660_f729d9f9b9.jpg', '3203707977_cc9448fecb.jpg']","[0.6178, 0.5578, 0.5546]"
2649,two women in head wraps,3184031654_34b5c4ffe1.jpg,-1,0.4301,0.5682,0.1381,"['3550276904_19de3561c5.jpg', '2084217208_7bd9bc85e5.jpg', '3155501473_510f9c9f6b.jpg']","[0.5682, 0.546, 0.5161]"
2650,there is a couple walking out the beach at dusk,3189002057_3ef61b803e.jpg,2,0.7014,0.7483,0.0469,"['2603792708_18a97bac97.jpg', '3189002057_3ef61b803e.jpg', '530661899_94655d7d0e.jpg']","[0.7483, 0.7014, 0.6536]"
2651,a man and girl walk along the beach at sunset,3189002057_3ef61b803e.jpg,2,0.7508,0.7745,0.0236,"['2603792708_18a97bac97.jpg', '3189002057_3ef61b803e.jpg', '530661899_94655d7d0e.jpg']","[0.7745, 0.7508, 0.6817]"
2653,a man and a girl walking on the beach orange sunset behind,3189002057_3ef61b803e.jpg,2,0.7315,0.7744,0.0429,"['2603792708_18a97bac97.jpg', '3189002057_3ef61b803e.jpg', '530661899_94655d7d0e.jpg']","[0.7744, 0.7315, 0.665]"
2654,a man and girl are walking barefoot on the beach at sunset,3189002057_3ef61b803e.jpg,2,0.6298,0.7357,0.106,"['2603792708_18a97bac97.jpg', '3189002057_3ef61b803e.jpg', '3518755601_cebf11e515.jpg']","[0.7357, 0.6298, 0.5729]"
2660,a bunch of men playing rugby,3195188609_01afbe46e6.jpg,2,0.7908,0.8083,0.0175,"['3539840291_1c3eed701d.jpg', '3195188609_01afbe46e6.jpg', '3613027188_1645ca1976.jpg']","[0.8083, 0.7908, 0.6914]"
2662,a rugby player runs with the ball whilst being supported by a line of backs,3195188609_01afbe46e6.jpg,2,0.7309,0.8106,0.0797,"['3539840291_1c3eed701d.jpg', '3195188609_01afbe46e6.jpg', '3380072636_4cd59385fd.jpg']","[0.8106, 0.7309, 0.7083]"
2663,a soccer player advances with the ball on a sunny day,3195188609_01afbe46e6.jpg,-1,0.3878,0.7645,0.3767,"['3522749949_fb615cee47.jpg', '3363836972_c87b58c948.jpg', '2962977152_9d6958fdd5.jpg']","[0.7645, 0.7046, 0.7044]"
2665,two couples and four kids pose for a family picture,3197891333_b1b0fd1702.jpg,2,0.6703,0.6873,0.0171,"['2211593099_4a4f1c85d2.jpg', '3197891333_b1b0fd1702.jpg', '3254817653_632e840423.jpg']","[0.6873, 0.6703, 0.6301]"
2666,a family posing by the mantle and christmas tree,3197891333_b1b0fd1702.jpg,5,0.4931,0.607,0.1139,"['3231880001_193a579b97.jpg', '3041645937_ff7591d134.jpg', '3217291172_10ef70af88.jpg']","[0.607, 0.5982, 0.5711]"
2667,a happy family poses by the fireplace,3197891333_b1b0fd1702.jpg,8,0.4014,0.6259,0.2245,"['3231880001_193a579b97.jpg', '2610447973_89227ff978.jpg', '3139160252_75109e9e05.jpg']","[0.6259, 0.4985, 0.4475]"
2668,a family of nine people including four children pose in front of a brick fireplace with a white mantle,3197891333_b1b0fd1702.jpg,2,0.635,0.7064,0.0714,"['3254817653_632e840423.jpg', '3197891333_b1b0fd1702.jpg', '2211593099_4a4f1c85d2.jpg']","[0.7064, 0.635, 0.587]"
2669,a family poses in front of the fireplace and christmas tree,3197891333_b1b0fd1702.jpg,9,0.4282,0.5692,0.141,"['3231880001_193a579b97.jpg', '3139160252_75109e9e05.jpg', '3041645937_ff7591d134.jpg']","[0.5692, 0.5144, 0.4712]"
2670,a child pushes its face up towards a window of a playground,319847643_df7c2a1d25.jpg,-1,0.1601,0.6884,0.5282,"['350443876_c9769f5734.jpg', '540604040_bec822c144.jpg', '2341254813_c53a5ef27a.jpg']","[0.6884, 0.6647, 0.6348]"
2671,a girl cringes when drops of water come her way,319847643_df7c2a1d25.jpg,-1,0.3243,0.7519,0.4276,"['2594459477_8ca0121a9a.jpg', '2704934519_457dc38986.jpg', '2747714500_49476225c6.jpg']","[0.7519, 0.7357, 0.6213]"
2672,girls squints presses against oval hole in wet colorful structure,319847643_df7c2a1d25.jpg,-1,0.354,0.5437,0.1897,"['353180303_6a24179c50.jpg', '860928274_744d14f198.jpg', '820169182_f5e78d7d19.jpg']","[0.5437, 0.4872, 0.4848]"
2673,one boy who has a funny expression on his face has his hands up by his head and is looking through a hole,319847643_df7c2a1d25.jpg,-1,0.2679,0.5429,0.275,"['542317719_ed4dd95dc2.jpg', '1235580648_7eebaed9bc.jpg', '3442844140_15aa45e9b8.jpg']","[0.5429, 0.4978, 0.4908]"
2674,water is spraying on the child with its face through a cut out hole,319847643_df7c2a1d25.jpg,-1,0.2293,0.6056,0.3762,"['3052196390_c59dd24ca8.jpg', '3208074567_ac44aeb3f3.jpg', '3613030730_0b28b079ba.jpg']","[0.6056, 0.5911, 0.5144]"
2675,a man looking at a rock formation,319869052_08b000e4af.jpg,6,0.5878,0.7065,0.1187,"['950273886_88c324e663.jpg', '2480832276_fa55480ecb.jpg', '3108378861_d2214d971e.jpg']","[0.7065, 0.6426, 0.6137]"
2676,a man is on top of a ridge looking at a small stone tower,319869052_08b000e4af.jpg,2,0.6177,0.674,0.0563,"['530888330_a18343e38d.jpg', '319869052_08b000e4af.jpg', '950273886_88c324e663.jpg']","[0.674, 0.6177, 0.5597]"
2677,a man puts his hand to his head on a rock wall,319869052_08b000e4af.jpg,-1,0.383,0.7547,0.3717,"['415793623_6c1225ae27.jpg', '950273886_88c324e663.jpg', '236095031_5cb17dc54a.jpg']","[0.7547, 0.7516, 0.6071]"
2678,a person screening their eyes standing beside a tower of flat stone,319869052_08b000e4af.jpg,4,0.5232,0.632,0.1088,"['530888330_a18343e38d.jpg', '3106340185_80d0cb770a.jpg', '436009777_440c7679a1.jpg']","[0.632, 0.609, 0.5746]"
2680,a person sits near a mountain,319870744_0e0138d205.jpg,2,0.7174,0.7275,0.0101,"['1247181182_35cabd76f3.jpg', '319870744_0e0138d205.jpg', '3340575518_137ce2695f.jpg']","[0.7275, 0.7174, 0.7033]"
2681,one person wearing a backpack sitting on the side of a rocky mountain,319870744_0e0138d205.jpg,3,0.6877,0.7646,0.0768,"['1247181182_35cabd76f3.jpg', '3340575518_137ce2695f.jpg', '319870744_0e0138d205.jpg']","[0.7646, 0.7271, 0.6877]"
2683,a man is sitting on top of a mountain,319870744_0e0138d205.jpg,2,0.7238,0.7344,0.0106,"['1247181182_35cabd76f3.jpg', '319870744_0e0138d205.jpg', '3340575518_137ce2695f.jpg']","[0.7344, 0.7238, 0.689]"
2684,someone is sitting on a hill overlooking a rocky mountain,319870744_0e0138d205.jpg,4,0.6996,0.7833,0.0837,"['1247181182_35cabd76f3.jpg', '3340575518_137ce2695f.jpg', '455611732_d65bf3e976.jpg']","[0.7833, 0.7394, 0.708]"
2685,woman looking curiously at a man,3199895624_4f01798c6f.jpg,-1,0.4503,0.6792,0.2289,"['3474265683_43b1033d94.jpg', '2930622766_fa8f84deb1.jpg', '2925737498_57585a7ed9.jpg']","[0.6792, 0.5652, 0.5345]"
2688,a couple sitting in front of a computer screen,3199895624_4f01798c6f.jpg,-1,0.4627,0.6785,0.2158,"['3084018061_df66d98325.jpg', '2380464803_a64f05bfa9.jpg', '3178599352_c57fdebcd2.jpg']","[0.6785, 0.6473, 0.5936]"
2689,a blonde woman and bald man sitting together,3199895624_4f01798c6f.jpg,-1,0.4174,0.6853,0.2679,"['3550276904_19de3561c5.jpg', '3155501473_510f9c9f6b.jpg', '3474265683_43b1033d94.jpg']","[0.6853, 0.6552, 0.6204]"
2690,a laughing woman in a scarf,320093980_5388cb3733.jpg,-1,0.4478,0.6484,0.2007,"['1527297882_dededc7891.jpg', '2676184321_858eff416b.jpg', '2716457668_187a6d2b1c.jpg']","[0.6484, 0.6454, 0.6295]"
2691,a woman in a scarf laughing being licked by a dog,320093980_5388cb3733.jpg,2,0.5463,0.6249,0.0786,"['502884177_25939ac000.jpg', '320093980_5388cb3733.jpg', '3655964639_21e76383d0.jpg']","[0.6249, 0.5463, 0.5367]"
2694,woman laughing as she is being licked by a brown dog,320093980_5388cb3733.jpg,5,0.5075,0.5227,0.0151,"['502884177_25939ac000.jpg', '3271468462_701eb88d3b.jpg', '3280052365_c4644bf0a5.jpg']","[0.5227, 0.5215, 0.5165]"
2695,a man and woman pose for a picture together,3203707977_cc9448fecb.jpg,6,0.5804,0.8568,0.2764,"['3400385314_a5bc062e97.jpg', '3199895624_4f01798c6f.jpg', '2925737498_57585a7ed9.jpg']","[0.8568, 0.7002, 0.6895]"
2696,a man and a woman stand close together,3203707977_cc9448fecb.jpg,-1,0.4794,0.7171,0.2378,"['3400385314_a5bc062e97.jpg', '3474265683_43b1033d94.jpg', '2925737498_57585a7ed9.jpg']","[0.7171, 0.6651, 0.6616]"
2697,a guy with a toboggan and a girl pose for the camera,3203707977_cc9448fecb.jpg,-1,0.4097,0.6505,0.2408,"['3400385314_a5bc062e97.jpg', '470887791_86d5a08a38.jpg', '3199895624_4f01798c6f.jpg']","[0.6505, 0.6357, 0.611]"
2698,a cute couple at a club,3203707977_cc9448fecb.jpg,-1,0.3465,0.6759,0.3294,"['3474265683_43b1033d94.jpg', '465859490_b077219424.jpg', '3139160252_75109e9e05.jpg']","[0.6759, 0.6216, 0.6107]"
2699,a closeup picture of a man and a woman,3203707977_cc9448fecb.jpg,8,0.5324,0.7871,0.2547,"['3400385314_a5bc062e97.jpg', '3199895624_4f01798c6f.jpg', '3474265683_43b1033d94.jpg']","[0.7871, 0.7076, 0.6961]"
2705,man holding equipment near steps poolside with a white building in background,3208032657_27b9d6c4f3.jpg,-1,0.4309,0.6259,0.1949,"['3392019836_c7aeebca1c.jpg', '2046222127_a6f300e202.jpg', '518789868_8895ef8792.jpg']","[0.6259, 0.5628, 0.5446]"
2706,a person powerwashing stairs leading down to a pool,3208032657_27b9d6c4f3.jpg,6,0.5314,0.5987,0.0673,"['3412822878_5d961492e5.jpg', '3106340185_80d0cb770a.jpg', '2911919938_6bb6587a36.jpg']","[0.5987, 0.5756, 0.5712]"
2707,a man power washes steps by a large swimming pool,3208032657_27b9d6c4f3.jpg,9,0.5031,0.5751,0.0719,"['2911919938_6bb6587a36.jpg', '2922512807_d382528a93.jpg', '3412822878_5d961492e5.jpg']","[0.5751, 0.5684, 0.5656]"
2708,a man power washes some steps beside a swimming pool,3208032657_27b9d6c4f3.jpg,7,0.5096,0.5562,0.0466,"['518789868_8895ef8792.jpg', '2922512807_d382528a93.jpg', '3412822878_5d961492e5.jpg']","[0.5562, 0.5456, 0.5439]"
2709,a person cleaning some steps by a pool,3208032657_27b9d6c4f3.jpg,7,0.4812,0.5602,0.0789,"['3412822878_5d961492e5.jpg', '2911919938_6bb6587a36.jpg', '2922512807_d382528a93.jpg']","[0.5602, 0.551, 0.5475]"
2712,a little boy being splashed by water on his head,3208074567_ac44aeb3f3.jpg,3,0.659,0.7169,0.0579,"['3613030730_0b28b079ba.jpg', '897621891_efb1e00d1d.jpg', '3208074567_ac44aeb3f3.jpg']","[0.7169, 0.6953, 0.659]"
2715,two women of african descent a dark skinned man and western man in a white shirt posing for a photograph,3210419174_d083a16f77.jpg,3,0.6407,0.7817,0.1409,"['3400385314_a5bc062e97.jpg', '3474265683_43b1033d94.jpg', '3210419174_d083a16f77.jpg']","[0.7817, 0.6516, 0.6407]"
2716,a group of young people smile for the camera,3210419174_d083a16f77.jpg,7,0.6555,0.7849,0.1295,"['2728276857_3f83757ef2.jpg', '1454841725_4b6e6199e2.jpg', '2211593099_4a4f1c85d2.jpg']","[0.7849, 0.7802, 0.7656]"
2718,some people at a part gather to take a picture,3210419174_d083a16f77.jpg,3,0.6292,0.6635,0.0344,"['503090187_8758ab5680.jpg', '3197891333_b1b0fd1702.jpg', '3210419174_d083a16f77.jpg']","[0.6635, 0.6549, 0.6292]"
2724,the woman is walking through the snow and trying to light a cigarette,3213395965_2a823c6865.jpg,2,0.5731,0.5734,0.0003,"['454709143_9c513f095c.jpg', '3213395965_2a823c6865.jpg', '551664516_78a5131dc4.jpg']","[0.5734, 0.5731, 0.5265]"
2725,people near railroad tracks in the woods,3215108916_0473007b47.jpg,6,0.5625,0.7789,0.2164,"['2289096282_4ef120f189.jpg', '1350811702_2ce7cfd0c5.jpg', '268654674_d29e00b3d0.jpg']","[0.7789, 0.6948, 0.6608]"
2727,people are walking away from the camera along railroad tracks,3215108916_0473007b47.jpg,3,0.5818,0.6906,0.1088,"['1350811702_2ce7cfd0c5.jpg', '3677734351_63d60844cb.jpg', '3215108916_0473007b47.jpg']","[0.6906, 0.6903, 0.5818]"
2729,a group of people walking on the side of a railroad track,3215108916_0473007b47.jpg,5,0.5965,0.6877,0.0912,"['1350811702_2ce7cfd0c5.jpg', '3638374272_444f5e0457.jpg', '3677734351_63d60844cb.jpg']","[0.6877, 0.6154, 0.6103]"
2730,a bicyclist becomes airborne among dirt hills at night,3215315009_47577bf8f7.jpg,5,0.6577,0.6979,0.0402,"['455611732_d65bf3e976.jpg', '2943334864_6bab479a3e.jpg', '3309578722_1765d7d1af.jpg']","[0.6979, 0.6955, 0.6897]"
2732,a motocross rider at night high in the air above the dirt,3215315009_47577bf8f7.jpg,7,0.6687,0.7947,0.126,"['3528105511_12ff45dc9c.jpg', '3488512097_e500cb499f.jpg', '2891617125_f939f604c7.jpg']","[0.7947, 0.7521, 0.7307]"
2733,someone is performing an aerial skateboard trick at night,3215315009_47577bf8f7.jpg,-1,0.4647,0.6465,0.1818,"['3241965735_8742782a70.jpg', '3550763985_800cfee7e4.jpg', '3319899418_4bcf1b00d8.jpg']","[0.6465, 0.6032, 0.5999]"
2734,the rider is jumping his bmx bike,3215315009_47577bf8f7.jpg,6,0.6731,0.7623,0.0892,"['3531811969_49af4c22f0.jpg', '3649916507_b88a3d2082.jpg', '3386060324_b98fdfa449.jpg']","[0.7623, 0.7517, 0.7447]"
2735,two men with glasses stand outside a stone building in the cold,3217291172_10ef70af88.jpg,2,0.5657,0.5741,0.0084,"['3287963317_186491ee78.jpg', '3217291172_10ef70af88.jpg', '3394586927_eae7732b64.jpg']","[0.5741, 0.5657, 0.5641]"
2736,two men are standing together in front of a white brick building,3217291172_10ef70af88.jpg,-1,0.4172,0.733,0.3157,"['2219959872_988e6d498e.jpg', '2970183443_accd597e0a.jpg', '3640109324_3ce89e4d1a.jpg']","[0.733, 0.6362, 0.6182]"
2737,two men are posing for a picture,3217291172_10ef70af88.jpg,-1,0.3944,0.7647,0.3704,"['2219959872_988e6d498e.jpg', '3640109324_3ce89e4d1a.jpg', '2925737498_57585a7ed9.jpg']","[0.7647, 0.6248, 0.6158]"
2740,a man and woman are pretending to be spiritual in front of japanese temple,3217893350_57be430d06.jpg,-1,0.2194,0.6752,0.4559,"['440184957_267f3f3a2b.jpg', '2522467011_cc825d89ac.jpg', '3119903318_d032141839.jpg']","[0.6752, 0.5496, 0.521]"
2741,a man and woman relaxing in a beautiful scenic country,3217893350_57be430d06.jpg,-1,0.3025,0.7569,0.4545,"['3108378861_d2214d971e.jpg', '436009777_440c7679a1.jpg', '530661899_94655d7d0e.jpg']","[0.7569, 0.5699, 0.5285]"
2742,a woman and man are posing on a beach in front of a landmark,3217893350_57be430d06.jpg,5,0.567,0.6669,0.0999,"['2521983429_33218366bd.jpg', '2603792708_18a97bac97.jpg', '3189002057_3ef61b803e.jpg']","[0.6669, 0.6662, 0.6487]"
2743,a young couple do yoga positions in front of a torii gate,3217893350_57be430d06.jpg,-1,0.0992,0.5175,0.4184,"['3178599352_c57fdebcd2.jpg', '518789868_8895ef8792.jpg', '1991806812_065f747689.jpg']","[0.5175, 0.505, 0.4567]"
2744,two people are standing on a beach with an oriental statue behind them in the water,3217893350_57be430d06.jpg,6,0.5485,0.6249,0.0764,"['2603792708_18a97bac97.jpg', '2521983429_33218366bd.jpg', '3189002057_3ef61b803e.jpg']","[0.6249, 0.5737, 0.5725]"
2745,the basketball player is dropping the basketball into the net,3218481970_1fa627b3da.jpg,3,0.6358,0.7835,0.1477,"['3154709407_9b0778cbeb.jpg', '3368569524_a9df2fc312.jpg', '3218481970_1fa627b3da.jpg']","[0.7835, 0.677, 0.6358]"
2746,a man jumps with a basketball to make a hoop,3218481970_1fa627b3da.jpg,6,0.5432,0.6672,0.124,"['3154709407_9b0778cbeb.jpg', '3368569524_a9df2fc312.jpg', '3403263046_3cc701a07a.jpg']","[0.6672, 0.601, 0.5747]"
2747,a basketball player slam dunks the ball,3218481970_1fa627b3da.jpg,3,0.7116,0.8223,0.1107,"['3154709407_9b0778cbeb.jpg', '3368569524_a9df2fc312.jpg', '3218481970_1fa627b3da.jpg']","[0.8223, 0.7295, 0.7116]"
2748,a basketball player is jumping and holding a basketball over the net,3218481970_1fa627b3da.jpg,4,0.6176,0.7381,0.1205,"['3154709407_9b0778cbeb.jpg', '3368569524_a9df2fc312.jpg', '3403263046_3cc701a07a.jpg']","[0.7381, 0.7299, 0.6643]"
2749,a basketball player in white leaps up at the net,3218481970_1fa627b3da.jpg,5,0.6284,0.7526,0.1242,"['3154709407_9b0778cbeb.jpg', '3368569524_a9df2fc312.jpg', '3155451946_c0862c70cb.jpg']","[0.7526, 0.7205, 0.641]"
2750,a furry dog running on an open field of grass,3223224391_be50bf4f43.jpg,-1,0.2931,0.7708,0.4777,"['2584487952_f70e5aa9bf.jpg', '459814265_d48ba48978.jpg', '2445783904_e6c38a3a3d.jpg']","[0.7708, 0.7339, 0.7314]"
2751,a gray fuzzy dog running through snow,3223224391_be50bf4f43.jpg,-1,0.3251,0.6578,0.3328,"['341430859_4519802e8f.jpg', '421808539_57abee6d55.jpg', '2335619125_2e2034f2c3.jpg']","[0.6578, 0.6443, 0.6329]"
2752,a gray terrier runs in a snowcovered field,3223224391_be50bf4f43.jpg,-1,0.3184,0.6995,0.3811,"['2335619125_2e2034f2c3.jpg', '2095078658_c14ba89bc2.jpg', '2115631346_9585a479b0.jpg']","[0.6995, 0.6366, 0.6242]"
2753,a grey shaggy dog running,3223224391_be50bf4f43.jpg,-1,0.5583,0.7731,0.2147,"['697582336_601462e052.jpg', '3559781965_d4ec00e506.jpg', '2445783904_e6c38a3a3d.jpg']","[0.7731, 0.6958, 0.6952]"
2754,fluffy grey dog running in a field,3223224391_be50bf4f43.jpg,-1,0.3086,0.7625,0.454,"['2445783904_e6c38a3a3d.jpg', '689776124_07f560a920.jpg', '2584487952_f70e5aa9bf.jpg']","[0.7625, 0.7136, 0.7105]"
2755,brown and white dog splashing in a pool,3224578187_749882c17f.jpg,3,0.6934,0.7556,0.0622,"['1178705300_c224d9a4f1.jpg', '1808370027_2088394eb4.jpg', '3224578187_749882c17f.jpg']","[0.7556, 0.7273, 0.6934]"
2756,brown and white dog plays with blue ball in blue waterfilled shell,3224578187_749882c17f.jpg,4,0.604,0.6984,0.0945,"['539750844_02a07ec524.jpg', '2616561200_ea079f285a.jpg', '2209496328_2a34fd201d.jpg']","[0.6984, 0.6801, 0.6701]"
2757,a dog with a blue ball,3224578187_749882c17f.jpg,-1,0.4768,0.7413,0.2645,"['539750844_02a07ec524.jpg', '1026685415_0431cbf574.jpg', '3383545083_1d7c95b003.jpg']","[0.7413, 0.6992, 0.6616]"
2758,a dog playing with his ball in the wading pool,3224578187_749882c17f.jpg,3,0.6401,0.66,0.0199,"['1178705300_c224d9a4f1.jpg', '1808370027_2088394eb4.jpg', '3224578187_749882c17f.jpg']","[0.66, 0.6558, 0.6401]"
2759,a dog playing with a blue ball in a small pool of water,3224578187_749882c17f.jpg,3,0.6554,0.672,0.0166,"['3621717946_d96f8a6012.jpg', '1808370027_2088394eb4.jpg', '3224578187_749882c17f.jpg']","[0.672, 0.6602, 0.6554]"
2761,a group of people are gathered together,3225037367_a71fa86319.jpg,8,0.6546,0.7544,0.0998,"['2621771656_09a620da6d.jpg', '2211593099_4a4f1c85d2.jpg', '3535056297_e16f014cb7.jpg']","[0.7544, 0.6983, 0.6798]"
2762,a group of people gather around a truck,3225037367_a71fa86319.jpg,4,0.5267,0.7199,0.1932,"['3638374272_444f5e0457.jpg', '2088460083_42ee8a595a.jpg', '492341908_1ef53be265.jpg']","[0.7199, 0.6353, 0.5836]"
2763,a large group of people are gathered,3225037367_a71fa86319.jpg,2,0.7225,0.7558,0.0333,"['2621771656_09a620da6d.jpg', '3225037367_a71fa86319.jpg', '2928835996_88b9f9503d.jpg']","[0.7558, 0.7225, 0.7013]"
2766,brown dog chewing on a brown walking cane,3228069008_edb2961fc4.jpg,2,0.6577,0.6692,0.0114,"['1659358141_0433c9bf99.jpg', '3228069008_edb2961fc4.jpg', '2066241589_b80e9f676c.jpg']","[0.6692, 0.6577, 0.651]"
2768,a brown puppy is gnawing in a metallic post that is stuck into the ground,3228069008_edb2961fc4.jpg,4,0.6294,0.699,0.0696,"['1659358141_0433c9bf99.jpg', '1745110280_0cbff5e273.jpg', '1659358133_95cd1027bd.jpg']","[0.699, 0.6501, 0.6372]"
2770,a girl running toward a man on the beach,3229282764_a4a515f4e2.jpg,5,0.6197,0.6941,0.0744,"['2277081067_d2b4c98bce.jpg', '2726262796_03bd63a155.jpg', '3518755601_cebf11e515.jpg']","[0.6941, 0.686, 0.6651]"
2771,a girl runs down a beach,3229282764_a4a515f4e2.jpg,5,0.6118,0.7079,0.0961,"['2726262796_03bd63a155.jpg', '2277081067_d2b4c98bce.jpg', '3532194771_07faf20d76.jpg']","[0.7079, 0.6581, 0.6268]"
2772,a little girl runs along the beach toward a man who admires the sky,3229282764_a4a515f4e2.jpg,5,0.6055,0.7558,0.1503,"['2277081067_d2b4c98bce.jpg', '3532194771_07faf20d76.jpg', '3189002057_3ef61b803e.jpg']","[0.7558, 0.6665, 0.6303]"
2773,father and daughter are playing in a shallow area of a lake together,3229282764_a4a515f4e2.jpg,-1,0.483,0.7023,0.2193,"['3637013_c675de7705.jpg', '1248357227_2b4175fc39.jpg', '3217893350_57be430d06.jpg']","[0.7023, 0.7013, 0.6283]"
2774,man and child playing on the beach,3229282764_a4a515f4e2.jpg,-1,0.3448,0.6446,0.2998,"['459778335_857d8ffebf.jpg', '3532194771_07faf20d76.jpg', '3747543364_bf5b548527.jpg']","[0.6446, 0.6253, 0.6247]"
2775,a crowd of people are standing on a snow covered hill watching the sun go down,3229821595_77ace81c6b.jpg,5,0.5836,0.6998,0.1161,"['369360998_ba56fb436f.jpg', '1584315962_5b0b45d02d.jpg', '2193980605_4221c6474d.jpg']","[0.6998, 0.6807, 0.6057]"
2776,a group of people are standing on a ledge overlooking low clouds,3229821595_77ace81c6b.jpg,5,0.5841,0.6667,0.0826,"['181777261_84c48b31cb.jpg', '2930622766_fa8f84deb1.jpg', '3480052428_c034b98a08.jpg']","[0.6667, 0.6146, 0.6015]"
2777,a group of photographers stands on a hillside in the snow with the sun just below the horizon,3229821595_77ace81c6b.jpg,4,0.6025,0.639,0.0365,"['503090187_8758ab5680.jpg', '58368365_03ed3e5bdf.jpg', '530661899_94655d7d0e.jpg']","[0.639, 0.634, 0.6063]"
2778,a line of people are seen in silhouette on a snowy ridge when the sun is low in the sky,3229821595_77ace81c6b.jpg,10,0.5777,0.6822,0.1045,"['58368365_03ed3e5bdf.jpg', '1428578577_82864facae.jpg', '369360998_ba56fb436f.jpg']","[0.6822, 0.6753, 0.6233]"
2780,cat standing to play with string,3229898555_16877f5180.jpg,2,0.6294,0.6504,0.021,"['2882483779_73c171ac19.jpg', '3229898555_16877f5180.jpg', '2545192257_142fe9e2de.jpg']","[0.6504, 0.6294, 0.512]"
2781,cat playing with a dangling string,3229898555_16877f5180.jpg,2,0.6065,0.6651,0.0586,"['2882483779_73c171ac19.jpg', '3229898555_16877f5180.jpg', '2561319255_ce5ede291e.jpg']","[0.6651, 0.6065, 0.4672]"
2784,a white and brown cat bats at a frayed string dangling in front of him,3229898555_16877f5180.jpg,-1,0.3391,0.5671,0.2281,"['3290105461_7590f23371.jpg', '2909875716_25c8652614.jpg', '2543247940_083f1b7969.jpg']","[0.5671, 0.5294, 0.5065]"
2785,a little boy streches his body out with his stomach on the grass,3229913073_e7857a5966.jpg,6,0.5536,0.7195,0.166,"['2681215810_00b0642f7b.jpg', '1248734482_3038218f3b.jpg', '745966757_6d16dfad8f.jpg']","[0.7195, 0.6648, 0.629]"
2786,a young boy wearing a blue shirt lies on the grass,3229913073_e7857a5966.jpg,5,0.5989,0.6877,0.0888,"['3495490064_8db40a83af.jpg', '1269470943_ba7fc49b4d.jpg', '762947607_2001ee4c72.jpg']","[0.6877, 0.6525, 0.6486]"
2787,boy lies on stomach in grass,3229913073_e7857a5966.jpg,7,0.5036,0.6583,0.1547,"['3495490064_8db40a83af.jpg', '1269470943_ba7fc49b4d.jpg', '3273091032_98f724b36b.jpg']","[0.6583, 0.6385, 0.5646]"
2788,small boy lying on his stomach on the grass,3229913073_e7857a5966.jpg,10,0.4654,0.6548,0.1894,"['1248734482_3038218f3b.jpg', '3495490064_8db40a83af.jpg', '745966757_6d16dfad8f.jpg']","[0.6548, 0.611, 0.5983]"
2789,the young boy is laying on his belly in the grass,3229913073_e7857a5966.jpg,7,0.4866,0.6562,0.1696,"['1248734482_3038218f3b.jpg', '745966757_6d16dfad8f.jpg', '3495490064_8db40a83af.jpg']","[0.6562, 0.5738, 0.5535]"
2791,an ice hockey player takes water from a green bottle,3230101918_7d81cb0fc8.jpg,6,0.4737,0.5776,0.1039,"['1418019748_51c7d59c11.jpg', '3231751379_10ebf7150c.jpg', '3437781040_82b06facb3.jpg']","[0.5776, 0.5369, 0.4952]"
2792,a hockey goalie taking a drink of gatorade,3230101918_7d81cb0fc8.jpg,4,0.5473,0.6652,0.1178,"['3231751379_10ebf7150c.jpg', '1418019748_51c7d59c11.jpg', '3437781040_82b06facb3.jpg']","[0.6652, 0.6444, 0.6111]"
2793,a hockey goalie in a red uniform takes a drink from a water bottle,3230101918_7d81cb0fc8.jpg,3,0.6294,0.6732,0.0438,"['3231751379_10ebf7150c.jpg', '3437781040_82b06facb3.jpg', '3230101918_7d81cb0fc8.jpg']","[0.6732, 0.6375, 0.6294]"
2805,a dog is running along a beach in front of the ocean,3235746553_a40416c00e.jpg,-1,0.6033,0.8265,0.2232,"['140430106_2978fda105.jpg', '339350939_6643bfb270.jpg', '1799271536_6e69c8f1dc.jpg']","[0.8265, 0.7847, 0.7711]"
2806,a dog is galloping on the beach,3235746553_a40416c00e.jpg,7,0.6621,0.8561,0.1939,"['140430106_2978fda105.jpg', '1799271536_6e69c8f1dc.jpg', '254527963_3f5824b0e8.jpg']","[0.8561, 0.7827, 0.7717]"
2807,a dog leaps by the ocean,3235746553_a40416c00e.jpg,8,0.6904,0.7466,0.0563,"['1799271536_6e69c8f1dc.jpg', '2952141476_fc9a48a60a.jpg', '3401902253_cd27e6d0fe.jpg']","[0.7466, 0.7453, 0.7378]"
2808,a brown dog begins to run along a beach with a wave in the background,3235746553_a40416c00e.jpg,7,0.7129,0.8764,0.1635,"['140430106_2978fda105.jpg', '1799271536_6e69c8f1dc.jpg', '3298233193_d2a550840d.jpg']","[0.8764, 0.7546, 0.7514]"
2809,a brown dog is running on sand next to the ocean,3235746553_a40416c00e.jpg,6,0.6736,0.877,0.2035,"['140430106_2978fda105.jpg', '2281006675_fde04e93dd.jpg', '1799271536_6e69c8f1dc.jpg']","[0.877, 0.7788, 0.7571]"
2810,the cyclist is airborne on his bike as it makes a jump between two mounds of earth,3240351042_5d29c94b0e.jpg,-1,0.5397,0.7147,0.1751,"['2943334864_6bab479a3e.jpg', '3119696225_b289efaec8.jpg', '3531811969_49af4c22f0.jpg']","[0.7147, 0.6956, 0.6938]"
2811,brown ramp structure with a person on ski s in midair,3240351042_5d29c94b0e.jpg,5,0.6739,0.7815,0.1076,"['3357416302_fcfcdd7b86.jpg', '3288274849_07ff76ee93.jpg', '3329793486_afc16663cc.jpg']","[0.7815, 0.694, 0.6917]"
2812,a biker rider jumping high over a dirt hill and seems to be higher than an electric pole,3240351042_5d29c94b0e.jpg,-1,0.6053,0.7541,0.1487,"['3386060324_b98fdfa449.jpg', '3391924827_53b31542ce.jpg', '3043501068_be58ac47e1.jpg']","[0.7541, 0.736, 0.7209]"
2813,a motor biker gets massive air off a dirt jump,3240351042_5d29c94b0e.jpg,-1,0.5532,0.8319,0.2788,"['3488512097_e500cb499f.jpg', '3528105511_12ff45dc9c.jpg', '3043501068_be58ac47e1.jpg']","[0.8319, 0.8218, 0.817]"
2815,a parachute caught on a tree with some people on the ground shining a light at it,3241965735_8742782a70.jpg,-1,0.3236,0.6624,0.3388,"['3694219419_a7a83d4886.jpg', '2351479551_e8820a1ff3.jpg', '181777261_84c48b31cb.jpg']","[0.6624, 0.5461, 0.4819]"
2816,a person jumps up over the snow as their skis cross,3241965735_8742782a70.jpg,5,0.7192,0.7626,0.0434,"['3248352729_ab264b2222.jpg', '3012513414_86180c44cb.jpg', '3357416302_fcfcdd7b86.jpg']","[0.7626, 0.7437, 0.7432]"
2817,a skier in midair,3241965735_8742782a70.jpg,2,0.7235,0.7701,0.0467,"['2272750492_91e8f67328.jpg', '3241965735_8742782a70.jpg', '3357416302_fcfcdd7b86.jpg']","[0.7701, 0.7235, 0.717]"
2819,a skier makes a jump with his skis crossed,3241965735_8742782a70.jpg,7,0.6609,0.7267,0.0658,"['3357416302_fcfcdd7b86.jpg', '3264650118_be7df266e7.jpg', '2339140905_9f625f140a.jpg']","[0.7267, 0.7077, 0.6997]"
2820,two asian girls are standing outside a red brick building,3242007318_01e82171aa.jpg,-1,0.4798,0.6085,0.1287,"['537359971_6e28f5e66e.jpg', '3437315443_ba2263f92e.jpg', '3415228562_4efa9c9b70.jpg']","[0.6085, 0.6063, 0.5789]"
2821,two asian ladies posing for a picture,3242007318_01e82171aa.jpg,-1,0.2649,0.7976,0.5327,"['3203707977_cc9448fecb.jpg', '3183883750_b6acc40397.jpg', '3534824784_7133119316.jpg']","[0.7976, 0.7775, 0.7562]"
2822,two women standing in front of a large brick building,3242007318_01e82171aa.jpg,4,0.5255,0.6992,0.1737,"['3106340185_80d0cb770a.jpg', '3661659196_6ed90f96c0.jpg', '3565598162_56044bc2f7.jpg']","[0.6992, 0.5567, 0.5374]"
2823,two women stop to have their picture taken outside the chocolate factory,3242007318_01e82171aa.jpg,-1,0.2527,0.6481,0.3954,"['782401952_5bc5d3413a.jpg', '3145967019_1a83ebf712.jpg', '1859726819_9a793b3b44.jpg']","[0.6481, 0.6103, 0.5334]"
2824,two young ladies pose outside of a brick building and smile for the camera,3242007318_01e82171aa.jpg,-1,0.4708,0.7213,0.2506,"['3203707977_cc9448fecb.jpg', '3534824784_7133119316.jpg', '3231880001_193a579b97.jpg']","[0.7213, 0.7161, 0.6925]"
2825,a group of young children standing in a row leaning against a wall,3242718240_3358f2d6e6.jpg,4,0.6449,0.7433,0.0984,"['3197891333_b1b0fd1702.jpg', '2211593099_4a4f1c85d2.jpg', '979383193_0a542a059d.jpg']","[0.7433, 0.6894, 0.6518]"
2826,a group of six children stands smiling and laughing in front of a wall,3242718240_3358f2d6e6.jpg,3,0.7022,0.7426,0.0404,"['3254817653_632e840423.jpg', '3197891333_b1b0fd1702.jpg', '3242718240_3358f2d6e6.jpg']","[0.7426, 0.7183, 0.7022]"
2827,the six children are laughing,3242718240_3358f2d6e6.jpg,2,0.685,0.7458,0.0608,"['799431781_65dc312afc.jpg', '3242718240_3358f2d6e6.jpg', '2211593099_4a4f1c85d2.jpg']","[0.7458, 0.685, 0.6596]"
2828,a group of children dressed in costume pose for a picture,3242718240_3358f2d6e6.jpg,2,0.6848,0.7266,0.0418,"['3197891333_b1b0fd1702.jpg', '3242718240_3358f2d6e6.jpg', '2211593099_4a4f1c85d2.jpg']","[0.7266, 0.6848, 0.678]"
2829,a group of children stand against a building and smile,3242718240_3358f2d6e6.jpg,5,0.6156,0.7162,0.1006,"['3197891333_b1b0fd1702.jpg', '2211593099_4a4f1c85d2.jpg', '1454841725_4b6e6199e2.jpg']","[0.7162, 0.6887, 0.6671]"
2830,a boy wearing a blue parka green pants and white shoes is leaping in a ramp,3244734844_c318c29c23.jpg,-1,0.5283,0.7033,0.175,"['3348811097_0e09baa26f.jpg', '2868575889_2c030aa8ae.jpg', '2968135512_51fbb56e3e.jpg']","[0.7033, 0.6282, 0.6257]"
2831,a man performs a large jump,3244734844_c318c29c23.jpg,-1,0.2535,0.7024,0.4489,"['3240351042_5d29c94b0e.jpg', '2061354254_faa5bd294b.jpg', '2973638173_0dc21fd443.jpg']","[0.7024, 0.6854, 0.659]"
2832,a man wearing a blue jacket jumping from one concrete wall to the other,3244734844_c318c29c23.jpg,-1,0.4366,0.5855,0.1489,"['2968135512_51fbb56e3e.jpg', '3348811097_0e09baa26f.jpg', '3394586927_eae7732b64.jpg']","[0.5855, 0.5761, 0.5512]"
2833,a person in a blue jacket jumps off of a tan cement wall,3244734844_c318c29c23.jpg,10,0.5362,0.7106,0.1744,"['2351479551_e8820a1ff3.jpg', '2968135512_51fbb56e3e.jpg', '3348811097_0e09baa26f.jpg']","[0.7106, 0.6344, 0.6307]"
2834,someone in a blue coat and white sneakers is airborne,3244734844_c318c29c23.jpg,-1,0.2984,0.6095,0.3112,"['3357416302_fcfcdd7b86.jpg', '2973638173_0dc21fd443.jpg', '3254645823_a7c072481c.jpg']","[0.6095, 0.6057, 0.6043]"
2835,snowboarder on a pink board flying through the air,3248352729_ab264b2222.jpg,4,0.7531,0.8039,0.0507,"['3319899418_4bcf1b00d8.jpg', '3329169877_175cb16845.jpg', '3241965735_8742782a70.jpg']","[0.8039, 0.7841, 0.7572]"
2836,a snowboarder with a pink board jumping down a snow covered hill near trees,3248352729_ab264b2222.jpg,2,0.812,0.8321,0.0202,"['3329169877_175cb16845.jpg', '3248352729_ab264b2222.jpg', '3241965735_8742782a70.jpg']","[0.8321, 0.812, 0.7718]"
2837,a snowboarder jumps across a snowy hill,3248352729_ab264b2222.jpg,2,0.7819,0.7912,0.0093,"['3254645823_a7c072481c.jpg', '3248352729_ab264b2222.jpg', '3329169877_175cb16845.jpg']","[0.7912, 0.7819, 0.7513]"
2838,a person riding a snowboard with a pink bottom,3248352729_ab264b2222.jpg,7,0.6165,0.7032,0.0867,"['3329793486_afc16663cc.jpg', '3329169877_175cb16845.jpg', '3170551725_1276644eab.jpg']","[0.7032, 0.6962, 0.6871]"
2839,a snowboarder is jumping over a snowy hill,3248352729_ab264b2222.jpg,2,0.8004,0.8365,0.036,"['3254645823_a7c072481c.jpg', '3248352729_ab264b2222.jpg', '3329169877_175cb16845.jpg']","[0.8365, 0.8004, 0.7588]"
2840,a brown and white dog standing next to a smaller brown and white dog in front of a fence,3248408149_41a8dd90d3.jpg,-1,0.388,0.7164,0.3283,"['2419221084_01a14176b4.jpg', '2427558437_3e839056d7.jpg', '460935487_75b2da7854.jpg']","[0.7164, 0.7011, 0.677]"
2841,a brown and white dog stands on the sand to look at another dog,3248408149_41a8dd90d3.jpg,3,0.6503,0.7796,0.1293,"['2427558437_3e839056d7.jpg', '2768972186_92787cd523.jpg', '3248408149_41a8dd90d3.jpg']","[0.7796, 0.7411, 0.6503]"
2842,a large dog plays in the sand with a small dog,3248408149_41a8dd90d3.jpg,2,0.7555,0.7953,0.0398,"['2427558437_3e839056d7.jpg', '3248408149_41a8dd90d3.jpg', '2768972186_92787cd523.jpg']","[0.7953, 0.7555, 0.7538]"
2843,collie dog digs in sand,3248408149_41a8dd90d3.jpg,2,0.7212,0.7612,0.04,"['1526325728_74eb4153d8.jpg', '3248408149_41a8dd90d3.jpg', '2768972186_92787cd523.jpg']","[0.7612, 0.7212, 0.6718]"
2844,two dogs playing in the sand next to a fence,3248408149_41a8dd90d3.jpg,2,0.6865,0.725,0.0385,"['2427558437_3e839056d7.jpg', '3248408149_41a8dd90d3.jpg', '2434006663_207a284cec.jpg']","[0.725, 0.6865, 0.6557]"
2845,people are sitting on bleachers waving american flags,325005410_e1ff5041b5.jpg,6,0.5369,0.6406,0.1037,"['3225037367_a71fa86319.jpg', '1425919702_ddb761aeec.jpg', '3694219419_a7a83d4886.jpg']","[0.6406, 0.5972, 0.5816]"
2846,a group of people are at a convention waving american flags,325005410_e1ff5041b5.jpg,4,0.5993,0.7072,0.1078,"['3225037367_a71fa86319.jpg', '2928835996_88b9f9503d.jpg', '3451344589_6787bd06ef.jpg']","[0.7072, 0.6484, 0.6222]"
2847,people waving flags watch a game,325005410_e1ff5041b5.jpg,-1,0.4528,0.6011,0.1482,"['1425919702_ddb761aeec.jpg', '3380072636_4cd59385fd.jpg', '3694219419_a7a83d4886.jpg']","[0.6011, 0.5622, 0.5441]"
2848,a crowd of people are sitting in bleachers and some are holding american flags,325005410_e1ff5041b5.jpg,2,0.6489,0.7148,0.0659,"['3225037367_a71fa86319.jpg', '325005410_e1ff5041b5.jpg', '1425919702_ddb761aeec.jpg']","[0.7148, 0.6489, 0.6467]"
2849,a crowd of people some with flags at an event,325005410_e1ff5041b5.jpg,3,0.7151,0.7673,0.0522,"['3225037367_a71fa86319.jpg', '2928835996_88b9f9503d.jpg', '325005410_e1ff5041b5.jpg']","[0.7673, 0.7151, 0.7151]"
2850,two persons in midair snowboarding,3254645823_a7c072481c.jpg,3,0.6961,0.7063,0.0102,"['2272750492_91e8f67328.jpg', '2301867590_98c0ecb0cb.jpg', '3254645823_a7c072481c.jpg']","[0.7063, 0.6968, 0.6961]"
2851,two snowboarders are in the air over the snow,3254645823_a7c072481c.jpg,2,0.6837,0.757,0.0734,"['2301867590_98c0ecb0cb.jpg', '3254645823_a7c072481c.jpg', '3170551725_1276644eab.jpg']","[0.757, 0.6837, 0.6714]"
2853,two snowboarders in the air above snow,3254645823_a7c072481c.jpg,2,0.6957,0.7629,0.0671,"['2301867590_98c0ecb0cb.jpg', '3254645823_a7c072481c.jpg', '3170551725_1276644eab.jpg']","[0.7629, 0.6957, 0.6729]"
2857,a family picture,3254817653_632e840423.jpg,-1,0.2854,0.6606,0.3752,"['452419961_6d42ab7000.jpg', '503090187_8758ab5680.jpg', '2609847254_0ec40c1cce.jpg']","[0.6606, 0.5611, 0.5287]"
2858,a group of adults wear sweaters and have their hands in their pockets,3254817653_632e840423.jpg,-1,0.5161,0.6704,0.1543,"['2211593099_4a4f1c85d2.jpg', '3627676364_1dc9294ec5.jpg', '3631474374_e40764d153.jpg']","[0.6704, 0.624, 0.6182]"
2865,beautiful mountain scenery and a ski lift,3259110412_9908c45144.jpg,-1,0.5701,0.7286,0.1585,"['3340575518_137ce2695f.jpg', '3621647714_fc67ab2617.jpg', '3166578139_33500f7e8a.jpg']","[0.7286, 0.6838, 0.6696]"
2866,there is a pile of white snow,3259110412_9908c45144.jpg,-1,0.46,0.6353,0.1753,"['224273695_0b517bd0eb.jpg', '1428578577_82864facae.jpg', '1655781989_b15ab4cbff.jpg']","[0.6353, 0.6066, 0.5474]"
2867,a view of some large snowcapped mountains,3259110412_9908c45144.jpg,-1,0.5371,0.8006,0.2635,"['224273695_0b517bd0eb.jpg', '1428578577_82864facae.jpg', '3166578139_33500f7e8a.jpg']","[0.8006, 0.7989, 0.7602]"
2868,a rock face is covered with snow and ice,3259110412_9908c45144.jpg,-1,0.3137,0.7724,0.4587,"['116409198_0fe0c94f3b.jpg', '3287963317_186491ee78.jpg', '224273695_0b517bd0eb.jpg']","[0.7724, 0.7185, 0.6788]"
2869,a rocking climbing mountain inside a building,3259110412_9908c45144.jpg,-1,0.3902,0.6434,0.2532,"['236095031_5cb17dc54a.jpg', '466956675_a2fb6bf901.jpg', '1247181182_35cabd76f3.jpg']","[0.6434, 0.612, 0.5848]"
2870,a few players show off their jousting skills in a gym,3262386960_14f5d857db.jpg,2,0.633,0.6723,0.0393,"['3674168459_6245f4f658.jpg', '3262386960_14f5d857db.jpg', '2247192427_5e106f24a9.jpg']","[0.6723, 0.633, 0.612]"
2871,the people in the masks are fencing,3262386960_14f5d857db.jpg,8,0.4529,0.661,0.2082,"['3674168459_6245f4f658.jpg', '3631474374_e40764d153.jpg', '305199420_89f6ddd778.jpg']","[0.661, 0.5332, 0.5306]"
2872,two fencers in full gear duel in a gym,3262386960_14f5d857db.jpg,10,0.4562,0.635,0.1788,"['3649307685_60c1294d2a.jpg', '2845845721_d0bc113ff7.jpg', '2970183443_accd597e0a.jpg']","[0.635, 0.5539, 0.5387]"
2873,two fencers in gear fighting in a fencing class,3262386960_14f5d857db.jpg,6,0.4709,0.536,0.065,"['305199420_89f6ddd778.jpg', '3649307685_60c1294d2a.jpg', '3442978981_53bf1f45f3.jpg']","[0.536, 0.5241, 0.5072]"
2874,two fencers in white suits and black masks compete in a gymnasium setting,3262386960_14f5d857db.jpg,2,0.6699,0.7369,0.067,"['3674168459_6245f4f658.jpg', '3262386960_14f5d857db.jpg', '3442978981_53bf1f45f3.jpg']","[0.7369, 0.6699, 0.6537]"
2875,people hike in the snow surrounded by trees,3264650118_be7df266e7.jpg,8,0.5491,0.6822,0.1331,"['1655781989_b15ab4cbff.jpg', '413737417_b0a8b445e9.jpg', '2289096282_4ef120f189.jpg']","[0.6822, 0.6195, 0.6167]"
2876,crosscountry skiers are traveling through a snowy forest,3264650118_be7df266e7.jpg,2,0.6418,0.6682,0.0265,"['336551615_a01418bc53.jpg', '3264650118_be7df266e7.jpg', '1655781989_b15ab4cbff.jpg']","[0.6682, 0.6418, 0.6259]"
2878,a man crosscountry skis on a snowy path,3264650118_be7df266e7.jpg,2,0.7331,0.7568,0.0237,"['2339140905_9f625f140a.jpg', '3264650118_be7df266e7.jpg', '3621647714_fc67ab2617.jpg']","[0.7568, 0.7331, 0.7227]"
2879,a man skies on the snowy ground among trees,3264650118_be7df266e7.jpg,8,0.5785,0.6473,0.0688,"['3248352729_ab264b2222.jpg', '116409198_0fe0c94f3b.jpg', '3329169877_175cb16845.jpg']","[0.6473, 0.6034, 0.5959]"
2880,a dog holds a smaller animal in its mouth,3264678536_46601d25f0.jpg,3,0.6454,0.6714,0.026,"['472396131_6e97068d93.jpg', '2768972186_92787cd523.jpg', '3264678536_46601d25f0.jpg']","[0.6714, 0.6581, 0.6454]"
2881,a dog is nipping at the ear of another dog on a leash in a park,3264678536_46601d25f0.jpg,-1,0.4904,0.7227,0.2324,"['424506167_01f365726b.jpg', '2427558437_3e839056d7.jpg', '684375286_09cc1aa778.jpg']","[0.7227, 0.6373, 0.5967]"
2882,a large dog holding a smaller dog,3264678536_46601d25f0.jpg,6,0.6013,0.752,0.1507,"['2427558437_3e839056d7.jpg', '522486784_978021d537.jpg', '2768972186_92787cd523.jpg']","[0.752, 0.7011, 0.6928]"
2883,a small black and brown dog on a leash is jumping on a bigger tricolored dog on a leash,3264678536_46601d25f0.jpg,-1,0.5385,0.7248,0.1864,"['351876121_c7c0221928.jpg', '909808296_23c427022d.jpg', '2419221084_01a14176b4.jpg']","[0.7248, 0.7096, 0.6711]"
2884,a small dog jumps up to play with a larger dog,3264678536_46601d25f0.jpg,-1,0.4186,0.7312,0.3126,"['2419221084_01a14176b4.jpg', '2902486045_6298eb22ef.jpg', '351876121_c7c0221928.jpg']","[0.7312, 0.6897, 0.6701]"
2885,two dogs are standing in snow the smaller one barking at the larger one,3266306177_7994dc2865.jpg,7,0.5945,0.7092,0.1147,"['1287931016_fb015e2e10.jpg', '412101267_7257e6d8c0.jpg', '1067790824_f3cc97239b.jpg']","[0.7092, 0.7039, 0.6994]"
2886,two dogs a big dog and a small dog run in the snow,3266306177_7994dc2865.jpg,6,0.6708,0.8184,0.1476,"['3195040792_a03954a19f.jpg', '3173461705_b5cdeef1eb.jpg', '366548880_3d3e914746.jpg']","[0.8184, 0.7768, 0.7617]"
2887,a little black dog and a large brown dog are out in the snow,3266306177_7994dc2865.jpg,3,0.7279,0.786,0.0582,"['412101267_7257e6d8c0.jpg', '3195040792_a03954a19f.jpg', '3266306177_7994dc2865.jpg']","[0.786, 0.7698, 0.7279]"
2888,a large brown dog and small black dog walk on the snow,3266306177_7994dc2865.jpg,2,0.6684,0.7352,0.0668,"['1067790824_f3cc97239b.jpg', '3266306177_7994dc2865.jpg', '400562847_e15aba0aac.jpg']","[0.7352, 0.6684, 0.6605]"
2890,a man about to hit a tennis ball with a racket,3268443910_b36dbc1e5c.jpg,-1,0.4585,0.856,0.3975,"['2269795781_46a296aa21.jpg', '3163563871_cef3cf33ea.jpg', '3420260768_26a600b844.jpg']","[0.856, 0.8188, 0.8175]"
2891,a man in an orange shirt playing tennis,3268443910_b36dbc1e5c.jpg,5,0.6536,0.8206,0.167,"['2269795781_46a296aa21.jpg', '3420260768_26a600b844.jpg', '3425071001_e7c9809ef2.jpg']","[0.8206, 0.8086, 0.7405]"
2892,a man in an orange tshirt and white wristbands plays tennis,3268443910_b36dbc1e5c.jpg,6,0.6223,0.8245,0.2022,"['3420260768_26a600b844.jpg', '2269795781_46a296aa21.jpg', '3163563871_cef3cf33ea.jpg']","[0.8245, 0.8192, 0.7586]"
2893,a man wearing an orange u miami tshirt playing tennis,3268443910_b36dbc1e5c.jpg,3,0.6732,0.7387,0.0655,"['3420260768_26a600b844.jpg', '2269795781_46a296aa21.jpg', '3268443910_b36dbc1e5c.jpg']","[0.7387, 0.7119, 0.6732]"
2894,a tennis player in an orange shirt is lining up his racquet to strike the ball,3268443910_b36dbc1e5c.jpg,10,0.5706,0.8066,0.236,"['3420260768_26a600b844.jpg', '2269795781_46a296aa21.jpg', '3163563871_cef3cf33ea.jpg']","[0.8066, 0.8052, 0.7626]"
2895,four dogs run in the grass,3271084924_4778d556cc.jpg,-1,0.4114,0.7458,0.3344,"['2855667597_bf6ceaef8e.jpg', '439492931_a96d590e40.jpg', '2818735880_68b3dfe1f5.jpg']","[0.7458, 0.7319, 0.7043]"
2896,three dogs walking in the grass,3271084924_4778d556cc.jpg,-1,0.425,0.7035,0.2785,"['439492931_a96d590e40.jpg', '2855667597_bf6ceaef8e.jpg', '2216695423_1362cb25f3.jpg']","[0.7035, 0.6746, 0.6655]"
2897,two dogs are running in the field,3271084924_4778d556cc.jpg,10,0.5396,0.7518,0.2121,"['2567035103_3511020c8f.jpg', '3724718895_bd03f4a4dc.jpg', '3029715635_43ab414dfb.jpg']","[0.7518, 0.6889, 0.667]"
2898,two dogs run in the grass as a third dog watches from behind them,3271084924_4778d556cc.jpg,-1,0.5432,0.7883,0.2451,"['439492931_a96d590e40.jpg', '3526018344_450c517a72.jpg', '2567035103_3511020c8f.jpg']","[0.7883, 0.7387, 0.7201]"
2899,two large dogs running while a third watches,3271084924_4778d556cc.jpg,-1,0.506,0.6108,0.1049,"['2216695423_1362cb25f3.jpg', '3526018344_450c517a72.jpg', '522486784_978021d537.jpg']","[0.6108, 0.6055, 0.5982]"
2900,a cattle dog nips the leg of an animal,3271468462_701eb88d3b.jpg,4,0.7004,0.7299,0.0295,"['536721406_884ab8fece.jpg', '2656987333_80dcc82c05.jpg', '2403544744_cba152f5c1.jpg']","[0.7299, 0.7101, 0.7052]"
2902,a dog nips at the leg of a horse,3271468462_701eb88d3b.jpg,4,0.6778,0.7736,0.0958,"['2656987333_80dcc82c05.jpg', '536721406_884ab8fece.jpg', '3541962817_78bcd3835b.jpg']","[0.7736, 0.7093, 0.679]"
2905,a chipmunk stands on the edge of a field and road,3273091032_98f724b36b.jpg,-1,0.3555,0.606,0.2504,"['109823397_e35154645f.jpg', '2410153942_ba4a136358.jpg', '3301754574_465af5bf6d.jpg']","[0.606, 0.5669, 0.5393]"
2906,a squirrel stands in the grass looking around,3273091032_98f724b36b.jpg,3,0.5322,0.5622,0.03,"['2472574160_8ce233f396.jpg', '689776124_07f560a920.jpg', '3273091032_98f724b36b.jpg']","[0.5622, 0.5424, 0.5322]"
2907,a squirrel stands on its hind legs in the grass at the edge of a road,3273091032_98f724b36b.jpg,-1,0.4458,0.6318,0.1861,"['791338571_7f38510bf7.jpg', '689776124_07f560a920.jpg', '1514957266_a19827c538.jpg']","[0.6318, 0.5398, 0.5348]"
2908,there is a squirrel sitting up in the grass,3273091032_98f724b36b.jpg,2,0.6491,0.6558,0.0067,"['3495490064_8db40a83af.jpg', '3273091032_98f724b36b.jpg', '2066241589_b80e9f676c.jpg']","[0.6558, 0.6491, 0.5438]"
2909,the squirrel sits straight up in the grass,3273091032_98f724b36b.jpg,2,0.6372,0.6416,0.0044,"['3495490064_8db40a83af.jpg', '3273091032_98f724b36b.jpg', '2066241589_b80e9f676c.jpg']","[0.6416, 0.6372, 0.5671]"
2910,two grey dogs run near the water on a manicured lawn in the fall,327415627_6313d32a64.jpg,-1,0.2534,0.6868,0.4334,"['1130401779_8c30182e3e.jpg', '2852982055_8112d0964f.jpg', '2244024374_54d7e88c2b.jpg']","[0.6868, 0.6132, 0.6095]"
2911,two dogs run through grass near a body of water,327415627_6313d32a64.jpg,-1,0.2596,0.6888,0.4292,"['2289212650_69de7a20b2.jpg', '2567035103_3511020c8f.jpg', '2244024374_54d7e88c2b.jpg']","[0.6888, 0.6805, 0.6536]"
2912,two dogs run through a field,327415627_6313d32a64.jpg,-1,0.2617,0.775,0.5133,"['2567035103_3511020c8f.jpg', '3724718895_bd03f4a4dc.jpg', '439492931_a96d590e40.jpg']","[0.775, 0.6766, 0.6507]"
2913,two dogs run along the green grass near the water,327415627_6313d32a64.jpg,-1,0.2743,0.654,0.3797,"['2289212650_69de7a20b2.jpg', '2567035103_3511020c8f.jpg', '2244024374_54d7e88c2b.jpg']","[0.654, 0.6325, 0.5717]"
2914,two dogs running past a tree,327415627_6313d32a64.jpg,-1,0.3344,0.7698,0.4354,"['1403414927_5f80281505.jpg', '2289096282_4ef120f189.jpg', '2259203920_6b93b721ce.jpg']","[0.7698, 0.6526, 0.65]"
2915,a crowd of people in the street at night,3280052365_c4644bf0a5.jpg,-1,0.4419,0.682,0.2401,"['3433470650_a8b1c27173.jpg', '3535879138_9281dc83d5.jpg', '1225443522_1633e7121f.jpg']","[0.682, 0.6145, 0.6095]"
2916,a young girl sits atop a lady s shoulders as they revel with the celebrating crowd,3280052365_c4644bf0a5.jpg,6,0.548,0.6296,0.0816,"['3718007650_e5930b4509.jpg', '1454841725_4b6e6199e2.jpg', '3225037367_a71fa86319.jpg']","[0.6296, 0.6154, 0.5713]"
2919,two women and one young girl are together in a crowded area,3280052365_c4644bf0a5.jpg,7,0.6386,0.7946,0.1561,"['3718007650_e5930b4509.jpg', '1454841725_4b6e6199e2.jpg', '3114944484_28b5bb9842.jpg']","[0.7946, 0.7011, 0.6677]"
2922,white bird flying above water,3282634762_2650d0088a.jpg,3,0.8585,0.8907,0.0321,"['3315110972_1090d11728.jpg', '3405113041_4b72c24801.jpg', '3282634762_2650d0088a.jpg']","[0.8907, 0.8652, 0.8585]"
2928,the girl is running through a park near a wooden park bench,3286222970_1fa445e38f.jpg,2,0.6291,0.6312,0.0021,"['1424237335_b3be9920ba.jpg', '3286222970_1fa445e38f.jpg', '3454988449_1de1ef4f20.jpg']","[0.6312, 0.6291, 0.5444]"
2929,young girl in green shirt and sandals runs down the street,3286222970_1fa445e38f.jpg,7,0.6249,0.7559,0.131,"['3415228562_4efa9c9b70.jpg', '2021671653_567395c7cf.jpg', '2422018883_336519b5c6.jpg']","[0.7559, 0.726, 0.7196]"
2930,two couples pose for a picture in the winter,3287963317_186491ee78.jpg,-1,0.384,0.5913,0.2073,"['1389264266_8170bc1c54.jpg', '2272823323_3b7291cd47.jpg', '3155501473_510f9c9f6b.jpg']","[0.5913, 0.5834, 0.5757]"
2931,there are four people dressed in warm clothes sitting in the snow in front of a huge piece of ice,3287963317_186491ee78.jpg,3,0.7151,0.7735,0.0584,"['369360998_ba56fb436f.jpg', '3164415865_612f9fd8bc.jpg', '3287963317_186491ee78.jpg']","[0.7735, 0.7392, 0.7151]"
2932,a group poses for a picture in front of a frozen waterfall,3287963317_186491ee78.jpg,2,0.6656,0.6761,0.0105,"['3229821595_77ace81c6b.jpg', '3287963317_186491ee78.jpg', '413737417_b0a8b445e9.jpg']","[0.6761, 0.6656, 0.5596]"
2933,four people crouched near an ice formation,3287963317_186491ee78.jpg,3,0.6483,0.6929,0.0446,"['72218201_e0e9c7d65b.jpg', '369360998_ba56fb436f.jpg', '3287963317_186491ee78.jpg']","[0.6929, 0.6534, 0.6483]"
2935,a person jumping down a hill on his snowboard in the winter,3288274849_07ff76ee93.jpg,-1,0.523,0.8099,0.2869,"['3170551725_1276644eab.jpg', '3248352729_ab264b2222.jpg', '3329169877_175cb16845.jpg']","[0.8099, 0.7986, 0.7837]"
2936,a snowboarder glides down a stair rail,3288274849_07ff76ee93.jpg,5,0.6416,0.711,0.0693,"['3412822878_5d961492e5.jpg', '3329793486_afc16663cc.jpg', '3708743823_3e3e0554d1.jpg']","[0.711, 0.7043, 0.6644]"
2937,a snowboarder goes down a short hill next to stairs,3288274849_07ff76ee93.jpg,-1,0.4832,0.7075,0.2243,"['3329793486_afc16663cc.jpg', '3287963317_186491ee78.jpg', '1428578577_82864facae.jpg']","[0.7075, 0.6847, 0.6227]"
2938,a snowboarder is going down a snowy hill next to a staircase behind a building,3288274849_07ff76ee93.jpg,6,0.5687,0.7119,0.1432,"['3287963317_186491ee78.jpg', '3329793486_afc16663cc.jpg', '1428578577_82864facae.jpg']","[0.7119, 0.6856, 0.5909]"
2939,person snowboarding on hill near snow covered stairs with buildings nearby,3288274849_07ff76ee93.jpg,4,0.645,0.733,0.0881,"['3329793486_afc16663cc.jpg', '3412822878_5d961492e5.jpg', '3287963317_186491ee78.jpg']","[0.733, 0.6828, 0.6597]"
2940,a toddler is petting a brown and cream colored pony,3289817083_4e78e1c05a.jpg,-1,0.4118,0.6415,0.2296,"['3079787482_0757e9d167.jpg', '3439982121_0afc6d5973.jpg', '2584412512_6767593f24.jpg']","[0.6415, 0.5471, 0.4712]"
2942,a man holding a baby who is petting a pony,3289817083_4e78e1c05a.jpg,-1,0.4105,0.5464,0.1359,"['3439982121_0afc6d5973.jpg', '2470486377_c3a39ccb7b.jpg', '3321516504_5ee97771cb.jpg']","[0.5464, 0.4903, 0.4809]"
2946,a man dressed in white and wearing a red cap plays on the grass,3290105461_7590f23371.jpg,2,0.5623,0.6206,0.0584,"['2681215810_00b0642f7b.jpg', '3290105461_7590f23371.jpg', '1396703063_e8c3687afe.jpg']","[0.6206, 0.5623, 0.5591]"
2947,a man in a rugby uniform hitting a ball in a grassy field,3290105461_7590f23371.jpg,3,0.6401,0.7226,0.0824,"['3539840291_1c3eed701d.jpg', '3380072636_4cd59385fd.jpg', '3290105461_7590f23371.jpg']","[0.7226, 0.6403, 0.6401]"
2949,cricket player with red cap hits the ball outdoors,3290105461_7590f23371.jpg,3,0.602,0.7226,0.1205,"['2460823604_7f6f786b1c.jpg', '3132760860_3e743a935d.jpg', '3290105461_7590f23371.jpg']","[0.7226, 0.6083, 0.602]"
2950,two men next to a building playing a guitar and drums,3293018193_e4e0c8db7c.jpg,-1,0.297,0.857,0.5601,"['3619232550_0b1e1fd4e4.jpg', '3332202255_a30c522664.jpg', '3155400369_69e3d6d70f.jpg']","[0.857, 0.66, 0.5979]"
2951,two guys are on the side of the street playing a guitar and drums,3293018193_e4e0c8db7c.jpg,-1,0.3221,0.8607,0.5386,"['3619232550_0b1e1fd4e4.jpg', '3332202255_a30c522664.jpg', '3155400369_69e3d6d70f.jpg']","[0.8607, 0.6653, 0.6124]"
2952,on the street a man sits and plays the drums while a man standing beside him plays the guitar,3293018193_e4e0c8db7c.jpg,-1,0.2883,0.8379,0.5497,"['3619232550_0b1e1fd4e4.jpg', '374103842_17873ce505.jpg', '3332202255_a30c522664.jpg']","[0.8379, 0.6344, 0.625]"
2953,a man is playing a guitar next to another man who is sitting behind a green cart wearing a mask,3293018193_e4e0c8db7c.jpg,-1,0.3063,0.7173,0.411,"['3619232550_0b1e1fd4e4.jpg', '3155400369_69e3d6d70f.jpg', '3332202255_a30c522664.jpg']","[0.7173, 0.5954, 0.5768]"
2954,a man plays a guitar while another man sits next to him wearing a mask,3293018193_e4e0c8db7c.jpg,-1,0.1567,0.7794,0.6226,"['3619232550_0b1e1fd4e4.jpg', '3332202255_a30c522664.jpg', '3155400369_69e3d6d70f.jpg']","[0.7794, 0.6651, 0.5968]"
2955,a brown dog is carrying a stick in its mouth,3294952558_96bb8c8cf3.jpg,-1,0.137,0.725,0.588,"['2986716822_e220754d32.jpg', '333973142_abcd151002.jpg', '2066241589_b80e9f676c.jpg']","[0.725, 0.5506, 0.5314]"
2956,a brown dog is fetching a stick in a country setting,3294952558_96bb8c8cf3.jpg,-1,0.2503,0.6924,0.4421,"['1526325728_74eb4153d8.jpg', '2986716822_e220754d32.jpg', '1659358133_95cd1027bd.jpg']","[0.6924, 0.6816, 0.6022]"
2957,a dog is standing in the fenced in field with a stick in his mouth,3294952558_96bb8c8cf3.jpg,-1,0.4621,0.7584,0.2963,"['2986716822_e220754d32.jpg', '2066241589_b80e9f676c.jpg', '333973142_abcd151002.jpg']","[0.7584, 0.6426, 0.5685]"
2958,a dog runs through a field with a stick in his mouth,3294952558_96bb8c8cf3.jpg,-1,0.3959,0.6884,0.2925,"['2986716822_e220754d32.jpg', '2404520067_87798dbaee.jpg', '3396817186_b299ee0531.jpg']","[0.6884, 0.5884, 0.5818]"
2959,the brown dog is bringing back a stick on green grass,3294952558_96bb8c8cf3.jpg,-1,0.3293,0.8281,0.4988,"['2986716822_e220754d32.jpg', '2066241589_b80e9f676c.jpg', '2229179070_dc8ea8582e.jpg']","[0.8281, 0.6052, 0.5805]"
2960,a person is jumping over a train car while on their bicycle,3295680663_af21ea648b.jpg,8,0.487,0.5875,0.1005,"['3240351042_5d29c94b0e.jpg', '3531811969_49af4c22f0.jpg', '2268729848_d418451226.jpg']","[0.5875, 0.5515, 0.5351]"
2961,a person is in the air while riding his bicycle on top of the train on a clear blue sky day,3295680663_af21ea648b.jpg,-1,0.4521,0.6313,0.1791,"['3240351042_5d29c94b0e.jpg', '3531811969_49af4c22f0.jpg', '3671933270_d124e9a1a4.jpg']","[0.6313, 0.6101, 0.5955]"
2962,a person on a bicycle moving across the top of a train,3295680663_af21ea648b.jpg,-1,0.4183,0.6279,0.2096,"['3671933270_d124e9a1a4.jpg', '3649916507_b88a3d2082.jpg', '3729405438_6e79077ab2.jpg']","[0.6279, 0.6234, 0.6096]"
2963,a man jumps train cars with his bike,3295680663_af21ea648b.jpg,-1,0.3753,0.5689,0.1937,"['397601572_9587a39291.jpg', '1643915227_9f48068772.jpg', '2877159456_ea4a46b0d2.jpg']","[0.5689, 0.5028, 0.4872]"
2964,a man on a bmx bike jumps over a train,3295680663_af21ea648b.jpg,-1,0.3792,0.7351,0.3559,"['3531811969_49af4c22f0.jpg', '3649916507_b88a3d2082.jpg', '3729405438_6e79077ab2.jpg']","[0.7351, 0.6993, 0.6525]"
2965,brown dog jumping near water on the beach,3298233193_d2a550840d.jpg,10,0.6282,0.8434,0.2153,"['2281006675_fde04e93dd.jpg', '2952141476_fc9a48a60a.jpg', '140430106_2978fda105.jpg']","[0.8434, 0.7798, 0.7698]"
2967,a dog plays with a ball at the beach,3298233193_d2a550840d.jpg,2,0.6286,0.6635,0.0349,"['539750844_02a07ec524.jpg', '3298233193_d2a550840d.jpg', '2281006675_fde04e93dd.jpg']","[0.6635, 0.6286, 0.6167]"
2968,a dog playing in the waves with a ball,3298233193_d2a550840d.jpg,2,0.6421,0.7091,0.0669,"['2417745327_a2c2705043.jpg', '3298233193_d2a550840d.jpg', '3496028495_431cfdc042.jpg']","[0.7091, 0.6421, 0.6182]"
2970,a black bird carrying a small branch,3301754574_465af5bf6d.jpg,9,0.4645,0.5492,0.0847,"['333973142_abcd151002.jpg', '358875403_f357f03713.jpg', '3405113041_4b72c24801.jpg']","[0.5492, 0.5279, 0.5122]"
2971,a black bird flies while carrying a small tree branch in its beak,3301754574_465af5bf6d.jpg,3,0.5296,0.5442,0.0146,"['358875403_f357f03713.jpg', '333973142_abcd151002.jpg', '3301754574_465af5bf6d.jpg']","[0.5442, 0.538, 0.5296]"
2972,a black bird in the air with leaves in its mouth,3301754574_465af5bf6d.jpg,3,0.5496,0.5769,0.0273,"['3405113041_4b72c24801.jpg', '3315110972_1090d11728.jpg', '3301754574_465af5bf6d.jpg']","[0.5769, 0.562, 0.5496]"
2974,the bird is carrying a plant in its mouth while flying,3301754574_465af5bf6d.jpg,2,0.6522,0.6545,0.0023,"['2909875716_25c8652614.jpg', '3301754574_465af5bf6d.jpg', '3315110972_1090d11728.jpg']","[0.6545, 0.6522, 0.5983]"
2975,a boy in a headband plays drums,3305767464_d64a336f60.jpg,8,0.4759,0.5922,0.1163,"['3332202255_a30c522664.jpg', '2561319255_ce5ede291e.jpg', '3426144752_28d63615ca.jpg']","[0.5922, 0.5824, 0.5582]"
2976,a drummer is sitting behind a drum kit near to someone playing a guitar,3305767464_d64a336f60.jpg,3,0.5787,0.7657,0.187,"['3619232550_0b1e1fd4e4.jpg', '3332202255_a30c522664.jpg', '3305767464_d64a336f60.jpg']","[0.7657, 0.6989, 0.5787]"
2977,a man in a white headband plays the drums at a concert,3305767464_d64a336f60.jpg,2,0.63,0.7307,0.1007,"['3332202255_a30c522664.jpg', '3305767464_d64a336f60.jpg', '3619232550_0b1e1fd4e4.jpg']","[0.7307, 0.63, 0.5839]"
2978,a man with a white headband playing drums,3305767464_d64a336f60.jpg,2,0.5813,0.7015,0.1202,"['3332202255_a30c522664.jpg', '3305767464_d64a336f60.jpg', '3619232550_0b1e1fd4e4.jpg']","[0.7015, 0.5813, 0.5785]"
2979,the boy is playing drums,3305767464_d64a336f60.jpg,-1,0.3981,0.5033,0.1052,"['3619232550_0b1e1fd4e4.jpg', '2561319255_ce5ede291e.jpg', '3698944019_825ef54f2f.jpg']","[0.5033, 0.5026, 0.4914]"
2980,a child is climbing over a chain leading to open water,3307563498_e2b4f19272.jpg,4,0.5479,0.7299,0.182,"['2752331711_cb18abba5a.jpg', '3690425778_3b390b3ea5.jpg', '1299459550_1fd5594fa2.jpg']","[0.7299, 0.6738, 0.5752]"
2981,a child crossing a chain fence to get to the water,3307563498_e2b4f19272.jpg,5,0.6562,0.759,0.1028,"['3637013_c675de7705.jpg', '3690425778_3b390b3ea5.jpg', '2107838729_a527e434bd.jpg']","[0.759, 0.6982, 0.6761]"
2982,a young boy on the beach by ropes,3307563498_e2b4f19272.jpg,-1,0.3536,0.6788,0.3252,"['2271468944_3264d29208.jpg', '2701487024_e866eb4550.jpg', '3532194771_07faf20d76.jpg']","[0.6788, 0.6049, 0.562]"
2983,a boy playing on a chain at a beach,3307563498_e2b4f19272.jpg,-1,0.359,0.5879,0.2289,"['2271468944_3264d29208.jpg', '3532194771_07faf20d76.jpg', '2701487024_e866eb4550.jpg']","[0.5879, 0.5462, 0.5415]"
2984,a child begins to climb over a chain with water on the other side,3307563498_e2b4f19272.jpg,-1,0.4712,0.6923,0.2211,"['2752331711_cb18abba5a.jpg', '3690425778_3b390b3ea5.jpg', '1299459550_1fd5594fa2.jpg']","[0.6923, 0.6493, 0.5838]"
2985,a dirt bike rider jumps into the air and does a trick,3309578722_1765d7d1af.jpg,7,0.6947,0.7968,0.1021,"['3043501068_be58ac47e1.jpg', '3488512097_e500cb499f.jpg', '3215315009_47577bf8f7.jpg']","[0.7968, 0.7703, 0.7382]"
2986,a guy doing tricks on his motorcycle next to fireworks,3309578722_1765d7d1af.jpg,2,0.652,0.7499,0.0979,"['2652155912_8ba5426790.jpg', '3309578722_1765d7d1af.jpg', '3528105511_12ff45dc9c.jpg']","[0.7499, 0.652, 0.6272]"
2987,a lone motorcyclist jumping in midair with his legs in the air and sparks flying in the background,3309578722_1765d7d1af.jpg,2,0.8204,0.8602,0.0398,"['3528105511_12ff45dc9c.jpg', '3309578722_1765d7d1af.jpg', '3043501068_be58ac47e1.jpg']","[0.8602, 0.8204, 0.7695]"
2989,a stunt man does a bike trick up in the air while fireworks go off around him,3309578722_1765d7d1af.jpg,3,0.6359,0.725,0.089,"['3179336562_c3d0c0a3bd.jpg', '2652155912_8ba5426790.jpg', '3309578722_1765d7d1af.jpg']","[0.725, 0.6385, 0.6359]"
2990,the dog is lying on the cobblestone street,3310067561_b92017acab.jpg,2,0.5768,0.5996,0.0228,"['2702506716_17a7fb3ba4.jpg', '3310067561_b92017acab.jpg', '3383491811_fd9d3a891d.jpg']","[0.5996, 0.5768, 0.5488]"
2991,a yellow dog is lying near where people are walking,3310067561_b92017acab.jpg,-1,0.4529,0.5683,0.1154,"['3383491811_fd9d3a891d.jpg', '3353278454_2f3a4d0bbc.jpg', '3224578187_749882c17f.jpg']","[0.5683, 0.5402, 0.5174]"
2992,a dog lies down on a cobblestone street,3310067561_b92017acab.jpg,4,0.5637,0.6142,0.0505,"['2702506716_17a7fb3ba4.jpg', '3383491811_fd9d3a891d.jpg', '460935487_75b2da7854.jpg']","[0.6142, 0.5742, 0.5704]"
2993,a brown dog is sitting on a cobbled pavement,3310067561_b92017acab.jpg,10,0.5041,0.6545,0.1505,"['3383491811_fd9d3a891d.jpg', '1659358133_95cd1027bd.jpg', '3228069008_edb2961fc4.jpg']","[0.6545, 0.6036, 0.5825]"
2995,a speed boat jumps over waves in the water,3315033940_e91f87b7f2.jpg,2,0.718,0.7551,0.0371,"['3467510271_0f57e52768.jpg', '3315033940_e91f87b7f2.jpg', '70995350_75d0698839.jpg']","[0.7551, 0.718, 0.6405]"
2999,two people drive a small motor boat on choppy water,3315033940_e91f87b7f2.jpg,3,0.6443,0.6984,0.0541,"['2660480624_45f88b3022.jpg', '492341908_1ef53be265.jpg', '3315033940_e91f87b7f2.jpg']","[0.6984, 0.6474, 0.6443]"
3001,a swan is flying above water,3315110972_1090d11728.jpg,2,0.7605,0.8179,0.0575,"['3282634762_2650d0088a.jpg', '3315110972_1090d11728.jpg', '3405113041_4b72c24801.jpg']","[0.8179, 0.7605, 0.731]"
3004,a stork flying low over the water,3315110972_1090d11728.jpg,8,0.6191,0.8076,0.1885,"['70995350_75d0698839.jpg', '3467510271_0f57e52768.jpg', '3625519177_4c2bb9e7f0.jpg']","[0.8076, 0.7587, 0.7421]"
3005,children inspecting an iron structure,3317960829_78bbfafbb6.jpg,-1,0.338,0.6359,0.2979,"['2911919938_6bb6587a36.jpg', '3480052428_c034b98a08.jpg', '534056823_0752303702.jpg']","[0.6359, 0.6092, 0.5773]"
3006,three boys inspecting a piece of metal outdoor furniture,3317960829_78bbfafbb6.jpg,-1,0.3389,0.5626,0.2237,"['3480052428_c034b98a08.jpg', '3501083764_cf592292a6.jpg', '3217291172_10ef70af88.jpg']","[0.5626, 0.5333, 0.5302]"
3007,three children inspecting a patio table,3317960829_78bbfafbb6.jpg,-1,0.2312,0.5855,0.3542,"['533713001_2d36e93509.jpg', '3197891333_b1b0fd1702.jpg', '799431781_65dc312afc.jpg']","[0.5855, 0.4841, 0.4801]"
3008,three children playing with metal furniture,3317960829_78bbfafbb6.jpg,-1,0.2275,0.6044,0.3769,"['799431781_65dc312afc.jpg', '2374247382_023a86b9ca.jpg', '350443876_c9769f5734.jpg']","[0.6044, 0.5399, 0.5122]"
3009,three small boys working on a piece of furniture on a deck,3317960829_78bbfafbb6.jpg,8,0.4064,0.5591,0.1527,"['2707873672_15e6b5d54b.jpg', '799431781_65dc312afc.jpg', '2030781555_b7ff7be28f.jpg']","[0.5591, 0.5264, 0.5142]"
3010,there is a man shooting basketballs next to a toddler,3318995586_c2bc50b92e.jpg,10,0.435,0.7144,0.2794,"['2021602343_03023e1fd1.jpg', '3154709407_9b0778cbeb.jpg', '2991575785_bd4868e215.jpg']","[0.7144, 0.6605, 0.5341]"
3011,the little girl is sitting under the basket while the man throws the ball,3318995586_c2bc50b92e.jpg,-1,0.3062,0.6796,0.3734,"['2021602343_03023e1fd1.jpg', '3154709407_9b0778cbeb.jpg', '3403263046_3cc701a07a.jpg']","[0.6796, 0.5789, 0.5781]"
3012,a little girl plays on a toy basketball game,3318995586_c2bc50b92e.jpg,-1,0.2301,0.7357,0.5056,"['2021602343_03023e1fd1.jpg', '2576878141_87f25a10f0.jpg', '2903617548_d3e38d7f88.jpg']","[0.7357, 0.6591, 0.6164]"
3013,man holding a beer throws a basketball where a little girl is playing,3318995586_c2bc50b92e.jpg,-1,0.3922,0.5841,0.192,"['2021602343_03023e1fd1.jpg', '2991575785_bd4868e215.jpg', '278002800_3817135105.jpg']","[0.5841, 0.5694, 0.5671]"
3014,the baby in the red outfit is sitting in the middle of a basketball arcade game,3318995586_c2bc50b92e.jpg,-1,0.3252,0.6457,0.3205,"['2021602343_03023e1fd1.jpg', '2576878141_87f25a10f0.jpg', '3751594676_edfbfa0688.jpg']","[0.6457, 0.6312, 0.6019]"
3015,two girls clasp hands and pose for a picture,3319058642_885d756295.jpg,10,0.5747,0.7327,0.1579,"['3534824784_7133119316.jpg', '3145967019_1a83ebf712.jpg', '2337809114_899ba61330.jpg']","[0.7327, 0.7291, 0.6702]"
3016,two girls holding hands in orange clothes,3319058642_885d756295.jpg,10,0.5316,0.6247,0.0932,"['1389264266_8170bc1c54.jpg', '3035118753_69287079dc.jpg', '954987350_a0c608b467.jpg']","[0.6247, 0.6066, 0.6017]"
3017,two girls wearing orange outfits hold hands and smile,3319058642_885d756295.jpg,5,0.6415,0.7157,0.0742,"['3534824784_7133119316.jpg', '2337809114_899ba61330.jpg', '3035118753_69287079dc.jpg']","[0.7157, 0.7152, 0.6507]"
3018,two smiling girls that are holding hands,3319058642_885d756295.jpg,5,0.7122,0.7899,0.0778,"['3534824784_7133119316.jpg', '3183883750_b6acc40397.jpg', '3396153660_f729d9f9b9.jpg']","[0.7899, 0.7319, 0.7207]"
3019,two women wearing orange dresses hold hands,3319058642_885d756295.jpg,3,0.598,0.65,0.052,"['3638783842_af08dbb518.jpg', '1389264266_8170bc1c54.jpg', '3319058642_885d756295.jpg']","[0.65, 0.6057, 0.598]"
3021,several people relax on a porch with a view of the mountains,3319338707_892ae2a660.jpg,2,0.6436,0.6775,0.0338,"['436009777_440c7679a1.jpg', '3319338707_892ae2a660.jpg', '3340575518_137ce2695f.jpg']","[0.6775, 0.6436, 0.5827]"
3025,a person in a green jacket and yellow pants is on a snowboard coming down a roof into the snow,3319899418_4bcf1b00d8.jpg,3,0.692,0.8115,0.1194,"['3329793486_afc16663cc.jpg', '3241965735_8742782a70.jpg', '3319899418_4bcf1b00d8.jpg']","[0.8115, 0.6951, 0.692]"
3026,a snowboarder goes up a ramp,3319899418_4bcf1b00d8.jpg,2,0.7307,0.786,0.0553,"['3329793486_afc16663cc.jpg', '3319899418_4bcf1b00d8.jpg', '3288274849_07ff76ee93.jpg']","[0.786, 0.7307, 0.7176]"
3027,a snowboarder slides down the side of an aframe house buried in snow,3319899418_4bcf1b00d8.jpg,6,0.593,0.7484,0.1553,"['3329793486_afc16663cc.jpg', '3170551725_1276644eab.jpg', '3287963317_186491ee78.jpg']","[0.7484, 0.6687, 0.6475]"
3028,someone snowboards up the roof of a barn,3319899418_4bcf1b00d8.jpg,5,0.6313,0.6833,0.052,"['3329793486_afc16663cc.jpg', '3329169877_175cb16845.jpg', '3248352729_ab264b2222.jpg']","[0.6833, 0.6454, 0.637]"
3031,a man with glasses and a hat and a baby,3321516504_5ee97771cb.jpg,-1,0.4122,0.5472,0.135,"['2924884899_f512c84332.jpg', '452419961_6d42ab7000.jpg', '1417295167_5299df6db8.jpg']","[0.5472, 0.533, 0.5211]"
3035,the skateboarder is jumping over a ramp,3323988406_e3c8fce690.jpg,4,0.6487,0.7244,0.0757,"['2332540384_4cf26406a9.jpg', '3576741633_671340544c.jpg', '2876494009_9f96d7eaf2.jpg']","[0.7244, 0.7077, 0.6993]"
3036,a lone skateboarder jumping a huge skateboarding ramp,3323988406_e3c8fce690.jpg,3,0.7115,0.7642,0.0527,"['3244734844_c318c29c23.jpg', '3576741633_671340544c.jpg', '3323988406_e3c8fce690.jpg']","[0.7642, 0.721, 0.7115]"
3037,a man dressed all in black performs a trick on a rail while wearing inline skates,3323988406_e3c8fce690.jpg,-1,0.4776,0.7587,0.281,"['2968135512_51fbb56e3e.jpg', '2922512807_d382528a93.jpg', '2700147489_f1664f2b61.jpg']","[0.7587, 0.7136, 0.6973]"
3038,an inline skater doing a jump on a ramp,3323988406_e3c8fce690.jpg,9,0.6158,0.7088,0.093,"['3446762868_06e9d9d899.jpg', '2968135512_51fbb56e3e.jpg', '3348811097_0e09baa26f.jpg']","[0.7088, 0.7063, 0.6903]"
3039,a skateboarder makes a jump off a ramp,3323988406_e3c8fce690.jpg,4,0.7039,0.766,0.0621,"['2876494009_9f96d7eaf2.jpg', '2332540384_4cf26406a9.jpg', '3576741633_671340544c.jpg']","[0.766, 0.7514, 0.7335]"
3045,a lone snowboarder wearing a white jacket jumping into the air on the snowy mountains,3329169877_175cb16845.jpg,4,0.768,0.8185,0.0504,"['3254645823_a7c072481c.jpg', '3248352729_ab264b2222.jpg', '3012513414_86180c44cb.jpg']","[0.8185, 0.7997, 0.784]"
3047,a snowboarder gets some air,3329169877_175cb16845.jpg,2,0.8228,0.8485,0.0257,"['3319899418_4bcf1b00d8.jpg', '3329169877_175cb16845.jpg', '3254645823_a7c072481c.jpg']","[0.8485, 0.8228, 0.7835]"
3048,a snowboarder in green pants and a white jacket is jumping high in the air,3329169877_175cb16845.jpg,3,0.7981,0.8123,0.0142,"['3248352729_ab264b2222.jpg', '3241965735_8742782a70.jpg', '3329169877_175cb16845.jpg']","[0.8123, 0.7988, 0.7981]"
3049,someone in green pants is on a white snowboard in the air,3329169877_175cb16845.jpg,4,0.7147,0.7573,0.0426,"['3319899418_4bcf1b00d8.jpg', '3241965735_8742782a70.jpg', '3329793486_afc16663cc.jpg']","[0.7573, 0.7538, 0.7533]"
3050,snowboarding practice on a snowy hillside,3329793486_afc16663cc.jpg,4,0.672,0.7293,0.0573,"['2301867590_98c0ecb0cb.jpg', '3708743823_3e3e0554d1.jpg', '369360998_ba56fb436f.jpg']","[0.7293, 0.707, 0.6808]"
3053,a man on a snowboard is grinding a ramp,3329793486_afc16663cc.jpg,3,0.6315,0.7185,0.087,"['2332540384_4cf26406a9.jpg', '3170551725_1276644eab.jpg', '3329793486_afc16663cc.jpg']","[0.7185, 0.6511, 0.6315]"
3054,a skier on a snowy ski jump,3329793486_afc16663cc.jpg,-1,0.539,0.7628,0.2238,"['3264650118_be7df266e7.jpg', '3248352729_ab264b2222.jpg', '3241965735_8742782a70.jpg']","[0.7628, 0.7617, 0.7564]"
3055,a dog holds a large stick in its mouth in the woods,3330935489_9cb67ca36b.jpg,3,0.6708,0.7535,0.0827,"['2986716822_e220754d32.jpg', '333973142_abcd151002.jpg', '3330935489_9cb67ca36b.jpg']","[0.7535, 0.6771, 0.6708]"
3056,a dog takes a large stick in its mouth,3330935489_9cb67ca36b.jpg,-1,0.4319,0.7353,0.3034,"['2986716822_e220754d32.jpg', '333973142_abcd151002.jpg', '2066241589_b80e9f676c.jpg']","[0.7353, 0.6085, 0.5694]"
3057,a small white dog pulls a large stick out of the water,3330935489_9cb67ca36b.jpg,-1,0.3307,0.6748,0.3442,"['3712742641_641282803e.jpg', '2209496328_2a34fd201d.jpg', '2100046085_69b59b6645.jpg']","[0.6748, 0.6263, 0.6178]"
3058,a white pug dog is biting and trying to pull a large stick out of some water,3330935489_9cb67ca36b.jpg,6,0.5493,0.6328,0.0834,"['431410325_f4916b5460.jpg', '2986716822_e220754d32.jpg', '2270483627_16fe41b063.jpg']","[0.6328, 0.5844, 0.5708]"
3059,the white dog is pulling a large stick,3330935489_9cb67ca36b.jpg,-1,0.4755,0.6038,0.1283,"['416106657_cab2a107a5.jpg', '3368671163_0171259581.jpg', '467858872_f3431df682.jpg']","[0.6038, 0.602, 0.599]"
3061,two young men are playing guitars in the corner of a room,3332202255_a30c522664.jpg,2,0.7107,0.7632,0.0525,"['3619232550_0b1e1fd4e4.jpg', '3332202255_a30c522664.jpg', '3305767464_d64a336f60.jpg']","[0.7632, 0.7107, 0.5859]"
3062,two men are playing in a band,3332202255_a30c522664.jpg,2,0.7253,0.767,0.0418,"['3619232550_0b1e1fd4e4.jpg', '3332202255_a30c522664.jpg', '3155400369_69e3d6d70f.jpg']","[0.767, 0.7253, 0.7091]"
3065,a man drives a motorbike while another man falls off of it and into the mud,3335370208_460fc19bfa.jpg,2,0.763,0.7881,0.0251,"['2891617125_f939f604c7.jpg', '3335370208_460fc19bfa.jpg', '3556598205_86c180769d.jpg']","[0.7881, 0.763, 0.7468]"
3067,the man falls out of the sidecar into a puddle during the race,3335370208_460fc19bfa.jpg,4,0.6056,0.6536,0.048,"['2943023421_e297f05e11.jpg', '3397228832_8ce5b1c26f.jpg', '2660480624_45f88b3022.jpg']","[0.6536, 0.6163, 0.6081]"
3070,the dog is licking inside the peanut butter jar,3336361161_c06cdd160e.jpg,7,0.5431,0.6655,0.1224,"['516214924_c2a4364cb3.jpg', '2949353587_64c54e9589.jpg', '1526325728_74eb4153d8.jpg']","[0.6655, 0.6357, 0.5878]"
3071,a small white and tan dog licking up peanut butter,3336361161_c06cdd160e.jpg,5,0.5652,0.6414,0.0761,"['2550109269_bc4262bd27.jpg', '1084040636_97d9633581.jpg', '516214924_c2a4364cb3.jpg']","[0.6414, 0.6132, 0.5959]"
3072,a dog licks the peanut butter jar,3336361161_c06cdd160e.jpg,10,0.5121,0.6397,0.1275,"['516214924_c2a4364cb3.jpg', '1526325728_74eb4153d8.jpg', '240583223_e26e17ee96.jpg']","[0.6397, 0.6166, 0.5836]"
3073,a dog is eating peanut butter out of a jar,3336361161_c06cdd160e.jpg,-1,0.4127,0.5929,0.1802,"['516214924_c2a4364cb3.jpg', '1526325728_74eb4153d8.jpg', '2181724497_dbb7fcb0a9.jpg']","[0.5929, 0.5418, 0.4996]"
3074,a dog eats peanut butter out of a jar,3336361161_c06cdd160e.jpg,-1,0.4168,0.6308,0.214,"['516214924_c2a4364cb3.jpg', '1526325728_74eb4153d8.jpg', '2119660490_ce0d4d1f73.jpg']","[0.6308, 0.5564, 0.5068]"
3075,a black dog in snow is jumping off the ground to catch a stick,3338217927_3c5cf3f7c6.jpg,-1,0.3937,0.7139,0.3202,"['410422753_de506155fa.jpg', '2335619125_2e2034f2c3.jpg', '2378127945_8dc9da82d7.jpg']","[0.7139, 0.6888, 0.5855]"
3076,a dog jumping for a frisbee in the snow,3338217927_3c5cf3f7c6.jpg,-1,0.501,0.6658,0.1647,"['2839807428_efe42423f2.jpg', '3108732084_565b423162.jpg', '3257277774_aba333a94c.jpg']","[0.6658, 0.6413, 0.6364]"
3077,a dog jumps to catch a toy in the snow,3338217927_3c5cf3f7c6.jpg,-1,0.4259,0.6408,0.2149,"['2839807428_efe42423f2.jpg', '3257277774_aba333a94c.jpg', '3338291921_fe7ae0c8f8.jpg']","[0.6408, 0.6189, 0.6148]"
3078,a dog plays in the snow,3338217927_3c5cf3f7c6.jpg,-1,0.5686,0.8116,0.243,"['421808539_57abee6d55.jpg', '341430859_4519802e8f.jpg', '3338291921_fe7ae0c8f8.jpg']","[0.8116, 0.7951, 0.7805]"
3079,black dog jumping into the air to catch a toy in the snow,3338217927_3c5cf3f7c6.jpg,-1,0.4172,0.7049,0.2877,"['2335619125_2e2034f2c3.jpg', '410422753_de506155fa.jpg', '3257277774_aba333a94c.jpg']","[0.7049, 0.6398, 0.6057]"
3080,a dog is carrying something pink in its mouth while walking through the snow,3338291921_fe7ae0c8f8.jpg,2,0.6586,0.6792,0.0206,"['341430859_4519802e8f.jpg', '3338291921_fe7ae0c8f8.jpg', '421808539_57abee6d55.jpg']","[0.6792, 0.6586, 0.5938]"
3081,a dog with something pink in its mouth is looking forward,3338291921_fe7ae0c8f8.jpg,-1,0.5007,0.6932,0.1925,"['458735196_176e7df6b3.jpg', '244399048_8332bb3270.jpg', '3559781965_d4ec00e506.jpg']","[0.6932, 0.6342, 0.6195]"
3085,a woman in purple is on a purple bike wearing a blue and red helmet,3339586622_a7676b30e1.jpg,-1,0.3703,0.7242,0.3539,"['2192411521_9c7e488c5e.jpg', '2355819665_39021ff642.jpg', '2744600462_5804577296.jpg']","[0.7242, 0.6714, 0.6689]"
3086,a woman wearing a helmet rides her bike down a steep incline,3339586622_a7676b30e1.jpg,-1,0.1701,0.7557,0.5856,"['3671933270_d124e9a1a4.jpg', '2308108566_2cba6bca53.jpg', '3474985008_0a827cd340.jpg']","[0.7557, 0.645, 0.6413]"
3087,a woman wearing purple on a purple bike doing a trick on a ramp,3339586622_a7676b30e1.jpg,10,0.5025,0.6815,0.179,"['2834103050_512e5b330a.jpg', '2522467011_cc825d89ac.jpg', '3531811969_49af4c22f0.jpg']","[0.6815, 0.5943, 0.5776]"
3088,the helmeted girl perches on a bike,3339586622_a7676b30e1.jpg,-1,0.3492,0.6177,0.2685,"['2192411521_9c7e488c5e.jpg', '2744600462_5804577296.jpg', '654130822_4aeb1f1273.jpg']","[0.6177, 0.5949, 0.5816]"
3089,the woman is performing a trick on a ramp with a bicycle,3339586622_a7676b30e1.jpg,10,0.519,0.6543,0.1353,"['2834103050_512e5b330a.jpg', '3531811969_49af4c22f0.jpg', '3649916507_b88a3d2082.jpg']","[0.6543, 0.6479, 0.5895]"
3090,a rottweiler carries a very long stick in his mouth through the woods,333973142_abcd151002.jpg,3,0.6856,0.7881,0.1025,"['2986716822_e220754d32.jpg', '2066241589_b80e9f676c.jpg', '333973142_abcd151002.jpg']","[0.7881, 0.7156, 0.6856]"
3091,a dog carries a large stick,333973142_abcd151002.jpg,2,0.5999,0.7402,0.1403,"['2986716822_e220754d32.jpg', '333973142_abcd151002.jpg', '2066241589_b80e9f676c.jpg']","[0.7402, 0.5999, 0.5712]"
3094,a brown and black dog carries a precariously long stick in his mouth in the wooded area,333973142_abcd151002.jpg,2,0.726,0.7831,0.0572,"['2986716822_e220754d32.jpg', '333973142_abcd151002.jpg', '2066241589_b80e9f676c.jpg']","[0.7831, 0.726, 0.6619]"
3098,a group of people sitting on top of a hillside,3340575518_137ce2695f.jpg,2,0.6761,0.6865,0.0104,"['3319338707_892ae2a660.jpg', '3340575518_137ce2695f.jpg', '436009777_440c7679a1.jpg']","[0.6865, 0.6761, 0.5964]"
3099,the green hilly countryside is where the people are gathered to sit down,3340575518_137ce2695f.jpg,2,0.5931,0.6353,0.0422,"['436009777_440c7679a1.jpg', '3340575518_137ce2695f.jpg', '3638374272_444f5e0457.jpg']","[0.6353, 0.5931, 0.5284]"
3100,two people dressed in green and red costumes are outside on the sidewalk,3342272425_804316cb3d.jpg,6,0.5783,0.6467,0.0685,"['635444010_bd81c89ab7.jpg', '1432342377_3e41603f26.jpg', '1389264266_8170bc1c54.jpg']","[0.6467, 0.6459, 0.6213]"
3101,two people in lavish costumes standing on the street,3342272425_804316cb3d.jpg,-1,0.3874,0.7439,0.3565,"['440184957_267f3f3a2b.jpg', '3084034954_fe5737197d.jpg', '536537638_f5ee42410b.jpg']","[0.7439, 0.6468, 0.602]"
3102,people in costumes are walking around in the street,3342272425_804316cb3d.jpg,-1,0.3346,0.646,0.3115,"['3565598162_56044bc2f7.jpg', '536537638_f5ee42410b.jpg', '3111897772_5211a37a02.jpg']","[0.646, 0.6422, 0.6307]"
3103,a person in a green feathered costume is bending down in front of a woman with painted breasts,3342272425_804316cb3d.jpg,-1,0.2853,0.7052,0.4198,"['440184957_267f3f3a2b.jpg', '2522467011_cc825d89ac.jpg', '3084034954_fe5737197d.jpg']","[0.7052, 0.674, 0.6392]"
3104,a woman in a green costume is standing in front of a topless woman with painted breasts,3342272425_804316cb3d.jpg,-1,0.1879,0.6944,0.5065,"['440184957_267f3f3a2b.jpg', '3638783842_af08dbb518.jpg', '3084034954_fe5737197d.jpg']","[0.6944, 0.6301, 0.6269]"
3105,a girl is standing on a graffiti covered stone with something in her mouth,3345025842_bc2082a509.jpg,3,0.5492,0.5916,0.0424,"['1115565519_d976d4b1f1.jpg', '758921886_55a351dd67.jpg', '3345025842_bc2082a509.jpg']","[0.5916, 0.5787, 0.5492]"
3106,a girl is standing on a painted slab of cement and twisting her body to look up at the camera,3345025842_bc2082a509.jpg,2,0.5777,0.7187,0.141,"['758921886_55a351dd67.jpg', '3345025842_bc2082a509.jpg', '1093737381_b313cd49ff.jpg']","[0.7187, 0.5777, 0.5414]"
3107,a girl poses for the camera with her mouth open and a yellow stick coming out of it,3345025842_bc2082a509.jpg,-1,0.1425,0.6717,0.5293,"['2721656220_5f4cda8bc1.jpg', '911795495_342bb15b97.jpg', '2648165716_02e2e74fd6.jpg']","[0.6717, 0.6298, 0.6093]"
3108,a girl stands on a graffitied wall her head skewed sideways,3345025842_bc2082a509.jpg,8,0.4836,0.6133,0.1297,"['758921886_55a351dd67.jpg', '3724113279_99b6e5bf41.jpg', '3701226275_952547ba0f.jpg']","[0.6133, 0.5553, 0.5494]"
3109,the girl in the jacket is on the cement with a sucker in her mouth and a bike to the right,3345025842_bc2082a509.jpg,-1,0.3735,0.7052,0.3317,"['2192411521_9c7e488c5e.jpg', '2355819665_39021ff642.jpg', '3671933270_d124e9a1a4.jpg']","[0.7052, 0.6646, 0.5787]"
3110,two men walk together outdoors carrying red bags from a store,3347500603_13670ee6bf.jpg,-1,0.4768,0.5935,0.1168,"['380527679_574749123d.jpg', '3677734351_63d60844cb.jpg', '2219959872_988e6d498e.jpg']","[0.5935, 0.5926, 0.5673]"
3111,two men walking by a fence holding red shopping bags,3347500603_13670ee6bf.jpg,5,0.54,0.6109,0.0708,"['2894850774_2d530040a1.jpg', '268365231_a0acecdc45.jpg', '2533076864_d799996433.jpg']","[0.6109, 0.5708, 0.5563]"
3112,two men are carrying red bags on the street beside a white metal fence,3347500603_13670ee6bf.jpg,8,0.5038,0.6678,0.164,"['2894850774_2d530040a1.jpg', '380527679_574749123d.jpg', '3125158798_0743dae56e.jpg']","[0.6678, 0.5553, 0.5489]"
3113,two asian men walking down the street holding red bags,3347500603_13670ee6bf.jpg,-1,0.3881,0.5635,0.1753,"['380527679_574749123d.jpg', '2219959872_988e6d498e.jpg', '2894850774_2d530040a1.jpg']","[0.5635, 0.5212, 0.5146]"
3114,two asian men walking with red bags,3347500603_13670ee6bf.jpg,-1,0.3432,0.5887,0.2456,"['2219959872_988e6d498e.jpg', '3125158798_0743dae56e.jpg', '2346772831_b2748ba1f0.jpg']","[0.5887, 0.5256, 0.5234]"
3115,a group of children wearing blue and yellow uniforms put their hangs together,3347701468_bb0001b035.jpg,-1,0.4082,0.7191,0.3109,"['3242718240_3358f2d6e6.jpg', '2211593099_4a4f1c85d2.jpg', '3694093650_547259731e.jpg']","[0.7191, 0.6908, 0.6667]"
3116,a soccer team with blue jerseys is huddled together with their hands touching above their heads,3347701468_bb0001b035.jpg,2,0.5843,0.6448,0.0605,"['2003663004_5b70920a98.jpg', '3347701468_bb0001b035.jpg', '2939371251_f923569a72.jpg']","[0.6448, 0.5843, 0.5656]"
3117,a young flag football team are huddled together,3347701468_bb0001b035.jpg,6,0.5042,0.7776,0.2734,"['241347547_902725b9f8.jpg', '2003663004_5b70920a98.jpg', '2939371251_f923569a72.jpg']","[0.7776, 0.774, 0.7396]"
3118,boys huddle during a soccer game,3347701468_bb0001b035.jpg,-1,0.3881,0.7612,0.3731,"['3506607642_40037b3fbf.jpg', '3538021517_b930dc76fc.jpg', '278608022_4175813019.jpg']","[0.7612, 0.6999, 0.6865]"
3119,soccer players in blue before a game,3347701468_bb0001b035.jpg,-1,0.4425,0.8607,0.4182,"['269986132_91b71e8aaa.jpg', '3613027188_1645ca1976.jpg', '3380072636_4cd59385fd.jpg']","[0.8607, 0.8003, 0.7551]"
3121,one man watches while another breakdances balancing himself for a moment on one hand,3348208268_6d97d951eb.jpg,10,0.5369,0.678,0.1411,"['3630332976_fdba22c50b.jpg', '3649307685_60c1294d2a.jpg', '206087108_d4557d38ee.jpg']","[0.678, 0.678, 0.6471]"
3123,a boy in a black cap break dancing,3348208268_6d97d951eb.jpg,-1,0.2928,0.56,0.2671,"['543264612_c53cc163b4.jpg', '3494394662_3edfd4a34c.jpg', '2868575889_2c030aa8ae.jpg']","[0.56, 0.5504, 0.549]"
3124,a young adult dances on his hand,3348208268_6d97d951eb.jpg,-1,0.3018,0.5621,0.2603,"['3613005134_bb7f304da1.jpg', '1860543210_47e94cf652.jpg', '613900608_2e49415772.jpg']","[0.5621, 0.5471, 0.5318]"
3125,a boy jumps off of an open air staircase,3348811097_0e09baa26f.jpg,2,0.6626,0.7351,0.0725,"['3029472296_d429b1586c.jpg', '3348811097_0e09baa26f.jpg', '2351479551_e8820a1ff3.jpg']","[0.7351, 0.6626, 0.6618]"
3126,a person jumping off of an outdoor staircase,3348811097_0e09baa26f.jpg,6,0.6527,0.7346,0.0819,"['2351479551_e8820a1ff3.jpg', '3029472296_d429b1586c.jpg', '2061144717_5b3a1864f0.jpg']","[0.7346, 0.6772, 0.6673]"
3127,a person jumping step railing,3348811097_0e09baa26f.jpg,2,0.716,0.7257,0.0097,"['3412822878_5d961492e5.jpg', '3348811097_0e09baa26f.jpg', '2968135512_51fbb56e3e.jpg']","[0.7257, 0.716, 0.6547]"
3128,boy wearing a blue hoodie jumps over a stair railing,3348811097_0e09baa26f.jpg,3,0.6576,0.6708,0.0132,"['3412822878_5d961492e5.jpg', '540604040_bec822c144.jpg', '3348811097_0e09baa26f.jpg']","[0.6708, 0.6605, 0.6576]"
3129,the young man wearing a blue sweatshirt and blue jeans is hopping over the railing on the fence,3348811097_0e09baa26f.jpg,8,0.4991,0.557,0.0579,"['2707873672_15e6b5d54b.jpg', '2891961886_b7a2f0b0fd.jpg', '3698944019_825ef54f2f.jpg']","[0.557, 0.5407, 0.5293]"
3130,a group of people on the slopes a person is skating boarding and a bunch of people are surrounding him,3351493005_6e5030f596.jpg,5,0.5071,0.6412,0.1341,"['3690159129_93ba49ea18.jpg', '72218201_e0e9c7d65b.jpg', '3038941104_17ee91fc03.jpg']","[0.6412, 0.6043, 0.5636]"
3131,airborne snowboarder in front of a crowd,3351493005_6e5030f596.jpg,5,0.6287,0.768,0.1393,"['3319899418_4bcf1b00d8.jpg', '325005410_e1ff5041b5.jpg', '3254645823_a7c072481c.jpg']","[0.768, 0.7272, 0.6669]"
3132,a snowboarder in the air as others watch,3351493005_6e5030f596.jpg,5,0.7165,0.799,0.0826,"['3319899418_4bcf1b00d8.jpg', '3254645823_a7c072481c.jpg', '3329169877_175cb16845.jpg']","[0.799, 0.7855, 0.7537]"
3133,a snowboarder jumps high,3351493005_6e5030f596.jpg,-1,0.621,0.8574,0.2364,"['3254645823_a7c072481c.jpg', '3248352729_ab264b2222.jpg', '3329169877_175cb16845.jpg']","[0.8574, 0.8313, 0.8218]"
3134,a snowboarder jumps while spectators watch,3351493005_6e5030f596.jpg,5,0.6618,0.7548,0.093,"['3254645823_a7c072481c.jpg', '3329169877_175cb16845.jpg', '3319899418_4bcf1b00d8.jpg']","[0.7548, 0.7474, 0.7392]"
3135,five men are getting plates of rice from a small home restaurant,3351667846_ac43118ae5.jpg,5,0.554,0.704,0.1501,"['3042380610_c5ea61eef8.jpg', '2891240104_6755281868.jpg', '3066338314_2c3fb731d1.jpg']","[0.704, 0.6369, 0.6158]"
3137,people in line for plates of rice,3351667846_ac43118ae5.jpg,9,0.5032,0.587,0.0838,"['2244551043_21b8cca866.jpg', '219730733_6a55382dd2.jpg', '3673970325_4e025069e9.jpg']","[0.587, 0.5624, 0.5573]"
3138,african american men receiving plates of food out of a window,3351667846_ac43118ae5.jpg,4,0.6146,0.7397,0.1251,"['3066338314_2c3fb731d1.jpg', '2891240104_6755281868.jpg', '3042380610_c5ea61eef8.jpg']","[0.7397, 0.7025, 0.6971]"
3139,a group of men wait in line to recieve food at a window,3351667846_ac43118ae5.jpg,5,0.592,0.7352,0.1432,"['3042380610_c5ea61eef8.jpg', '3497234632_6ec740fc1e.jpg', '3084018061_df66d98325.jpg']","[0.7352, 0.6318, 0.6216]"
3141,two female professional wrestlers are in a ring in the air and about to hit the floor,3352697012_751b079bbb.jpg,2,0.6368,0.6761,0.0393,"['1991806812_065f747689.jpg', '3352697012_751b079bbb.jpg', '3403263046_3cc701a07a.jpg']","[0.6761, 0.6368, 0.5642]"
3142,two female wrestlers with long blonde hair fighting in front of a crowd,3352697012_751b079bbb.jpg,2,0.6073,0.6144,0.0072,"['3652150541_8fb5a3a5d1.jpg', '3352697012_751b079bbb.jpg', '1991806812_065f747689.jpg']","[0.6144, 0.6073, 0.5822]"
3146,three guys are waiting to cross the street one has a dog,3353278454_2f3a4d0bbc.jpg,2,0.7087,0.7101,0.0013,"['397547349_1fd14b95af.jpg', '3353278454_2f3a4d0bbc.jpg', '2865376471_43c5e6b941.jpg']","[0.7101, 0.7087, 0.5973]"
3149,some people waiting to cross a busy street in portland oregon,3353278454_2f3a4d0bbc.jpg,5,0.6012,0.6422,0.041,"['1643915227_9f48068772.jpg', '3072782873_3278f3b3a7.jpg', '435827376_4384c3005a.jpg']","[0.6422, 0.6228, 0.6192]"
3150,a snowboarder clothed in red is in the middle of a jump from a snowy hill,3357416302_fcfcdd7b86.jpg,-1,0.5907,0.7468,0.1562,"['3254645823_a7c072481c.jpg', '3329169877_175cb16845.jpg', '3170551725_1276644eab.jpg']","[0.7468, 0.708, 0.6996]"
3151,a snowboarder in midair,3357416302_fcfcdd7b86.jpg,6,0.7727,0.8587,0.086,"['3319899418_4bcf1b00d8.jpg', '3241965735_8742782a70.jpg', '3329169877_175cb16845.jpg']","[0.8587, 0.81, 0.7995]"
3152,a snowboarder is doing a big jump and is in the air,3357416302_fcfcdd7b86.jpg,6,0.7542,0.8466,0.0924,"['3254645823_a7c072481c.jpg', '3319899418_4bcf1b00d8.jpg', '3248352729_ab264b2222.jpg']","[0.8466, 0.8436, 0.8065]"
3153,a snowboarder soars through the air,3357416302_fcfcdd7b86.jpg,7,0.7133,0.8423,0.129,"['3329169877_175cb16845.jpg', '3248352729_ab264b2222.jpg', '3319899418_4bcf1b00d8.jpg']","[0.8423, 0.7993, 0.7962]"
3154,the snowboarder is in the air,3357416302_fcfcdd7b86.jpg,8,0.6779,0.8356,0.1577,"['3319899418_4bcf1b00d8.jpg', '3329169877_175cb16845.jpg', '3254645823_a7c072481c.jpg']","[0.8356, 0.8269, 0.7992]"
3155,man in red white and blue sport uniform on field with soccer ball above ground in front of him,3363836972_c87b58c948.jpg,7,0.6354,0.7701,0.1347,"['3522749949_fb615cee47.jpg', '241347635_e691395c2f.jpg', '2962977152_9d6958fdd5.jpg']","[0.7701, 0.7491, 0.6746]"
3160,a lone hiker treks through deep snow near rocky peaks,336551609_1385ab139e.jpg,8,0.7285,0.859,0.1306,"['2098174172_e57d86ea03.jpg', '3166578139_33500f7e8a.jpg', '1428578577_82864facae.jpg']","[0.859, 0.8263, 0.8091]"
3161,a mountain climber on a snowy plain near a mountaintop,336551609_1385ab139e.jpg,9,0.7205,0.8212,0.1007,"['224273695_0b517bd0eb.jpg', '3166578139_33500f7e8a.jpg', '319870744_0e0138d205.jpg']","[0.8212, 0.82, 0.7983]"
3162,a person travels down a snowy path into the mountains,336551609_1385ab139e.jpg,8,0.7329,0.8527,0.1197,"['1655781989_b15ab4cbff.jpg', '3166578139_33500f7e8a.jpg', '1428578577_82864facae.jpg']","[0.8527, 0.8304, 0.8164]"
3163,on a mountaintop a climber is seen in the distance black figure against white snow,336551609_1385ab139e.jpg,-1,0.6069,0.7902,0.1833,"['3166578139_33500f7e8a.jpg', '224273695_0b517bd0eb.jpg', '319870744_0e0138d205.jpg']","[0.7902, 0.7681, 0.7458]"
3164,someone is walking through the snow with snow covered mountains behind them,336551609_1385ab139e.jpg,10,0.6864,0.8618,0.1754,"['1655781989_b15ab4cbff.jpg', '1428578577_82864facae.jpg', '224273695_0b517bd0eb.jpg']","[0.8618, 0.8163, 0.7981]"
3165,two mountaineers are walking across a snowcapped mountain,336551615_a01418bc53.jpg,4,0.6625,0.8337,0.1713,"['2272823323_3b7291cd47.jpg', '2053733930_e245615ad4.jpg', '1655781989_b15ab4cbff.jpg']","[0.8337, 0.7041, 0.688]"
3166,two hikers with backpacks crossing a snow field,336551615_a01418bc53.jpg,-1,0.4605,0.7725,0.312,"['2272823323_3b7291cd47.jpg', '413737417_b0a8b445e9.jpg', '1655781989_b15ab4cbff.jpg']","[0.7725, 0.6313, 0.6122]"
3167,people with equipment climbing up a snowy mountain,336551615_a01418bc53.jpg,2,0.6809,0.7046,0.0237,"['1584315962_5b0b45d02d.jpg', '336551615_a01418bc53.jpg', '2272823323_3b7291cd47.jpg']","[0.7046, 0.6809, 0.6776]"
3168,people are hiking up a mountain in the snow,336551615_a01418bc53.jpg,5,0.7288,0.7685,0.0397,"['1655781989_b15ab4cbff.jpg', '319870744_0e0138d205.jpg', '3340575518_137ce2695f.jpg']","[0.7685, 0.7583, 0.7532]"
3169,two hikers are backpacking up a snow slope,336551615_a01418bc53.jpg,-1,0.4821,0.7723,0.2903,"['2272823323_3b7291cd47.jpg', '1655781989_b15ab4cbff.jpg', '413737417_b0a8b445e9.jpg']","[0.7723, 0.6613, 0.6512]"
3170,a girl defends the basketball from another player,3368569524_a9df2fc312.jpg,4,0.6485,0.79,0.1415,"['3403263046_3cc701a07a.jpg', '3154709407_9b0778cbeb.jpg', '2021602343_03023e1fd1.jpg']","[0.79, 0.7474, 0.6761]"
3171,a girl playing basketball attempts a shot while another girl aggresively defends her,3368569524_a9df2fc312.jpg,3,0.6315,0.7726,0.1411,"['3403263046_3cc701a07a.jpg', '3154709407_9b0778cbeb.jpg', '3368569524_a9df2fc312.jpg']","[0.7726, 0.6906, 0.6315]"
3172,girls participating in a basketball game in front of a crowd,3368569524_a9df2fc312.jpg,4,0.5569,0.6508,0.0939,"['2247192427_5e106f24a9.jpg', '3403263046_3cc701a07a.jpg', '3155451946_c0862c70cb.jpg']","[0.6508, 0.6159, 0.5781]"
3173,the female basket player in red is challenging the player in white for the ball,3368569524_a9df2fc312.jpg,3,0.5767,0.7149,0.1382,"['3403263046_3cc701a07a.jpg', '3154709407_9b0778cbeb.jpg', '3368569524_a9df2fc312.jpg']","[0.7149, 0.6148, 0.5767]"
3176,the dog is holding a yellow toy,3368671163_0171259581.jpg,5,0.6114,0.7075,0.0961,"['535529555_583d89b7f2.jpg', '244399048_8332bb3270.jpg', '2209496328_2a34fd201d.jpg']","[0.7075, 0.6771, 0.6755]"
3177,a dog running in a park with a rubber chicken in its mouth,3368671163_0171259581.jpg,5,0.5535,0.5926,0.0391,"['512101751_05a6d93e19.jpg', '1026685415_0431cbf574.jpg', '3488087117_2719647989.jpg']","[0.5926, 0.5815, 0.5647]"
3178,a beige dog runs behind a white dog holding a yellow toy,3368671163_0171259581.jpg,2,0.6739,0.686,0.0121,"['2981372647_2061278c60.jpg', '3368671163_0171259581.jpg', '2942133798_e57c862a90.jpg']","[0.686, 0.6739, 0.6625]"
3179,a dog chases another dog with a toy in its mouth,3368671163_0171259581.jpg,8,0.5343,0.6716,0.1372,"['2942133798_e57c862a90.jpg', '78984436_ad96eaa802.jpg', '2981372647_2061278c60.jpg']","[0.6716, 0.6578, 0.6526]"
3180,a girl in green looks at the camera and stands in front of a huge crowd of indescript faces,3372251830_baa3665928.jpg,2,0.7116,0.7627,0.0511,"['2609847254_0ec40c1cce.jpg', '3372251830_baa3665928.jpg', '2267819545_446c5a3e18.jpg']","[0.7627, 0.7116, 0.6855]"
3181,a girl with brown hair and a green shirt is standing near escalators,3372251830_baa3665928.jpg,9,0.446,0.6401,0.1941,"['2504277798_936a09c74d.jpg', '2268729848_d418451226.jpg', '1057210460_09c6f4c6c1.jpg']","[0.6401, 0.5781, 0.5544]"
3183,a woman standing expressionless,3372251830_baa3665928.jpg,5,0.5481,0.6041,0.056,"['2086678529_b3301c2d71.jpg', '551664516_78a5131dc4.jpg', '954987350_a0c608b467.jpg']","[0.6041, 0.5934, 0.5834]"
3184,woman with brown hair and brown eyes wearing a green shirt,3372251830_baa3665928.jpg,3,0.6665,0.7022,0.0356,"['2716457668_187a6d2b1c.jpg', '2609847254_0ec40c1cce.jpg', '3372251830_baa3665928.jpg']","[0.7022, 0.6676, 0.6665]"
3185,a person on a bike is making a high jump along a trail in the woods,3374384485_751f719be4.jpg,7,0.5854,0.7024,0.1169,"['3476451861_5b9c9ce191.jpg', '2308108566_2cba6bca53.jpg', '3649916507_b88a3d2082.jpg']","[0.7024, 0.669, 0.6358]"
3186,a person jumps a bicycle off a ramp in a barren forest,3374384485_751f719be4.jpg,8,0.5439,0.6335,0.0896,"['3476451861_5b9c9ce191.jpg', '2308108566_2cba6bca53.jpg', '3119696225_b289efaec8.jpg']","[0.6335, 0.6101, 0.6077]"
3187,a person jumping their bike in the woods in front of trees with no leaves,3374384485_751f719be4.jpg,3,0.6218,0.6719,0.0501,"['3682038869_585075b5ff.jpg', '3476451861_5b9c9ce191.jpg', '3374384485_751f719be4.jpg']","[0.6719, 0.6247, 0.6218]"
3188,a boy on a bicycle in midair after going off of a wooden ramp,3374384485_751f719be4.jpg,-1,0.3415,0.7296,0.3881,"['3531811969_49af4c22f0.jpg', '3339586622_a7676b30e1.jpg', '3729405438_6e79077ab2.jpg']","[0.7296, 0.6564, 0.6473]"
3189,a man jumping off a ramp in a bike,3374384485_751f719be4.jpg,-1,0.1617,0.7661,0.6044,"['3531811969_49af4c22f0.jpg', '3729405438_6e79077ab2.jpg', '2449552677_ee78f01bae.jpg']","[0.7661, 0.7128, 0.6322]"
3190,a group of men wearing yellow shawls walk in a line,3375549004_beee810e60.jpg,-1,0.3647,0.6882,0.3235,"['3712923460_1b20ebb131.jpg', '3627676364_1dc9294ec5.jpg', '3640109324_3ce89e4d1a.jpg']","[0.6882, 0.5899, 0.5509]"
3191,men walk in line carrying things,3375549004_beee810e60.jpg,-1,0.3273,0.605,0.2777,"['2894850774_2d530040a1.jpg', '3677734351_63d60844cb.jpg', '3712923460_1b20ebb131.jpg']","[0.605, 0.6007, 0.5839]"
3192,people in orange robes line up behind a man wearing sunglasses,3375549004_beee810e60.jpg,-1,0.4366,0.6837,0.2471,"['3433470650_a8b1c27173.jpg', '2930622766_fa8f84deb1.jpg', '3627676364_1dc9294ec5.jpg']","[0.6837, 0.6225, 0.5979]"
3193,three buddhists walk on the street,3375549004_beee810e60.jpg,-1,0.1375,0.6201,0.4825,"['3589367895_5d3729e3ea.jpg', '380527679_574749123d.jpg', '2760715910_87c7bdeb87.jpg']","[0.6201, 0.6124, 0.6081]"
3194,three men in orange robes holding metal pots,3375549004_beee810e60.jpg,-1,0.224,0.6561,0.4321,"['3589367895_5d3729e3ea.jpg', '3640109324_3ce89e4d1a.jpg', '3716277216_c04002be81.jpg']","[0.6561, 0.649, 0.6417]"
3195,the dog has his face in the bag of christmas presents,337647771_3b819feaba.jpg,2,0.5616,0.6478,0.0862,"['3338291921_fe7ae0c8f8.jpg', '337647771_3b819feaba.jpg', '433855742_c2a6fda763.jpg']","[0.6478, 0.5616, 0.516]"
3196,little brown dog sticking head in a coloful bag filled with cloth,337647771_3b819feaba.jpg,-1,0.4039,0.5795,0.1756,"['2311690895_0d6efe11c8.jpg', '3336361161_c06cdd160e.jpg', '458735196_176e7df6b3.jpg']","[0.5795, 0.5789, 0.5614]"
3197,the redbrown dog digs his nose to investigate a holiday gift bag,337647771_3b819feaba.jpg,-1,0.4393,0.5911,0.1518,"['3338291921_fe7ae0c8f8.jpg', '516214924_c2a4364cb3.jpg', '458735196_176e7df6b3.jpg']","[0.5911, 0.5305, 0.5199]"
3199,a pet playfully investigates the contents of a gift bag,337647771_3b819feaba.jpg,6,0.5261,0.6555,0.1294,"['3336361161_c06cdd160e.jpg', '2641288004_30ce961211.jpg', '2882483779_73c171ac19.jpg']","[0.6555, 0.6169, 0.5752]"
3200,a group of men are playing rugby in a field with houses visible in the distance,3380072636_4cd59385fd.jpg,3,0.6534,0.7894,0.136,"['3195188609_01afbe46e6.jpg', '3539840291_1c3eed701d.jpg', '3380072636_4cd59385fd.jpg']","[0.7894, 0.7635, 0.6534]"
3201,a group of rugby players in action on a green field,3380072636_4cd59385fd.jpg,5,0.7098,0.844,0.1342,"['3195188609_01afbe46e6.jpg', '3539840291_1c3eed701d.jpg', '3613027188_1645ca1976.jpg']","[0.844, 0.7468, 0.7412]"
3202,a group of young men in colorful uniforms playing with a white ball,3380072636_4cd59385fd.jpg,9,0.5871,0.7091,0.1219,"['3539840291_1c3eed701d.jpg', '3262386960_14f5d857db.jpg', '3613027188_1645ca1976.jpg']","[0.7091, 0.6841, 0.6777]"
3203,a team of soccer players lifts one teammate so that he can reach the ball,3380072636_4cd59385fd.jpg,4,0.7686,0.774,0.0054,"['269986132_91b71e8aaa.jpg', '3195188609_01afbe46e6.jpg', '3613027188_1645ca1976.jpg']","[0.774, 0.7724, 0.7688]"
3204,two rugby teams playing in a field with a ball,3380072636_4cd59385fd.jpg,3,0.7178,0.8844,0.1666,"['3539840291_1c3eed701d.jpg', '3195188609_01afbe46e6.jpg', '3380072636_4cd59385fd.jpg']","[0.8844, 0.7335, 0.7178]"
3205,a brown dog with a black collar licks its own mouth,3383491811_fd9d3a891d.jpg,8,0.5402,0.747,0.2069,"['320093980_5388cb3733.jpg', '3228069008_edb2961fc4.jpg', '1659358141_0433c9bf99.jpg']","[0.747, 0.6005, 0.5799]"
3206,a dog licks his nose,3383491811_fd9d3a891d.jpg,2,0.6403,0.6986,0.0583,"['1084040636_97d9633581.jpg', '3383491811_fd9d3a891d.jpg', '1745110280_0cbff5e273.jpg']","[0.6986, 0.6403, 0.6324]"
3208,brown dog with black collar licking nose,3383491811_fd9d3a891d.jpg,2,0.7113,0.7488,0.0375,"['2311690895_0d6efe11c8.jpg', '3383491811_fd9d3a891d.jpg', '320093980_5388cb3733.jpg']","[0.7488, 0.7113, 0.7047]"
3209,dog sticking out its tongue,3383491811_fd9d3a891d.jpg,-1,0.4656,0.6971,0.2314,"['1084040636_97d9633581.jpg', '2198964806_c57b0534d3.jpg', '1745110280_0cbff5e273.jpg']","[0.6971, 0.6353, 0.6008]"
3210,a black and brown dog playing with a stick,3383545083_1d7c95b003.jpg,-1,0.4245,0.7562,0.3318,"['333973142_abcd151002.jpg', '3264678536_46601d25f0.jpg', '2986716822_e220754d32.jpg']","[0.7562, 0.6827, 0.6795]"
3211,a black and brown dog plays with a long stick,3383545083_1d7c95b003.jpg,-1,0.3265,0.7268,0.4002,"['2986716822_e220754d32.jpg', '333973142_abcd151002.jpg', '2518219912_f47214aa16.jpg']","[0.7268, 0.6494, 0.6321]"
3212,a dog gets its legs tangled with a stick,3383545083_1d7c95b003.jpg,-1,0.245,0.7197,0.4747,"['2986716822_e220754d32.jpg', '2066241589_b80e9f676c.jpg', '3330935489_9cb67ca36b.jpg']","[0.7197, 0.6698, 0.6328]"
3213,a large black dog chews on a stick,3383545083_1d7c95b003.jpg,-1,0.4161,0.7889,0.3728,"['333973142_abcd151002.jpg', '2066241589_b80e9f676c.jpg', '472860064_a96a228796.jpg']","[0.7889, 0.687, 0.5941]"
3214,the dog is biting a stick,3383545083_1d7c95b003.jpg,-1,0.2804,0.6627,0.3824,"['2986716822_e220754d32.jpg', '333973142_abcd151002.jpg', '2066241589_b80e9f676c.jpg']","[0.6627, 0.582, 0.5513]"
3215,man on a motorcycle performing a trick in the air,3386060324_b98fdfa449.jpg,7,0.6854,0.8582,0.1729,"['3528105511_12ff45dc9c.jpg', '3043501068_be58ac47e1.jpg', '3309578722_1765d7d1af.jpg']","[0.8582, 0.8043, 0.8009]"
3216,a person in a black jacket is jumping through the air on a bike,3386060324_b98fdfa449.jpg,6,0.6469,0.7239,0.0771,"['3476451861_5b9c9ce191.jpg', '2943334864_6bab479a3e.jpg', '3215315009_47577bf8f7.jpg']","[0.7239, 0.6714, 0.6613]"
3217,a person doing a trick on a bike,3386060324_b98fdfa449.jpg,2,0.8013,0.8152,0.0139,"['3531811969_49af4c22f0.jpg', '3386060324_b98fdfa449.jpg', '3476451861_5b9c9ce191.jpg']","[0.8152, 0.8013, 0.7977]"
3218,a bicycler jumps a ramp outside in the dark night,3386060324_b98fdfa449.jpg,-1,0.5688,0.7042,0.1354,"['3729405438_6e79077ab2.jpg', '3531811969_49af4c22f0.jpg', '2449552677_ee78f01bae.jpg']","[0.7042, 0.7021, 0.6948]"
3219,a man is sitting on a bike in the middle of the woods,3386060324_b98fdfa449.jpg,2,0.6421,0.6928,0.0507,"['2308108566_2cba6bca53.jpg', '3386060324_b98fdfa449.jpg', '2788628994_61123c03d2.jpg']","[0.6928, 0.6421, 0.623]"
3220,a biker flies through the air near sand dunes,3391924827_53b31542ce.jpg,7,0.6019,0.6787,0.0768,"['2943334864_6bab479a3e.jpg', '3528105511_12ff45dc9c.jpg', '3043501068_be58ac47e1.jpg']","[0.6787, 0.666, 0.6528]"
3221,a biker holds onto their bike while in the air with a mountin in the background,3391924827_53b31542ce.jpg,4,0.7088,0.7776,0.0688,"['2943334864_6bab479a3e.jpg', '3386060324_b98fdfa449.jpg', '3649916507_b88a3d2082.jpg']","[0.7776, 0.7709, 0.7619]"
3222,a cyclist jumping into the air,3391924827_53b31542ce.jpg,2,0.7109,0.7586,0.0477,"['3531811969_49af4c22f0.jpg', '3391924827_53b31542ce.jpg', '3476451861_5b9c9ce191.jpg']","[0.7586, 0.7109, 0.6988]"
3223,a person in the air holding on to a bicycle,3391924827_53b31542ce.jpg,3,0.6345,0.6685,0.034,"['2943334864_6bab479a3e.jpg', '3339586622_a7676b30e1.jpg', '3391924827_53b31542ce.jpg']","[0.6685, 0.6494, 0.6345]"
3225,two people stand before a spinning wheel at a carnival,3392019836_c7aeebca1c.jpg,-1,0.3893,0.6252,0.2358,"['3057497487_57ecc60ff1.jpg', '2504991916_dc61e59e49.jpg', '2834103050_512e5b330a.jpg']","[0.6252, 0.62, 0.5494]"
3226,two people play a game at a carnival,3392019836_c7aeebca1c.jpg,-1,0.3905,0.6614,0.271,"['3057497487_57ecc60ff1.jpg', '2773011586_6f4cd41e84.jpg', '3438858409_136345fa07.jpg']","[0.6614, 0.602, 0.5611]"
3227,there is a man in red and two children looking at a large round colorful wheel,3392019836_c7aeebca1c.jpg,-1,0.1908,0.5947,0.4039,"['1461329041_c623b06e5b.jpg', '3589367895_5d3729e3ea.jpg', '2557972410_6925fe695c.jpg']","[0.5947, 0.5165, 0.478]"
3228,a couple gazes in awe at a display at a carnival,3392019836_c7aeebca1c.jpg,6,0.4786,0.6447,0.1661,"['3057497487_57ecc60ff1.jpg', '782401952_5bc5d3413a.jpg', '2773011586_6f4cd41e84.jpg']","[0.6447, 0.5114, 0.5098]"
3229,three people are standing at a carnival game,3392019836_c7aeebca1c.jpg,8,0.5086,0.692,0.1834,"['3057497487_57ecc60ff1.jpg', '782401952_5bc5d3413a.jpg', '2773011586_6f4cd41e84.jpg']","[0.692, 0.5859, 0.5793]"
3230,an older woman with a small dog in the snow,3393446245_37dd3f3b59.jpg,-1,0.2219,0.5519,0.3299,"['3338291921_fe7ae0c8f8.jpg', '2194494220_bb2178832c.jpg', '1348947380_14f0fc1237.jpg']","[0.5519, 0.5441, 0.5094]"
3231,a woman and a cat are outside in the snow,3393446245_37dd3f3b59.jpg,-1,0.1257,0.5476,0.4219,"['369360998_ba56fb436f.jpg', '412101267_7257e6d8c0.jpg', '3338291921_fe7ae0c8f8.jpg']","[0.5476, 0.5233, 0.5223]"
3232,a woman in a brown vest is walking on the snow with an animal,3393446245_37dd3f3b59.jpg,-1,0.3412,0.5115,0.1703,"['433855742_c2a6fda763.jpg', '109202756_b97fcdc62c.jpg', '551664516_78a5131dc4.jpg']","[0.5115, 0.5087, 0.5043]"
3233,a woman with a red scarf covering her head walks with her cat on snowcovered ground,3393446245_37dd3f3b59.jpg,-1,0.2537,0.5683,0.3146,"['551664516_78a5131dc4.jpg', '2676184321_858eff416b.jpg', '3134341610_3c55e373a7.jpg']","[0.5683, 0.5606, 0.5598]"
3234,heavy set woman in snow with a cat,3393446245_37dd3f3b59.jpg,-1,0.0684,0.6333,0.5649,"['369360998_ba56fb436f.jpg', '3338291921_fe7ae0c8f8.jpg', '2194494220_bb2178832c.jpg']","[0.6333, 0.5388, 0.5372]"
3235,there is a dog running along the beach,339350939_6643bfb270.jpg,5,0.7245,0.8263,0.1018,"['140430106_2978fda105.jpg', '254527963_3f5824b0e8.jpg', '1799271536_6e69c8f1dc.jpg']","[0.8263, 0.7917, 0.7752]"
3237,a dog is running along the beach beside the ocean,339350939_6643bfb270.jpg,2,0.7896,0.8054,0.0158,"['140430106_2978fda105.jpg', '339350939_6643bfb270.jpg', '1799271536_6e69c8f1dc.jpg']","[0.8054, 0.7896, 0.7766]"
3240,a man in dark clothes leaning off of a building entrance with upraised arms,3394586927_eae7732b64.jpg,4,0.6368,0.7631,0.1263,"['518789868_8895ef8792.jpg', '3503011427_a4ee547c77.jpg', '1057210460_09c6f4c6c1.jpg']","[0.7631, 0.6987, 0.6609]"
3241,a man on a skateboard on steps in front glass doors of a brick building,3394586927_eae7732b64.jpg,3,0.6637,0.7588,0.0951,"['3412822878_5d961492e5.jpg', '3244734844_c318c29c23.jpg', '3394586927_eae7732b64.jpg']","[0.7588, 0.667, 0.6637]"
3242,a skateboard rider riding his skateboard down the steps of a building,3394586927_eae7732b64.jpg,-1,0.5019,0.7703,0.2684,"['3576741633_671340544c.jpg', '3244734844_c318c29c23.jpg', '3412822878_5d961492e5.jpg']","[0.7703, 0.7667, 0.7486]"
3243,the man in the black shirt is skateboarding on the front steps of the building,3394586927_eae7732b64.jpg,5,0.6558,0.734,0.0783,"['3244734844_c318c29c23.jpg', '3412822878_5d961492e5.jpg', '2922512807_d382528a93.jpg']","[0.734, 0.7215, 0.7129]"
3245,small child swinging on a swing with trees in the background,3396036947_0af6c3aab7.jpg,2,0.8451,0.8783,0.0332,"['2884252132_5d8e776893.jpg', '3396036947_0af6c3aab7.jpg', '2458269558_277012780d.jpg']","[0.8783, 0.8451, 0.8419]"
3247,a boy on a swing,3396036947_0af6c3aab7.jpg,2,0.8573,0.8711,0.0138,"['2855417531_521bf47b50.jpg', '3396036947_0af6c3aab7.jpg', '2458269558_277012780d.jpg']","[0.8711, 0.8573, 0.8078]"
3248,a little boy is swinging on a swing beside some trees and a river,3396036947_0af6c3aab7.jpg,2,0.6724,0.6828,0.0104,"['2458269558_277012780d.jpg', '3396036947_0af6c3aab7.jpg', '3698944019_825ef54f2f.jpg']","[0.6828, 0.6724, 0.6214]"
3249,a toddler swings back very high,3396036947_0af6c3aab7.jpg,3,0.7323,0.7853,0.053,"['2458269558_277012780d.jpg', '2884252132_5d8e776893.jpg', '3396036947_0af6c3aab7.jpg']","[0.7853, 0.7646, 0.7323]"
3250,a boy wearing a white apron has is arms out in a communal darts and craft room whilst a boy in blue looks on,3396043950_12783c5147.jpg,-1,0.4448,0.5638,0.1191,"['3318995586_c2bc50b92e.jpg', '2046222127_a6f300e202.jpg', '3701226275_952547ba0f.jpg']","[0.5638, 0.5615, 0.5348]"
3251,a crowd of people gather for a meal indoors,3396043950_12783c5147.jpg,-1,0.4072,0.7414,0.3342,"['3351667846_ac43118ae5.jpg', '1798209205_77dbf525b0.jpg', '2602258549_7401a3cdae.jpg']","[0.7414, 0.6631, 0.65]"
3252,a room full of adults and children,3396043950_12783c5147.jpg,-1,0.4079,0.6538,0.2459,"['2602258549_7401a3cdae.jpg', '3480052428_c034b98a08.jpg', '3197891333_b1b0fd1702.jpg']","[0.6538, 0.5909, 0.535]"
3253,children serving at a community dinner,3396043950_12783c5147.jpg,-1,0.3778,0.7246,0.3468,"['3437273677_47d4462974.jpg', '3351667846_ac43118ae5.jpg', '2181724497_dbb7fcb0a9.jpg']","[0.7246, 0.7084, 0.6997]"
3254,people in a school cafeteria with a boy in the foreground wearing yellow and brown stripes,3396043950_12783c5147.jpg,2,0.6465,0.6802,0.0337,"['2244551043_21b8cca866.jpg', '3396043950_12783c5147.jpg', '3351667846_ac43118ae5.jpg']","[0.6802, 0.6465, 0.5586]"
3255,two young women posing and holding each other in closeup,3396153660_f729d9f9b9.jpg,3,0.8177,0.8864,0.0687,"['3534824784_7133119316.jpg', '3319058642_885d756295.jpg', '3396153660_f729d9f9b9.jpg']","[0.8864, 0.8207, 0.8177]"
3256,two young women posing for a picture,3396153660_f729d9f9b9.jpg,2,0.7907,0.8762,0.0855,"['3534824784_7133119316.jpg', '3396153660_f729d9f9b9.jpg', '3203707977_cc9448fecb.jpg']","[0.8762, 0.7907, 0.7757]"
3257,two women one with tattoos hold each other and smile,3396153660_f729d9f9b9.jpg,4,0.6943,0.7567,0.0624,"['3183883750_b6acc40397.jpg', '3652150541_8fb5a3a5d1.jpg', '3534824784_7133119316.jpg']","[0.7567, 0.708, 0.7053]"
3258,two brunettes one with tattoos hug and smile at camera indoors,3396153660_f729d9f9b9.jpg,3,0.6232,0.6537,0.0304,"['3155501473_510f9c9f6b.jpg', '3534824784_7133119316.jpg', '3396153660_f729d9f9b9.jpg']","[0.6537, 0.6499, 0.6232]"
3259,two middleaged women with tattoos hug each other for the camera,3396153660_f729d9f9b9.jpg,3,0.6526,0.7926,0.14,"['3652150541_8fb5a3a5d1.jpg', '3183883750_b6acc40397.jpg', '3396153660_f729d9f9b9.jpg']","[0.7926, 0.6863, 0.6526]"
3260,a brown and white dog has caught a yellow ball in a grassy field surrounded by trees,3396817186_b299ee0531.jpg,4,0.631,0.7327,0.1017,"['2404692474_37da774368.jpg', '539750844_02a07ec524.jpg', '2616561200_ea079f285a.jpg']","[0.7327, 0.7268, 0.6682]"
3261,a brown dog with a yellow toy in his mouth is jumping off the grassy ground,3396817186_b299ee0531.jpg,8,0.6562,0.7253,0.0691,"['241046599_28b0ca7b9f.jpg', '2505360288_c972bd29c4.jpg', '2198964806_c57b0534d3.jpg']","[0.7253, 0.713, 0.693]"
3262,a fluffy brown dog jumping with a ball in his mouth,3396817186_b299ee0531.jpg,-1,0.5531,0.7606,0.2075,"['539750844_02a07ec524.jpg', '724702877_f2a938766b.jpg', '2404692474_37da774368.jpg']","[0.7606, 0.6993, 0.6452]"
3263,a white fluffy dog is jumping and catching a toy,3396817186_b299ee0531.jpg,-1,0.4991,0.7061,0.2071,"['2620113705_a8fa89b8f6.jpg', '3488087117_2719647989.jpg', '2543247940_083f1b7969.jpg']","[0.7061, 0.7055, 0.6854]"
3264,the shaggy dog leaps and catches the ball,3396817186_b299ee0531.jpg,-1,0.559,0.8011,0.242,"['3696246123_99d4d10140.jpg', '3544673666_ffc7483c96.jpg', '539750844_02a07ec524.jpg']","[0.8011, 0.7494, 0.7493]"
3265,surfer on long yellow board,3397228832_8ce5b1c26f.jpg,9,0.7048,0.8356,0.1307,"['3707990914_843e8f15f1.jpg', '3018304737_0a46fc5f1d.jpg', '3058627443_1d57ff0a2c.jpg']","[0.8356, 0.7873, 0.7426]"
3266,a man surfs on a yellow board,3397228832_8ce5b1c26f.jpg,2,0.7955,0.8421,0.0466,"['3707990914_843e8f15f1.jpg', '3397228832_8ce5b1c26f.jpg', '3018304737_0a46fc5f1d.jpg']","[0.8421, 0.7955, 0.7829]"
3267,a man rides a yellow surfboard,3397228832_8ce5b1c26f.jpg,2,0.8109,0.8196,0.0088,"['3707990914_843e8f15f1.jpg', '3397228832_8ce5b1c26f.jpg', '2978409165_acc4f29a40.jpg']","[0.8196, 0.8109, 0.7709]"
3269,a man on a yellow surfboard rides an easy wave,3397228832_8ce5b1c26f.jpg,5,0.7663,0.8495,0.0832,"['3707990914_843e8f15f1.jpg', '3018304737_0a46fc5f1d.jpg', '2978409165_acc4f29a40.jpg']","[0.8495, 0.7867, 0.7809]"
3270,a girl in yellow is laying down and man is looking at the camera,3399944164_ec24123945.jpg,2,0.5415,0.5501,0.0086,"['452419961_6d42ab7000.jpg', '3399944164_ec24123945.jpg', '2622517932_57c52c376f.jpg']","[0.5501, 0.5415, 0.5118]"
3271,a man and a woman are laid back relaxing on the couch,3399944164_ec24123945.jpg,2,0.5725,0.5827,0.0102,"['3321516504_5ee97771cb.jpg', '3399944164_ec24123945.jpg', '2622517932_57c52c376f.jpg']","[0.5827, 0.5725, 0.5662]"
3272,a man in a purple shirt in front of a woman in a yellow shirt,3399944164_ec24123945.jpg,9,0.4662,0.5681,0.1019,"['3400385314_a5bc062e97.jpg', '1303727066_23d0f6ed43.jpg', '3627676364_1dc9294ec5.jpg']","[0.5681, 0.5227, 0.4938]"
3273,a woman lays down with a camera and a man leans back on her taking the picture,3399944164_ec24123945.jpg,4,0.4931,0.5207,0.0276,"['3108378861_d2214d971e.jpg', '3400385314_a5bc062e97.jpg', '1332208215_fa824f6659.jpg']","[0.5207, 0.5024, 0.4939]"
3274,two young people taking pictures of themselves while laying atop each other,3399944164_ec24123945.jpg,-1,0.2921,0.6023,0.3102,"['3534824784_7133119316.jpg', '3711664623_ef87105ea7.jpg', '3661072592_2e693cd5a0.jpg']","[0.6023, 0.5899, 0.5163]"
3281,a brown and white large dog plays in the water,3401902253_cd27e6d0fe.jpg,6,0.7413,0.8203,0.079,"['481827288_a688be7913.jpg', '1131800850_89c7ffd477.jpg', '2220175999_081aa9cce8.jpg']","[0.8203, 0.8136, 0.8119]"
3283,a large black and white dog runs in the ocean water,3401902253_cd27e6d0fe.jpg,5,0.6769,0.8033,0.1264,"['3640020134_367941f5ec.jpg', '2369248869_0266760c4a.jpg', '339350939_6643bfb270.jpg']","[0.8033, 0.7329, 0.7142]"
3284,a wet dog emerges from deep water,3401902253_cd27e6d0fe.jpg,9,0.7001,0.7874,0.0873,"['2613209320_edf6a2b7e9.jpg', '431410325_f4916b5460.jpg', '2369248869_0266760c4a.jpg']","[0.7874, 0.7701, 0.7573]"
3290,six asian women dressed in pastels pose for a picture,3404552106_f516df0f5b.jpg,-1,0.4646,0.5994,0.1348,"['2728276857_3f83757ef2.jpg', '3145967019_1a83ebf712.jpg', '3134341610_3c55e373a7.jpg']","[0.5994, 0.5917, 0.5889]"
3291,several women in pastel colors stand in line one holding a child on her shoulders,3404552106_f516df0f5b.jpg,4,0.6449,0.7869,0.142,"['1454841725_4b6e6199e2.jpg', '3718007650_e5930b4509.jpg', '2621771656_09a620da6d.jpg']","[0.7869, 0.767, 0.6506]"
3292,there are five women in pink and purple and one has a child on her shoulders,3404552106_f516df0f5b.jpg,9,0.5975,0.7419,0.1445,"['1454841725_4b6e6199e2.jpg', '3718007650_e5930b4509.jpg', '2728276857_3f83757ef2.jpg']","[0.7419, 0.7383, 0.6815]"
3293,a group of asian girls dressed in pink and purple posing in a straight line,3404552106_f516df0f5b.jpg,4,0.5838,0.7586,0.1747,"['3242718240_3358f2d6e6.jpg', '1454841725_4b6e6199e2.jpg', '3396153660_f729d9f9b9.jpg']","[0.7586, 0.7068, 0.5876]"
3295,a group of people stand and look at a kid who jumped,3404870997_7b0cd755de.jpg,-1,0.425,0.6215,0.1966,"['3535056297_e16f014cb7.jpg', '2470486377_c3a39ccb7b.jpg', '2540751930_d71c7f5622.jpg']","[0.6215, 0.6067, 0.5967]"
3296,a group of people watches a boy on a skateboard launch off a ramp,3404870997_7b0cd755de.jpg,-1,0.4787,0.5991,0.1204,"['3576741633_671340544c.jpg', '2876494009_9f96d7eaf2.jpg', '210126070_0d43b300b9.jpg']","[0.5991, 0.595, 0.5835]"
3297,a guy on a skateboard performs a trick in front of a crowd,3404870997_7b0cd755de.jpg,-1,0.3537,0.6449,0.2912,"['3038941104_17ee91fc03.jpg', '2974501005_346f74e5d8.jpg', '3576741633_671340544c.jpg']","[0.6449, 0.6021, 0.5508]"
3298,group of people watching a skateboarder do tricks at a skate park,3404870997_7b0cd755de.jpg,-1,0.4121,0.6219,0.2098,"['210126070_0d43b300b9.jpg', '1309330801_aeeb23f1ee.jpg', '3697378565_7060d9281a.jpg']","[0.6219, 0.5881, 0.5642]"
3299,people are watching a boy on a skateboard at the top of a skate ramp,3404870997_7b0cd755de.jpg,-1,0.4127,0.647,0.2343,"['3576741633_671340544c.jpg', '2332540384_4cf26406a9.jpg', '3038941104_17ee91fc03.jpg']","[0.647, 0.6218, 0.5883]"
3300,the young redheaded girl plays on the teeter totter,3404978479_8a81843e17.jpg,-1,0.4884,0.772,0.2836,"['911795495_342bb15b97.jpg', '2903617548_d3e38d7f88.jpg', '3672940355_47f30e2b28.jpg']","[0.772, 0.7221, 0.666]"
3301,redheaded girl in the backyard sitting on a seesaw,3404978479_8a81843e17.jpg,4,0.5412,0.6218,0.0805,"['3672940355_47f30e2b28.jpg', '911795495_342bb15b97.jpg', '3271468462_701eb88d3b.jpg']","[0.6218, 0.5773, 0.5603]"
3302,a redheaded girl is siting on a see saw in the garden,3404978479_8a81843e17.jpg,-1,0.4639,0.5318,0.0678,"['2979914158_5906470b8f.jpg', '2066241589_b80e9f676c.jpg', '911795495_342bb15b97.jpg']","[0.5318, 0.5282, 0.5062]"
3303,a girl in overalls is playing on a seesaw,3404978479_8a81843e17.jpg,-1,0.4084,0.7013,0.2929,"['3454988449_1de1ef4f20.jpg', '444057017_f1e0fcaef7.jpg', '2903617548_d3e38d7f88.jpg']","[0.7013, 0.6555, 0.5444]"
3304,a little girl in blue overalls plays on a seesaw in a backyard,3404978479_8a81843e17.jpg,2,0.5886,0.6531,0.0645,"['3454988449_1de1ef4f20.jpg', '3404978479_8a81843e17.jpg', '444057017_f1e0fcaef7.jpg']","[0.6531, 0.5886, 0.5868]"
3312,the small boy is running through a grassy area,3405942945_f4af2934a6.jpg,4,0.6361,0.6731,0.037,"['762947607_2001ee4c72.jpg', '2021671653_567395c7cf.jpg', '1104133405_c04a00707f.jpg']","[0.6731, 0.6504, 0.6489]"
3314,a young boy in a striped sweatshirt and jeans running in the grass,3405942945_f4af2934a6.jpg,2,0.7086,0.7445,0.0359,"['2021671653_567395c7cf.jpg', '3405942945_f4af2934a6.jpg', '2681215810_00b0642f7b.jpg']","[0.7445, 0.7086, 0.653]"
3315,a bald man with an earpiece is smiling nearby a building opening,3412249548_00820fc4ca.jpg,3,0.564,0.5948,0.0308,"['2925737498_57585a7ed9.jpg', '1429723917_6af585e4c0.jpg', '3412249548_00820fc4ca.jpg']","[0.5948, 0.5644, 0.564]"
3316,a man with a white mustache and an earpiece is smiling,3412249548_00820fc4ca.jpg,2,0.6386,0.6391,0.0006,"['2924884899_f512c84332.jpg', '3412249548_00820fc4ca.jpg', '1396703063_e8c3687afe.jpg']","[0.6391, 0.6386, 0.579]"
3317,a mustache man wears an earphone,3412249548_00820fc4ca.jpg,6,0.4742,0.5409,0.0667,"['2978236380_fb24c43f1e.jpg', '358607894_5abb1250d3.jpg', '3332202255_a30c522664.jpg']","[0.5409, 0.5254, 0.5135]"
3318,a smiling man with a headphones and a grey mustache,3412249548_00820fc4ca.jpg,2,0.5981,0.6058,0.0077,"['1298866571_b4c496b71c.jpg', '3412249548_00820fc4ca.jpg', '1417295167_5299df6db8.jpg']","[0.6058, 0.5981, 0.5421]"
3319,the bald man with the white mustache is wearing a bluetooth earpiece,3412249548_00820fc4ca.jpg,3,0.5575,0.5686,0.0111,"['2924884899_f512c84332.jpg', '1396703063_e8c3687afe.jpg', '3412249548_00820fc4ca.jpg']","[0.5686, 0.5606, 0.5575]"
3320,a teenage boy does tricks on his skateboard in an area with much graffiti,3412822878_5d961492e5.jpg,-1,0.5021,0.7374,0.2352,"['232193739_ed5f348c7a.jpg', '3244734844_c318c29c23.jpg', '3576741633_671340544c.jpg']","[0.7374, 0.7346, 0.7022]"
3321,a skateboarder slides down a handrail on his feet,3412822878_5d961492e5.jpg,4,0.717,0.7309,0.0139,"['3348811097_0e09baa26f.jpg', '2968135512_51fbb56e3e.jpg', '2922512807_d382528a93.jpg']","[0.7309, 0.7246, 0.7176]"
3322,a boy performs a skateboarding trick down a set of stairs,3412822878_5d961492e5.jpg,3,0.7692,0.837,0.0678,"['3244734844_c318c29c23.jpg', '2922512807_d382528a93.jpg', '3412822878_5d961492e5.jpg']","[0.837, 0.7936, 0.7692]"
3324,a boy with a blue shirt is standing on the railing of a flight of stairs,3412822878_5d961492e5.jpg,6,0.5809,0.6764,0.0954,"['350443876_c9769f5734.jpg', '540604040_bec822c144.jpg', '2341254813_c53a5ef27a.jpg']","[0.6764, 0.645, 0.6292]"
3325,a brown and white dog stands in the deep snow,341430859_4519802e8f.jpg,5,0.5916,0.755,0.1634,"['421808539_57abee6d55.jpg', '336551609_1385ab139e.jpg', '426191845_1e979e9345.jpg']","[0.755, 0.6949, 0.6902]"
3326,a dog in the snow,341430859_4519802e8f.jpg,2,0.782,0.7908,0.0088,"['421808539_57abee6d55.jpg', '341430859_4519802e8f.jpg', '3338291921_fe7ae0c8f8.jpg']","[0.7908, 0.782, 0.7682]"
3327,a dog stands in deep snow surrounded by trees,341430859_4519802e8f.jpg,6,0.5949,0.7178,0.1229,"['410422753_de506155fa.jpg', '421808539_57abee6d55.jpg', '336551609_1385ab139e.jpg']","[0.7178, 0.6911, 0.66]"
3328,a dog stands up to his elbows in snow,341430859_4519802e8f.jpg,-1,0.4025,0.6194,0.2169,"['421808539_57abee6d55.jpg', '3338291921_fe7ae0c8f8.jpg', '116409198_0fe0c94f3b.jpg']","[0.6194, 0.5974, 0.5503]"
3329,dog sits in snow,341430859_4519802e8f.jpg,3,0.5703,0.6282,0.0579,"['3338291921_fe7ae0c8f8.jpg', '116409198_0fe0c94f3b.jpg', '341430859_4519802e8f.jpg']","[0.6282, 0.5863, 0.5703]"
3330,a dog catches a ball in midair,3415165462_e1cb536d08.jpg,-1,0.5317,0.7821,0.2504,"['3696246123_99d4d10140.jpg', '539750844_02a07ec524.jpg', '3155390408_8e1a81efb2.jpg']","[0.7821, 0.7762, 0.7324]"
3331,a tan and white dog jumps up with a yellow ball in its mouth,3415165462_e1cb536d08.jpg,-1,0.5178,0.7758,0.258,"['539750844_02a07ec524.jpg', '2616561200_ea079f285a.jpg', '3696246123_99d4d10140.jpg']","[0.7758, 0.6889, 0.6626]"
3332,a dog barks at plants in a walled concrete courtyard,3415165462_e1cb536d08.jpg,4,0.5694,0.6395,0.0702,"['1659358133_95cd1027bd.jpg', '3019857541_3de3e24f54.jpg', '3330935489_9cb67ca36b.jpg']","[0.6395, 0.6327, 0.5789]"
3333,a brown and white dog is jumping in the air with a tennis ball in its mouth,3415165462_e1cb536d08.jpg,6,0.6105,0.7372,0.1267,"['3696246123_99d4d10140.jpg', '2616561200_ea079f285a.jpg', '539750844_02a07ec524.jpg']","[0.7372, 0.7175, 0.6974]"
3334,a brown and white dog jumping in the air near a wooden fence,3415165462_e1cb536d08.jpg,4,0.6393,0.7173,0.078,"['2102581664_5ea50f85c6.jpg', '1659358133_95cd1027bd.jpg', '2677614492_792023b928.jpg']","[0.7173, 0.7131, 0.6685]"
3335,a family is watching a girl on the phone walk by,3415228562_4efa9c9b70.jpg,4,0.579,0.6241,0.0451,"['3114944484_28b5bb9842.jpg', '537359971_6e28f5e66e.jpg', '454686980_7517fe0c2e.jpg']","[0.6241, 0.6075, 0.5895]"
3336,a girl in a dress walks while a family stands in the background,3415228562_4efa9c9b70.jpg,5,0.5369,0.6843,0.1474,"['635444010_bd81c89ab7.jpg', '3111897772_5211a37a02.jpg', '3688858505_e8afd1475d.jpg']","[0.6843, 0.6099, 0.5632]"
3337,a woman walks and talks on her cellphone while nearby men watch,3415228562_4efa9c9b70.jpg,-1,0.4344,0.6711,0.2366,"['454686980_7517fe0c2e.jpg', '3114944484_28b5bb9842.jpg', '3474265683_43b1033d94.jpg']","[0.6711, 0.6301, 0.5475]"
3338,a woman wearing a blue dress walking by a group of staring guys,3415228562_4efa9c9b70.jpg,-1,0.344,0.6651,0.321,"['2930622766_fa8f84deb1.jpg', '3627676364_1dc9294ec5.jpg', '2622971954_59f192922d.jpg']","[0.6651, 0.6461, 0.5753]"
3339,lady on a cellphone walking in front of a group of men,3415228562_4efa9c9b70.jpg,-1,0.4881,0.643,0.1549,"['454686980_7517fe0c2e.jpg', '2930622766_fa8f84deb1.jpg', '3677734351_63d60844cb.jpg']","[0.643, 0.5883, 0.5879]"
3340,two girls leap through the air,3415287719_3c776f370e.jpg,3,0.5581,0.6137,0.0556,"['3433982387_3fa993cf5a.jpg', '1991806812_065f747689.jpg', '3415287719_3c776f370e.jpg']","[0.6137, 0.587, 0.5581]"
3341,two girls in mid leap one with jeans and red shirt other with black pants floral shirt,3415287719_3c776f370e.jpg,3,0.5775,0.6673,0.0898,"['961611340_251081fcb8.jpg', '1991806812_065f747689.jpg', '3415287719_3c776f370e.jpg']","[0.6673, 0.5939, 0.5775]"
3343,two girls are jumping high in the air,3415287719_3c776f370e.jpg,6,0.5181,0.5777,0.0597,"['1991806812_065f747689.jpg', '210126070_0d43b300b9.jpg', '2698487246_e827404cac.jpg']","[0.5777, 0.5605, 0.56]"
3344,two girls are jumping up high in front of the pine trees,3415287719_3c776f370e.jpg,3,0.6046,0.6415,0.037,"['2289096282_4ef120f189.jpg', '2888732432_7e907a3df1.jpg', '3415287719_3c776f370e.jpg']","[0.6415, 0.6194, 0.6046]"
3345,a man is riding a bull at a rodeo setting with a small crowd watching,3415646718_f9f4e23a66.jpg,7,0.524,0.6625,0.1385,"['2629346153_155ba73ae9.jpg', '536721406_884ab8fece.jpg', '2656987333_80dcc82c05.jpg']","[0.6625, 0.6051, 0.6023]"
3346,a man riding a bucking bull at a rodeo,3415646718_f9f4e23a66.jpg,-1,0.4547,0.6748,0.2202,"['2629346153_155ba73ae9.jpg', '2656987333_80dcc82c05.jpg', '536721406_884ab8fece.jpg']","[0.6748, 0.67, 0.6568]"
3347,bull riding with people watching,3415646718_f9f4e23a66.jpg,3,0.5601,0.6271,0.067,"['2629346153_155ba73ae9.jpg', '305199420_89f6ddd778.jpg', '3415646718_f9f4e23a66.jpg']","[0.6271, 0.5991, 0.5601]"
3348,the bull and rider are being observed by a group of people,3415646718_f9f4e23a66.jpg,5,0.5444,0.5898,0.0454,"['3596959859_a7cb1e194b.jpg', '2629346153_155ba73ae9.jpg', '2229179070_dc8ea8582e.jpg']","[0.5898, 0.5637, 0.56]"
3349,there is a man with a white cowboy hat riding a bull,3415646718_f9f4e23a66.jpg,-1,0.1115,0.6605,0.5491,"['2656987333_80dcc82c05.jpg', '2629346153_155ba73ae9.jpg', '109202756_b97fcdc62c.jpg']","[0.6605, 0.6539, 0.6371]"
3350,two black and white dogs walking on dirt one of which has a ball in its mouth,3415809168_af9dabdba5.jpg,7,0.545,0.6812,0.1362,"['382090166_be2c2c63e1.jpg', '566921157_07c18a41e2.jpg', '1067790824_f3cc97239b.jpg']","[0.6812, 0.621, 0.5893]"
3351,two black and white dogs running in a field,3415809168_af9dabdba5.jpg,9,0.5263,0.6864,0.1601,"['2855667597_bf6ceaef8e.jpg', '3430526230_234b3550f6.jpg', '3029715635_43ab414dfb.jpg']","[0.6864, 0.6659, 0.6567]"
3352,two dogs are running in the dirt one with a ball in its mouth,3415809168_af9dabdba5.jpg,4,0.542,0.7255,0.1834,"['566921157_07c18a41e2.jpg', '496971341_22782195f0.jpg', '3513265399_a32e8cfd18.jpg']","[0.7255, 0.5703, 0.5516]"
3353,a dog is running while another dog behind it carries a tennis ball,3415809168_af9dabdba5.jpg,7,0.5179,0.5884,0.0705,"['2616561200_ea079f285a.jpg', '3513265399_a32e8cfd18.jpg', '3562282690_cd2a95fe9e.jpg']","[0.5884, 0.5768, 0.5538]"
3354,a dog runs with another dog in the background holding a ball in its mouth,3415809168_af9dabdba5.jpg,-1,0.4719,0.6899,0.218,"['496971341_22782195f0.jpg', '566921157_07c18a41e2.jpg', '78984436_ad96eaa802.jpg']","[0.6899, 0.6407, 0.5867]"
3358,a tennis player wearing a black shirt swings back to hit a yellow ball,3420260768_26a600b844.jpg,3,0.775,0.8184,0.0434,"['3425071001_e7c9809ef2.jpg', '2269795781_46a296aa21.jpg', '3420260768_26a600b844.jpg']","[0.8184, 0.811, 0.775]"
3359,man in black and white playing tennis,3420260768_26a600b844.jpg,3,0.8093,0.8321,0.0228,"['3163563871_cef3cf33ea.jpg', '2269795781_46a296aa21.jpg', '3420260768_26a600b844.jpg']","[0.8321, 0.8317, 0.8093]"
3360,a man in a kayak is holding his paddle up high,3421131122_2e4bde661e.jpg,2,0.7107,0.772,0.0613,"['146577646_9e64b8c2dc.jpg', '3421131122_2e4bde661e.jpg', '482088914_e6ea4501e9.jpg']","[0.772, 0.7107, 0.6882]"
3361,a man is kayaking through rough water,3421131122_2e4bde661e.jpg,3,0.7717,0.8918,0.1201,"['146577646_9e64b8c2dc.jpg', '482088914_e6ea4501e9.jpg', '3421131122_2e4bde661e.jpg']","[0.8918, 0.7766, 0.7717]"
3362,kayak rider raises arms as he s splashed with water,3421131122_2e4bde661e.jpg,3,0.7338,0.7697,0.0359,"['482088914_e6ea4501e9.jpg', '3397228832_8ce5b1c26f.jpg', '3421131122_2e4bde661e.jpg']","[0.7697, 0.7454, 0.7338]"
3364,the kayaker holding an oar is raising both arms in the air while waves splash around him,3421131122_2e4bde661e.jpg,4,0.6966,0.7018,0.0051,"['3397228832_8ce5b1c26f.jpg', '2856923934_6eb8832c9a.jpg', '482088914_e6ea4501e9.jpg']","[0.7018, 0.7001, 0.6987]"
3365,a group of men in an unner tube going over some rapids,3421928157_69a325366f.jpg,6,0.5585,0.8257,0.2672,"['3207264553_8cd4dcde53.jpg', '2906802485_dfebf09173.jpg', '2744330402_824240184c.jpg']","[0.8257, 0.6714, 0.618]"
3366,a raft with a group of people is turned over after a crashing wave,3421928157_69a325366f.jpg,3,0.5556,0.7234,0.1678,"['3207264553_8cd4dcde53.jpg', '2744330402_824240184c.jpg', '3421928157_69a325366f.jpg']","[0.7234, 0.6162, 0.5556]"
3367,people are tossed around in a blue raft in a foamy river,3421928157_69a325366f.jpg,2,0.6224,0.7723,0.1499,"['3207264553_8cd4dcde53.jpg', '3421928157_69a325366f.jpg', '2744330402_824240184c.jpg']","[0.7723, 0.6224, 0.5977]"
3368,two blue inflatable rafts are involved in a collision on white water,3421928157_69a325366f.jpg,3,0.6105,0.6492,0.0387,"['3692746368_ab7d97ab31.jpg', '3207264553_8cd4dcde53.jpg', '3421928157_69a325366f.jpg']","[0.6492, 0.6209, 0.6105]"
3369,two rafts overturn in a river,3421928157_69a325366f.jpg,-1,0.4981,0.6997,0.2016,"['3207264553_8cd4dcde53.jpg', '3692746368_ab7d97ab31.jpg', '2906802485_dfebf09173.jpg']","[0.6997, 0.6413, 0.6143]"
3370,a teenage boy hits a tennis ball with a racket,3425071001_e7c9809ef2.jpg,2,0.7818,0.7831,0.0013,"['2269795781_46a296aa21.jpg', '3425071001_e7c9809ef2.jpg', '3163563871_cef3cf33ea.jpg']","[0.7831, 0.7818, 0.7274]"
3371,a boy plays tennis,3425071001_e7c9809ef2.jpg,3,0.6983,0.7521,0.0538,"['2269795781_46a296aa21.jpg', '3163563871_cef3cf33ea.jpg', '3425071001_e7c9809ef2.jpg']","[0.7521, 0.7122, 0.6983]"
3372,a boy hits a tennis ball with his tennis racquet,3425071001_e7c9809ef2.jpg,2,0.7062,0.7927,0.0866,"['2269795781_46a296aa21.jpg', '3425071001_e7c9809ef2.jpg', '3163563871_cef3cf33ea.jpg']","[0.7927, 0.7062, 0.6909]"
3373,a boy hits a tennis ball on a court,3425071001_e7c9809ef2.jpg,2,0.7303,0.7708,0.0405,"['2269795781_46a296aa21.jpg', '3425071001_e7c9809ef2.jpg', '3163563871_cef3cf33ea.jpg']","[0.7708, 0.7303, 0.714]"
3374,a boy hits a tennis ball with a black and yellow racket,3425071001_e7c9809ef2.jpg,2,0.7364,0.786,0.0496,"['2269795781_46a296aa21.jpg', '3425071001_e7c9809ef2.jpg', '3163563871_cef3cf33ea.jpg']","[0.786, 0.7364, 0.7072]"
3375,a little girl plays with a plane,3426144752_28d63615ca.jpg,-1,0.1588,0.6014,0.4426,"['2903617548_d3e38d7f88.jpg', '2664103423_c539f61016.jpg', '1449692616_60507875fb.jpg']","[0.6014, 0.4973, 0.4809]"
3376,a young blonde boy holding a toy airplane,3426144752_28d63615ca.jpg,-1,0.4341,0.6588,0.2248,"['1539166395_0cdc0accee.jpg', '964197865_0133acaeb4.jpg', '3701226275_952547ba0f.jpg']","[0.6588, 0.576, 0.5733]"
3377,a young blonde child holding an airplane,3426144752_28d63615ca.jpg,-1,0.3963,0.6145,0.2183,"['1539166395_0cdc0accee.jpg', '2750867389_4b815f793a.jpg', '1449692616_60507875fb.jpg']","[0.6145, 0.5794, 0.5641]"
3378,the blonde haired child is holding the small plane,3426144752_28d63615ca.jpg,-1,0.3243,0.5886,0.2643,"['1539166395_0cdc0accee.jpg', '2903617548_d3e38d7f88.jpg', '1449692616_60507875fb.jpg']","[0.5886, 0.5784, 0.5395]"
3379,the blond haired and blue eyed child holds the wooden airplane in his hands,3426144752_28d63615ca.jpg,7,0.4735,0.667,0.1935,"['1539166395_0cdc0accee.jpg', '2125216241_5b265a2fbc.jpg', '3640241166_b1ab7a8e7a.jpg']","[0.667, 0.5456, 0.5047]"
3380,the man tossed a child into the swimming pool near the ocean,3426789838_8771f0ed56.jpg,3,0.5649,0.7391,0.1743,"['3666537170_c4ecda4be8.jpg', '477254932_56b48d775d.jpg', '3426789838_8771f0ed56.jpg']","[0.7391, 0.5818, 0.5649]"
3381,the man throws the child into the water,3426789838_8771f0ed56.jpg,6,0.5424,0.7418,0.1994,"['3666537170_c4ecda4be8.jpg', '2911245290_b2c79f328a.jpg', '1159574340_99ba8c3c59.jpg']","[0.7418, 0.5686, 0.568]"
3382,a father launches his daughter in an oceanside pool,3426789838_8771f0ed56.jpg,9,0.5478,0.6742,0.1265,"['1299459550_1fd5594fa2.jpg', '3666537170_c4ecda4be8.jpg', '2911245290_b2c79f328a.jpg']","[0.6742, 0.6673, 0.6296]"
3383,a child is thrown by a man in the swimming pool,3426789838_8771f0ed56.jpg,-1,0.5342,0.7025,0.1683,"['3666537170_c4ecda4be8.jpg', '2461616306_3ee7ac1b4b.jpg', '477254932_56b48d775d.jpg']","[0.7025, 0.6607, 0.6589]"
3384,a young girl jumps off the hands of a man in a pool near the ocean,3426789838_8771f0ed56.jpg,-1,0.5356,0.7361,0.2006,"['701816897_221bbe761a.jpg', '477254932_56b48d775d.jpg', '459778335_857d8ffebf.jpg']","[0.7361, 0.6229, 0.6136]"
3385,a crowd of people sit an walk across dirty streets,3430100177_5864bf1e73.jpg,-1,0.4723,0.7067,0.2344,"['2718376488_3c62f7642c.jpg', '3433470650_a8b1c27173.jpg', '3404870997_7b0cd755de.jpg']","[0.7067, 0.6106, 0.6034]"
3386,a group of people are gathered on a sidewalk in front of a store nearby a littered street,3430100177_5864bf1e73.jpg,-1,0.5436,0.7726,0.2291,"['380527679_574749123d.jpg', '435827376_4384c3005a.jpg', '3002448718_a478c64fb4.jpg']","[0.7726, 0.6513, 0.6309]"
3387,a woman is sitting on the curb staring off into the distance,3430100177_5864bf1e73.jpg,-1,0.1778,0.6493,0.4715,"['436009777_440c7679a1.jpg', '502884177_25939ac000.jpg', '465859490_b077219424.jpg']","[0.6493, 0.5464, 0.5423]"
3388,many people are standing outside on a street filled with litter,3430100177_5864bf1e73.jpg,-1,0.3887,0.6703,0.2816,"['380527679_574749123d.jpg', '2718376488_3c62f7642c.jpg', '3433470650_a8b1c27173.jpg']","[0.6703, 0.6282, 0.6079]"
3389,one woman sitting on a sidewalk with others to the side and behind her,3430100177_5864bf1e73.jpg,-1,0.4562,0.6764,0.2202,"['465859490_b077219424.jpg', '2858903676_6278f07ee3.jpg', '436009777_440c7679a1.jpg']","[0.6764, 0.6186, 0.5925]"
3390,two dogs run two a pond on a winter day,3430526230_234b3550f6.jpg,7,0.5214,0.6588,0.1374,"['3266306177_7994dc2865.jpg', '366548880_3d3e914746.jpg', '400562847_e15aba0aac.jpg']","[0.6588, 0.6567, 0.5922]"
3391,two dogs are running toward the water,3430526230_234b3550f6.jpg,-1,0.5136,0.8197,0.3061,"['2289212650_69de7a20b2.jpg', '481827288_a688be7913.jpg', '3585488964_1467945775.jpg']","[0.8197, 0.7097, 0.662]"
3392,two dogs are running towards the water through brown grass,3430526230_234b3550f6.jpg,-1,0.4781,0.7138,0.2357,"['1130401779_8c30182e3e.jpg', '2244024374_54d7e88c2b.jpg', '481827288_a688be7913.jpg']","[0.7138, 0.7085, 0.6755]"
3393,the dogs run through the field near the water,3430526230_234b3550f6.jpg,3,0.5715,0.6615,0.0901,"['2289212650_69de7a20b2.jpg', '2855667597_bf6ceaef8e.jpg', '3430526230_234b3550f6.jpg']","[0.6615, 0.5911, 0.5715]"
3396,two girls are jumping on the trampoline in a backyard,3431101934_99a6c55914.jpg,5,0.5655,0.6031,0.0376,"['3404978479_8a81843e17.jpg', '3415287719_3c776f370e.jpg', '210126070_0d43b300b9.jpg']","[0.6031, 0.5983, 0.5903]"
3397,two girls in pink on trampoline one sitting and one jumping,3431101934_99a6c55914.jpg,3,0.5646,0.6393,0.0747,"['520491467_54cbc0a866.jpg', '3352697012_751b079bbb.jpg', '3431101934_99a6c55914.jpg']","[0.6393, 0.5921, 0.5646]"
3398,two little girls on a trampoline and a playhouse is behind them,3431101934_99a6c55914.jpg,2,0.6284,0.6504,0.022,"['2597737483_6518a230e4.jpg', '3431101934_99a6c55914.jpg', '3454988449_1de1ef4f20.jpg']","[0.6504, 0.6284, 0.6205]"
3400,many people are walking down a road in both directions some are wearing turbans,3433470650_a8b1c27173.jpg,5,0.5963,0.6518,0.0554,"['3638374272_444f5e0457.jpg', '2718376488_3c62f7642c.jpg', '380527679_574749123d.jpg']","[0.6518, 0.639, 0.6062]"
3401,man in maroon turban standing in road while people walk past,3433470650_a8b1c27173.jpg,9,0.5269,0.6754,0.1484,"['3353278454_2f3a4d0bbc.jpg', '3072782873_3278f3b3a7.jpg', '495055747_a75872762a.jpg']","[0.6754, 0.647, 0.6133]"
3402,a group of men walk along a road divided with yellow ropes,3433470650_a8b1c27173.jpg,-1,0.3467,0.6239,0.2772,"['3712923460_1b20ebb131.jpg', '3638374272_444f5e0457.jpg', '97731718_eb7ba71fd3.jpg']","[0.6239, 0.6216, 0.5313]"
3403,a group of men walk on a street with yellow ribbon in front of a white and red building,3433470650_a8b1c27173.jpg,7,0.5924,0.6443,0.0519,"['3627676364_1dc9294ec5.jpg', '3535879138_9281dc83d5.jpg', '445861800_75fc6a8c16.jpg']","[0.6443, 0.6316, 0.623]"
3404,a group of middle eastern men are walking down a street in front of a building,3433470650_a8b1c27173.jpg,6,0.6034,0.6561,0.0527,"['3712923460_1b20ebb131.jpg', '445861800_75fc6a8c16.jpg', '2497074804_b4f3e7fd90.jpg']","[0.6561, 0.6553, 0.629]"
3406,a woman stands with two young girls in dresses looking at bubbles,3433982387_3fa993cf5a.jpg,8,0.4971,0.6723,0.1752,"['3404552106_f516df0f5b.jpg', '571507143_be346225b7.jpg', '3688858505_e8afd1475d.jpg']","[0.6723, 0.6004, 0.5649]"
3407,a young girl in a white dress watches bubbles while a woman and girl toddler observe,3433982387_3fa993cf5a.jpg,2,0.631,0.6868,0.0558,"['3688858505_e8afd1475d.jpg', '3433982387_3fa993cf5a.jpg', '3661072592_2e693cd5a0.jpg']","[0.6868, 0.631, 0.6026]"
3408,two girls looking at bubbles in the air,3433982387_3fa993cf5a.jpg,-1,0.3913,0.6229,0.2316,"['3652150541_8fb5a3a5d1.jpg', '3396153660_f729d9f9b9.jpg', '3661072592_2e693cd5a0.jpg']","[0.6229, 0.5641, 0.5444]"
3409,two little girls and an adult watch bubbles float through the air in front of them,3433982387_3fa993cf5a.jpg,-1,0.273,0.6646,0.3915,"['3652150541_8fb5a3a5d1.jpg', '989754491_7e53fb4586.jpg', '673806038_0a3682a83f.jpg']","[0.6646, 0.5693, 0.5611]"
3410,two little kids walk side by side while one eats something,3434452829_62cee280bc.jpg,-1,0.4717,0.6054,0.1337,"['2538477523_1da77eb11c.jpg', '2672588619_3849930e99.jpg', '2374247382_023a86b9ca.jpg']","[0.6054, 0.6047, 0.5723]"
3411,two young children walking on a tiled floor,3434452829_62cee280bc.jpg,-1,0.3803,0.7181,0.3379,"['3002920707_5d2e6e6aac.jpg', '3029472296_d429b1586c.jpg', '3150315970_8f045c41a4.jpg']","[0.7181, 0.611, 0.5788]"
3412,two children walk on a tiled floor,3434452829_62cee280bc.jpg,-1,0.3233,0.6871,0.3639,"['3002920707_5d2e6e6aac.jpg', '3029472296_d429b1586c.jpg', '3661659196_6ed90f96c0.jpg']","[0.6871, 0.6263, 0.5615]"
3414,a young boy eats chips while another little boy follows,3434452829_62cee280bc.jpg,2,0.5668,0.5865,0.0197,"['3229913073_e7857a5966.jpg', '3434452829_62cee280bc.jpg', '2647049174_0fb47cee2e.jpg']","[0.5865, 0.5668, 0.5634]"
3423,a man asleep in a chair in front of a full bookshelf,343662720_39e4067cd1.jpg,2,0.6388,0.6707,0.0319,"['403678611_73978faed7.jpg', '343662720_39e4067cd1.jpg', '3084018061_df66d98325.jpg']","[0.6707, 0.6388, 0.616]"
3424,an older balding man falling asleep on a chair in front of bookshelves,343662720_39e4067cd1.jpg,2,0.622,0.6857,0.0636,"['403678611_73978faed7.jpg', '343662720_39e4067cd1.jpg', '2328104318_5a43ca170c.jpg']","[0.6857, 0.622, 0.5593]"
3425,a man and a woman are sitting down and eating,3437273677_47d4462974.jpg,3,0.674,0.7646,0.0905,"['3351667846_ac43118ae5.jpg', '191003287_2915c11d8e.jpg', '3437273677_47d4462974.jpg']","[0.7646, 0.7038, 0.674]"
3427,a woman sitting by a man is eating a plate of french fries,3437273677_47d4462974.jpg,2,0.7633,0.7938,0.0305,"['3351667846_ac43118ae5.jpg', '3437273677_47d4462974.jpg', '1798209205_77dbf525b0.jpg']","[0.7938, 0.7633, 0.7245]"
3428,a young woman leans over her plate at a meal,3437273677_47d4462974.jpg,2,0.7088,0.7216,0.0128,"['2181724497_dbb7fcb0a9.jpg', '3437273677_47d4462974.jpg', '3351667846_ac43118ae5.jpg']","[0.7216, 0.7088, 0.6976]"
3429,the girl sitting next to the man wearing a white tshirt is eating french fries,3437273677_47d4462974.jpg,2,0.6806,0.7462,0.0656,"['191003287_2915c11d8e.jpg', '3437273677_47d4462974.jpg', '3351667846_ac43118ae5.jpg']","[0.7462, 0.6806, 0.6375]"
3430,a little girl is standing by a metal pole holding her fingers up in a v sign,3437315443_ba2263f92e.jpg,-1,0.3122,0.6317,0.3195,"['3701226275_952547ba0f.jpg', '3451344589_6787bd06ef.jpg', '514222303_cb98584536.jpg']","[0.6317, 0.4687, 0.4532]"
3431,a little girl in a red shirt holds on to a pole near a street,3437315443_ba2263f92e.jpg,4,0.5717,0.6016,0.0299,"['2422018883_336519b5c6.jpg', '3472066410_065b4f99d3.jpg', '3431101934_99a6c55914.jpg']","[0.6016, 0.6006, 0.6001]"
3432,a young girl holds up a peace sign,3437315443_ba2263f92e.jpg,4,0.4921,0.5236,0.0315,"['3688839836_ba5e4c24fc.jpg', '2721656220_5f4cda8bc1.jpg', '3451344589_6787bd06ef.jpg']","[0.5236, 0.4934, 0.4928]"
3433,a child in a red jacket holding up two fingers,3437315443_ba2263f92e.jpg,6,0.5721,0.676,0.1039,"['3494394662_3edfd4a34c.jpg', '425088533_a460dc4617.jpg', '3426144752_28d63615ca.jpg']","[0.676, 0.6289, 0.6189]"
3434,a little girl holds onto a pole on a city street,3437315443_ba2263f92e.jpg,-1,0.3153,0.5544,0.2391,"['3472066410_065b4f99d3.jpg', '3286222970_1fa445e38f.jpg', '3229282764_a4a515f4e2.jpg']","[0.5544, 0.5081, 0.4769]"
3435,an ice hockey player in red is challenging the player in white for the puck,3437781040_82b06facb3.jpg,2,0.7633,0.7774,0.0141,"['3231751379_10ebf7150c.jpg', '3437781040_82b06facb3.jpg', '3230101918_7d81cb0fc8.jpg']","[0.7774, 0.7633, 0.5653]"
3436,the goalie has come out of the goal to steal the puck from the other team,3437781040_82b06facb3.jpg,2,0.796,0.8051,0.0091,"['3231751379_10ebf7150c.jpg', '3437781040_82b06facb3.jpg', '3230101918_7d81cb0fc8.jpg']","[0.8051, 0.796, 0.6645]"
3437,two athletes playing in a hockey game,3437781040_82b06facb3.jpg,2,0.7259,0.7289,0.003,"['3231751379_10ebf7150c.jpg', '3437781040_82b06facb3.jpg', '2944952557_8484f0da8f.jpg']","[0.7289, 0.7259, 0.6721]"
3440,a group of men in camouflage pants break dancing on a stage at a community baseball field,3438858409_136345fa07.jpg,-1,0.464,0.6091,0.1451,"['3262386960_14f5d857db.jpg', '3195188609_01afbe46e6.jpg', '3613027188_1645ca1976.jpg']","[0.6091, 0.6004, 0.5684]"
3441,a man gives another man a piggy back ride,3438858409_136345fa07.jpg,-1,0.3533,0.6201,0.2668,"['3649307685_60c1294d2a.jpg', '206087108_d4557d38ee.jpg', '2877159456_ea4a46b0d2.jpg']","[0.6201, 0.5724, 0.5581]"
3442,four men dance on a stage wearing yellow and orange shirts,3438858409_136345fa07.jpg,-1,0.2883,0.5605,0.2722,"['673806038_0a3682a83f.jpg', '3262386960_14f5d857db.jpg', '3242718240_3358f2d6e6.jpg']","[0.5605, 0.5573, 0.5507]"
3443,three men climbing on each other wearing yellow and brown shirts,3438858409_136345fa07.jpg,-1,0.2774,0.5874,0.3101,"['3105929913_94a6882e25.jpg', '3716277216_c04002be81.jpg', '2219959872_988e6d498e.jpg']","[0.5874, 0.5682, 0.5173]"
3444,two men in yellow are dancing with two men in brown on a stage,3438858409_136345fa07.jpg,-1,0.34,0.5791,0.2391,"['673806038_0a3682a83f.jpg', '3155400369_69e3d6d70f.jpg', '3674168459_6245f4f658.jpg']","[0.5791, 0.564, 0.5279]"
3448,an elderly person holds a white doge and kisses their cheek,3439982121_0afc6d5973.jpg,2,0.5474,0.5622,0.0148,"['3399944164_ec24123945.jpg', '3439982121_0afc6d5973.jpg', '1084040636_97d9633581.jpg']","[0.5622, 0.5474, 0.5307]"
3452,two children reaching out toward a swimming seal,3442844140_15aa45e9b8.jpg,7,0.5242,0.6563,0.1321,"['1177994172_10d143cb8d.jpg', '2672588619_3849930e99.jpg', '2271468944_3264d29208.jpg']","[0.6563, 0.645, 0.5895]"
3453,two children touch the glass of a large tank containing a seal,3442844140_15aa45e9b8.jpg,10,0.4469,0.6011,0.1542,"['1177994172_10d143cb8d.jpg', '2672588619_3849930e99.jpg', '1308472581_9961782889.jpg']","[0.6011, 0.5317, 0.5274]"
3455,two sword fighters training,3442978981_53bf1f45f3.jpg,2,0.6513,0.689,0.0377,"['3674168459_6245f4f658.jpg', '3442978981_53bf1f45f3.jpg', '3649307685_60c1294d2a.jpg']","[0.689, 0.6513, 0.5736]"
3456,two suited fencers pointing their swords at each other,3442978981_53bf1f45f3.jpg,6,0.4457,0.5682,0.1224,"['2707873672_15e6b5d54b.jpg', '2970183443_accd597e0a.jpg', '2629346153_155ba73ae9.jpg']","[0.5682, 0.499, 0.4918]"
3457,two people are fencing,3442978981_53bf1f45f3.jpg,-1,0.4066,0.6064,0.1998,"['2707873672_15e6b5d54b.jpg', '2845845721_d0bc113ff7.jpg', '2970183443_accd597e0a.jpg']","[0.6064, 0.5571, 0.537]"
3458,two fencers are in a bout in a white gym,3442978981_53bf1f45f3.jpg,2,0.5792,0.6564,0.0771,"['3649307685_60c1294d2a.jpg', '3442978981_53bf1f45f3.jpg', '3262386960_14f5d857db.jpg']","[0.6564, 0.5792, 0.55]"
3460,the two men look at the shoreline from atop the bluff,3446347599_0ecc49a9d5.jpg,8,0.503,0.6006,0.0976,"['2521983429_33218366bd.jpg', '530661899_94655d7d0e.jpg', '361183669_52be9662b9.jpg']","[0.6006, 0.5984, 0.5792]"
3461,two men look over cliff near the beach,3446347599_0ecc49a9d5.jpg,4,0.5919,0.6307,0.0389,"['2521983429_33218366bd.jpg', '2603792708_18a97bac97.jpg', '530661899_94655d7d0e.jpg']","[0.6307, 0.6146, 0.5927]"
3462,two men stand on a cliff top overlooking a sandy beach,3446347599_0ecc49a9d5.jpg,7,0.5798,0.6771,0.0973,"['2603792708_18a97bac97.jpg', '58368365_03ed3e5bdf.jpg', '2521983429_33218366bd.jpg']","[0.6771, 0.6595, 0.6113]"
3463,two people at the top of a beach side cliff,3446347599_0ecc49a9d5.jpg,5,0.5922,0.7114,0.1192,"['2521983429_33218366bd.jpg', '2603792708_18a97bac97.jpg', '530888330_a18343e38d.jpg']","[0.7114, 0.6484, 0.5997]"
3464,two people stand on a cliff overlooking the ocean,3446347599_0ecc49a9d5.jpg,5,0.6188,0.7857,0.1669,"['2521983429_33218366bd.jpg', '319869052_08b000e4af.jpg', '3217893350_57be430d06.jpg']","[0.7857, 0.6946, 0.6703]"
3465,skateboarder in jeans and tshirt performing jump,3446762868_06e9d9d899.jpg,8,0.6332,0.7614,0.1282,"['3550763985_800cfee7e4.jpg', '3038941104_17ee91fc03.jpg', '2700147489_f1664f2b61.jpg']","[0.7614, 0.7286, 0.719]"
3466,a skateboarder jumps into the air,3446762868_06e9d9d899.jpg,10,0.6325,0.7695,0.137,"['3550763985_800cfee7e4.jpg', '2868575889_2c030aa8ae.jpg', '3244734844_c318c29c23.jpg']","[0.7695, 0.7261, 0.7122]"
3468,a skateboarder does a trick in midair,3446762868_06e9d9d899.jpg,-1,0.5362,0.7364,0.2002,"['3550763985_800cfee7e4.jpg', '3038941104_17ee91fc03.jpg', '2876494009_9f96d7eaf2.jpg']","[0.7364, 0.6599, 0.6459]"
3475,two young girls play on a set of parallel bars in a playground,3454988449_1de1ef4f20.jpg,6,0.5493,0.7808,0.2315,"['493109089_468e105233.jpg', '1007320043_627395c3d8.jpg', '2597737483_6518a230e4.jpg']","[0.7808, 0.669, 0.6104]"
3476,two little girls playing on the parallel bars,3454988449_1de1ef4f20.jpg,4,0.5772,0.678,0.1008,"['493109089_468e105233.jpg', '1007320043_627395c3d8.jpg', '2858903676_6278f07ee3.jpg']","[0.678, 0.5856, 0.5807]"
3477,two girls playing at a playground,3454988449_1de1ef4f20.jpg,4,0.6335,0.7227,0.0892,"['1007320043_627395c3d8.jpg', '493109089_468e105233.jpg', '2597737483_6518a230e4.jpg']","[0.7227, 0.6931, 0.6557]"
3478,two girls playing on parallel bars at the playground,3454988449_1de1ef4f20.jpg,6,0.5515,0.7759,0.2244,"['493109089_468e105233.jpg', '1007320043_627395c3d8.jpg', '2858903676_6278f07ee3.jpg']","[0.7759, 0.67, 0.5755]"
3479,two girls play on a set of parallel bars,3454988449_1de1ef4f20.jpg,6,0.5167,0.6954,0.1787,"['493109089_468e105233.jpg', '2858903676_6278f07ee3.jpg', '1007320043_627395c3d8.jpg']","[0.6954, 0.622, 0.536]"
3484,several people are running quickly through a parking lot,3463268965_f22884fc69.jpg,10,0.551,0.6621,0.1111,"['3430100177_5864bf1e73.jpg', '3002448718_a478c64fb4.jpg', '3638374272_444f5e0457.jpg']","[0.6621, 0.6556, 0.6548]"
3485,diver jumping into ocean from helicopter,3467510271_0f57e52768.jpg,5,0.6021,0.6435,0.0414,"['70995350_75d0698839.jpg', '3426789838_8771f0ed56.jpg', '3582066525_e9d6377f56.jpg']","[0.6435, 0.637, 0.6201]"
3486,man jumping out of a helicopter into the ocean,3467510271_0f57e52768.jpg,4,0.5711,0.6296,0.0585,"['3426789838_8771f0ed56.jpg', '3582066525_e9d6377f56.jpg', '70995350_75d0698839.jpg']","[0.6296, 0.6035, 0.5753]"
3487,a man wearing flippers jumps from a helicopter into the water,3467510271_0f57e52768.jpg,-1,0.458,0.585,0.127,"['3426789838_8771f0ed56.jpg', '2797438951_88a3ed7541.jpg', '70995350_75d0698839.jpg']","[0.585, 0.5639, 0.5596]"
3489,a man in a wetsuit divind out of a helicopter low over the ocean,3467510271_0f57e52768.jpg,5,0.5591,0.6262,0.0672,"['70995350_75d0698839.jpg', '3701509233_a2275a4e57.jpg', '3037558954_20115165e3.jpg']","[0.6262, 0.6262, 0.623]"
3491,a little girl smelling a flower,3470303255_fbb41b8dd0.jpg,3,0.6482,0.6721,0.0239,"['2412390588_a89cab30f4.jpg', '3231880001_193a579b97.jpg', '3470303255_fbb41b8dd0.jpg']","[0.6721, 0.6575, 0.6482]"
3492,a young girl is smelling the flowers,3470303255_fbb41b8dd0.jpg,3,0.6529,0.6903,0.0374,"['3231880001_193a579b97.jpg', '2412390588_a89cab30f4.jpg', '3470303255_fbb41b8dd0.jpg']","[0.6903, 0.6567, 0.6529]"
3494,the young child looked up toward the white flowers,3470303255_fbb41b8dd0.jpg,2,0.6433,0.6729,0.0296,"['3231880001_193a579b97.jpg', '3470303255_fbb41b8dd0.jpg', '2412390588_a89cab30f4.jpg']","[0.6729, 0.6433, 0.6399]"
3495,a young woman jumps from one bench to another,3472066410_065b4f99d3.jpg,-1,0.1558,0.6196,0.4638,"['2979914158_5906470b8f.jpg', '3661659196_6ed90f96c0.jpg', '3286222970_1fa445e38f.jpg']","[0.6196, 0.615, 0.5809]"
3496,a young woman jumping to a beam,3472066410_065b4f99d3.jpg,7,0.4917,0.6926,0.2008,"['2351479551_e8820a1ff3.jpg', '2979914158_5906470b8f.jpg', '3686924335_3c51e8834a.jpg']","[0.6926, 0.5549, 0.5353]"
3497,a woman with long hair jumps from a stone bench to another,3472066410_065b4f99d3.jpg,-1,0.2179,0.6006,0.3827,"['2351479551_e8820a1ff3.jpg', '3415287719_3c776f370e.jpg', '2979914158_5906470b8f.jpg']","[0.6006, 0.5463, 0.534]"
3498,a girl in a green jacket leaps in the air,3472066410_065b4f99d3.jpg,3,0.5529,0.6174,0.0645,"['2592019072_a6c0090da4.jpg', '3686924335_3c51e8834a.jpg', '3472066410_065b4f99d3.jpg']","[0.6174, 0.5863, 0.5529]"
3499,a girl in green is jumping on concrete,3472066410_065b4f99d3.jpg,2,0.6248,0.6283,0.0035,"['2592019072_a6c0090da4.jpg', '3472066410_065b4f99d3.jpg', '1424237335_b3be9920ba.jpg']","[0.6283, 0.6248, 0.6245]"
3500,a motorcyclist is driving in a muddy pit,3472449219_eb927f05b8.jpg,7,0.5588,0.7153,0.1565,"['2891617125_f939f604c7.jpg', '479807833_85eed6899c.jpg', '2911928620_06c3fa293e.jpg']","[0.7153, 0.6326, 0.6058]"
3503,a person with a helmet and googles on is riding a motorcycle in the dirt,3472449219_eb927f05b8.jpg,3,0.7453,0.8133,0.068,"['2891617125_f939f604c7.jpg', '479807833_85eed6899c.jpg', '3472449219_eb927f05b8.jpg']","[0.8133, 0.7887, 0.7453]"
3504,a rider in a yellow suits drives his dirt bike through the dirt,3472449219_eb927f05b8.jpg,2,0.7869,0.8444,0.0575,"['2891617125_f939f604c7.jpg', '3472449219_eb927f05b8.jpg', '3488512097_e500cb499f.jpg']","[0.8444, 0.7869, 0.7659]"
3505,an old wearing a grey hat and a leather jacket surrounded by several other people,3474265683_43b1033d94.jpg,-1,0.3183,0.639,0.3207,"['2924884899_f512c84332.jpg', '3503623999_bbd5dcfb18.jpg', '1396703063_e8c3687afe.jpg']","[0.639, 0.588, 0.5642]"
3506,a man wearing a shirt and tie looks perplexed as he navigates through a crowd,3474265683_43b1033d94.jpg,-1,0.0176,0.7086,0.691,"['1303727066_23d0f6ed43.jpg', '2267819545_446c5a3e18.jpg', '2924884899_f512c84332.jpg']","[0.7086, 0.6352, 0.5828]"
3507,man wearing hat cardigan and tie in a crowd of people,3474265683_43b1033d94.jpg,-1,0.0939,0.6586,0.5647,"['1396703063_e8c3687afe.jpg', '3503623999_bbd5dcfb18.jpg', '2924884899_f512c84332.jpg']","[0.6586, 0.6538, 0.603]"
3508,a man and woman in a crowd of people are having a verbal exchange,3474265683_43b1033d94.jpg,9,0.5316,0.7507,0.2191,"['1303727066_23d0f6ed43.jpg', '2622971954_59f192922d.jpg', '3280052365_c4644bf0a5.jpg']","[0.7507, 0.7156, 0.6694]"
3509,a man in a blue sweater black leather jacket and gray hat is surrounded by people,3474265683_43b1033d94.jpg,-1,0.3637,0.6545,0.2909,"['2924884899_f512c84332.jpg', '2930622766_fa8f84deb1.jpg', '3433470650_a8b1c27173.jpg']","[0.6545, 0.6257, 0.6229]"
3510,a man in a blue helmet and sunglasses bikes through wooded terrain,3474985008_0a827cd340.jpg,2,0.7628,0.8154,0.0526,"['2308108566_2cba6bca53.jpg', '3474985008_0a827cd340.jpg', '95728660_d47de66544.jpg']","[0.8154, 0.7628, 0.7621]"
3511,a man in a blue helmet rides a mountain bike,3474985008_0a827cd340.jpg,2,0.725,0.7379,0.0129,"['95728660_d47de66544.jpg', '3474985008_0a827cd340.jpg', '2998024845_1529c11694.jpg']","[0.7379, 0.725, 0.704]"
3512,a man rides his bicycle through some grass in a wooded area,3474985008_0a827cd340.jpg,6,0.5372,0.7289,0.1918,"['2308108566_2cba6bca53.jpg', '2788628994_61123c03d2.jpg', '3386060324_b98fdfa449.jpg']","[0.7289, 0.6549, 0.6066]"
3513,a man with a blue helmet and a yellow and black jacket is riding a bike in the woods,3474985008_0a827cd340.jpg,2,0.7025,0.8038,0.1013,"['2308108566_2cba6bca53.jpg', '3474985008_0a827cd340.jpg', '95728660_d47de66544.jpg']","[0.8038, 0.7025, 0.6798]"
3514,a mountain biker riding through the woods,3474985008_0a827cd340.jpg,3,0.6196,0.8696,0.25,"['2308108566_2cba6bca53.jpg', '2788628994_61123c03d2.jpg', '3474985008_0a827cd340.jpg']","[0.8696, 0.6355, 0.6196]"
3515,a black dog is jumping over a multicolored barrier,3474999131_788cbf253f.jpg,2,0.6098,0.6823,0.0725,"['251056963_c8b67f0107.jpg', '3474999131_788cbf253f.jpg', '2102581664_5ea50f85c6.jpg']","[0.6823, 0.6098, 0.5891]"
3516,a black dog jumping over an obstacle,3474999131_788cbf253f.jpg,4,0.6213,0.7217,0.1004,"['251056963_c8b67f0107.jpg', '3618932839_acd7d2c2ea.jpg', '2102581664_5ea50f85c6.jpg']","[0.7217, 0.6824, 0.67]"
3517,a black dog jumping over a yellow pole in an obstacle course,3474999131_788cbf253f.jpg,2,0.792,0.7976,0.0056,"['2542662402_d781dd7f7c.jpg', '3474999131_788cbf253f.jpg', '251056963_c8b67f0107.jpg']","[0.7976, 0.792, 0.7905]"
3518,a dog is jumping over a hurdle,3474999131_788cbf253f.jpg,6,0.7553,0.8874,0.1321,"['2102581664_5ea50f85c6.jpg', '2542662402_d781dd7f7c.jpg', '2831672255_d779807c14.jpg']","[0.8874, 0.8116, 0.7792]"
3519,black dog jumping bar in obstacle course,3474999131_788cbf253f.jpg,2,0.7863,0.801,0.0147,"['2542662402_d781dd7f7c.jpg', '3474999131_788cbf253f.jpg', '3618932839_acd7d2c2ea.jpg']","[0.801, 0.7863, 0.7667]"
3521,a person is riding a bike on a tree,3476451861_5b9c9ce191.jpg,4,0.6216,0.6837,0.0621,"['2308108566_2cba6bca53.jpg', '3682038869_585075b5ff.jpg', '3374384485_751f719be4.jpg']","[0.6837, 0.6657, 0.6508]"
3522,a person riding a bike with blue wheels on a tree trunk at night,3476451861_5b9c9ce191.jpg,2,0.5745,0.5783,0.0038,"['3374384485_751f719be4.jpg', '3476451861_5b9c9ce191.jpg', '3386060324_b98fdfa449.jpg']","[0.5783, 0.5745, 0.5698]"
3524,person is riding a bike with blue tires up a tree,3476451861_5b9c9ce191.jpg,3,0.6547,0.7805,0.1258,"['2308108566_2cba6bca53.jpg', '3386060324_b98fdfa449.jpg', '3476451861_5b9c9ce191.jpg']","[0.7805, 0.6881, 0.6547]"
3527,a woman holding a pitcher waits among others outside the opening of a tent,3480052428_c034b98a08.jpg,3,0.4783,0.5718,0.0935,"['3694219419_a7a83d4886.jpg', '3673970325_4e025069e9.jpg', '3480052428_c034b98a08.jpg']","[0.5718, 0.5472, 0.4783]"
3531,a couple stands outside with an umbrella and a bicycle,3484820303_7be0e914b4.jpg,2,0.6914,0.7264,0.0349,"['3499720588_c32590108e.jpg', '3484820303_7be0e914b4.jpg', '2355819665_39021ff642.jpg']","[0.7264, 0.6914, 0.5598]"
3535,a leashed dog is in the backyard of someone s home,3485599424_94de8ede51.jpg,6,0.5776,0.6746,0.097,"['1348947380_14f0fc1237.jpg', '3595643050_d312e4b652.jpg', '2518219912_f47214aa16.jpg']","[0.6746, 0.674, 0.6251]"
3536,a dog stands on the grass while tied up,3485599424_94de8ede51.jpg,-1,0.2059,0.5991,0.3932,"['1359101233_16c2c150e3.jpg', '1659358141_0433c9bf99.jpg', '2311690895_0d6efe11c8.jpg']","[0.5991, 0.5939, 0.5786]"
3537,a brown and white dog standing in a yard,3485599424_94de8ede51.jpg,-1,0.5451,0.6981,0.153,"['460935487_75b2da7854.jpg', '2886411666_72d8b12ce4.jpg', '3383491811_fd9d3a891d.jpg']","[0.6981, 0.665, 0.6251]"
3539,a dog chained in fronr of a house,3485599424_94de8ede51.jpg,-1,0.4135,0.6707,0.2572,"['2702506716_17a7fb3ba4.jpg', '3439982121_0afc6d5973.jpg', '3228069008_edb2961fc4.jpg']","[0.6707, 0.6699, 0.6625]"
3540,a brown and white dog jumps on the sidewalk,3488087117_2719647989.jpg,3,0.6558,0.6691,0.0133,"['3415165462_e1cb536d08.jpg', '2095444126_201ff9f222.jpg', '3488087117_2719647989.jpg']","[0.6691, 0.6604, 0.6558]"
3542,a white dog with brown ears is running on the sidewalk,3488087117_2719647989.jpg,2,0.6849,0.7795,0.0946,"['3435035138_af32890a4c.jpg', '3488087117_2719647989.jpg', '2555535057_007501dae5.jpg']","[0.7795, 0.6849, 0.6846]"
3543,little brown and white dog running on the sidewalk,3488087117_2719647989.jpg,10,0.5803,0.7205,0.1402,"['2555535057_007501dae5.jpg', '245252561_4f20f1c89e.jpg', '3435035138_af32890a4c.jpg']","[0.7205, 0.6614, 0.655]"
3544,the dog is running,3488087117_2719647989.jpg,8,0.6766,0.8145,0.1379,"['697582336_601462e052.jpg', '3435035138_af32890a4c.jpg', '2730994020_64ac1d18be.jpg']","[0.8145, 0.7578, 0.7568]"
3545,biker riding dirt bike on dirt track,3488512097_e500cb499f.jpg,2,0.7756,0.7795,0.0039,"['3472449219_eb927f05b8.jpg', '3488512097_e500cb499f.jpg', '2891617125_f939f604c7.jpg']","[0.7795, 0.7756, 0.7504]"
3546,a motorcycle racer is in action at the track,3488512097_e500cb499f.jpg,4,0.7178,0.8503,0.1325,"['2911928620_06c3fa293e.jpg', '3472449219_eb927f05b8.jpg', '2891617125_f939f604c7.jpg']","[0.8503, 0.7551, 0.7324]"
3548,a man dressed in gray gear including helmet races a dirt bike on a dirt track,3488512097_e500cb499f.jpg,2,0.6919,0.7565,0.0646,"['3472449219_eb927f05b8.jpg', '3488512097_e500cb499f.jpg', '3268443910_b36dbc1e5c.jpg']","[0.7565, 0.6919, 0.6916]"
3549,a man in a black uniform and helmet dirtracing with his bike s front wheel in midair,3488512097_e500cb499f.jpg,2,0.7047,0.7378,0.0331,"['3079073247_97e88e2eb7.jpg', '3488512097_e500cb499f.jpg', '161669933_3e7d8c7e2c.jpg']","[0.7378, 0.7047, 0.6918]"
3550,a pair of dogs playing with a purple ball,3494345896_dd6b32cfa3.jpg,2,0.6551,0.6711,0.016,"['496971341_22782195f0.jpg', '3494345896_dd6b32cfa3.jpg', '382090166_be2c2c63e1.jpg']","[0.6711, 0.6551, 0.6448]"
3551,two dogs and a ball,3494345896_dd6b32cfa3.jpg,5,0.5731,0.6937,0.1206,"['496971341_22782195f0.jpg', '2616561200_ea079f285a.jpg', '382090166_be2c2c63e1.jpg']","[0.6937, 0.6743, 0.6305]"
3552,two dogs playing ball together outside,3494345896_dd6b32cfa3.jpg,2,0.6696,0.67,0.0004,"['684375286_09cc1aa778.jpg', '3494345896_dd6b32cfa3.jpg', '78984436_ad96eaa802.jpg']","[0.67, 0.6696, 0.6493]"
3553,two dogs playing with a purple ball,3494345896_dd6b32cfa3.jpg,2,0.6677,0.6907,0.023,"['496971341_22782195f0.jpg', '3494345896_dd6b32cfa3.jpg', '539750844_02a07ec524.jpg']","[0.6907, 0.6677, 0.6271]"
3555,bearded man in fleece jacket smiles for a picture the background is blurry,3494394662_3edfd4a34c.jpg,3,0.5884,0.6561,0.0678,"['2925737498_57585a7ed9.jpg', '1235580648_7eebaed9bc.jpg', '3494394662_3edfd4a34c.jpg']","[0.6561, 0.6264, 0.5884]"
3556,an older man wearing a black jacket standing outside,3494394662_3edfd4a34c.jpg,-1,0.4721,0.6725,0.2004,"['2925737498_57585a7ed9.jpg', '3394586927_eae7732b64.jpg', '3242007318_01e82171aa.jpg']","[0.6725, 0.6314, 0.628]"
3557,a closeup of an elderly man,3494394662_3edfd4a34c.jpg,-1,0.2634,0.7482,0.4848,"['2551344688_17a12a6948.jpg', '2328104318_5a43ca170c.jpg', '2925737498_57585a7ed9.jpg']","[0.7482, 0.6535, 0.6394]"
3558,a man poses outdoors,3494394662_3edfd4a34c.jpg,-1,0.2786,0.6207,0.342,"['2681215810_00b0642f7b.jpg', '3412249548_00820fc4ca.jpg', '2925737498_57585a7ed9.jpg']","[0.6207, 0.5703, 0.5688]"
3559,a man with a red collar and gray beard looks at the camera,3494394662_3edfd4a34c.jpg,10,0.5454,0.7299,0.1844,"['2925737498_57585a7ed9.jpg', '1417295167_5299df6db8.jpg', '544257613_d9a1fea3f7.jpg']","[0.7299, 0.6467, 0.6315]"
3560,a man just caught a fish and it is fiesty,3495490064_8db40a83af.jpg,-1,0.3207,0.5357,0.215,"['195962284_e57178054a.jpg', '2597308074_acacc12e1b.jpg', '361183669_52be9662b9.jpg']","[0.5357, 0.4921, 0.4692]"
3561,a man making a foul face while handling a fish beside a lake,3495490064_8db40a83af.jpg,-1,0.3077,0.6645,0.3568,"['195962284_e57178054a.jpg', '2597308074_acacc12e1b.jpg', '2456907314_49bc4591c4.jpg']","[0.6645, 0.6231, 0.5567]"
3562,a man scowling is sitting in front of a lake trying to catch a flopping fish,3495490064_8db40a83af.jpg,3,0.5534,0.7008,0.1474,"['2456907314_49bc4591c4.jpg', '361183669_52be9662b9.jpg', '3495490064_8db40a83af.jpg']","[0.7008, 0.6836, 0.5534]"
3565,the brown dog is swimming,3496028495_431cfdc042.jpg,6,0.6349,0.7765,0.1416,"['443430496_3fea95a07d.jpg', '2613209320_edf6a2b7e9.jpg', '2633201394_ee4a7666ed.jpg']","[0.7765, 0.7155, 0.711]"
3570,a group of basketball players stand on the basketball court,3497234632_6ec740fc1e.jpg,5,0.6282,0.7277,0.0995,"['2247192427_5e106f24a9.jpg', '3368569524_a9df2fc312.jpg', '3154709407_9b0778cbeb.jpg']","[0.7277, 0.6892, 0.6676]"
3571,a group of men play basketball,3497234632_6ec740fc1e.jpg,3,0.7402,0.7475,0.0073,"['2247192427_5e106f24a9.jpg', '3368569524_a9df2fc312.jpg', '3497234632_6ec740fc1e.jpg']","[0.7475, 0.741, 0.7402]"
3574,young boys playing indoor basketball one team has black and white uniforms the other has orange and white,3497234632_6ec740fc1e.jpg,10,0.5703,0.7199,0.1496,"['2247192427_5e106f24a9.jpg', '2021602343_03023e1fd1.jpg', '3154709407_9b0778cbeb.jpg']","[0.7199, 0.6787, 0.6703]"
3575,the man plays his guitar on the local streets,3499720588_c32590108e.jpg,-1,0.1575,0.7346,0.5771,"['3619232550_0b1e1fd4e4.jpg', '3332202255_a30c522664.jpg', '3526805681_38461c0d5d.jpg']","[0.7346, 0.6759, 0.4906]"
3576,a man walking the streets while playing the guitar,3499720588_c32590108e.jpg,-1,0.1139,0.6592,0.5453,"['3332202255_a30c522664.jpg', '3619232550_0b1e1fd4e4.jpg', '2700147489_f1664f2b61.jpg']","[0.6592, 0.6287, 0.5263]"
3577,a man plays a blue guitar on the an empty urban street,3499720588_c32590108e.jpg,-1,0.2108,0.609,0.3982,"['3619232550_0b1e1fd4e4.jpg', '3332202255_a30c522664.jpg', '374103842_17873ce505.jpg']","[0.609, 0.5765, 0.5386]"
3578,a dark skinned man plays a blue guitar on the street,3499720588_c32590108e.jpg,-1,0.0583,0.6696,0.6114,"['3332202255_a30c522664.jpg', '3619232550_0b1e1fd4e4.jpg', '2978236380_fb24c43f1e.jpg']","[0.6696, 0.6547, 0.5557]"
3579,a man playing his guitar on the street surrounded by buildings and street lights,3499720588_c32590108e.jpg,-1,0.172,0.7335,0.5616,"['3619232550_0b1e1fd4e4.jpg', '3332202255_a30c522664.jpg', '3305767464_d64a336f60.jpg']","[0.7335, 0.6731, 0.5666]"
3580,a black mother and five children in a rural area,3501083764_cf592292a6.jpg,3,0.5476,0.6722,0.1245,"['979383193_0a542a059d.jpg', '3718007650_e5930b4509.jpg', '3501083764_cf592292a6.jpg']","[0.6722, 0.6083, 0.5476]"
3584,woman in a white and gold shirt holding a baby and with three children and a man in a jacket,3501083764_cf592292a6.jpg,6,0.5295,0.6031,0.0736,"['3718007650_e5930b4509.jpg', '617038406_4092ee91dd.jpg', '2211593099_4a4f1c85d2.jpg']","[0.6031, 0.5506, 0.5499]"
3585,a man walks on a fancy sidewalk next to an abandoned bar,3503011427_a4ee547c77.jpg,6,0.5534,0.6598,0.1064,"['268365231_a0acecdc45.jpg', '2894850774_2d530040a1.jpg', '3242007318_01e82171aa.jpg']","[0.6598, 0.6325, 0.6144]"
3586,a man is walking down a sidewalk under a lounge bar sign,3503011427_a4ee547c77.jpg,-1,0.4763,0.6604,0.1841,"['432167214_c17fcc1a2d.jpg', '2815256108_fc1302117d.jpg', '268365231_a0acecdc45.jpg']","[0.6604, 0.6396, 0.5984]"
3588,a man in a long sleeved white shirt is walking past something called the lounge bar,3503011427_a4ee547c77.jpg,6,0.4749,0.5267,0.0517,"['3348208268_6d97d951eb.jpg', '1057210460_09c6f4c6c1.jpg', '2268729848_d418451226.jpg']","[0.5267, 0.5247, 0.5175]"
3589,a man in a white longsleeve shirt and black pants is walking on the sidewalk,3503011427_a4ee547c77.jpg,-1,0.3951,0.6593,0.2642,"['2681215810_00b0642f7b.jpg', '268365231_a0acecdc45.jpg', '2344412916_9a5a9b1c82.jpg']","[0.6593, 0.6008, 0.6005]"
3592,a woman wearing a hat and red scarf stands among others wearing similar clothes,3503623999_bbd5dcfb18.jpg,2,0.7878,0.79,0.0022,"['536537638_f5ee42410b.jpg', '3503623999_bbd5dcfb18.jpg', '2676184321_858eff416b.jpg']","[0.79, 0.7878, 0.6693]"
3594,the lady is wearing a bandanna around her face to protect her from dust,3503623999_bbd5dcfb18.jpg,4,0.5774,0.6612,0.0838,"['2676184321_858eff416b.jpg', '1527297882_dededc7891.jpg', '3174726084_c108de0a64.jpg']","[0.6612, 0.5886, 0.5799]"
3595,a person stands on a ladder and a small child climbs at the bottom of the ladder,350443876_c9769f5734.jpg,5,0.5915,0.6398,0.0482,"['1007320043_627395c3d8.jpg', '1350811702_2ce7cfd0c5.jpg', '2707873672_15e6b5d54b.jpg']","[0.6398, 0.6246, 0.6146]"
3597,a person stands at the top of a ladder as a young girl begins to climb,350443876_c9769f5734.jpg,-1,0.4541,0.6464,0.1923,"['514222303_cb98584536.jpg', '1007320043_627395c3d8.jpg', '540604040_bec822c144.jpg']","[0.6464, 0.6411, 0.5429]"
3598,a little baby climbing up the ladder after someone,350443876_c9769f5734.jpg,4,0.5166,0.5946,0.078,"['540604040_bec822c144.jpg', '2362481035_a7600875d0.jpg', '2752331711_cb18abba5a.jpg']","[0.5946, 0.5641, 0.5268]"
3599,a little girl is climbing a ladder,350443876_c9769f5734.jpg,-1,0.4754,0.6474,0.1721,"['758921886_55a351dd67.jpg', '2935703360_4f794f7f09.jpg', '1007320043_627395c3d8.jpg']","[0.6474, 0.6273, 0.6235]"
3602,two opposing soccer players run toward the ball while a goalies prepares a block,3506607642_40037b3fbf.jpg,4,0.8002,0.8357,0.0355,"['269986132_91b71e8aaa.jpg', '3522749949_fb615cee47.jpg', '2962977152_9d6958fdd5.jpg']","[0.8357, 0.8108, 0.806]"
3603,two players run for the soccer ball,3506607642_40037b3fbf.jpg,4,0.7154,0.8394,0.124,"['2962977152_9d6958fdd5.jpg', '3522749949_fb615cee47.jpg', '278608022_4175813019.jpg']","[0.8394, 0.8117, 0.7445]"
3605,a woman slides into home while the catcher tries to block,3513265399_a32e8cfd18.jpg,10,0.4416,0.6872,0.2456,"['2736508369_fd9ff0b42f.jpg', '3517124784_4b4eb62a7a.jpg', '3661659196_6ed90f96c0.jpg']","[0.6872, 0.6334, 0.5259]"
3606,a runner is sliding into home while the cathcer covers the plate in a softball game,3513265399_a32e8cfd18.jpg,6,0.55,0.771,0.2211,"['2736508369_fd9ff0b42f.jpg', '3517124784_4b4eb62a7a.jpg', '2460823604_7f6f786b1c.jpg']","[0.771, 0.751, 0.6126]"
3607,a player is sliding into home plate with the catcher guarding it,3513265399_a32e8cfd18.jpg,-1,0.4386,0.8396,0.401,"['2736508369_fd9ff0b42f.jpg', '3517124784_4b4eb62a7a.jpg', '2443380641_7b38d18f5b.jpg']","[0.8396, 0.7361, 0.6637]"
3608,a child is sliding into home plate and the catcher is waiting,3513265399_a32e8cfd18.jpg,8,0.4504,0.7508,0.3004,"['2443380641_7b38d18f5b.jpg', '2736508369_fd9ff0b42f.jpg', '2460823604_7f6f786b1c.jpg']","[0.7508, 0.6287, 0.5652]"
3609,a baseball player slides home in a non professional baseball game in an hdr photograph,3513265399_a32e8cfd18.jpg,-1,0.3558,0.7572,0.4014,"['2736508369_fd9ff0b42f.jpg', '3517124784_4b4eb62a7a.jpg', '2443380641_7b38d18f5b.jpg']","[0.7572, 0.64, 0.569]"
3610,a mom is pushing her two kids on the swing,3515451715_ac5ac04efa.jpg,6,0.56,0.6934,0.1334,"['3396036947_0af6c3aab7.jpg', '3584406900_039f30b34c.jpg', '493109089_468e105233.jpg']","[0.6934, 0.6443, 0.6227]"
3611,a mother pushes two children on swings at a park,3515451715_ac5ac04efa.jpg,5,0.574,0.6289,0.0549,"['3396036947_0af6c3aab7.jpg', '3584406900_039f30b34c.jpg', '2597737483_6518a230e4.jpg']","[0.6289, 0.6203, 0.6036]"
3612,a woman pushes a child on a swing while another swinging child looks on,3515451715_ac5ac04efa.jpg,-1,0.4959,0.6398,0.1438,"['3396036947_0af6c3aab7.jpg', '3584406900_039f30b34c.jpg', '493109089_468e105233.jpg']","[0.6398, 0.6199, 0.6177]"
3613,a woman pushing two children on swings,3515451715_ac5ac04efa.jpg,4,0.5915,0.6172,0.0258,"['493109089_468e105233.jpg', '3584406900_039f30b34c.jpg', '3396036947_0af6c3aab7.jpg']","[0.6172, 0.6131, 0.6062]"
3616,a girl in a white and brown uniform swings at a softball,3517124784_4b4eb62a7a.jpg,2,0.7124,0.7325,0.0201,"['2736508369_fd9ff0b42f.jpg', '3517124784_4b4eb62a7a.jpg', '2443380641_7b38d18f5b.jpg']","[0.7325, 0.7124, 0.6394]"
3617,a female softball player hit the ball and is running towards first base,3517124784_4b4eb62a7a.jpg,2,0.7122,0.7203,0.0081,"['2736508369_fd9ff0b42f.jpg', '3517124784_4b4eb62a7a.jpg', '3513265399_a32e8cfd18.jpg']","[0.7203, 0.7122, 0.6034]"
3630,three girls are sitting our on the sand at the beach posing for the camera,3518755601_cebf11e515.jpg,2,0.6802,0.687,0.0069,"['3711664623_ef87105ea7.jpg', '3518755601_cebf11e515.jpg', '979383193_0a542a059d.jpg']","[0.687, 0.6802, 0.5988]"
3633,three young woman smiling on the beach,3518755601_cebf11e515.jpg,2,0.605,0.617,0.012,"['3711664623_ef87105ea7.jpg', '3518755601_cebf11e515.jpg', '3189002057_3ef61b803e.jpg']","[0.617, 0.605, 0.5975]"
3636,a dog and cat are snuggling up during a nap,351876121_c7c0221928.jpg,2,0.7243,0.7372,0.0129,"['2325258180_6217dd17eb.jpg', '351876121_c7c0221928.jpg', '3229898555_16877f5180.jpg']","[0.7372, 0.7243, 0.6599]"
3638,a big brown dog is sleeping next to a small black and white cat,351876121_c7c0221928.jpg,3,0.6601,0.6974,0.0373,"['2325258180_6217dd17eb.jpg', '288508162_1727873924.jpg', '351876121_c7c0221928.jpg']","[0.6974, 0.6776, 0.6601]"
3639,a cat sleeps nestled up to a dog,351876121_c7c0221928.jpg,6,0.5882,0.7014,0.1132,"['288508162_1727873924.jpg', '2325258180_6217dd17eb.jpg', '2882483779_73c171ac19.jpg']","[0.7014, 0.6925, 0.6121]"
3640,a boy jumping off a yellow spring board,3519815055_304dc8e8d6.jpg,-1,0.4175,0.6818,0.2642,"['2973638173_0dc21fd443.jpg', '693785581_68bec8312a.jpg', '2868575889_2c030aa8ae.jpg']","[0.6818, 0.6631, 0.661]"
3641,a boy jumps off of a structure into a pool,3519815055_304dc8e8d6.jpg,-1,0.2941,0.8269,0.5328,"['2461616306_3ee7ac1b4b.jpg', '477254932_56b48d775d.jpg', '1236964638_1808784a3c.jpg']","[0.8269, 0.8169, 0.8155]"
3642,a child jumps off a slide,3519815055_304dc8e8d6.jpg,-1,0.3729,0.6794,0.3065,"['2988244398_5da7012fce.jpg', '860928274_744d14f198.jpg', '2597737483_6518a230e4.jpg']","[0.6794, 0.6247, 0.5618]"
3643,a child jumps off a swing set into a swimming pool,3519815055_304dc8e8d6.jpg,-1,0.23,0.7044,0.4744,"['2461616306_3ee7ac1b4b.jpg', '3009018821_ba47396e24.jpg', '477254932_56b48d775d.jpg']","[0.7044, 0.6961, 0.6867]"
3644,a youth in red swim trunks jumps into the water from a wooden board,3519815055_304dc8e8d6.jpg,-1,0.1262,0.7639,0.6377,"['2797438951_88a3ed7541.jpg', '3690425778_3b390b3ea5.jpg', '897621891_efb1e00d1d.jpg']","[0.7639, 0.6619, 0.5954]"
3645,the player is kicking a soccer ball on the grass field,3522749949_fb615cee47.jpg,3,0.655,0.7351,0.08,"['278608022_4175813019.jpg', '3538021517_b930dc76fc.jpg', '3522749949_fb615cee47.jpg']","[0.7351, 0.6647, 0.655]"
3650,a group of dogs playing,3526018344_450c517a72.jpg,4,0.6004,0.683,0.0825,"['2165461920_1a4144eb2b.jpg', '2818735880_68b3dfe1f5.jpg', '2981372647_2061278c60.jpg']","[0.683, 0.6623, 0.6009]"
3651,four dogs run in a field,3526018344_450c517a72.jpg,4,0.6397,0.7952,0.1555,"['2818735880_68b3dfe1f5.jpg', '2855667597_bf6ceaef8e.jpg', '439492931_a96d590e40.jpg']","[0.7952, 0.7525, 0.6979]"
3653,four small dogs running through a green field with yellow flowers in the background,3526018344_450c517a72.jpg,5,0.5869,0.6872,0.1003,"['2818735880_68b3dfe1f5.jpg', '439492931_a96d590e40.jpg', '3242718240_3358f2d6e6.jpg']","[0.6872, 0.6579, 0.6104]"
3655,a man with a sign about god stands holding the leash of a dog in a red brick square,3526805681_38461c0d5d.jpg,2,0.6601,0.7512,0.091,"['1348947380_14f0fc1237.jpg', '3526805681_38461c0d5d.jpg', '397547349_1fd14b95af.jpg']","[0.7512, 0.6601, 0.6395]"
3656,a man with a dog stands outside on bricks holding a sign,3526805681_38461c0d5d.jpg,3,0.641,0.6567,0.0156,"['2222559267_6fd31e3941.jpg', '2815256108_fc1302117d.jpg', '3526805681_38461c0d5d.jpg']","[0.6567, 0.6507, 0.641]"
3657,a man on the street holding a sign while holding a small tan dog on a lease,3526805681_38461c0d5d.jpg,5,0.5996,0.6931,0.0935,"['397547349_1fd14b95af.jpg', '3353278454_2f3a4d0bbc.jpg', '3499720588_c32590108e.jpg']","[0.6931, 0.6675, 0.6544]"
3658,a man holding a sign with a dog on a leash,3526805681_38461c0d5d.jpg,2,0.7115,0.712,0.0005,"['1348947380_14f0fc1237.jpg', '3526805681_38461c0d5d.jpg', '2340919359_f56787d307.jpg']","[0.712, 0.7115, 0.6711]"
3660,a boy on a skateboard is riding on a slope,3527926597_45af299eee.jpg,3,0.7111,0.7812,0.0701,"['232193739_ed5f348c7a.jpg', '3576741633_671340544c.jpg', '3527926597_45af299eee.jpg']","[0.7812, 0.712, 0.7111]"
3661,a boy on a skateboard ramp,3527926597_45af299eee.jpg,7,0.5926,0.7702,0.1777,"['2332540384_4cf26406a9.jpg', '3576741633_671340544c.jpg', '232193739_ed5f348c7a.jpg']","[0.7702, 0.7337, 0.6743]"
3662,a boy skateboards on a ramp,3527926597_45af299eee.jpg,-1,0.5389,0.8043,0.2653,"['3576741633_671340544c.jpg', '2332540384_4cf26406a9.jpg', '232193739_ed5f348c7a.jpg']","[0.8043, 0.7783, 0.6758]"
3663,a boy wearing a red shirt rides a skateboard up a ramp,3527926597_45af299eee.jpg,5,0.5938,0.6574,0.0637,"['3576741633_671340544c.jpg', '2332540384_4cf26406a9.jpg', '3038941104_17ee91fc03.jpg']","[0.6574, 0.6389, 0.6143]"
3665,motorcross jumper in midflight beneath a grey sky,3528105511_12ff45dc9c.jpg,-1,0.5308,0.7052,0.1744,"['3240351042_5d29c94b0e.jpg', '3357416302_fcfcdd7b86.jpg', '3179336562_c3d0c0a3bd.jpg']","[0.7052, 0.685, 0.5998]"
3666,a person riding a dirt bike,3528105511_12ff45dc9c.jpg,-1,0.6046,0.7661,0.1615,"['2891617125_f939f604c7.jpg', '3472449219_eb927f05b8.jpg', '479807833_85eed6899c.jpg']","[0.7661, 0.7609, 0.7491]"
3670,a person in a red and white suit kneels down on his skateboard and rides down a road,3530087422_7eb2b2c289.jpg,-1,0.4305,0.6305,0.2,"['523692399_d2e261a302.jpg', '3038941104_17ee91fc03.jpg', '3576741633_671340544c.jpg']","[0.6305, 0.6174, 0.6117]"
3671,a person in a red black and white racing suit and a helmet is riding a skateboard,3530087422_7eb2b2c289.jpg,10,0.5298,0.6623,0.1325,"['3268443910_b36dbc1e5c.jpg', '3230101918_7d81cb0fc8.jpg', '523692399_d2e261a302.jpg']","[0.6623, 0.639, 0.614]"
3672,person skateboarding on street wearing equipment,3530087422_7eb2b2c289.jpg,-1,0.5498,0.7546,0.2048,"['3038941104_17ee91fc03.jpg', '3527926597_45af299eee.jpg', '2902844125_4186bf3ab6.jpg']","[0.7546, 0.6902, 0.6462]"
3673,someone with a black helmet and full body suit is kneeling on a skateboard,3530087422_7eb2b2c289.jpg,-1,0.4565,0.6819,0.2254,"['523692399_d2e261a302.jpg', '3038941104_17ee91fc03.jpg', '2922512807_d382528a93.jpg']","[0.6819, 0.6691, 0.6326]"
3674,the boy in the red and white suit is on a skateboard,3530087422_7eb2b2c289.jpg,-1,0.4728,0.71,0.2372,"['3038941104_17ee91fc03.jpg', '3527926597_45af299eee.jpg', '523692399_d2e261a302.jpg']","[0.71, 0.6707, 0.6694]"
3675,a man in a skeleton printed outfit is sitting on a clean motorcycle,3530502404_f8c3a3f61c.jpg,3,0.6008,0.6882,0.0874,"['206087108_d4557d38ee.jpg', '3556598205_86c180769d.jpg', '3530502404_f8c3a3f61c.jpg']","[0.6882, 0.6103, 0.6008]"
3676,a man in wearing a mask and black leather is sitting on a motorcycle on the street,3530502404_f8c3a3f61c.jpg,2,0.6418,0.679,0.0373,"['3534952095_975cca0056.jpg', '3530502404_f8c3a3f61c.jpg', '161669933_3e7d8c7e2c.jpg']","[0.679, 0.6418, 0.5905]"
3677,a person on a motorcycle wearing full leather with a skeleton on it and skeleton mask,3530502404_f8c3a3f61c.jpg,10,0.5026,0.7026,0.2,"['206087108_d4557d38ee.jpg', '3079073247_97e88e2eb7.jpg', '111537222_07e56d5a30.jpg']","[0.7026, 0.5651, 0.532]"
3678,man in black leather on a motorcycle,3530502404_f8c3a3f61c.jpg,2,0.7086,0.7357,0.0271,"['3079073247_97e88e2eb7.jpg', '3530502404_f8c3a3f61c.jpg', '3534952095_975cca0056.jpg']","[0.7357, 0.7086, 0.6566]"
3681,a showgirl holding lipstick in her hand and wearing a feather headdress looks in a mirror,353180303_6a24179c50.jpg,-1,0.4564,0.6567,0.2002,"['2086678529_b3301c2d71.jpg', '1527297882_dededc7891.jpg', '2695085862_2ed62df354.jpg']","[0.6567, 0.6436, 0.6243]"
3682,a showgirl puts on her lipstick in the mirror,353180303_6a24179c50.jpg,-1,0.3787,0.5991,0.2204,"['654130822_4aeb1f1273.jpg', '2086678529_b3301c2d71.jpg', '374124237_51f62b6937.jpg']","[0.5991, 0.5795, 0.5572]"
3683,a woman in a fancy costume is fixer her makeup in front of a mirror,353180303_6a24179c50.jpg,2,0.6453,0.669,0.0237,"['2522467011_cc825d89ac.jpg', '353180303_6a24179c50.jpg', '2086678529_b3301c2d71.jpg']","[0.669, 0.6453, 0.645]"
3685,the young man is performing a summersault in the air with a bicycle,3531811969_49af4c22f0.jpg,2,0.6594,0.6683,0.0088,"['3339586622_a7676b30e1.jpg', '3531811969_49af4c22f0.jpg', '3391924827_53b31542ce.jpg']","[0.6683, 0.6594, 0.6525]"
3688,a bike rider performs a trick,3531811969_49af4c22f0.jpg,2,0.7684,0.7788,0.0104,"['3386060324_b98fdfa449.jpg', '3531811969_49af4c22f0.jpg', '3649916507_b88a3d2082.jpg']","[0.7788, 0.7684, 0.7615]"
3689,a bmx biker is currently in midair doing a front flip,3531811969_49af4c22f0.jpg,2,0.8122,0.8184,0.0062,"['3386060324_b98fdfa449.jpg', '3531811969_49af4c22f0.jpg', '3309578722_1765d7d1af.jpg']","[0.8184, 0.8122, 0.7895]"
3690,a man is heading out to see with his surfboard in hand,3532194771_07faf20d76.jpg,-1,0.3525,0.7825,0.43,"['226607225_44d696db6b.jpg', '2984174290_a915748d77.jpg', '3627679667_0e3de9fc90.jpg']","[0.7825, 0.7798, 0.7759]"
3691,a man with a white surfboard is walking into the water,3532194771_07faf20d76.jpg,-1,0.2321,0.7412,0.5091,"['3627679667_0e3de9fc90.jpg', '2984174290_a915748d77.jpg', '3397228832_8ce5b1c26f.jpg']","[0.7412, 0.6804, 0.6489]"
3692,a person walks into the water carrying a white surfboard,3532194771_07faf20d76.jpg,-1,0.2651,0.7454,0.4803,"['3627679667_0e3de9fc90.jpg', '2984174290_a915748d77.jpg', '2726262796_03bd63a155.jpg']","[0.7454, 0.7251, 0.6393]"
3693,a surfer walking into the ocean,3532194771_07faf20d76.jpg,-1,0.4033,0.7506,0.3472,"['3627679667_0e3de9fc90.jpg', '2984174290_a915748d77.jpg', '3168123064_d1983b8f92.jpg']","[0.7506, 0.74, 0.7297]"
3694,surfer with board marches out to sea on gray day,3532194771_07faf20d76.jpg,-1,0.3105,0.7574,0.4469,"['3627679667_0e3de9fc90.jpg', '2984174290_a915748d77.jpg', '3018304737_0a46fc5f1d.jpg']","[0.7574, 0.7562, 0.7481]"
3697,a mother with a child sitting on her lap and both are smiling,3534824784_7133119316.jpg,8,0.5311,0.7055,0.1744,"['452419961_6d42ab7000.jpg', '3321516504_5ee97771cb.jpg', '2456030728_d3d147e774.jpg']","[0.7055, 0.6294, 0.5969]"
3698,a girl leaning against a woman s shoulder while sitting on a bench,3534824784_7133119316.jpg,-1,0.352,0.7436,0.3916,"['468918320_9c275b877f.jpg', '2858903676_6278f07ee3.jpg', '3286222970_1fa445e38f.jpg']","[0.7436, 0.6689, 0.6097]"
3699,a woman and a child sit together and smile,3534824784_7133119316.jpg,2,0.6177,0.6221,0.0044,"['452419961_6d42ab7000.jpg', '3534824784_7133119316.jpg', '3550276904_19de3561c5.jpg']","[0.6221, 0.6177, 0.589]"
3700,a lady riding a mini motorcycle,3534952095_975cca0056.jpg,2,0.5439,0.5646,0.0207,"['2911928620_06c3fa293e.jpg', '3534952095_975cca0056.jpg', '2891617125_f939f604c7.jpg']","[0.5646, 0.5439, 0.5151]"
3701,an africanamerican woman rides her moped,3534952095_975cca0056.jpg,-1,0.3015,0.5847,0.2832,"['492341908_1ef53be265.jpg', '3342272425_804316cb3d.jpg', '1115565519_d976d4b1f1.jpg']","[0.5847, 0.5038, 0.4738]"
3703,a woman wearing a black skirt and pumps is riding her white and red moped,3534952095_975cca0056.jpg,-1,0.3265,0.532,0.2056,"['3030566410_393c36a6c5.jpg', '2522467011_cc825d89ac.jpg', '2704934519_457dc38986.jpg']","[0.532, 0.5317, 0.53]"
3704,woman riding a small red and white motorcycle and wearing a matching red helmet and scarf,3534952095_975cca0056.jpg,10,0.4907,0.6277,0.137,"['656260720_a7db4ce48b.jpg', '2192411521_9c7e488c5e.jpg', '161669933_3e7d8c7e2c.jpg']","[0.6277, 0.577, 0.5481]"
3705,three young men wearing hooded sweatshirts standing at a bench,3535056297_e16f014cb7.jpg,-1,0.4929,0.6448,0.1519,"['3105929913_94a6882e25.jpg', '3712923460_1b20ebb131.jpg', '2219959872_988e6d498e.jpg']","[0.6448, 0.6244, 0.5898]"
3706,some young men stand holding a railing with a lot of other people,3535056297_e16f014cb7.jpg,6,0.5742,0.6428,0.0686,"['2930622766_fa8f84deb1.jpg', '3712923460_1b20ebb131.jpg', '3480052428_c034b98a08.jpg']","[0.6428, 0.6351, 0.6169]"
3707,a group of several people standing around a railing,3535056297_e16f014cb7.jpg,-1,0.3876,0.6769,0.2893,"['2930622766_fa8f84deb1.jpg', '1350811702_2ce7cfd0c5.jpg', '2621771656_09a620da6d.jpg']","[0.6769, 0.6209, 0.569]"
3709,a group of people are looking into the distance,3535056297_e16f014cb7.jpg,7,0.5599,0.8148,0.2549,"['2930622766_fa8f84deb1.jpg', '2621771656_09a620da6d.jpg', '2180356743_b3a3c9a7f6.jpg']","[0.8148, 0.6726, 0.6146]"
3710,a crowd of people waving red flags are passing under a bridge,3535879138_9281dc83d5.jpg,4,0.5286,0.6087,0.0801,"['3697378565_7060d9281a.jpg', '3225037367_a71fa86319.jpg', '1663454406_5e2cf8c5bb.jpg']","[0.6087, 0.5557, 0.5312]"
3711,a group of people walk down the street carrying red flags,3535879138_9281dc83d5.jpg,10,0.5207,0.6993,0.1786,"['380527679_574749123d.jpg', '3225037367_a71fa86319.jpg', '1663454406_5e2cf8c5bb.jpg']","[0.6993, 0.6458, 0.6249]"
3712,a large group of people walking down a street some carrying flags or banners,3535879138_9281dc83d5.jpg,5,0.6341,0.7368,0.1028,"['3225037367_a71fa86319.jpg', '2718376488_3c62f7642c.jpg', '1663454406_5e2cf8c5bb.jpg']","[0.7368, 0.7207, 0.6996]"
3713,many people walking together on pavement near a brick building with other people looking on,3535879138_9281dc83d5.jpg,6,0.6639,0.793,0.1291,"['3072782873_3278f3b3a7.jpg', '2497074804_b4f3e7fd90.jpg', '3433470650_a8b1c27173.jpg']","[0.793, 0.7161, 0.7045]"
3714,many people walk in the street,3535879138_9281dc83d5.jpg,4,0.6763,0.706,0.0298,"['3433470650_a8b1c27173.jpg', '380527679_574749123d.jpg', '3072782873_3278f3b3a7.jpg']","[0.706, 0.7049, 0.6904]"
3715,two kids are playing soccer together,3538021517_b930dc76fc.jpg,3,0.8041,0.8324,0.0283,"['3506607642_40037b3fbf.jpg', '278608022_4175813019.jpg', '3538021517_b930dc76fc.jpg']","[0.8324, 0.8311, 0.8041]"
3716,two children playing soccer,3538021517_b930dc76fc.jpg,3,0.7954,0.8215,0.026,"['3506607642_40037b3fbf.jpg', '278608022_4175813019.jpg', '3538021517_b930dc76fc.jpg']","[0.8215, 0.8164, 0.7954]"
3717,a closeup of two boys playing soccer in their team uniforms,3538021517_b930dc76fc.jpg,2,0.8231,0.8652,0.042,"['3506607642_40037b3fbf.jpg', '3538021517_b930dc76fc.jpg', '278608022_4175813019.jpg']","[0.8652, 0.8231, 0.8139]"
3719,the boy in goal is gathering up the soccer ball in his arms as another boy runs towards him,3538021517_b930dc76fc.jpg,2,0.853,0.8809,0.0279,"['3506607642_40037b3fbf.jpg', '3538021517_b930dc76fc.jpg', '278608022_4175813019.jpg']","[0.8809, 0.853, 0.8354]"
3720,a biker is racing downhill,3538686658_30afc75f02.jpg,-1,0.4568,0.7258,0.269,"['2308108566_2cba6bca53.jpg', '2998024845_1529c11694.jpg', '3671933270_d124e9a1a4.jpg']","[0.7258, 0.7147, 0.7025]"
3721,a biker prepares to go down a hill,3538686658_30afc75f02.jpg,-1,0.4761,0.7644,0.2883,"['2308108566_2cba6bca53.jpg', '2998024845_1529c11694.jpg', '3649916507_b88a3d2082.jpg']","[0.7644, 0.7092, 0.6961]"
3722,a person in a biking suit rides a bike down a hill,3538686658_30afc75f02.jpg,-1,0.3542,0.8051,0.4509,"['3671933270_d124e9a1a4.jpg', '2308108566_2cba6bca53.jpg', '3474985008_0a827cd340.jpg']","[0.8051, 0.7477, 0.7222]"
3723,a person in a blue biking uniform is ridding a dirt bike on a grassy track,3538686658_30afc75f02.jpg,-1,0.4956,0.7425,0.2469,"['3472449219_eb927f05b8.jpg', '3488512097_e500cb499f.jpg', '2891617125_f939f604c7.jpg']","[0.7425, 0.7188, 0.6729]"
3724,a person riding a bicycle travels down an overgrown hill,3538686658_30afc75f02.jpg,-1,0.3475,0.7253,0.3778,"['2308108566_2cba6bca53.jpg', '3671933270_d124e9a1a4.jpg', '95728660_d47de66544.jpg']","[0.7253, 0.697, 0.6627]"
3725,a soccer player is being tackled by his opponent,3539840291_1c3eed701d.jpg,-1,0.4457,0.675,0.2292,"['241347547_902725b9f8.jpg', '3630332976_fdba22c50b.jpg', '241347271_a39a5a0070.jpg']","[0.675, 0.6257, 0.5857]"
3727,a soccer player in red being tackled by a soccer player in green,3539840291_1c3eed701d.jpg,5,0.6185,0.6561,0.0375,"['3522749949_fb615cee47.jpg', '241347547_902725b9f8.jpg', '3538021517_b930dc76fc.jpg']","[0.6561, 0.6324, 0.6316]"
3735,the man in the green jacket is playing the piano next to a woman who is by a music stand,3543378438_47e2712486.jpg,6,0.47,0.6903,0.2203,"['3619232550_0b1e1fd4e4.jpg', '3332202255_a30c522664.jpg', '3726700898_c50494b8bd.jpg']","[0.6903, 0.6552, 0.5399]"
3736,a pianist and a singer are ready to perform,3543378438_47e2712486.jpg,4,0.5351,0.64,0.1049,"['3305767464_d64a336f60.jpg', '3332202255_a30c522664.jpg', '3619232550_0b1e1fd4e4.jpg']","[0.64, 0.623, 0.6102]"
3737,a person playing the piano with a singer nearby,3543378438_47e2712486.jpg,-1,0.3857,0.6639,0.2782,"['3332202255_a30c522664.jpg', '3305767464_d64a336f60.jpg', '3619232550_0b1e1fd4e4.jpg']","[0.6639, 0.6219, 0.5725]"
3738,a man dressed in a green jacket is playing piano while a woman sings,3543378438_47e2712486.jpg,-1,0.3427,0.802,0.4592,"['3332202255_a30c522664.jpg', '3619232550_0b1e1fd4e4.jpg', '3305767464_d64a336f60.jpg']","[0.802, 0.7058, 0.566]"
3739,a man is sitting in front of a harpsichord and a woman is preparing to sing,3543378438_47e2712486.jpg,-1,0.3647,0.7128,0.3481,"['3619232550_0b1e1fd4e4.jpg', '3332202255_a30c522664.jpg', '3305767464_d64a336f60.jpg']","[0.7128, 0.6813, 0.5473]"
3740,a brown dog leaps in the air to catch a white volleyball,3544673666_ffc7483c96.jpg,10,0.5528,0.6537,0.1009,"['539750844_02a07ec524.jpg', '3696246123_99d4d10140.jpg', '724702877_f2a938766b.jpg']","[0.6537, 0.636, 0.5887]"
3742,a dog stands on its hind legs to catch a ball in its mouth,3544673666_ffc7483c96.jpg,5,0.6658,0.7947,0.1289,"['539750844_02a07ec524.jpg', '3155390408_8e1a81efb2.jpg', '3696246123_99d4d10140.jpg']","[0.7947, 0.7515, 0.7405]"
3744,the leashed dog jumps high to catch the old soccer ball,3544673666_ffc7483c96.jpg,-1,0.4681,0.6472,0.1791,"['2962977152_9d6958fdd5.jpg', '3522749949_fb615cee47.jpg', '3696246123_99d4d10140.jpg']","[0.6472, 0.6427, 0.6114]"
3747,an old woman with a big bag in her lap sits next to a little girl in a stripe orange dress,3550276904_19de3561c5.jpg,7,0.4941,0.556,0.0619,"['465859490_b077219424.jpg', '3134341610_3c55e373a7.jpg', '3178599352_c57fdebcd2.jpg']","[0.556, 0.5505, 0.5424]"
3750,a man in a baseball cap does a skateboard jump on a half pipe,3550763985_800cfee7e4.jpg,5,0.5772,0.6649,0.0877,"['264141937_585320617a.jpg', '2332540384_4cf26406a9.jpg', '3038941104_17ee91fc03.jpg']","[0.6649, 0.6384, 0.6349]"
3751,a skateboarder does a trick on a ramp,3550763985_800cfee7e4.jpg,-1,0.5281,0.8006,0.2725,"['3576741633_671340544c.jpg', '2332540384_4cf26406a9.jpg', '2876494009_9f96d7eaf2.jpg']","[0.8006, 0.7827, 0.7165]"
3752,a skateboarder with a black and white hat at the top of a jump on a snowy day,3550763985_800cfee7e4.jpg,-1,0.4368,0.7862,0.3494,"['3329169877_175cb16845.jpg', '3170551725_1276644eab.jpg', '3241965735_8742782a70.jpg']","[0.7862, 0.7347, 0.6968]"
3753,skateboarder with black and white hat performing an ollie in a skate park,3550763985_800cfee7e4.jpg,7,0.5561,0.7188,0.1627,"['3038941104_17ee91fc03.jpg', '2902844125_4186bf3ab6.jpg', '2868575889_2c030aa8ae.jpg']","[0.7188, 0.6881, 0.6775]"
3754,the skateboarder is doing a trick off the side of a half pipe,3550763985_800cfee7e4.jpg,6,0.6128,0.7457,0.1329,"['2332540384_4cf26406a9.jpg', '3038941104_17ee91fc03.jpg', '3576741633_671340544c.jpg']","[0.7457, 0.6902, 0.6896]"
3757,a young girl in blue jeans and a red shirt is in the green grass,3555231025_73fa54fa29.jpg,2,0.7967,0.8483,0.0516,"['2592019072_a6c0090da4.jpg', '3555231025_73fa54fa29.jpg', '1248734482_3038218f3b.jpg']","[0.8483, 0.7967, 0.7876]"
3759,girl in pink top dancing in a field,3555231025_73fa54fa29.jpg,3,0.6549,0.6794,0.0245,"['2592019072_a6c0090da4.jpg', '2979914158_5906470b8f.jpg', '3555231025_73fa54fa29.jpg']","[0.6794, 0.6615, 0.6549]"
3760,a person on an allterrain vehicle sending up clouds of dust,3556598205_86c180769d.jpg,-1,0.4481,0.6971,0.249,"['2088460083_42ee8a595a.jpg', '2410153942_ba4a136358.jpg', '109823397_e35154645f.jpg']","[0.6971, 0.6262, 0.556]"
3761,a person drives an atv through mud,3556598205_86c180769d.jpg,4,0.6326,0.7842,0.1516,"['2410153942_ba4a136358.jpg', '492341908_1ef53be265.jpg', '109823397_e35154645f.jpg']","[0.7842, 0.6566, 0.6446]"
3762,a quad sends dirt flying into the air,3556598205_86c180769d.jpg,7,0.5433,0.7467,0.2034,"['109823397_e35154645f.jpg', '2410153942_ba4a136358.jpg', '3528105511_12ff45dc9c.jpg']","[0.7467, 0.7123, 0.642]"
3763,a dirt biker aggitates dirt on a four wheeler,3556598205_86c180769d.jpg,4,0.7234,0.7921,0.0687,"['2891617125_f939f604c7.jpg', '3488512097_e500cb499f.jpg', '3528105511_12ff45dc9c.jpg']","[0.7921, 0.7716, 0.743]"
3764,a man is riding a four wheeler through some dirt,3556598205_86c180769d.jpg,2,0.7605,0.7873,0.0269,"['2410153942_ba4a136358.jpg', '3556598205_86c180769d.jpg', '109823397_e35154645f.jpg']","[0.7873, 0.7605, 0.7296]"
3767,a brown dog with a blue muzzle is running on green grass,3559781965_d4ec00e506.jpg,2,0.7085,0.7134,0.0048,"['3518675890_2f65e23ff9.jpg', '3559781965_d4ec00e506.jpg', '241046599_28b0ca7b9f.jpg']","[0.7134, 0.7085, 0.698]"
3769,the brown dog with the blue muzzle is in the field,3559781965_d4ec00e506.jpg,2,0.7135,0.7339,0.0203,"['1659358141_0433c9bf99.jpg', '3559781965_d4ec00e506.jpg', '1324816249_86600a6759.jpg']","[0.7339, 0.7135, 0.6732]"
3770,the dog is happily running on the beach,3562282690_cd2a95fe9e.jpg,6,0.7113,0.8196,0.1082,"['140430106_2978fda105.jpg', '254527963_3f5824b0e8.jpg', '1799271536_6e69c8f1dc.jpg']","[0.8196, 0.7732, 0.7581]"
3771,a dog running at the beach with a man looking in the background,3562282690_cd2a95fe9e.jpg,2,0.6773,0.7122,0.0349,"['3070031806_3d587c2a66.jpg', '3562282690_cd2a95fe9e.jpg', '1348947380_14f0fc1237.jpg']","[0.7122, 0.6773, 0.6546]"
3772,a dog running toward the camera with a man in the background,3562282690_cd2a95fe9e.jpg,-1,0.4896,0.6815,0.1918,"['2340919359_f56787d307.jpg', '1348947380_14f0fc1237.jpg', '3526805681_38461c0d5d.jpg']","[0.6815, 0.681, 0.6591]"
3773,a black and white dog running on the beach while a man stands behind it,3562282690_cd2a95fe9e.jpg,3,0.6429,0.7182,0.0753,"['3070031806_3d587c2a66.jpg', '2407470303_6fd5e3600d.jpg', '3562282690_cd2a95fe9e.jpg']","[0.7182, 0.6475, 0.6429]"
3774,a dog running on the beach while a man watches,3562282690_cd2a95fe9e.jpg,3,0.63,0.7063,0.0763,"['3070031806_3d587c2a66.jpg', '1348947380_14f0fc1237.jpg', '3562282690_cd2a95fe9e.jpg']","[0.7063, 0.645, 0.63]"
3775,a man does ti chi on a rock overlooking a forest,3564385317_1bf5094068.jpg,3,0.5483,0.7038,0.1554,"['2480832276_fa55480ecb.jpg', '2623560640_0445c9a138.jpg', '3564385317_1bf5094068.jpg']","[0.7038, 0.6303, 0.5483]"
3776,a man stands in a strange position on a rock high above some trees,3564385317_1bf5094068.jpg,8,0.5551,0.7771,0.222,"['2480832276_fa55480ecb.jpg', '2623560640_0445c9a138.jpg', '319869052_08b000e4af.jpg']","[0.7771, 0.6582, 0.6002]"
3777,a person dances along a high rock surface nearby the tops of treelined areas,3564385317_1bf5094068.jpg,-1,0.4587,0.6159,0.1572,"['2973638173_0dc21fd443.jpg', '3686924335_3c51e8834a.jpg', '3301754574_465af5bf6d.jpg']","[0.6159, 0.6033, 0.5388]"
3778,a person dances on a rock,3564385317_1bf5094068.jpg,-1,0.3358,0.6258,0.29,"['950273886_88c324e663.jpg', '3686924335_3c51e8834a.jpg', '415793623_6c1225ae27.jpg']","[0.6258, 0.516, 0.512]"
3779,this hiker does a dance of joy on top of the mountain,3564385317_1bf5094068.jpg,-1,0.1347,0.6951,0.5604,"['1247181182_35cabd76f3.jpg', '3340575518_137ce2695f.jpg', '2098174172_e57d86ea03.jpg']","[0.6951, 0.634, 0.6171]"
3780,two women dancing on a walkway with band in the background and pedestrians walking by,3565598162_56044bc2f7.jpg,2,0.6583,0.7029,0.0446,"['3415228562_4efa9c9b70.jpg', '3565598162_56044bc2f7.jpg', '3319058642_885d756295.jpg']","[0.7029, 0.6583, 0.604]"
3781,two women are dancing while men play music behind them,3565598162_56044bc2f7.jpg,-1,0.3266,0.6222,0.2956,"['3332202255_a30c522664.jpg', '3305767464_d64a336f60.jpg', '3674168459_6245f4f658.jpg']","[0.6222, 0.6219, 0.591]"
3782,two women in fluffy skirts dancing to music played by men asking for money while others pass them by,3565598162_56044bc2f7.jpg,10,0.4712,0.6645,0.1933,"['3674168459_6245f4f658.jpg', '3543378438_47e2712486.jpg', '3638783842_af08dbb518.jpg']","[0.6645, 0.5879, 0.5086]"
3783,the girls dance to the street musicians,3565598162_56044bc2f7.jpg,-1,0.4361,0.6302,0.194,"['537359971_6e28f5e66e.jpg', '3415228562_4efa9c9b70.jpg', '3111897772_5211a37a02.jpg']","[0.6302, 0.5535, 0.5443]"
3784,two girls in puffy skirts are dancing in front of some musicians in the street,3565598162_56044bc2f7.jpg,-1,0.4982,0.657,0.1588,"['961611340_251081fcb8.jpg', '3111897772_5211a37a02.jpg', '537359971_6e28f5e66e.jpg']","[0.657, 0.6079, 0.601]"
3788,a scuba diver emerges from the water and pulls himself onto the rocks,3565655045_8eb00b7423.jpg,2,0.599,0.6073,0.0083,"['2753531542_ace2c870b7.jpg', '3565655045_8eb00b7423.jpg', '1159574340_99ba8c3c59.jpg']","[0.6073, 0.599, 0.5782]"
3789,man hangs onto rock while out in the ocean,3565655045_8eb00b7423.jpg,2,0.7128,0.7469,0.0341,"['3705688385_47651205d3.jpg', '3565655045_8eb00b7423.jpg', '3627679667_0e3de9fc90.jpg']","[0.7469, 0.7128, 0.6929]"
3790,a dog running through the water,3571675421_7e07ac07c5.jpg,10,0.6993,0.7898,0.0906,"['3401902253_cd27e6d0fe.jpg', '2417745327_a2c2705043.jpg', '2369248869_0266760c4a.jpg']","[0.7898, 0.7722, 0.7717]"
3791,a brown dog wearing a collar is running through some water,3571675421_7e07ac07c5.jpg,9,0.7006,0.8251,0.1246,"['2613209320_edf6a2b7e9.jpg', '2574230252_f5a1382dd4.jpg', '431410325_f4916b5460.jpg']","[0.8251, 0.748, 0.7451]"
3792,a brown dog is running in the water by the beach,3571675421_7e07ac07c5.jpg,3,0.7896,0.8102,0.0205,"['140430106_2978fda105.jpg', '2281006675_fde04e93dd.jpg', '3571675421_7e07ac07c5.jpg']","[0.8102, 0.8036, 0.7896]"
3793,a brown dog jumps in the ocean,3571675421_7e07ac07c5.jpg,4,0.7825,0.8452,0.0627,"['2952141476_fc9a48a60a.jpg', '2417745327_a2c2705043.jpg', '3235746553_a40416c00e.jpg']","[0.8452, 0.8109, 0.809]"
3794,a brown dog runs down a beach,3571675421_7e07ac07c5.jpg,-1,0.6297,0.8549,0.2252,"['140430106_2978fda105.jpg', '2281006675_fde04e93dd.jpg', '1799271536_6e69c8f1dc.jpg']","[0.8549, 0.7583, 0.718]"
3795,a girl in a sweater is blocking the suns rays,3572346664_e1e6c77f11.jpg,2,0.587,0.5874,0.0004,"['58368365_03ed3e5bdf.jpg', '3572346664_e1e6c77f11.jpg', '3189002057_3ef61b803e.jpg']","[0.5874, 0.587, 0.5604]"
3796,a person outlined by the sun,3572346664_e1e6c77f11.jpg,4,0.5766,0.6848,0.1082,"['58368365_03ed3e5bdf.jpg', '530661899_94655d7d0e.jpg', '2603792708_18a97bac97.jpg']","[0.6848, 0.6154, 0.6072]"
3797,the sun is under someone s nose,3572346664_e1e6c77f11.jpg,2,0.5801,0.5901,0.01,"['58368365_03ed3e5bdf.jpg', '3572346664_e1e6c77f11.jpg', '424869823_7aec015d87.jpg']","[0.5901, 0.5801, 0.5738]"
3798,the woman s face falls into silhouette as she stands in front of the sun,3572346664_e1e6c77f11.jpg,10,0.4666,0.6143,0.1478,"['2716457668_187a6d2b1c.jpg', '530661899_94655d7d0e.jpg', '2086678529_b3301c2d71.jpg']","[0.6143, 0.5405, 0.5256]"
3799,the woman stands outdoors in front of the sun,3572346664_e1e6c77f11.jpg,9,0.5256,0.6504,0.1247,"['530661899_94655d7d0e.jpg', '454709143_9c513f095c.jpg', '3189002057_3ef61b803e.jpg']","[0.6504, 0.6169, 0.5899]"
3801,a young man does tricks on his skateboard,3576741633_671340544c.jpg,4,0.6681,0.7703,0.1022,"['3038941104_17ee91fc03.jpg', '2868575889_2c030aa8ae.jpg', '3244734844_c318c29c23.jpg']","[0.7703, 0.702, 0.6916]"
3803,a boy is in midair doing a skateboard trick at a skate park while two women and a toddler walk behind him,3576741633_671340544c.jpg,-1,0.4436,0.669,0.2253,"['2335428699_4eba9b6245.jpg', '210126070_0d43b300b9.jpg', '1309330801_aeeb23f1ee.jpg']","[0.669, 0.6208, 0.6184]"
3804,a boy wearing blue jeans is skateboarding,3576741633_671340544c.jpg,7,0.6341,0.786,0.152,"['3527926597_45af299eee.jpg', '232193739_ed5f348c7a.jpg', '3244734844_c318c29c23.jpg']","[0.786, 0.7471, 0.6881]"
3808,two cars race down a track,3578068665_87bdacef6a.jpg,4,0.6725,0.7048,0.0324,"['2943023421_e297f05e11.jpg', '2660480624_45f88b3022.jpg', '2522540026_6ee8ab4c6a.jpg']","[0.7048, 0.7029, 0.6844]"
3809,two race cars on a road in front of a grassy parking area,3578068665_87bdacef6a.jpg,4,0.6376,0.7793,0.1417,"['2660480624_45f88b3022.jpg', '2943023421_e297f05e11.jpg', '2522540026_6ee8ab4c6a.jpg']","[0.7793, 0.7285, 0.6388]"
3810,a person jumps off of a cliff into the water below as others watch,3582066525_e9d6377f56.jpg,2,0.7662,0.7801,0.0139,"['2753531542_ace2c870b7.jpg', '3582066525_e9d6377f56.jpg', '2797438951_88a3ed7541.jpg']","[0.7801, 0.7662, 0.7211]"
3812,a man jumping off a cliff into water,3582066525_e9d6377f56.jpg,4,0.6756,0.7933,0.1178,"['2753531542_ace2c870b7.jpg', '2797438951_88a3ed7541.jpg', '3690425778_3b390b3ea5.jpg']","[0.7933, 0.7904, 0.716]"
3815,a girl sitting on a trampoline tosses an empty water bottle in the air,3582465732_78f77f34ae.jpg,4,0.5019,0.5914,0.0895,"['2704934519_457dc38986.jpg', '1309330801_aeeb23f1ee.jpg', '3052196390_c59dd24ca8.jpg']","[0.5914, 0.5649, 0.52]"
3816,a girl sitting on a trampoline tossing a water bottle in the air,3582465732_78f77f34ae.jpg,6,0.4997,0.5871,0.0875,"['1309330801_aeeb23f1ee.jpg', '2704934519_457dc38986.jpg', '3052196390_c59dd24ca8.jpg']","[0.5871, 0.5868, 0.5681]"
3818,a woman sitting on a mini trampoline tossing a water bottle in the air,3582465732_78f77f34ae.jpg,5,0.5175,0.5531,0.0356,"['3030566410_393c36a6c5.jpg', '1309330801_aeeb23f1ee.jpg', '3052196390_c59dd24ca8.jpg']","[0.5531, 0.5365, 0.525]"
3819,a young lady is wearing bright pink sunglasses and sitting on a small trampoline,3582465732_78f77f34ae.jpg,9,0.4643,0.6935,0.2291,"['654130822_4aeb1f1273.jpg', '3030566410_393c36a6c5.jpg', '3286222970_1fa445e38f.jpg']","[0.6935, 0.5779, 0.5159]"
3823,a group of children are playing on swings,3584406900_039f30b34c.jpg,2,0.6521,0.7281,0.0761,"['3396036947_0af6c3aab7.jpg', '3584406900_039f30b34c.jpg', '2856080862_95d793fa9d.jpg']","[0.7281, 0.6521, 0.6116]"
3826,three dogs run on beach two playing with unknown object,3585488964_1467945775.jpg,2,0.6298,0.796,0.1662,"['496555371_3e1ee0d97d.jpg', '3585488964_1467945775.jpg', '3070031806_3d587c2a66.jpg']","[0.796, 0.6298, 0.6036]"
3827,two large white dogs and one large tan dog in a red collar run along a beach,3585488964_1467945775.jpg,4,0.7,0.7986,0.0985,"['496555371_3e1ee0d97d.jpg', '3070031806_3d587c2a66.jpg', '2407470303_6fd5e3600d.jpg']","[0.7986, 0.7489, 0.7133]"
3834,the man is opening a box,358607894_5abb1250d3.jpg,6,0.4945,0.6541,0.1596,"['3392019836_c7aeebca1c.jpg', '2891240104_6755281868.jpg', '3057497487_57ecc60ff1.jpg']","[0.6541, 0.5489, 0.5471]"
3840,the large goose is flapping his wings near the water,358875403_f357f03713.jpg,3,0.6949,0.7441,0.0492,"['3282634762_2650d0088a.jpg', '3405113041_4b72c24801.jpg', '358875403_f357f03713.jpg']","[0.7441, 0.7296, 0.6949]"
3841,a goose flaps its wings,358875403_f357f03713.jpg,3,0.5744,0.6001,0.0257,"['3282634762_2650d0088a.jpg', '3405113041_4b72c24801.jpg', '358875403_f357f03713.jpg']","[0.6001, 0.5795, 0.5744]"
3842,a giant goose is waving its wings as it comes out of the water,358875403_f357f03713.jpg,4,0.6411,0.7376,0.0965,"['3282634762_2650d0088a.jpg', '3405113041_4b72c24801.jpg', '3315110972_1090d11728.jpg']","[0.7376, 0.7043, 0.6951]"
3845,a man dressed as an indian speaking into a microphone,3589367895_5d3729e3ea.jpg,-1,0.2828,0.6191,0.3363,"['3332202255_a30c522664.jpg', '2978236380_fb24c43f1e.jpg', '470887791_86d5a08a38.jpg']","[0.6191, 0.5873, 0.5455]"
3846,a native american stands at a microphone ready to play his instrument,3589367895_5d3729e3ea.jpg,-1,0.366,0.7761,0.4101,"['3332202255_a30c522664.jpg', '2978236380_fb24c43f1e.jpg', '3305767464_d64a336f60.jpg']","[0.7761, 0.7209, 0.6713]"
3847,an indian chief in full dress,3589367895_5d3729e3ea.jpg,-1,0.2675,0.6435,0.376,"['2676184321_858eff416b.jpg', '2551344688_17a12a6948.jpg', '3503623999_bbd5dcfb18.jpg']","[0.6435, 0.5878, 0.5664]"
3848,indian wearing headgear speaks,3589367895_5d3729e3ea.jpg,-1,0.195,0.5687,0.3738,"['2924884899_f512c84332.jpg', '241346215_037e18403a.jpg', '1396703063_e8c3687afe.jpg']","[0.5687, 0.5401, 0.5231]"
3849,the man dressed liked an indian wearing feathers is standing in front of the microphone,3589367895_5d3729e3ea.jpg,-1,0.4008,0.5858,0.185,"['440184957_267f3f3a2b.jpg', '2551344688_17a12a6948.jpg', '1235580648_7eebaed9bc.jpg']","[0.5858, 0.5796, 0.5581]"
3851,a man watching his dog standing on a dead tree trunk,359082432_c1fd5aa2d6.jpg,2,0.609,0.6101,0.001,"['1348947380_14f0fc1237.jpg', '359082432_c1fd5aa2d6.jpg', '1659358133_95cd1027bd.jpg']","[0.6101, 0.609, 0.5474]"
3853,a lab dog is standing on a fallen tree trunk with a guy in the background,359082432_c1fd5aa2d6.jpg,7,0.5607,0.6548,0.094,"['1348947380_14f0fc1237.jpg', '3595643050_d312e4b652.jpg', '3383491811_fd9d3a891d.jpg']","[0.6548, 0.6283, 0.6026]"
3855,a man falling off of his surfboard,3593220756_5c416c3ceb.jpg,3,0.8035,0.8064,0.0029,"['3640329164_20cb245fd5.jpg', '3707990914_843e8f15f1.jpg', '3593220756_5c416c3ceb.jpg']","[0.8064, 0.8063, 0.8035]"
3856,a man in a black wetsuit rides a surfboard on a wave,3593220756_5c416c3ceb.jpg,7,0.7514,0.8771,0.1257,"['3168123064_d1983b8f92.jpg', '3018304737_0a46fc5f1d.jpg', '3640329164_20cb245fd5.jpg']","[0.8771, 0.8583, 0.7932]"
3857,a surfer in a wetsuit balances on his board amidst ocean spray,3593220756_5c416c3ceb.jpg,5,0.8251,0.8588,0.0337,"['3018304737_0a46fc5f1d.jpg', '3168123064_d1983b8f92.jpg', '3627679667_0e3de9fc90.jpg']","[0.8588, 0.8353, 0.8261]"
3858,surfer leaning back on surfboard,3593220756_5c416c3ceb.jpg,5,0.6985,0.7546,0.0561,"['3627679667_0e3de9fc90.jpg', '3640329164_20cb245fd5.jpg', '3018304737_0a46fc5f1d.jpg']","[0.7546, 0.7459, 0.7242]"
3859,this man is wearing a wetsuit and riding a surfboard,3593220756_5c416c3ceb.jpg,6,0.7556,0.8318,0.0762,"['3640329164_20cb245fd5.jpg', '3168123064_d1983b8f92.jpg', '2978409165_acc4f29a40.jpg']","[0.8318, 0.8241, 0.8126]"
3860,yellow dog stands on hind legs with ball in mouth building in background,3595643050_d312e4b652.jpg,-1,0.4492,0.7992,0.35,"['539750844_02a07ec524.jpg', '2616561200_ea079f285a.jpg', '3155390408_8e1a81efb2.jpg']","[0.7992, 0.7611, 0.7054]"
3862,a white dog is standing on its hind legs with a ball in its mouth,3595643050_d312e4b652.jpg,-1,0.362,0.7059,0.3439,"['3155390408_8e1a81efb2.jpg', '2620113705_a8fa89b8f6.jpg', '3696246123_99d4d10140.jpg']","[0.7059, 0.6925, 0.6659]"
3863,a dog catching a ball,3595643050_d312e4b652.jpg,-1,0.356,0.8147,0.4587,"['539750844_02a07ec524.jpg', '3155390408_8e1a81efb2.jpg', '3696246123_99d4d10140.jpg']","[0.8147, 0.7568, 0.7545]"
3864,a dog jumping up in the air next to a white house,3595643050_d312e4b652.jpg,-1,0.4978,0.6639,0.1661,"['3544673666_ffc7483c96.jpg', '3229898555_16877f5180.jpg', '3415165462_e1cb536d08.jpg']","[0.6639, 0.6535, 0.6178]"
3865,a group of people appear to be tilling the ground in from of a couple of thatch roof huts,3596959859_a7cb1e194b.jpg,-1,0.4527,0.644,0.1913,"['3480052428_c034b98a08.jpg', '413737417_b0a8b445e9.jpg', '3694219419_a7a83d4886.jpg']","[0.644, 0.5731, 0.5696]"
3866,a team of workers breaks up stone on the ground,3596959859_a7cb1e194b.jpg,-1,0.3427,0.7157,0.373,"['413737417_b0a8b445e9.jpg', '561179884_8b6b925ef9.jpg', '765929807_de381cc764.jpg']","[0.7157, 0.6793, 0.6398]"
3870,a dog on rocky terrain,359837950_9e22ffe6c2.jpg,5,0.5787,0.7221,0.1434,"['240583223_e26e17ee96.jpg', '426191845_1e979e9345.jpg', '2428275562_4bde2bc5ea.jpg']","[0.7221, 0.6884, 0.6694]"
3871,a black dog walks through a rocky grassy landscape under a blue cloudy sky,359837950_9e22ffe6c2.jpg,2,0.6406,0.6494,0.0088,"['689776124_07f560a920.jpg', '359837950_9e22ffe6c2.jpg', '2090997177_76d482b158.jpg']","[0.6494, 0.6406, 0.5963]"
3872,a black dog is running across a rocky landscape,359837950_9e22ffe6c2.jpg,4,0.6206,0.6735,0.0529,"['2378127945_8dc9da82d7.jpg', '689776124_07f560a920.jpg', '2090997177_76d482b158.jpg']","[0.6735, 0.6583, 0.634]"
3873,a black dog is running gover rocky ground under a cloudy blue sky,359837950_9e22ffe6c2.jpg,10,0.4857,0.7366,0.2509,"['2378127945_8dc9da82d7.jpg', '689776124_07f560a920.jpg', '254527963_3f5824b0e8.jpg']","[0.7366, 0.6417, 0.6236]"
3875,a man is playing fetch with a dog,3608400551_d6f7965308.jpg,-1,0.5005,0.8085,0.3081,"['2340919359_f56787d307.jpg', '2561334141_0aacefa5e7.jpg', '1348947380_14f0fc1237.jpg']","[0.8085, 0.6936, 0.6924]"
3876,a man with tatoos playing fetch with a white dog with a black ear,3608400551_d6f7965308.jpg,6,0.5715,0.7392,0.1677,"['2340919359_f56787d307.jpg', '2561334141_0aacefa5e7.jpg', '3526805681_38461c0d5d.jpg']","[0.7392, 0.6746, 0.6525]"
3877,a tattooed man with a white dog jumping up for a stick,3608400551_d6f7965308.jpg,3,0.5793,0.6423,0.063,"['2561334141_0aacefa5e7.jpg', '2815256108_fc1302117d.jpg', '3608400551_d6f7965308.jpg']","[0.6423, 0.603, 0.5793]"
3878,a white dog jumps in the air after a stick,3608400551_d6f7965308.jpg,-1,0.5279,0.7317,0.2038,"['3488087117_2719647989.jpg', '416106657_cab2a107a5.jpg', '512101751_05a6d93e19.jpg']","[0.7317, 0.6482, 0.6207]"
3879,the white dog jumps for an object thrown by his master,3608400551_d6f7965308.jpg,3,0.6205,0.6529,0.0324,"['3488087117_2719647989.jpg', '3595643050_d312e4b652.jpg', '3608400551_d6f7965308.jpg']","[0.6529, 0.6464, 0.6205]"
3880,three children are playing with balls near to an american flag,3608849440_e7d2bed29f.jpg,-1,0.4622,0.6589,0.1967,"['820169182_f5e78d7d19.jpg', '310728631_155c3bbeea.jpg', '3694219419_a7a83d4886.jpg']","[0.6589, 0.6179, 0.5818]"
3881,three kids playing with balls on a lawn,3608849440_e7d2bed29f.jpg,-1,0.5428,0.6625,0.1198,"['2856080862_95d793fa9d.jpg', '3515451715_ac5ac04efa.jpg', '2915183095_4ed4aa4f37.jpg']","[0.6625, 0.6435, 0.6428]"
3882,kids playing on a lawn with a flag and parking lot nearby,3608849440_e7d2bed29f.jpg,2,0.6719,0.6779,0.006,"['2856080862_95d793fa9d.jpg', '3608849440_e7d2bed29f.jpg', '2868324804_5cc8030484.jpg']","[0.6779, 0.6719, 0.5981]"
3883,a group of children play in the grass at a park,3608849440_e7d2bed29f.jpg,6,0.5979,0.7194,0.1215,"['2856080862_95d793fa9d.jpg', '1685990174_09c4fb7df8.jpg', '2211593099_4a4f1c85d2.jpg']","[0.7194, 0.6387, 0.6253]"
3884,kids are playing a game of ball outdoors,3608849440_e7d2bed29f.jpg,-1,0.5313,0.8378,0.3065,"['2915183095_4ed4aa4f37.jpg', '2856080862_95d793fa9d.jpg', '2698614194_b4e6e11dff.jpg']","[0.8378, 0.7268, 0.6616]"
3885,people are getting ready to set sail on a boat,361183669_52be9662b9.jpg,3,0.7259,0.7632,0.0373,"['2744330402_824240184c.jpg', '2526585002_10987a63f3.jpg', '361183669_52be9662b9.jpg']","[0.7632, 0.7466, 0.7259]"
3886,people on a boat carrying equipment,361183669_52be9662b9.jpg,7,0.5019,0.7153,0.2134,"['2744330402_824240184c.jpg', '3207264553_8cd4dcde53.jpg', '2526585002_10987a63f3.jpg']","[0.7153, 0.6553, 0.6399]"
3887,three men prepare to set sail on a sailboat,361183669_52be9662b9.jpg,2,0.5877,0.6099,0.0221,"['3155400369_69e3d6d70f.jpg', '361183669_52be9662b9.jpg', '2526585002_10987a63f3.jpg']","[0.6099, 0.5877, 0.5659]"
3888,three people are organizing diving equipment on the deck of a boat,361183669_52be9662b9.jpg,3,0.5561,0.6267,0.0706,"['2744330402_824240184c.jpg', '3207264553_8cd4dcde53.jpg', '361183669_52be9662b9.jpg']","[0.6267, 0.5615, 0.5561]"
3889,three people riding on a blue and white boat,361183669_52be9662b9.jpg,7,0.5529,0.7462,0.1934,"['2744330402_824240184c.jpg', '2526585002_10987a63f3.jpg', '3315033940_e91f87b7f2.jpg']","[0.7462, 0.7415, 0.7017]"
3891,a kid in black carrying a cushion,3612249030_e2829ffa31.jpg,-1,0.4454,0.5668,0.1213,"['2556392380_ee57514233.jpg', '2381613738_d8d2012e3c.jpg', '543264612_c53cc163b4.jpg']","[0.5668, 0.5225, 0.513]"
3892,a boy standing on a beach,3612249030_e2829ffa31.jpg,6,0.5351,0.6803,0.1452,"['3532194771_07faf20d76.jpg', '2107838729_a527e434bd.jpg', '2271468944_3264d29208.jpg']","[0.6803, 0.586, 0.5681]"
3893,a boy carries a boogieboard on the beach,3612249030_e2829ffa31.jpg,10,0.4571,0.5764,0.1193,"['2271468944_3264d29208.jpg', '2701487024_e866eb4550.jpg', '3178489390_13a6ae7524.jpg']","[0.5764, 0.5579, 0.5491]"
3894,a boy is carrying a black body board across the sand,3612249030_e2829ffa31.jpg,6,0.478,0.571,0.093,"['3518755601_cebf11e515.jpg', '2090997177_76d482b158.jpg', '3178489390_13a6ae7524.jpg']","[0.571, 0.5576, 0.5364]"
3895,an opposing wrestler is jumping off the top ropes onto another wrestler,3613005134_bb7f304da1.jpg,3,0.614,0.7414,0.1274,"['1991806812_065f747689.jpg', '210126070_0d43b300b9.jpg', '3613005134_bb7f304da1.jpg']","[0.7414, 0.6153, 0.614]"
3896,a wrestler is jumping off of the ring to hit his competitor,3613005134_bb7f304da1.jpg,2,0.6053,0.71,0.1047,"['1991806812_065f747689.jpg', '3613005134_bb7f304da1.jpg', '210126070_0d43b300b9.jpg']","[0.71, 0.6053, 0.577]"
3897,a wrestler is ready to jump on another wrestler outside the ring,3613005134_bb7f304da1.jpg,2,0.621,0.7109,0.0899,"['1991806812_065f747689.jpg', '3613005134_bb7f304da1.jpg', '210126070_0d43b300b9.jpg']","[0.7109, 0.621, 0.5786]"
3898,one professional wrestler leaps onto another outside the ring,3613005134_bb7f304da1.jpg,2,0.6325,0.7316,0.0992,"['1991806812_065f747689.jpg', '3613005134_bb7f304da1.jpg', '210126070_0d43b300b9.jpg']","[0.7316, 0.6325, 0.5867]"
3899,two men are wrestling,3613005134_bb7f304da1.jpg,2,0.7125,0.7825,0.0699,"['3649307685_60c1294d2a.jpg', '3613005134_bb7f304da1.jpg', '1991806812_065f747689.jpg']","[0.7825, 0.7125, 0.6089]"
3901,three young men with lacrosse sticks are chasing the ball,3613027188_1645ca1976.jpg,5,0.5653,0.6335,0.0682,"['3539840291_1c3eed701d.jpg', '3195188609_01afbe46e6.jpg', '305199420_89f6ddd778.jpg']","[0.6335, 0.6071, 0.5916]"
3902,three young men play hockey on green astro turf,3613027188_1645ca1976.jpg,2,0.5769,0.75,0.1732,"['3437781040_82b06facb3.jpg', '3613027188_1645ca1976.jpg', '305199420_89f6ddd778.jpg']","[0.75, 0.5769, 0.5515]"
3903,a group of young men playing a field sport,3613027188_1645ca1976.jpg,3,0.7227,0.8142,0.0915,"['3195188609_01afbe46e6.jpg', '3539840291_1c3eed701d.jpg', '3613027188_1645ca1976.jpg']","[0.8142, 0.8054, 0.7227]"
3904,a group of players chase a ball on a field,3613027188_1645ca1976.jpg,3,0.7665,0.8129,0.0464,"['3195188609_01afbe46e6.jpg', '3380072636_4cd59385fd.jpg', '3613027188_1645ca1976.jpg']","[0.8129, 0.8067, 0.7665]"
3905,a baby reaches for water dropping,3613030730_0b28b079ba.jpg,5,0.6219,0.6879,0.066,"['2911245290_b2c79f328a.jpg', '1299459550_1fd5594fa2.jpg', '897621891_efb1e00d1d.jpg']","[0.6879, 0.6444, 0.6289]"
3908,the smiling child has bubbles near their ear,3613030730_0b28b079ba.jpg,2,0.6307,0.6939,0.0632,"['3517362674_0f5296de19.jpg', '3613030730_0b28b079ba.jpg', '2456030728_d3d147e774.jpg']","[0.6939, 0.6307, 0.5986]"
3909,the toddler is splashing water in the tub with suds all over,3613030730_0b28b079ba.jpg,2,0.6139,0.6538,0.0399,"['2911245290_b2c79f328a.jpg', '3613030730_0b28b079ba.jpg', '2842849030_89548af61c.jpg']","[0.6538, 0.6139, 0.5734]"
3910,a black and white dog jumping over a hurdle,3618932839_acd7d2c2ea.jpg,4,0.7277,0.8223,0.0945,"['251056963_c8b67f0107.jpg', '2102581664_5ea50f85c6.jpg', '2677614492_792023b928.jpg']","[0.8223, 0.7878, 0.773]"
3911,a dog jumps over a hurdle while a person runs beside it,3618932839_acd7d2c2ea.jpg,2,0.7736,0.7898,0.0162,"['2102581664_5ea50f85c6.jpg', '3618932839_acd7d2c2ea.jpg', '2542662402_d781dd7f7c.jpg']","[0.7898, 0.7736, 0.7656]"
3912,a dog leaps over a hurdle followed by its trainer,3618932839_acd7d2c2ea.jpg,4,0.7478,0.8674,0.1196,"['2542662402_d781dd7f7c.jpg', '2102581664_5ea50f85c6.jpg', '3474999131_788cbf253f.jpg']","[0.8674, 0.8262, 0.8229]"
3913,a woman in blue running next to a black and white dog as it jumps over an obstacle,3618932839_acd7d2c2ea.jpg,2,0.6561,0.7068,0.0508,"['2542662402_d781dd7f7c.jpg', '3618932839_acd7d2c2ea.jpg', '3474999131_788cbf253f.jpg']","[0.7068, 0.6561, 0.6523]"
3914,the dog attempts to leap over the post,3618932839_acd7d2c2ea.jpg,9,0.5953,0.7645,0.1692,"['2102581664_5ea50f85c6.jpg', '251056963_c8b67f0107.jpg', '1659358133_95cd1027bd.jpg']","[0.7645, 0.754, 0.716]"
3915,three musicians are posing for a photograph in a soundproof studio booth,3619232550_0b1e1fd4e4.jpg,5,0.5288,0.5995,0.0708,"['3305767464_d64a336f60.jpg', '3042380610_c5ea61eef8.jpg', '3392019836_c7aeebca1c.jpg']","[0.5995, 0.585, 0.5741]"
3916,three men posing with instruments,3619232550_0b1e1fd4e4.jpg,4,0.5481,0.6641,0.1161,"['3155400369_69e3d6d70f.jpg', '3640109324_3ce89e4d1a.jpg', '3042380610_c5ea61eef8.jpg']","[0.6641, 0.5798, 0.5757]"
3917,three musicians in a recording studio,3619232550_0b1e1fd4e4.jpg,3,0.6721,0.7288,0.0568,"['3332202255_a30c522664.jpg', '3305767464_d64a336f60.jpg', '3619232550_0b1e1fd4e4.jpg']","[0.7288, 0.7283, 0.6721]"
3918,a band in the studio,3619232550_0b1e1fd4e4.jpg,3,0.655,0.7639,0.1089,"['3332202255_a30c522664.jpg', '3305767464_d64a336f60.jpg', '3619232550_0b1e1fd4e4.jpg']","[0.7639, 0.7109, 0.655]"
3919,a group of musicians are recording music,3619232550_0b1e1fd4e4.jpg,3,0.6271,0.8043,0.1772,"['3305767464_d64a336f60.jpg', '3332202255_a30c522664.jpg', '3619232550_0b1e1fd4e4.jpg']","[0.8043, 0.7316, 0.6271]"
3920,a brown and white dog jumping over a red yellow and white pole,3619630328_2d0865b6f4.jpg,6,0.6709,0.8183,0.1474,"['2677614492_792023b928.jpg', '2102581664_5ea50f85c6.jpg', '251056963_c8b67f0107.jpg']","[0.8183, 0.8086, 0.7183]"
3921,a dog is jumping over a gate,3619630328_2d0865b6f4.jpg,-1,0.5465,0.8419,0.2954,"['2102581664_5ea50f85c6.jpg', '2831672255_d779807c14.jpg', '251056963_c8b67f0107.jpg']","[0.8419, 0.7575, 0.7262]"
3922,a dog jumping over a hurdle,3619630328_2d0865b6f4.jpg,-1,0.618,0.9005,0.2826,"['2102581664_5ea50f85c6.jpg', '2542662402_d781dd7f7c.jpg', '2677614492_792023b928.jpg']","[0.9005, 0.8113, 0.7861]"
3923,a dog jumps over a hurdle,3619630328_2d0865b6f4.jpg,-1,0.5997,0.8926,0.2928,"['2102581664_5ea50f85c6.jpg', '2542662402_d781dd7f7c.jpg', '2677614492_792023b928.jpg']","[0.8926, 0.8036, 0.7805]"
3924,large brown dog jumps over red hurdle,3619630328_2d0865b6f4.jpg,7,0.673,0.8638,0.1908,"['2102581664_5ea50f85c6.jpg', '2542662402_d781dd7f7c.jpg', '2831672255_d779807c14.jpg']","[0.8638, 0.7755, 0.7693]"
3925,a man stands on snow and looks out at mountains and forests,3621647714_fc67ab2617.jpg,10,0.6255,0.7718,0.1463,"['2098174172_e57d86ea03.jpg', '223299142_521aedf9e7.jpg', '106514190_bae200f463.jpg']","[0.7718, 0.7125, 0.6805]"
3926,a man stands on a snowy hill next to a mountain,3621647714_fc67ab2617.jpg,-1,0.5858,0.7902,0.2044,"['2098174172_e57d86ea03.jpg', '223299142_521aedf9e7.jpg', '58368365_03ed3e5bdf.jpg']","[0.7902, 0.7422, 0.706]"
3927,a man standing near a mountain range,3621647714_fc67ab2617.jpg,-1,0.4923,0.7823,0.2901,"['2098174172_e57d86ea03.jpg', '58368365_03ed3e5bdf.jpg', '223299142_521aedf9e7.jpg']","[0.7823, 0.7785, 0.7342]"
3928,a man is standing on snow with trees and mountains all around him,3621647714_fc67ab2617.jpg,10,0.6336,0.7536,0.12,"['2098174172_e57d86ea03.jpg', '116409198_0fe0c94f3b.jpg', '106514190_bae200f463.jpg']","[0.7536, 0.7072, 0.6968]"
3929,a man standing in snow with a mountain in the background,3621647714_fc67ab2617.jpg,-1,0.6467,0.8086,0.1619,"['2098174172_e57d86ea03.jpg', '223299142_521aedf9e7.jpg', '116409198_0fe0c94f3b.jpg']","[0.8086, 0.7692, 0.7602]"
3930,a person hits a yellow volleyball over the net to her opponent in a pool,3621717946_d96f8a6012.jpg,5,0.4996,0.5683,0.0688,"['3163563871_cef3cf33ea.jpg', '3425071001_e7c9809ef2.jpg', '3009018821_ba47396e24.jpg']","[0.5683, 0.5468, 0.5386]"
3931,people are playing water volleyball,3621717946_d96f8a6012.jpg,4,0.5525,0.6118,0.0592,"['2257294002_0073263c54.jpg', '3613027188_1645ca1976.jpg', '2193980605_4221c6474d.jpg']","[0.6118, 0.5654, 0.5537]"
3932,two people play water volleyball in a pool,3621717946_d96f8a6012.jpg,2,0.6955,0.7069,0.0114,"['3009018821_ba47396e24.jpg', '3621717946_d96f8a6012.jpg', '1236964638_1808784a3c.jpg']","[0.7069, 0.6955, 0.6223]"
3933,two swimmers are playing a water sport with a yellow ball and a net,3621717946_d96f8a6012.jpg,4,0.5557,0.5737,0.018,"['989754491_7e53fb4586.jpg', '3666537170_c4ecda4be8.jpg', '2747714500_49476225c6.jpg']","[0.5737, 0.5654, 0.5573]"
3935,a person on a wakeboard is high above the water with a crane in the background,3625519177_4c2bb9e7f0.jpg,5,0.7006,0.8071,0.1065,"['70995350_75d0698839.jpg', '3037558954_20115165e3.jpg', '3467510271_0f57e52768.jpg']","[0.8071, 0.7623, 0.714]"
3936,a parasailer jumping a trick high in the air at a lake,3625519177_4c2bb9e7f0.jpg,5,0.6587,0.7119,0.0531,"['2797438951_88a3ed7541.jpg', '3426789838_8771f0ed56.jpg', '3357416302_fcfcdd7b86.jpg']","[0.7119, 0.6717, 0.6652]"
3938,a man jumps in the air while sky surfing,3625519177_4c2bb9e7f0.jpg,2,0.6377,0.6534,0.0157,"['3357416302_fcfcdd7b86.jpg', '3625519177_4c2bb9e7f0.jpg', '3582066525_e9d6377f56.jpg']","[0.6534, 0.6377, 0.6352]"
3939,a man performs a waterskiing stunt,3625519177_4c2bb9e7f0.jpg,9,0.5974,0.6592,0.0618,"['2978409165_acc4f29a40.jpg', '3640329164_20cb245fd5.jpg', '3421131122_2e4bde661e.jpg']","[0.6592, 0.6511, 0.6405]"
3940,a child with a pink headband and blue shirt smiling,3627011534_485f667b10.jpg,10,0.5277,0.6435,0.1158,"['3426144752_28d63615ca.jpg', '2456030728_d3d147e774.jpg', '1539166395_0cdc0accee.jpg']","[0.6435, 0.6398, 0.6329]"
3941,a girl in a purple shirt and pink headband posing,3627011534_485f667b10.jpg,2,0.6629,0.6789,0.016,"['2609847254_0ec40c1cce.jpg', '3627011534_485f667b10.jpg', '3688839836_ba5e4c24fc.jpg']","[0.6789, 0.6629, 0.6372]"
3942,a young girl is wearing a purple shirt and pink headband,3627011534_485f667b10.jpg,4,0.584,0.6276,0.0435,"['3437315443_ba2263f92e.jpg', '3426144752_28d63615ca.jpg', '3688839836_ba5e4c24fc.jpg']","[0.6276, 0.6104, 0.6087]"
3943,a young girl with a purple shirt and a pink hair band standing near the woods,3627011534_485f667b10.jpg,5,0.5759,0.6583,0.0824,"['510510783_b2cf5d57bb.jpg', '3698944019_825ef54f2f.jpg', '3470303255_fbb41b8dd0.jpg']","[0.6583, 0.6214, 0.5968]"
3945,the people walk near a brick building,3627676364_1dc9294ec5.jpg,-1,0.5084,0.7352,0.2268,"['435827376_4384c3005a.jpg', '3072782873_3278f3b3a7.jpg', '2497074804_b4f3e7fd90.jpg']","[0.7352, 0.714, 0.6878]"
3946,people gather together outdoors,3627676364_1dc9294ec5.jpg,10,0.5631,0.6731,0.11,"['3718007650_e5930b4509.jpg', '2930622766_fa8f84deb1.jpg', '3480052428_c034b98a08.jpg']","[0.6731, 0.6594, 0.6578]"
3947,a crowd of people are walking down a city street,3627676364_1dc9294ec5.jpg,-1,0.5177,0.7275,0.2099,"['3433470650_a8b1c27173.jpg', '380527679_574749123d.jpg', '2718376488_3c62f7642c.jpg']","[0.7275, 0.7159, 0.7005]"
3948,a group a people walk around the corner near a brick building,3627676364_1dc9294ec5.jpg,6,0.6029,0.6995,0.0966,"['2497074804_b4f3e7fd90.jpg', '3072782873_3278f3b3a7.jpg', '3535879138_9281dc83d5.jpg']","[0.6995, 0.687, 0.6737]"
3949,a group of people stands in front of a yellow building,3627676364_1dc9294ec5.jpg,-1,0.4878,0.5693,0.0815,"['3254817653_632e840423.jpg', '3535879138_9281dc83d5.jpg', '3694219419_a7a83d4886.jpg']","[0.5693, 0.5609, 0.5595]"
3950,a blond girl rides the waves,3627679667_0e3de9fc90.jpg,4,0.5796,0.6623,0.0826,"['2726262796_03bd63a155.jpg', '911795495_342bb15b97.jpg', '2984174290_a915748d77.jpg']","[0.6623, 0.6202, 0.5983]"
3951,a person in a black wetsuit is surfing a small wave on a beige surfboard,3627679667_0e3de9fc90.jpg,4,0.8077,0.8485,0.0407,"['3168123064_d1983b8f92.jpg', '3018304737_0a46fc5f1d.jpg', '3183519385_311555d5f5.jpg']","[0.8485, 0.8431, 0.8169]"
3952,a woman is attempting to ride a small wave,3627679667_0e3de9fc90.jpg,5,0.5589,0.626,0.0672,"['911795495_342bb15b97.jpg', '2726262796_03bd63a155.jpg', '2984174290_a915748d77.jpg']","[0.626, 0.5876, 0.5643]"
3953,person surfboards on a wave,3627679667_0e3de9fc90.jpg,9,0.7098,0.8426,0.1328,"['3018304737_0a46fc5f1d.jpg', '2984174290_a915748d77.jpg', '3058627443_1d57ff0a2c.jpg']","[0.8426, 0.7927, 0.7911]"
3954,the lady is surfing and riding a wave,3627679667_0e3de9fc90.jpg,2,0.6677,0.6679,0.0002,"['3018304737_0a46fc5f1d.jpg', '3627679667_0e3de9fc90.jpg', '2984174290_a915748d77.jpg']","[0.6679, 0.6677, 0.6476]"
3955,the boy in the gray shirt is holding the boy in the red shirt on his back,3630332976_fdba22c50b.jpg,3,0.5816,0.6271,0.0455,"['3318995586_c2bc50b92e.jpg', '3434452829_62cee280bc.jpg', '3630332976_fdba22c50b.jpg']","[0.6271, 0.6047, 0.5816]"
3956,two boys are back to back as one holds up the other,3630332976_fdba22c50b.jpg,3,0.5636,0.6741,0.1105,"['2970183443_accd597e0a.jpg', '3041689520_c481bdb20e.jpg', '3630332976_fdba22c50b.jpg']","[0.6741, 0.5728, 0.5636]"
3958,boy pulls other boy over back,3630332976_fdba22c50b.jpg,3,0.6268,0.7278,0.1009,"['2970183443_accd597e0a.jpg', '3318995586_c2bc50b92e.jpg', '3630332976_fdba22c50b.jpg']","[0.7278, 0.6384, 0.6268]"
3959,one boy hoists another boy up on his back,3630332976_fdba22c50b.jpg,2,0.6246,0.6646,0.04,"['2970183443_accd597e0a.jpg', '3630332976_fdba22c50b.jpg', '2707873672_15e6b5d54b.jpg']","[0.6646, 0.6246, 0.6199]"
3960,a group of people are holding a metal frame over a wooden floor,3631474374_e40764d153.jpg,2,0.6099,0.6194,0.0095,"['3480052428_c034b98a08.jpg', '3631474374_e40764d153.jpg', '2928835996_88b9f9503d.jpg']","[0.6194, 0.6099, 0.5627]"
3961,a group of people working together with a starshaped looking metal frame,3631474374_e40764d153.jpg,5,0.4899,0.5914,0.1015,"['3480052428_c034b98a08.jpg', '2928835996_88b9f9503d.jpg', '3119903318_d032141839.jpg']","[0.5914, 0.5745, 0.5449]"
3962,a woman in white directs a group of young people making a pattern with sticks,3631474374_e40764d153.jpg,4,0.5258,0.5686,0.0428,"['3404552106_f516df0f5b.jpg', '3305767464_d64a336f60.jpg', '3242718240_3358f2d6e6.jpg']","[0.5686, 0.565, 0.5514]"
3963,there are several people gathered around a stick or metal frame,3631474374_e40764d153.jpg,3,0.6224,0.6361,0.0137,"['2928835996_88b9f9503d.jpg', '2744330402_824240184c.jpg', '3631474374_e40764d153.jpg']","[0.6361, 0.6309, 0.6224]"
3964,woman is showing a large star of david to young students,3631474374_e40764d153.jpg,-1,0.3218,0.4766,0.1548,"['3718007650_e5930b4509.jpg', '2834103050_512e5b330a.jpg', '1454841725_4b6e6199e2.jpg']","[0.4766, 0.4645, 0.4472]"
3965,two people stand together on the edge of the water on the grass,3637013_c675de7705.jpg,4,0.6215,0.7022,0.0806,"['1248357227_2b4175fc39.jpg', '2845845721_d0bc113ff7.jpg', '2597308074_acacc12e1b.jpg']","[0.7022, 0.6754, 0.6319]"
3966,two people stand by the water,3637013_c675de7705.jpg,5,0.5757,0.6503,0.0745,"['2597308074_acacc12e1b.jpg', '3217893350_57be430d06.jpg', '2521983429_33218366bd.jpg']","[0.6503, 0.6378, 0.6103]"
3967,two people hold each other near a pond,3637013_c675de7705.jpg,5,0.5876,0.6919,0.1043,"['1248357227_2b4175fc39.jpg', '2597308074_acacc12e1b.jpg', '3217893350_57be430d06.jpg']","[0.6919, 0.6677, 0.6168]"
3968,a couple stands close at the water s edge,3637013_c675de7705.jpg,3,0.6211,0.7026,0.0815,"['3217893350_57be430d06.jpg', '2521983429_33218366bd.jpg', '3637013_c675de7705.jpg']","[0.7026, 0.676, 0.6211]"
3969,the two people stand by a body of water and in front of bushes in fall,3637013_c675de7705.jpg,6,0.535,0.6735,0.1385,"['2162564553_96de62c7e6.jpg', '2597308074_acacc12e1b.jpg', '530661899_94655d7d0e.jpg']","[0.6735, 0.6189, 0.6154]"
3970,a little league team tries to catch a runner sliding into a base in an afternoon game,3637966641_1b108a35ba.jpg,9,0.57,0.7822,0.2122,"['2736508369_fd9ff0b42f.jpg', '3517124784_4b4eb62a7a.jpg', '2944952557_8484f0da8f.jpg']","[0.7822, 0.7472, 0.7107]"
3971,a young baseball player sliding into a base while a dust cloud rises and the other team moves around him,3637966641_1b108a35ba.jpg,6,0.5647,0.757,0.1924,"['2736508369_fd9ff0b42f.jpg', '3517124784_4b4eb62a7a.jpg', '2443380641_7b38d18f5b.jpg']","[0.757, 0.689, 0.6331]"
3973,five little boys are playing baseball,3637966641_1b108a35ba.jpg,9,0.4832,0.6802,0.1971,"['2443380641_7b38d18f5b.jpg', '2736508369_fd9ff0b42f.jpg', '3517124784_4b4eb62a7a.jpg']","[0.6802, 0.6347, 0.5557]"
3974,kids playing ball in the park,3637966641_1b108a35ba.jpg,-1,0.3691,0.8184,0.4492,"['2915183095_4ed4aa4f37.jpg', '2856080862_95d793fa9d.jpg', '154871781_ae77696b77.jpg']","[0.8184, 0.7091, 0.6797]"
3980,two bald drag queens in red dresses,3638783842_af08dbb518.jpg,9,0.5535,0.6471,0.0936,"['3084034954_fe5737197d.jpg', '3433982387_3fa993cf5a.jpg', '3134341610_3c55e373a7.jpg']","[0.6471, 0.5906, 0.5885]"
3981,two bald ladies are wearing red dresses,3638783842_af08dbb518.jpg,8,0.4871,0.5923,0.1051,"['3134341610_3c55e373a7.jpg', '3203707977_cc9448fecb.jpg', '3534824784_7133119316.jpg']","[0.5923, 0.5243, 0.5222]"
3982,two bald ladies in red dresses and matching jewelry laugh,3638783842_af08dbb518.jpg,7,0.5736,0.6842,0.1106,"['3203707977_cc9448fecb.jpg', '3534824784_7133119316.jpg', '3231880001_193a579b97.jpg']","[0.6842, 0.657, 0.6314]"
3983,two bald people in red clothes,3638783842_af08dbb518.jpg,-1,0.351,0.6479,0.2969,"['2337809114_899ba61330.jpg', '3217291172_10ef70af88.jpg', '1389264266_8170bc1c54.jpg']","[0.6479, 0.6473, 0.6008]"
3984,two formally dressed bald older women,3638783842_af08dbb518.jpg,2,0.5537,0.5806,0.0269,"['3155501473_510f9c9f6b.jpg', '3638783842_af08dbb518.jpg', '3203707977_cc9448fecb.jpg']","[0.5806, 0.5537, 0.5359]"
3988,a dog running in the surf,3640020134_367941f5ec.jpg,2,0.7729,0.7941,0.0213,"['2417745327_a2c2705043.jpg', '3640020134_367941f5ec.jpg', '2756636539_cc1eacbf4a.jpg']","[0.7941, 0.7729, 0.7133]"
3989,the dog is playing in the water,3640020134_367941f5ec.jpg,-1,0.6868,0.8175,0.1308,"['2369248869_0266760c4a.jpg', '431410325_f4916b5460.jpg', '2270483627_16fe41b063.jpg']","[0.8175, 0.7829, 0.7693]"
3990,a group of men carry a silver coffin,3640109324_3ce89e4d1a.jpg,-1,0.3874,0.5828,0.1953,"['3480052428_c034b98a08.jpg', '2928835996_88b9f9503d.jpg', '3716277216_c04002be81.jpg']","[0.5828, 0.5575, 0.5345]"
3991,men carry a small structure on their shoulders while others play instruments behind,3640109324_3ce89e4d1a.jpg,-1,0.4648,0.6682,0.2034,"['3305767464_d64a336f60.jpg', '3332202255_a30c522664.jpg', '3155400369_69e3d6d70f.jpg']","[0.6682, 0.6355, 0.6042]"
3993,pall bearers at a catholic funeral,3640109324_3ce89e4d1a.jpg,-1,0.3123,0.548,0.2357,"['3098714492_19939e3b19.jpg', '2551344688_17a12a6948.jpg', '3098707588_5096d20397.jpg']","[0.548, 0.5416, 0.5249]"
3995,a young woman is standing on the grass with a video camcorder in her hand,3640241166_b1ab7a8e7a.jpg,3,0.6066,0.6353,0.0286,"['514222303_cb98584536.jpg', '1449692616_60507875fb.jpg', '3640241166_b1ab7a8e7a.jpg']","[0.6353, 0.6269, 0.6066]"
3996,a woman holding a video camera,3640241166_b1ab7a8e7a.jpg,2,0.7318,0.7922,0.0604,"['1449692616_60507875fb.jpg', '3640241166_b1ab7a8e7a.jpg', '503090187_8758ab5680.jpg']","[0.7922, 0.7318, 0.6961]"
3998,a smiling young brunette woman carries a black video camera in her hand,3640241166_b1ab7a8e7a.jpg,3,0.64,0.7702,0.1302,"['1449692616_60507875fb.jpg', '2102732029_9ae520914d.jpg', '3640241166_b1ab7a8e7a.jpg']","[0.7702, 0.6669, 0.64]"
3999,a smiling young woman holds a video camera and walks through a park,3640241166_b1ab7a8e7a.jpg,3,0.5705,0.6265,0.056,"['1449692616_60507875fb.jpg', '2648310638_d6c576b5e4.jpg', '3640241166_b1ab7a8e7a.jpg']","[0.6265, 0.6085, 0.5705]"
4000,a surfboarder catches the waves,3640329164_20cb245fd5.jpg,8,0.7515,0.8797,0.1282,"['3018304737_0a46fc5f1d.jpg', '2984174290_a915748d77.jpg', '3707990914_843e8f15f1.jpg']","[0.8797, 0.8705, 0.8162]"
4001,a surfer in a green striped wetsuit rides a wave,3640329164_20cb245fd5.jpg,7,0.6874,0.8499,0.1626,"['3018304737_0a46fc5f1d.jpg', '3168123064_d1983b8f92.jpg', '3183519385_311555d5f5.jpg']","[0.8499, 0.8269, 0.7727]"
4002,a surfer is riding the waves whilst another surfer sits on his board waiting,3640329164_20cb245fd5.jpg,2,0.7681,0.8008,0.0327,"['1998457059_c9ac9a1e1a.jpg', '3640329164_20cb245fd5.jpg', '3018304737_0a46fc5f1d.jpg']","[0.8008, 0.7681, 0.6866]"
4003,a surfer wearing a black and green wetsuit riding a wave,3640329164_20cb245fd5.jpg,7,0.6854,0.8544,0.169,"['3168123064_d1983b8f92.jpg', '3018304737_0a46fc5f1d.jpg', '3183519385_311555d5f5.jpg']","[0.8544, 0.8392, 0.7598]"
4004,the surfer is riding the wave,3640329164_20cb245fd5.jpg,7,0.7472,0.8738,0.1266,"['3018304737_0a46fc5f1d.jpg', '3168123064_d1983b8f92.jpg', '3058627443_1d57ff0a2c.jpg']","[0.8738, 0.802, 0.7883]"
4005,two young men play soccer on the beach,3649224118_abe73c672c.jpg,2,0.6405,0.6908,0.0504,"['459778335_857d8ffebf.jpg', '3649224118_abe73c672c.jpg', '2597308074_acacc12e1b.jpg']","[0.6908, 0.6405, 0.6255]"
4007,men playing soccer on red sand,3649224118_abe73c672c.jpg,7,0.5888,0.6817,0.0928,"['3539840291_1c3eed701d.jpg', '3522749949_fb615cee47.jpg', '2962977152_9d6958fdd5.jpg']","[0.6817, 0.6477, 0.6402]"
4008,a group of guys are playing soccer on the beach,3649224118_abe73c672c.jpg,2,0.6591,0.703,0.0439,"['2193980605_4221c6474d.jpg', '3649224118_abe73c672c.jpg', '3747543364_bf5b548527.jpg']","[0.703, 0.6591, 0.6477]"
4009,several people on a beach and a ball,3649224118_abe73c672c.jpg,6,0.6062,0.7054,0.0992,"['2603792708_18a97bac97.jpg', '2193980605_4221c6474d.jpg', '3189002057_3ef61b803e.jpg']","[0.7054, 0.705, 0.6947]"
4010,two males are playing field hockey one with a blue stick one with a gold stick,3649307685_60c1294d2a.jpg,3,0.5479,0.6246,0.0767,"['3437781040_82b06facb3.jpg', '305199420_89f6ddd778.jpg', '3649307685_60c1294d2a.jpg']","[0.6246, 0.574, 0.5479]"
4011,two men are playing in a sports game together,3649307685_60c1294d2a.jpg,4,0.6129,0.6905,0.0776,"['2944952557_8484f0da8f.jpg', '3517124784_4b4eb62a7a.jpg', '2698487246_e827404cac.jpg']","[0.6905, 0.6204, 0.6199]"
4012,two men playing a game with some sort of sticks,3649307685_60c1294d2a.jpg,3,0.655,0.675,0.02,"['2845845721_d0bc113ff7.jpg', '3290105461_7590f23371.jpg', '3649307685_60c1294d2a.jpg']","[0.675, 0.6559, 0.655]"
4013,two men playing a sport are fighting for a ball,3649307685_60c1294d2a.jpg,2,0.698,0.7095,0.0115,"['3539840291_1c3eed701d.jpg', '3649307685_60c1294d2a.jpg', '2698487246_e827404cac.jpg']","[0.7095, 0.698, 0.6846]"
4014,two players battle for the ball in field hockey,3649307685_60c1294d2a.jpg,-1,0.4593,0.6085,0.1491,"['3231751379_10ebf7150c.jpg', '3437781040_82b06facb3.jpg', '3613027188_1645ca1976.jpg']","[0.6085, 0.5893, 0.5797]"
4015,man riding bike in forest,3649916507_b88a3d2082.jpg,10,0.5074,0.7915,0.2842,"['2308108566_2cba6bca53.jpg', '2788628994_61123c03d2.jpg', '95728660_d47de66544.jpg']","[0.7915, 0.6556, 0.5916]"
4016,closeup perspective of a bicycle wheel being ridden by someone,3649916507_b88a3d2082.jpg,-1,0.5077,0.5944,0.0867,"['3339586622_a7676b30e1.jpg', '2449552677_ee78f01bae.jpg', '2834103050_512e5b330a.jpg']","[0.5944, 0.5863, 0.5671]"
4017,a man rides a bike in the woods,3649916507_b88a3d2082.jpg,5,0.5884,0.8162,0.2278,"['2308108566_2cba6bca53.jpg', '3474985008_0a827cd340.jpg', '95728660_d47de66544.jpg']","[0.8162, 0.6279, 0.6243]"
4018,a closeup view of a cyclist riding on a bike,3649916507_b88a3d2082.jpg,3,0.6996,0.7224,0.0228,"['2943334864_6bab479a3e.jpg', '3671933270_d124e9a1a4.jpg', '3649916507_b88a3d2082.jpg']","[0.7224, 0.7135, 0.6996]"
4019,a cyclist leaning forward as he pedals his bike,3649916507_b88a3d2082.jpg,8,0.5561,0.6788,0.1226,"['2192411521_9c7e488c5e.jpg', '2998024845_1529c11694.jpg', '2449552677_ee78f01bae.jpg']","[0.6788, 0.6148, 0.6138]"
4020,a woman applies face paint while a boy with a mohawk holds a mirror,3652150541_8fb5a3a5d1.jpg,2,0.6875,0.688,0.0005,"['2337809114_899ba61330.jpg', '3652150541_8fb5a3a5d1.jpg', '3534824784_7133119316.jpg']","[0.688, 0.6875, 0.5769]"
4022,a woman painting on makeup,3652150541_8fb5a3a5d1.jpg,-1,0.3019,0.641,0.3391,"['353180303_6a24179c50.jpg', '3345025842_bc2082a509.jpg', '1527297882_dededc7891.jpg']","[0.641, 0.511, 0.4725]"
4024,child with mohawk haircut holding mirror for woman putting on face paint,3652150541_8fb5a3a5d1.jpg,2,0.5326,0.6026,0.07,"['2337809114_899ba61330.jpg', '3652150541_8fb5a3a5d1.jpg', '1527297882_dededc7891.jpg']","[0.6026, 0.5326, 0.5083]"
4025,a small dog swims in a pool,3655773435_c234e94820.jpg,9,0.5368,0.6825,0.1458,"['2677656448_6b7e7702af.jpg', '1178705300_c224d9a4f1.jpg', '1096097967_ac305887b4.jpg']","[0.6825, 0.6525, 0.6226]"
4026,a dog in a pool,3655773435_c234e94820.jpg,3,0.6828,0.7874,0.1047,"['1178705300_c224d9a4f1.jpg', '2677656448_6b7e7702af.jpg', '3655773435_c234e94820.jpg']","[0.7874, 0.7122, 0.6828]"
4028,a black dog swimming through a pool,3655773435_c234e94820.jpg,3,0.6615,0.7055,0.044,"['1470132731_fa416b7504.jpg', '2089350172_dc2cf9fcf6.jpg', '3655773435_c234e94820.jpg']","[0.7055, 0.6629, 0.6615]"
4029,a black dog swims in a large pool,3655773435_c234e94820.jpg,2,0.6839,0.709,0.0251,"['1470132731_fa416b7504.jpg', '3655773435_c234e94820.jpg', '2089350172_dc2cf9fcf6.jpg']","[0.709, 0.6839, 0.6783]"
4030,a man chains his bike to a rack while a woman in black and red walks,3655964639_21e76383d0.jpg,-1,0.4554,0.6164,0.1611,"['2192411521_9c7e488c5e.jpg', '3726025663_e7d35d23f6.jpg', '95728660_d47de66544.jpg']","[0.6164, 0.5662, 0.5628]"
4031,several people one being a woman in a black dress are outside near a bike rack,3655964639_21e76383d0.jpg,-1,0.4041,0.6322,0.2281,"['2834103050_512e5b330a.jpg', '3726025663_e7d35d23f6.jpg', '3565598162_56044bc2f7.jpg']","[0.6322, 0.5642, 0.552]"
4032,the woman wearing a red bow walks past a bicycle,3655964639_21e76383d0.jpg,-1,0.4237,0.6126,0.1889,"['1952896009_cee8147c90.jpg', '2355819665_39021ff642.jpg', '2192411521_9c7e488c5e.jpg']","[0.6126, 0.6008, 0.5851]"
4033,woman in a black dress walking on the street,3655964639_21e76383d0.jpg,-1,0.3663,0.7716,0.4052,"['551664516_78a5131dc4.jpg', '1225443522_1633e7121f.jpg', '256444892_efcb3bd824.jpg']","[0.7716, 0.7513, 0.7097]"
4034,woman in black dress with red accessories is walking down the street,3655964639_21e76383d0.jpg,-1,0.3556,0.7608,0.4052,"['551664516_78a5131dc4.jpg', '635444010_bd81c89ab7.jpg', '1952896009_cee8147c90.jpg']","[0.7608, 0.6747, 0.6381]"
4035,one bird is landing on the shore near many other birds,3656104088_a0d1642fa9.jpg,6,0.6162,0.7098,0.0936,"['3405113041_4b72c24801.jpg', '3282634762_2650d0088a.jpg', '339350939_6643bfb270.jpg']","[0.7098, 0.6782, 0.6755]"
4036,there are several pelicans and one is flying,3656104088_a0d1642fa9.jpg,-1,0.434,0.6531,0.2191,"['3405113041_4b72c24801.jpg', '3315110972_1090d11728.jpg', '3301754574_465af5bf6d.jpg']","[0.6531, 0.5921, 0.5536]"
4037,large birds standing on the edge of a body of water while one in the middle is coming down for a landing,3656104088_a0d1642fa9.jpg,5,0.6308,0.7668,0.136,"['3405113041_4b72c24801.jpg', '3315110972_1090d11728.jpg', '3282634762_2650d0088a.jpg']","[0.7668, 0.7339, 0.7091]"
4038,a pelican in midflight above a group of pelicans,3656104088_a0d1642fa9.jpg,7,0.4637,0.6075,0.1438,"['3405113041_4b72c24801.jpg', '3315110972_1090d11728.jpg', '310728631_155c3bbeea.jpg']","[0.6075, 0.5708, 0.5521]"
4039,birds flocking by the water s edge,3656104088_a0d1642fa9.jpg,7,0.613,0.7173,0.1043,"['3587009091_37188fd07e.jpg', '3315110972_1090d11728.jpg', '358875403_f357f03713.jpg']","[0.7173, 0.709, 0.6967]"
4040,a girl hangs over the seat of a swing in a playground,3656225270_cdf89e3240.jpg,3,0.7162,0.7617,0.0454,"['493109089_468e105233.jpg', '2884252132_5d8e776893.jpg', '3656225270_cdf89e3240.jpg']","[0.7617, 0.7444, 0.7162]"
4041,a girl in a red shirt is swinging on her stomach,3656225270_cdf89e3240.jpg,2,0.7076,0.7205,0.0129,"['2884252132_5d8e776893.jpg', '3656225270_cdf89e3240.jpg', '2979914158_5906470b8f.jpg']","[0.7205, 0.7076, 0.637]"
4043,a girl is playing on a swing,3656225270_cdf89e3240.jpg,3,0.778,0.8562,0.0782,"['2884252132_5d8e776893.jpg', '3396036947_0af6c3aab7.jpg', '3656225270_cdf89e3240.jpg']","[0.8562, 0.8077, 0.778]"
4045,small girl in an apron placing confetti in a woman s hair,3661072592_2e693cd5a0.jpg,-1,0.3489,0.6147,0.2657,"['3155501473_510f9c9f6b.jpg', '3035118753_69287079dc.jpg', '3084034954_fe5737197d.jpg']","[0.6147, 0.6086, 0.5966]"
4046,a young girl dumps confetti onto a woman s head as she smiles,3661072592_2e693cd5a0.jpg,4,0.5729,0.6,0.0271,"['3231880001_193a579b97.jpg', '3035118753_69287079dc.jpg', '3517362674_0f5296de19.jpg']","[0.6, 0.5834, 0.5765]"
4047,a small girl puts confetti on a smiling woman s hair,3661072592_2e693cd5a0.jpg,7,0.5632,0.6836,0.1204,"['3155501473_510f9c9f6b.jpg', '3231880001_193a579b97.jpg', '3035118753_69287079dc.jpg']","[0.6836, 0.6649, 0.6643]"
4048,a child sprinkles confetti in a woman s hair,3661072592_2e693cd5a0.jpg,-1,0.442,0.6006,0.1586,"['3280052365_c4644bf0a5.jpg', '571507143_be346225b7.jpg', '3404552106_f516df0f5b.jpg']","[0.6006, 0.5356, 0.5081]"
4049,a little brunette girl sprinking confetti on a brunette woman s head as she smiles,3661072592_2e693cd5a0.jpg,9,0.5596,0.6275,0.0679,"['3035118753_69287079dc.jpg', '3396153660_f729d9f9b9.jpg', '3534824784_7133119316.jpg']","[0.6275, 0.6265, 0.5997]"
4050,a girl in a green sweatshirt sitting down and a girl in a dress leaning on blue lockers,3661659196_6ed90f96c0.jpg,2,0.6581,0.6906,0.0325,"['3178599352_c57fdebcd2.jpg', '3661659196_6ed90f96c0.jpg', '2622517932_57c52c376f.jpg']","[0.6906, 0.6581, 0.6354]"
4053,two teenage girls conversing next to lockers,3661659196_6ed90f96c0.jpg,4,0.5498,0.5989,0.0491,"['1389264266_8170bc1c54.jpg', '954987350_a0c608b467.jpg', '2504277798_936a09c74d.jpg']","[0.5989, 0.576, 0.5652]"
4055,two large dogs one light colored and one dark running through snowy terrain,366548880_3d3e914746.jpg,5,0.7377,0.7829,0.0452,"['1287931016_fb015e2e10.jpg', '3195040792_a03954a19f.jpg', '2148916767_644ea6a7fa.jpg']","[0.7829, 0.7629, 0.7439]"
4061,a boy in orange shorts is playing in the shallow part of the ocean,3666537170_c4ecda4be8.jpg,3,0.6892,0.7659,0.0767,"['2701487024_e866eb4550.jpg', '2277081067_d2b4c98bce.jpg', '3666537170_c4ecda4be8.jpg']","[0.7659, 0.7178, 0.6892]"
4063,a boy wearing board shorts falls backwards in the water,3666537170_c4ecda4be8.jpg,10,0.5556,0.6431,0.0875,"['2701487024_e866eb4550.jpg', '2978409165_acc4f29a40.jpg', '3593220756_5c416c3ceb.jpg']","[0.6431, 0.6212, 0.6109]"
4064,a young man wearing a red and white floral swinsuit falling into the beach,3666537170_c4ecda4be8.jpg,9,0.4666,0.6226,0.156,"['3426789838_8771f0ed56.jpg', '3532194771_07faf20d76.jpg', '459778335_857d8ffebf.jpg']","[0.6226, 0.6209, 0.5927]"
4065,a bicyclist is drinking out of a bottle of water while riding,3671933270_d124e9a1a4.jpg,5,0.5023,0.5657,0.0633,"['2192411521_9c7e488c5e.jpg', '143552829_72b6ba49d4.jpg', '2685752892_9d5cd7f274.jpg']","[0.5657, 0.5354, 0.5168]"
4066,a biker takes a drink of water,3671933270_d124e9a1a4.jpg,-1,0.418,0.5606,0.1426,"['143552829_72b6ba49d4.jpg', '2685752892_9d5cd7f274.jpg', '3726025663_e7d35d23f6.jpg']","[0.5606, 0.5311, 0.5067]"
4067,a cyclist drinks water,3671933270_d124e9a1a4.jpg,8,0.4868,0.5757,0.0889,"['2192411521_9c7e488c5e.jpg', '3674521435_89ff681074.jpg', '2355819665_39021ff642.jpg']","[0.5757, 0.5358, 0.5174]"
4068,a man riding a bicycle drinks from a bottle of water,3671933270_d124e9a1a4.jpg,8,0.4846,0.6174,0.1328,"['95728660_d47de66544.jpg', '2192411521_9c7e488c5e.jpg', '143552829_72b6ba49d4.jpg']","[0.6174, 0.5718, 0.5481]"
4069,a person takes a drink of water while riding on a bike,3671933270_d124e9a1a4.jpg,4,0.5979,0.678,0.0802,"['2192411521_9c7e488c5e.jpg', '2355819665_39021ff642.jpg', '143552829_72b6ba49d4.jpg']","[0.678, 0.6392, 0.6277]"
4074,a little girl gives a good kick to a blue ball,3672940355_47f30e2b28.jpg,3,0.6333,0.6454,0.012,"['2021602343_03023e1fd1.jpg', '3177298173_78cea31d64.jpg', '3672940355_47f30e2b28.jpg']","[0.6454, 0.6337, 0.6333]"
4076,a brown and white dog on the beach,3673165148_67f217064f.jpg,2,0.7443,0.754,0.0097,"['140430106_2978fda105.jpg', '3673165148_67f217064f.jpg', '460478198_83039f2593.jpg']","[0.754, 0.7443, 0.6938]"
4077,a dog standing on a beach,3673165148_67f217064f.jpg,7,0.6095,0.701,0.0915,"['254527963_3f5824b0e8.jpg', '1526325728_74eb4153d8.jpg', '140430106_2978fda105.jpg']","[0.701, 0.6837, 0.6753]"
4078,a dog stands on the beach with a large rock behind him,3673165148_67f217064f.jpg,10,0.5666,0.7048,0.1383,"['1526325728_74eb4153d8.jpg', '2521983429_33218366bd.jpg', '460478198_83039f2593.jpg']","[0.7048, 0.6474, 0.6406]"
4079,an unusual looking dog is standing in front of a beautiful backdrop,3673165148_67f217064f.jpg,-1,0.5016,0.6751,0.1735,"['2702506716_17a7fb3ba4.jpg', '460935487_75b2da7854.jpg', '3383491811_fd9d3a891d.jpg']","[0.6751, 0.6523, 0.633]"
4080,young girl kneels on a grassy field filled with candles,3673970325_4e025069e9.jpg,-1,-0.0316,0.578,0.6096,"['2909875716_25c8652614.jpg', '3672940355_47f30e2b28.jpg', '745966757_6d16dfad8f.jpg']","[0.578, 0.5611, 0.5582]"
4081,a young girl kneels beside rows of candles while others walk by,3673970325_4e025069e9.jpg,-1,0.1437,0.7016,0.5579,"['1093737381_b313cd49ff.jpg', '3178599352_c57fdebcd2.jpg', '3661659196_6ed90f96c0.jpg']","[0.7016, 0.561, 0.5583]"
4082,a girl kneels down by a rows of candles,3673970325_4e025069e9.jpg,-1,0.0229,0.5874,0.5645,"['2610447973_89227ff978.jpg', '1093737381_b313cd49ff.jpg', '3178599352_c57fdebcd2.jpg']","[0.5874, 0.522, 0.5137]"
4083,a girl in a white shirt kneeling down lighting a candle,3673970325_4e025069e9.jpg,-1,0.0139,0.5986,0.5847,"['2610447973_89227ff978.jpg', '2448393373_80c011d301.jpg', '2561319255_ce5ede291e.jpg']","[0.5986, 0.5346, 0.4742]"
4084,a girl is amid many candle lanterns,3673970325_4e025069e9.jpg,-1,0.2415,0.5316,0.2901,"['3404552106_f516df0f5b.jpg', '3319899418_4bcf1b00d8.jpg', '2610447973_89227ff978.jpg']","[0.5316, 0.5271, 0.5266]"
4090,the teenagers are performing tricks on their bicycles at night,3674521435_89ff681074.jpg,7,0.548,0.6231,0.0751,"['3726025663_e7d35d23f6.jpg', '3729405438_6e79077ab2.jpg', '2744600462_5804577296.jpg']","[0.6231, 0.5967, 0.596]"
4091,people riding bicycles at night on a track,3674521435_89ff681074.jpg,3,0.6634,0.7643,0.101,"['3726025663_e7d35d23f6.jpg', '2986671935_0c60bbb3fa.jpg', '3674521435_89ff681074.jpg']","[0.7643, 0.7449, 0.6634]"
4095,a couple walking and holding hands,3677734351_63d60844cb.jpg,-1,0.5334,0.694,0.1606,"['3125158798_0743dae56e.jpg', '2222559267_6fd31e3941.jpg', '1389264266_8170bc1c54.jpg']","[0.694, 0.6545, 0.6373]"
4097,a man and woman are walking whilst holding hands down a leafy lane,3677734351_63d60844cb.jpg,2,0.6964,0.7092,0.0129,"['2798651021_2566f2a47e.jpg', '3677734351_63d60844cb.jpg', '268365231_a0acecdc45.jpg']","[0.7092, 0.6964, 0.6949]"
4098,a man and woman walk side by side down the road,3677734351_63d60844cb.jpg,7,0.5934,0.7153,0.122,"['2798651021_2566f2a47e.jpg', '2344412916_9a5a9b1c82.jpg', '256444892_efcb3bd824.jpg']","[0.7153, 0.6666, 0.6587]"
4099,a man with a white tshirt and a woman with a sleeveless dress walk down a dirt road together holding hands,3677734351_63d60844cb.jpg,5,0.5637,0.6997,0.1359,"['2798651021_2566f2a47e.jpg', '2344412916_9a5a9b1c82.jpg', '3125158798_0743dae56e.jpg']","[0.6997, 0.5981, 0.5948]"
4100,a young girl wearing a striped dress peeks out from behind a tree,3682038869_585075b5ff.jpg,-1,0.423,0.7228,0.2998,"['758921886_55a351dd67.jpg', '2086678529_b3301c2d71.jpg', '3470303255_fbb41b8dd0.jpg']","[0.7228, 0.6879, 0.6629]"
4101,a young girl peeking out from behind a tree in a wooded area,3682038869_585075b5ff.jpg,2,0.6982,0.7116,0.0135,"['3041645937_ff7591d134.jpg', '3682038869_585075b5ff.jpg', '3330935489_9cb67ca36b.jpg']","[0.7116, 0.6982, 0.6346]"
4103,a little girl peering out from behind a tree,3682038869_585075b5ff.jpg,6,0.5799,0.6469,0.067,"['3470303255_fbb41b8dd0.jpg', '758921886_55a351dd67.jpg', '3698944019_825ef54f2f.jpg']","[0.6469, 0.6373, 0.6239]"
4104,a young girl hiding behind a tree in a forest,3682038869_585075b5ff.jpg,2,0.6683,0.6767,0.0084,"['3041645937_ff7591d134.jpg', '3682038869_585075b5ff.jpg', '3330935489_9cb67ca36b.jpg']","[0.6767, 0.6683, 0.6479]"
4106,a person sits inside a small plane on the ground,3682428916_69ce66d375.jpg,-1,0.3706,0.5369,0.1663,"['403678611_73978faed7.jpg', '3319899418_4bcf1b00d8.jpg', '2088460083_42ee8a595a.jpg']","[0.5369, 0.5304, 0.5277]"
4107,a small jet takes off,3682428916_69ce66d375.jpg,4,0.6218,0.6977,0.0759,"['2088460083_42ee8a595a.jpg', '70995350_75d0698839.jpg', '3467510271_0f57e52768.jpg']","[0.6977, 0.6882, 0.643]"
4109,small plane with spinning propeller on ground pilot seen through windows,3682428916_69ce66d375.jpg,4,0.5237,0.5917,0.0681,"['2088460083_42ee8a595a.jpg', '70995350_75d0698839.jpg', '3467510271_0f57e52768.jpg']","[0.5917, 0.5915, 0.5594]"
4110,an animal is hosed down by a brick wall,3686924335_3c51e8834a.jpg,-1,0.3932,0.6515,0.2583,"['1659358133_95cd1027bd.jpg', '3019857541_3de3e24f54.jpg', '3224578187_749882c17f.jpg']","[0.6515, 0.5923, 0.5547]"
4111,leaping dog sprayed by off screen person with hose,3686924335_3c51e8834a.jpg,5,0.5514,0.6658,0.1144,"['3052196390_c59dd24ca8.jpg', '3415646718_f9f4e23a66.jpg', '2960033435_c20cc7399a.jpg']","[0.6658, 0.6649, 0.6448]"
4112,a dog jumping through the air getting hit by water,3686924335_3c51e8834a.jpg,-1,0.4665,0.806,0.3396,"['2270483627_16fe41b063.jpg', '3401902253_cd27e6d0fe.jpg', '247778426_fd59734130.jpg']","[0.806, 0.6905, 0.6802]"
4113,a dog gets sprayed by a hose,3686924335_3c51e8834a.jpg,-1,0.3351,0.6554,0.3202,"['2270483627_16fe41b063.jpg', '3052196390_c59dd24ca8.jpg', '3224578187_749882c17f.jpg']","[0.6554, 0.6372, 0.6051]"
4114,a dog is being sprayed with water,3686924335_3c51e8834a.jpg,-1,0.227,0.7282,0.5012,"['2270483627_16fe41b063.jpg', '2574230252_f5a1382dd4.jpg', '431410325_f4916b5460.jpg']","[0.7282, 0.7226, 0.6954]"
4117,people in orange shirts marching down street with unified in pride sign,3688839836_ba5e4c24fc.jpg,-1,0.4515,0.5809,0.1295,"['3225037367_a71fa86319.jpg', '1663454406_5e2cf8c5bb.jpg', '3002448718_a478c64fb4.jpg']","[0.5809, 0.5773, 0.5604]"
4120,woman in green dress being observed,3688858505_e8afd1475d.jpg,-1,0.3416,0.6417,0.3,"['3372251830_baa3665928.jpg', '1527297882_dededc7891.jpg', '911795495_342bb15b97.jpg']","[0.6417, 0.5415, 0.5388]"
4121,blonde girl wearing green dress standing,3688858505_e8afd1475d.jpg,8,0.5269,0.6288,0.1018,"['2086678529_b3301c2d71.jpg', '911795495_342bb15b97.jpg', '3286222970_1fa445e38f.jpg']","[0.6288, 0.6003, 0.5982]"
4122,a girl is wear a green dress,3688858505_e8afd1475d.jpg,6,0.5696,0.6733,0.1037,"['3286222970_1fa445e38f.jpg', '2086678529_b3301c2d71.jpg', '640409060_6af18fdd54.jpg']","[0.6733, 0.6251, 0.6024]"
4123,a blond girl in a green dress and elaborate gold necklace stands in front of a few women and a man,3688858505_e8afd1475d.jpg,-1,0.4704,0.5947,0.1243,"['3396153660_f729d9f9b9.jpg', '3400385314_a5bc062e97.jpg', '3084034954_fe5737197d.jpg']","[0.5947, 0.5645, 0.5449]"
4124,a few people with a girl standing up in the center wearing a green dress,3688858505_e8afd1475d.jpg,3,0.6457,0.6768,0.0311,"['3404552106_f516df0f5b.jpg', '3111897772_5211a37a02.jpg', '3688858505_e8afd1475d.jpg']","[0.6768, 0.6667, 0.6457]"
4125,a man doing a rollskating trick on a ramp,3690159129_93ba49ea18.jpg,-1,0.1923,0.7057,0.5133,"['3179336562_c3d0c0a3bd.jpg', '3339586622_a7676b30e1.jpg', '2876494009_9f96d7eaf2.jpg']","[0.7057, 0.5986, 0.5801]"
4126,a man grinding the lip of a pool on his rollerblades,3690159129_93ba49ea18.jpg,2,0.5572,0.5736,0.0164,"['3038941104_17ee91fc03.jpg', '3690159129_93ba49ea18.jpg', '2968135512_51fbb56e3e.jpg']","[0.5736, 0.5572, 0.5514]"
4127,a man wearing green glasses crouches near the camera,3690159129_93ba49ea18.jpg,-1,0.2061,0.5515,0.3454,"['2925737498_57585a7ed9.jpg', '3640241166_b1ab7a8e7a.jpg', '2924884899_f512c84332.jpg']","[0.5515, 0.5334, 0.5328]"
4128,a man with green glasses does a trick on his skateboard,3690159129_93ba49ea18.jpg,7,0.5754,0.6798,0.1044,"['3038941104_17ee91fc03.jpg', '3576741633_671340544c.jpg', '2700147489_f1664f2b61.jpg']","[0.6798, 0.6527, 0.6209]"
4129,a rollerblader pauses at the top of a skate ramp,3690159129_93ba49ea18.jpg,-1,0.4216,0.7179,0.2963,"['2876494009_9f96d7eaf2.jpg', '3446762868_06e9d9d899.jpg', '2332540384_4cf26406a9.jpg']","[0.7179, 0.6855, 0.6656]"
4131,person jumping into the water,3690425778_3b390b3ea5.jpg,2,0.7262,0.8554,0.1293,"['2797438951_88a3ed7541.jpg', '3690425778_3b390b3ea5.jpg', '3426789838_8771f0ed56.jpg']","[0.8554, 0.7262, 0.6769]"
4132,the person wearing shorts and a shirt is jumping off a dock into the water,3690425778_3b390b3ea5.jpg,2,0.7064,0.7573,0.0509,"['2797438951_88a3ed7541.jpg', '3690425778_3b390b3ea5.jpg', '1991806812_065f747689.jpg']","[0.7573, 0.7064, 0.5772]"
4134,a person jumping off a dock into water,3690425778_3b390b3ea5.jpg,2,0.747,0.7903,0.0433,"['2797438951_88a3ed7541.jpg', '3690425778_3b390b3ea5.jpg', '3426789838_8771f0ed56.jpg']","[0.7903, 0.747, 0.5983]"
4135,airplane emitting heavy red colored smoke,3692593096_fbaea67476.jpg,3,0.5535,0.5923,0.0388,"['2652155912_8ba5426790.jpg', '3319899418_4bcf1b00d8.jpg', '3692593096_fbaea67476.jpg']","[0.5923, 0.5655, 0.5535]"
4136,an airplane is flying over the mountain trying to extinguish a fire,3692593096_fbaea67476.jpg,2,0.7217,0.7691,0.0474,"['2652155912_8ba5426790.jpg', '3692593096_fbaea67476.jpg', '2610447973_89227ff978.jpg']","[0.7691, 0.7217, 0.6312]"
4137,a small plane is dropping a red chemical over the mountaintops,3692593096_fbaea67476.jpg,4,0.5773,0.6665,0.0891,"['1428578577_82864facae.jpg', '455611732_d65bf3e976.jpg', '3259110412_9908c45144.jpg']","[0.6665, 0.6206, 0.5777]"
4138,red spray is being ejected by an orange and white plane flying over the hilltops,3692593096_fbaea67476.jpg,2,0.6293,0.6433,0.014,"['3467510271_0f57e52768.jpg', '3692593096_fbaea67476.jpg', '70995350_75d0698839.jpg']","[0.6433, 0.6293, 0.6202]"
4141,two people are in a pond pulling a life raft,3692746368_ab7d97ab31.jpg,3,0.5727,0.587,0.0144,"['1248357227_2b4175fc39.jpg', '3207264553_8cd4dcde53.jpg', '3692746368_ab7d97ab31.jpg']","[0.587, 0.585, 0.5727]"
4142,two people are pushing a yellow dinghy through a stream as a man is running towards them,3692746368_ab7d97ab31.jpg,6,0.5508,0.6422,0.0914,"['2597308074_acacc12e1b.jpg', '1248357227_2b4175fc39.jpg', '2852982055_8112d0964f.jpg']","[0.6422, 0.6117, 0.5825]"
4143,two people in brown hats pull a yellow tube in a small pond surrounded by greenery,3692746368_ab7d97ab31.jpg,-1,0.4372,0.5545,0.1174,"['1248357227_2b4175fc39.jpg', '3637013_c675de7705.jpg', '2909875716_25c8652614.jpg']","[0.5545, 0.523, 0.47]"
4144,two people trudge through the water with their raft,3692746368_ab7d97ab31.jpg,6,0.5043,0.6591,0.1549,"['3207264553_8cd4dcde53.jpg', '1248357227_2b4175fc39.jpg', '1998457059_c9ac9a1e1a.jpg']","[0.6591, 0.5586, 0.5185]"
4145,a blonde woman with a red backpack in the snow,369360998_ba56fb436f.jpg,8,0.508,0.6069,0.0989,"['551664516_78a5131dc4.jpg', '1655781989_b15ab4cbff.jpg', '2238166082_140f8b01b8.jpg']","[0.6069, 0.577, 0.5687]"
4146,a lady with a headband is in the snow near a red backpack,369360998_ba56fb436f.jpg,-1,0.5005,0.6115,0.111,"['1655781989_b15ab4cbff.jpg', '3166578139_33500f7e8a.jpg', '551664516_78a5131dc4.jpg']","[0.6115, 0.6015, 0.5827]"
4147,a woman outside in the snow holds a container that produces steam,369360998_ba56fb436f.jpg,2,0.5338,0.6046,0.0708,"['454709143_9c513f095c.jpg', '369360998_ba56fb436f.jpg', '3213395965_2a823c6865.jpg']","[0.6046, 0.5338, 0.5229]"
4149,woman making drinks outdoors in a snowy landscape,369360998_ba56fb436f.jpg,5,0.4955,0.6412,0.1456,"['454709143_9c513f095c.jpg', '278002800_3817135105.jpg', '1798209205_77dbf525b0.jpg']","[0.6412, 0.5357, 0.5205]"
4150,the seven men are gathered,3694093650_547259731e.jpg,-1,0.4832,0.6353,0.1521,"['3712923460_1b20ebb131.jpg', '3042380610_c5ea61eef8.jpg', '3105929913_94a6882e25.jpg']","[0.6353, 0.6125, 0.6055]"
4151,the people in white and maroon clothes are in a wooden building,3694093650_547259731e.jpg,-1,0.3343,0.6522,0.3179,"['3480052428_c034b98a08.jpg', '3002920707_5d2e6e6aac.jpg', '3543378438_47e2712486.jpg']","[0.6522, 0.6197, 0.5818]"
4152,the people are in older looking attire,3694093650_547259731e.jpg,-1,0.3394,0.6706,0.3313,"['3098707588_5096d20397.jpg', '3098714492_19939e3b19.jpg', '2622971954_59f192922d.jpg']","[0.6706, 0.611, 0.5763]"
4153,a group of men in period clothing are standing in front of a hut,3694093650_547259731e.jpg,-1,0.5346,0.7228,0.1881,"['3480052428_c034b98a08.jpg', '3535056297_e16f014cb7.jpg', '3712923460_1b20ebb131.jpg']","[0.7228, 0.6878, 0.6637]"
4154,a group of people dressed as pirates,3694093650_547259731e.jpg,-1,0.4362,0.6719,0.2357,"['536537638_f5ee42410b.jpg', '3716277216_c04002be81.jpg', '2928835996_88b9f9503d.jpg']","[0.6719, 0.6468, 0.6084]"
4155,a group of adults and children play with a parachute outdoors,3694219419_a7a83d4886.jpg,2,0.6426,0.6443,0.0016,"['2856080862_95d793fa9d.jpg', '3694219419_a7a83d4886.jpg', '2193980605_4221c6474d.jpg']","[0.6443, 0.6426, 0.5959]"
4156,a group of children are waving a large cloth up and down,3694219419_a7a83d4886.jpg,-1,0.4163,0.7322,0.3159,"['1454841725_4b6e6199e2.jpg', '2211593099_4a4f1c85d2.jpg', '3197891333_b1b0fd1702.jpg']","[0.7322, 0.7282, 0.702]"
4157,a group of people holding up a bed sheet like a parachute while two people run underneath to fetch a soccer ball,3694219419_a7a83d4886.jpg,-1,0.4993,0.6208,0.1215,"['2257294002_0073263c54.jpg', '2194495372_bdac7d9e71.jpg', '269986132_91b71e8aaa.jpg']","[0.6208, 0.5925, 0.5785]"
4158,many people raise a large sheet of fabric above their heads,3694219419_a7a83d4886.jpg,-1,0.4119,0.6217,0.2098,"['3328535573_33c3cd5b59.jpg', '2928835996_88b9f9503d.jpg', '3631474374_e40764d153.jpg']","[0.6217, 0.6055, 0.583]"
4159,the group of people is holding a large sheet,3694219419_a7a83d4886.jpg,-1,0.4023,0.7036,0.3013,"['3631474374_e40764d153.jpg', '3197891333_b1b0fd1702.jpg', '3480052428_c034b98a08.jpg']","[0.7036, 0.668, 0.6146]"
4160,two similar brown dogs share holding a white toy while swimming,3695949492_27ca3892fd.jpg,-1,0.3157,0.7098,0.3941,"['1129704496_4a61441f2c.jpg', '2089350172_dc2cf9fcf6.jpg', '1439282131_3814d6ae04.jpg']","[0.7098, 0.6739, 0.6536]"
4161,two identical brown dogs side by side holding something white in both their mouths,3695949492_27ca3892fd.jpg,-1,0.1731,0.6167,0.4435,"['2981372647_2061278c60.jpg', '3368671163_0171259581.jpg', '2584412512_6767593f24.jpg']","[0.6167, 0.5902, 0.5672]"
4162,two grey dogs are carrying a stick in the water,3695949492_27ca3892fd.jpg,-1,0.4275,0.6507,0.2233,"['1129704496_4a61441f2c.jpg', '2632381125_de32bdfdf6.jpg', '2089350172_dc2cf9fcf6.jpg']","[0.6507, 0.5855, 0.5821]"
4163,two dogs holding opposite ends of a toy with their mouths swimming,3695949492_27ca3892fd.jpg,-1,0.3179,0.7114,0.3936,"['1129704496_4a61441f2c.jpg', '2089350172_dc2cf9fcf6.jpg', '1439282131_3814d6ae04.jpg']","[0.7114, 0.7046, 0.6165]"
4164,two grey dogs swimming in a lake to retrieve a white toy,3695949492_27ca3892fd.jpg,-1,0.389,0.7059,0.3168,"['2089350172_dc2cf9fcf6.jpg', '2339946012_06bd480ab8.jpg', '2696394827_7342ced36f.jpg']","[0.7059, 0.6422, 0.6308]"
4165,dog leaps high for yellow ball as another dog waits below on grass,3696246123_99d4d10140.jpg,2,0.7052,0.7538,0.0486,"['3544673666_ffc7483c96.jpg', '3696246123_99d4d10140.jpg', '539750844_02a07ec524.jpg']","[0.7538, 0.7052, 0.6396]"
4166,these two dogs are outside with one on the ground and one jumping in the air to get a ball,3696246123_99d4d10140.jpg,9,0.5597,0.6327,0.0731,"['78984436_ad96eaa802.jpg', '3494345896_dd6b32cfa3.jpg', '382090166_be2c2c63e1.jpg']","[0.6327, 0.6261, 0.6149]"
4168,two dogs play with a ball in a field,3696246123_99d4d10140.jpg,10,0.5483,0.7475,0.1992,"['496971341_22782195f0.jpg', '2567035103_3511020c8f.jpg', '3036033157_522a43a550.jpg']","[0.7475, 0.6025, 0.5791]"
4169,two dogs play with tennis ball in field,3696246123_99d4d10140.jpg,7,0.5446,0.6167,0.0721,"['3415809168_af9dabdba5.jpg', '439492931_a96d590e40.jpg', '2567035103_3511020c8f.jpg']","[0.6167, 0.6097, 0.6047]"
4170,young women in dresses standing on a stage,3697378565_7060d9281a.jpg,-1,0.2458,0.7389,0.4931,"['3433982387_3fa993cf5a.jpg', '3688858505_e8afd1475d.jpg', '961611340_251081fcb8.jpg']","[0.7389, 0.6984, 0.6654]"
4171,women line up on state in festive dresses in front of an audience,3697378565_7060d9281a.jpg,-1,0.4698,0.6917,0.2219,"['2928835996_88b9f9503d.jpg', '2621771656_09a620da6d.jpg', '3404552106_f516df0f5b.jpg']","[0.6917, 0.6678, 0.6548]"
4172,several young women in tropical clothing stand on a stage,3697378565_7060d9281a.jpg,-1,0.3514,0.7485,0.397,"['3242718240_3358f2d6e6.jpg', '3111897772_5211a37a02.jpg', '3404552106_f516df0f5b.jpg']","[0.7485, 0.6566, 0.6532]"
4173,a line of women dressed in colorful gowns standing on a round stage,3697378565_7060d9281a.jpg,-1,0.3801,0.6373,0.2573,"['3111897772_5211a37a02.jpg', '3433982387_3fa993cf5a.jpg', '3688858505_e8afd1475d.jpg']","[0.6373, 0.6328, 0.6285]"
4174,several women wearing bright dresses are in a competition,3697378565_7060d9281a.jpg,6,0.4973,0.6615,0.1642,"['2621771656_09a620da6d.jpg', '3242718240_3358f2d6e6.jpg', '3111897772_5211a37a02.jpg']","[0.6615, 0.5272, 0.5151]"
4177,a blond toddler in green trousers peeks through a fence,3698944019_825ef54f2f.jpg,2,0.5811,0.6307,0.0495,"['758921886_55a351dd67.jpg', '3698944019_825ef54f2f.jpg', '2911919938_6bb6587a36.jpg']","[0.6307, 0.5811, 0.5767]"
4180,a young man in an orange shirt brandishes two ladles,3701226275_952547ba0f.jpg,-1,0.2604,0.5793,0.3189,"['2991575785_bd4868e215.jpg', '3375549004_beee810e60.jpg', '3318995586_c2bc50b92e.jpg']","[0.5793, 0.5734, 0.5469]"
4181,a young man holds a hammer shaped object in the air with one hand and a similar shaped object in the other while making a funny expression,3701226275_952547ba0f.jpg,5,0.4858,0.55,0.0642,"['2561334141_0aacefa5e7.jpg', '3412249548_00820fc4ca.jpg', '3132760860_3e743a935d.jpg']","[0.55, 0.5081, 0.5064]"
4183,a boy with a yellow shirt and light brown shorts is posing with a long dipping spoon in each hand,3701226275_952547ba0f.jpg,-1,0.315,0.6001,0.2851,"['2181724497_dbb7fcb0a9.jpg', '3613030730_0b28b079ba.jpg', '3767841911_6678052eb6.jpg']","[0.6001, 0.5198, 0.4766]"
4184,a man in orange holds soup ladles and makes a funny face,3701226275_952547ba0f.jpg,-1,0.1801,0.6191,0.439,"['1418019748_51c7d59c11.jpg', '3412249548_00820fc4ca.jpg', '516214924_c2a4364cb3.jpg']","[0.6191, 0.5624, 0.5435]"
4185,a boat floats in the water,3701509233_a2275a4e57.jpg,8,0.5625,0.7847,0.2222,"['3315033940_e91f87b7f2.jpg', '2125216241_5b265a2fbc.jpg', '2526585002_10987a63f3.jpg']","[0.7847, 0.6947, 0.6481]"
4186,a boat with a red and white sail in a body of water in the back of this scene,3701509233_a2275a4e57.jpg,4,0.6912,0.8087,0.1175,"['2125216241_5b265a2fbc.jpg', '3315033940_e91f87b7f2.jpg', '3037558954_20115165e3.jpg']","[0.8087, 0.7313, 0.6979]"
4187,a ship with a red and white sail is in a body of water,3701509233_a2275a4e57.jpg,4,0.7064,0.8429,0.1366,"['2125216241_5b265a2fbc.jpg', '3037558954_20115165e3.jpg', '3315033940_e91f87b7f2.jpg']","[0.8429, 0.7491, 0.7215]"
4188,boat sails in rough water,3701509233_a2275a4e57.jpg,6,0.6022,0.7372,0.1349,"['3315033940_e91f87b7f2.jpg', '3467510271_0f57e52768.jpg', '482088914_e6ea4501e9.jpg']","[0.7372, 0.6679, 0.6467]"
4189,distant boat with striped sail sailing between two land masses,3701509233_a2275a4e57.jpg,6,0.5792,0.7032,0.1241,"['2125216241_5b265a2fbc.jpg', '3405113041_4b72c24801.jpg', '2843695880_eeea6c67db.jpg']","[0.7032, 0.6047, 0.598]"
4190,two children peek out the window of an rv with a pet snake,3703413486_3c682732a0.jpg,3,0.4774,0.5406,0.0632,"['3150315970_8f045c41a4.jpg', '520491467_54cbc0a866.jpg', '3703413486_3c682732a0.jpg']","[0.5406, 0.5177, 0.4774]"
4191,two young boys lean out the window of a white rv with their stuffed toy snake,3703413486_3c682732a0.jpg,2,0.5914,0.5956,0.0042,"['3150315970_8f045c41a4.jpg', '3703413486_3c682732a0.jpg', '350443876_c9769f5734.jpg']","[0.5956, 0.5914, 0.5849]"
4193,a boy sticks an aligator puppet out of a camper van window,3703413486_3c682732a0.jpg,8,0.4541,0.5974,0.1433,"['2410153942_ba4a136358.jpg', '3293018193_e4e0c8db7c.jpg', '2542037086_58c833699c.jpg']","[0.5974, 0.5855, 0.5464]"
4195,a shirtless boy throwing something with the sunlight low on the water,3705688385_47651205d3.jpg,-1,0.4305,0.5761,0.1456,"['3767841911_6678052eb6.jpg', '2107838729_a527e434bd.jpg', '195962284_e57178054a.jpg']","[0.5761, 0.5498, 0.5032]"
4196,a young boy in a swimsuit throws a rock into the water,3705688385_47651205d3.jpg,-1,0.4146,0.6982,0.2836,"['3666537170_c4ecda4be8.jpg', '1801063894_60bce29e19.jpg', '3041689520_c481bdb20e.jpg']","[0.6982, 0.6478, 0.6463]"
4197,a young man throws something in the water,3705688385_47651205d3.jpg,-1,0.4395,0.6755,0.236,"['3666537170_c4ecda4be8.jpg', '3208074567_ac44aeb3f3.jpg', '195962284_e57178054a.jpg']","[0.6755, 0.648, 0.6386]"
4198,boy throwing something into the ocean,3705688385_47651205d3.jpg,-1,0.5012,0.6106,0.1094,"['2277081067_d2b4c98bce.jpg', '2726262796_03bd63a155.jpg', '3747543364_bf5b548527.jpg']","[0.6106, 0.5832, 0.5822]"
4199,the man is making a throwing motion while standing on the shore,3705688385_47651205d3.jpg,5,0.5537,0.6683,0.1146,"['2561334141_0aacefa5e7.jpg', '459778335_857d8ffebf.jpg', '3564385317_1bf5094068.jpg']","[0.6683, 0.6045, 0.5883]"
4200,three people walking in a park right outside of the city,3707283973_5cdaa39340.jpg,3,0.6187,0.7153,0.0967,"['3677734351_63d60844cb.jpg', '2344412916_9a5a9b1c82.jpg', '3707283973_5cdaa39340.jpg']","[0.7153, 0.6488, 0.6187]"
4201,three people on a walk down a cement path beside a field of wildflowers with skyscrapers in the background,3707283973_5cdaa39340.jpg,6,0.5039,0.6468,0.1429,"['435827376_4384c3005a.jpg', '3565598162_56044bc2f7.jpg', '3589367895_5d3729e3ea.jpg']","[0.6468, 0.5721, 0.536]"
4202,three people are walking in a park with flowers,3707283973_5cdaa39340.jpg,-1,0.3221,0.5644,0.2423,"['3677734351_63d60844cb.jpg', '533713001_2d36e93509.jpg', '154871781_ae77696b77.jpg']","[0.5644, 0.5581, 0.5408]"
4203,people walking through a garden in a large city,3707283973_5cdaa39340.jpg,2,0.5629,0.6086,0.0458,"['3677734351_63d60844cb.jpg', '3707283973_5cdaa39340.jpg', '435827376_4384c3005a.jpg']","[0.6086, 0.5629, 0.5625]"
4204,people walking through a garden in the middle of a city,3707283973_5cdaa39340.jpg,5,0.5355,0.6028,0.0673,"['3677734351_63d60844cb.jpg', '533713001_2d36e93509.jpg', '435827376_4384c3005a.jpg']","[0.6028, 0.5948, 0.5843]"
4205,a girl in pink and yellow on a pink and orange surfboard cuts through the wave,3707990914_843e8f15f1.jpg,10,0.5747,0.7536,0.1789,"['2726262796_03bd63a155.jpg', '2984174290_a915748d77.jpg', '3058627443_1d57ff0a2c.jpg']","[0.7536, 0.7387, 0.66]"
4206,a surfer rides the wave,3707990914_843e8f15f1.jpg,6,0.7449,0.891,0.1461,"['3018304737_0a46fc5f1d.jpg', '3168123064_d1983b8f92.jpg', '2984174290_a915748d77.jpg']","[0.891, 0.8284, 0.7674]"
4207,a woman in a yellow shirt surfs on a pink surfboard,3707990914_843e8f15f1.jpg,6,0.6058,0.6496,0.0438,"['3627679667_0e3de9fc90.jpg', '2984174290_a915748d77.jpg', '2978409165_acc4f29a40.jpg']","[0.6496, 0.6437, 0.6347]"
4208,a woman on a surfboard rides a wave,3707990914_843e8f15f1.jpg,9,0.5947,0.7505,0.1558,"['2984174290_a915748d77.jpg', '3627679667_0e3de9fc90.jpg', '3018304737_0a46fc5f1d.jpg']","[0.7505, 0.734, 0.7147]"
4209,the girl catches a wave on her pink surfboard,3707990914_843e8f15f1.jpg,-1,0.5678,0.7694,0.2016,"['2726262796_03bd63a155.jpg', '2984174290_a915748d77.jpg', '3627679667_0e3de9fc90.jpg']","[0.7694, 0.7399, 0.6529]"
4210,a person snowboarding leaps over an obstacle to continue down the hill,3708743823_3e3e0554d1.jpg,5,0.7794,0.7903,0.0108,"['3248352729_ab264b2222.jpg', '3329793486_afc16663cc.jpg', '3241965735_8742782a70.jpg']","[0.7903, 0.7835, 0.7819]"
4211,a man skiing down a hill and over a red obstacle,3708743823_3e3e0554d1.jpg,-1,0.4463,0.773,0.3267,"['2339140905_9f625f140a.jpg', '3264650118_be7df266e7.jpg', '3621647714_fc67ab2617.jpg']","[0.773, 0.69, 0.667]"
4212,a snowboarder jumps over a ramp on a mountain course,3708743823_3e3e0554d1.jpg,8,0.7041,0.8101,0.1061,"['3254645823_a7c072481c.jpg', '3248352729_ab264b2222.jpg', '3357416302_fcfcdd7b86.jpg']","[0.8101, 0.7786, 0.7756]"
4213,a guy in a red jacket is snowboarding in midair,3708743823_3e3e0554d1.jpg,-1,0.6158,0.8212,0.2054,"['3329169877_175cb16845.jpg', '3170551725_1276644eab.jpg', '3248352729_ab264b2222.jpg']","[0.8212, 0.7806, 0.7716]"
4214,a man is snowboarding down a railing in the snow,3708743823_3e3e0554d1.jpg,4,0.6285,0.702,0.0735,"['3170551725_1276644eab.jpg', '3329793486_afc16663cc.jpg', '3288274849_07ff76ee93.jpg']","[0.702, 0.6841, 0.6322]"
4215,a family of two young boys and a woman and man pose in front of a scenic background,3711664623_ef87105ea7.jpg,4,0.614,0.703,0.089,"['3501083764_cf592292a6.jpg', '3712923460_1b20ebb131.jpg', '2211593099_4a4f1c85d2.jpg']","[0.703, 0.6306, 0.6301]"
4216,a woman man and two children,3711664623_ef87105ea7.jpg,-1,0.534,0.7284,0.1945,"['3501083764_cf592292a6.jpg', '3627676364_1dc9294ec5.jpg', '2211593099_4a4f1c85d2.jpg']","[0.7284, 0.6047, 0.5911]"
4222,a dog treads through dark green water,3712742641_641282803e.jpg,7,0.6614,0.7183,0.0569,"['2613209320_edf6a2b7e9.jpg', '2574230252_f5a1382dd4.jpg', '443430496_3fea95a07d.jpg']","[0.7183, 0.7057, 0.7012]"
4227,a group of men in camouflage pants and white tshirts are running in a drill yard,3712923460_1b20ebb131.jpg,3,0.5208,0.5754,0.0547,"['3596959859_a7cb1e194b.jpg', '3262386960_14f5d857db.jpg', '3712923460_1b20ebb131.jpg']","[0.5754, 0.5335, 0.5208]"
4230,women are putting their robes and headdresses on,3716277216_c04002be81.jpg,-1,0.4526,0.6471,0.1945,"['3084034954_fe5737197d.jpg', '3111897772_5211a37a02.jpg', '3638783842_af08dbb518.jpg']","[0.6471, 0.6232, 0.5865]"
4231,three women wearing traditional apparel make the final touches on their clothing,3716277216_c04002be81.jpg,-1,0.4617,0.641,0.1793,"['3242718240_3358f2d6e6.jpg', '3084034954_fe5737197d.jpg', '3638783842_af08dbb518.jpg']","[0.641, 0.6341, 0.6096]"
4232,three women are dressed in african clothes and two of them are putting on makeup,3716277216_c04002be81.jpg,3,0.561,0.5925,0.0315,"['2728276857_3f83757ef2.jpg', '3638783842_af08dbb518.jpg', '3716277216_c04002be81.jpg']","[0.5925, 0.5853, 0.561]"
4233,three african women in traditional orange costume are gathered in front of a yellow curtain,3716277216_c04002be81.jpg,7,0.5833,0.632,0.0487,"['3084034954_fe5737197d.jpg', '3098714492_19939e3b19.jpg', '2928835996_88b9f9503d.jpg']","[0.632, 0.6256, 0.6252]"
4234,three african american women are dressed in bright orange and brown dresses and head scarves,3716277216_c04002be81.jpg,5,0.5168,0.5851,0.0683,"['536537638_f5ee42410b.jpg', '2728276857_3f83757ef2.jpg', '3134341610_3c55e373a7.jpg']","[0.5851, 0.5599, 0.5344]"
4235,a girl with a black dress and big white bow stands with her back to the camera,3718007650_e5930b4509.jpg,-1,0.1482,0.5862,0.4381,"['2522467011_cc825d89ac.jpg', '2086678529_b3301c2d71.jpg', '2676184321_858eff416b.jpg']","[0.5862, 0.5794, 0.5182]"
4236,many people gather outside,3718007650_e5930b4509.jpg,7,0.6364,0.7656,0.1292,"['3433470650_a8b1c27173.jpg', '2930622766_fa8f84deb1.jpg', '2621771656_09a620da6d.jpg']","[0.7656, 0.6959, 0.6906]"
4237,people stand outside watching something,3718007650_e5930b4509.jpg,-1,0.4088,0.7128,0.304,"['2930622766_fa8f84deb1.jpg', '3480052428_c034b98a08.jpg', '2180356743_b3a3c9a7f6.jpg']","[0.7128, 0.6221, 0.6006]"
4238,people with costumes are gathered in a wooded area looking the same direction,3718007650_e5930b4509.jpg,5,0.4968,0.6253,0.1284,"['3716277216_c04002be81.jpg', '3694093650_547259731e.jpg', '2928835996_88b9f9503d.jpg']","[0.6253, 0.5665, 0.5255]"
4239,the back of a woman in costume little girl looks at her,3718007650_e5930b4509.jpg,-1,0.418,0.7149,0.297,"['2086678529_b3301c2d71.jpg', '2522467011_cc825d89ac.jpg', '3134341610_3c55e373a7.jpg']","[0.7149, 0.6818, 0.6051]"
4240,the man rides his bicycle up the brick wall,3724113279_99b6e5bf41.jpg,7,0.5387,0.6218,0.0832,"['3476451861_5b9c9ce191.jpg', '3474985008_0a827cd340.jpg', '2192411521_9c7e488c5e.jpg']","[0.6218, 0.6068, 0.5806]"
4241,man is performing a trick with a bicycle off a brick wall,3724113279_99b6e5bf41.jpg,3,0.6898,0.7284,0.0386,"['3531811969_49af4c22f0.jpg', '3476451861_5b9c9ce191.jpg', '3724113279_99b6e5bf41.jpg']","[0.7284, 0.7154, 0.6898]"
4242,a man does a trick with his bicycle off the side of a wall,3724113279_99b6e5bf41.jpg,3,0.6574,0.7475,0.0901,"['3531811969_49af4c22f0.jpg', '3476451861_5b9c9ce191.jpg', '3724113279_99b6e5bf41.jpg']","[0.7475, 0.6941, 0.6574]"
4243,a bmx rider wall rides,3724113279_99b6e5bf41.jpg,-1,0.4941,0.7797,0.2856,"['3649916507_b88a3d2082.jpg', '2998024845_1529c11694.jpg', '3474985008_0a827cd340.jpg']","[0.7797, 0.7525, 0.7231]"
4245,the white dog is being squirted in the face with a jet of water,3724718895_bd03f4a4dc.jpg,-1,0.256,0.6509,0.3949,"['1131800850_89c7ffd477.jpg', '3224578187_749882c17f.jpg', '3712742641_641282803e.jpg']","[0.6509, 0.6085, 0.5762]"
4246,a dog drinks the sprinkler water,3724718895_bd03f4a4dc.jpg,-1,-0.0063,0.6847,0.691,"['3052196390_c59dd24ca8.jpg', '1095476286_87d4f8664e.jpg', '2685752892_9d5cd7f274.jpg']","[0.6847, 0.67, 0.5884]"
4247,a small brown and white dog is playing with the sprinkler in the grass,3724718895_bd03f4a4dc.jpg,-1,0.3566,0.6923,0.3357,"['3052196390_c59dd24ca8.jpg', '1095476286_87d4f8664e.jpg', '3767841911_6678052eb6.jpg']","[0.6923, 0.6882, 0.613]"
4248,a small terrier plays in a sprinkler,3724718895_bd03f4a4dc.jpg,-1,0.1806,0.7225,0.542,"['1095476286_87d4f8664e.jpg', '3052196390_c59dd24ca8.jpg', '3224578187_749882c17f.jpg']","[0.7225, 0.7202, 0.6708]"
4249,the little black and white dog is running in the sprinkler,3724718895_bd03f4a4dc.jpg,-1,0.2105,0.6201,0.4096,"['1095476286_87d4f8664e.jpg', '506882688_b37d549593.jpg', '3052196390_c59dd24ca8.jpg']","[0.6201, 0.5775, 0.5644]"
4250,there are many men racing on their bicycles,3726025663_e7d35d23f6.jpg,2,0.8483,0.913,0.0647,"['2986671935_0c60bbb3fa.jpg', '3726025663_e7d35d23f6.jpg', '2744600462_5804577296.jpg']","[0.913, 0.8483, 0.7374]"
4252,bicycles in a race,3726025663_e7d35d23f6.jpg,2,0.8358,0.8713,0.0354,"['2986671935_0c60bbb3fa.jpg', '3726025663_e7d35d23f6.jpg', '2744600462_5804577296.jpg']","[0.8713, 0.8358, 0.8042]"
4253,a group of people ride in a race,3726025663_e7d35d23f6.jpg,2,0.6602,0.8468,0.1866,"['2986671935_0c60bbb3fa.jpg', '3726025663_e7d35d23f6.jpg', '2744600462_5804577296.jpg']","[0.8468, 0.6602, 0.6339]"
4254,a large group of bicycles riding their bikes,3726025663_e7d35d23f6.jpg,2,0.8075,0.8245,0.017,"['2986671935_0c60bbb3fa.jpg', '3726025663_e7d35d23f6.jpg', '2744600462_5804577296.jpg']","[0.8245, 0.8075, 0.728]"
4255,a man and woman sitting in chairs next to a turquoise truck,3726120436_740bda8416.jpg,-1,0.4743,0.6459,0.1717,"['2750867389_4b815f793a.jpg', '492341908_1ef53be265.jpg', '3703413486_3c682732a0.jpg']","[0.6459, 0.6265, 0.6079]"
4256,an older couple chats near a bright colored car,3726120436_740bda8416.jpg,-1,0.43,0.5881,0.1581,"['2943023421_e297f05e11.jpg', '2660480624_45f88b3022.jpg', '3474265683_43b1033d94.jpg']","[0.5881, 0.5755, 0.5667]"
4257,there is a man and a woman sitting on folding chairs outside next to a truck,3726120436_740bda8416.jpg,-1,0.4897,0.6207,0.131,"['492341908_1ef53be265.jpg', '3703413486_3c682732a0.jpg', '2750867389_4b815f793a.jpg']","[0.6207, 0.6156, 0.6124]"
4258,two old people sitting in chairs talking in front of a hill,3726120436_740bda8416.jpg,-1,0.3572,0.6386,0.2814,"['3550276904_19de3561c5.jpg', '3091962081_194f2f3bd4.jpg', '2837640996_0183db8d93.jpg']","[0.6386, 0.5896, 0.5561]"
4259,woman and man sit next to their green truck,3726120436_740bda8416.jpg,-1,0.5063,0.7119,0.2055,"['2750867389_4b815f793a.jpg', '492341908_1ef53be265.jpg', '2525666287_638ab5e784.jpg']","[0.7119, 0.7044, 0.6112]"
4260,the man in the bright colored shirt is balancing a knife on his arm,3726700898_c50494b8bd.jpg,9,0.5041,0.604,0.0999,"['2700147489_f1664f2b61.jpg', '2561334141_0aacefa5e7.jpg', '3649307685_60c1294d2a.jpg']","[0.604, 0.5782, 0.5604]"
4261,a man is tossing a knife in the air while another man stands nearby,3726700898_c50494b8bd.jpg,-1,0.2968,0.6875,0.3907,"['2561334141_0aacefa5e7.jpg', '2061354254_faa5bd294b.jpg', '3442978981_53bf1f45f3.jpg']","[0.6875, 0.616, 0.6081]"
4262,a young man shows off a knife trick to another,3726700898_c50494b8bd.jpg,5,0.487,0.6462,0.1592,"['2561334141_0aacefa5e7.jpg', '3442978981_53bf1f45f3.jpg', '3674168459_6245f4f658.jpg']","[0.6462, 0.5409, 0.5223]"
4263,a man balances a knife on his arm as another man watches,3726700898_c50494b8bd.jpg,-1,0.4681,0.6481,0.18,"['2561334141_0aacefa5e7.jpg', '3649307685_60c1294d2a.jpg', '3442978981_53bf1f45f3.jpg']","[0.6481, 0.6242, 0.5362]"
4264,a man has a knife on his arm and another man is watching,3726700898_c50494b8bd.jpg,-1,0.3595,0.5744,0.2149,"['2561334141_0aacefa5e7.jpg', '3649307685_60c1294d2a.jpg', '2970183443_accd597e0a.jpg']","[0.5744, 0.5643, 0.5181]"
4270,a man stands near a wall and smokes a cigarette,374103842_17873ce505.jpg,3,0.5834,0.7225,0.1391,"['3394586927_eae7732b64.jpg', '1057210460_09c6f4c6c1.jpg', '374103842_17873ce505.jpg']","[0.7225, 0.653, 0.5834]"
4271,a man in black smokes a cigarette in a basement,374103842_17873ce505.jpg,4,0.5165,0.5571,0.0406,"['2328104318_5a43ca170c.jpg', '3394586927_eae7732b64.jpg', '3213395965_2a823c6865.jpg']","[0.5571, 0.5553, 0.5295]"
4273,a man dressed in black is smoking a cigarette,374103842_17873ce505.jpg,4,0.4878,0.5565,0.0687,"['3213395965_2a823c6865.jpg', '3394586927_eae7732b64.jpg', '2328104318_5a43ca170c.jpg']","[0.5565, 0.5345, 0.4989]"
4275,a girl dressed in black is posing for the camera,374124237_51f62b6937.jpg,-1,0.3636,0.6309,0.2673,"['1449692616_60507875fb.jpg', '2721656220_5f4cda8bc1.jpg', '3203707977_cc9448fecb.jpg']","[0.6309, 0.5684, 0.5611]"
4276,a woman dressed in black,374124237_51f62b6937.jpg,9,0.472,0.6617,0.1897,"['551664516_78a5131dc4.jpg', '3134585858_a8c3493ca5.jpg', '1527297882_dededc7891.jpg']","[0.6617, 0.6082, 0.5653]"
4277,a woman in black clothes with one leg up,374124237_51f62b6937.jpg,2,0.5427,0.5472,0.0044,"['2979914158_5906470b8f.jpg', '374124237_51f62b6937.jpg', '551664516_78a5131dc4.jpg']","[0.5472, 0.5427, 0.5373]"
4278,a woman in black leggings and beige cowboy boots,374124237_51f62b6937.jpg,6,0.4421,0.6265,0.1844,"['551664516_78a5131dc4.jpg', '2648310638_d6c576b5e4.jpg', '2656987333_80dcc82c05.jpg']","[0.6265, 0.507, 0.4596]"
4279,a woman is propping her leg up revealing cleavage a great tatoo and some kicking boots,374124237_51f62b6937.jpg,-1,0.3996,0.5845,0.1849,"['3674168459_6245f4f658.jpg', '2522467011_cc825d89ac.jpg', '3119903318_d032141839.jpg']","[0.5845, 0.5495, 0.5469]"
4280,the boy wearing the green shirt is climbing on a blue inflatable,3741827382_71e93298d0.jpg,10,0.4686,0.6261,0.1575,"['542317719_ed4dd95dc2.jpg', '2542037086_58c833699c.jpg', '860928274_744d14f198.jpg']","[0.6261, 0.5852, 0.5347]"
4281,a young boy plays in front of a blue object,3741827382_71e93298d0.jpg,-1,0.4273,0.7504,0.3232,"['2410618963_fb78307d18.jpg', '3318995586_c2bc50b92e.jpg', '2648165716_02e2e74fd6.jpg']","[0.7504, 0.7342, 0.6848]"
4282,a young boy jumps around on a blue mat with a halfsmile on his face,3741827382_71e93298d0.jpg,3,0.6719,0.7449,0.073,"['693785581_68bec8312a.jpg', '2868575889_2c030aa8ae.jpg', '3741827382_71e93298d0.jpg']","[0.7449, 0.6839, 0.6719]"
4283,a boy in a green shirt above something blue,3741827382_71e93298d0.jpg,-1,0.4137,0.6843,0.2706,"['3405942945_f4af2934a6.jpg', '2341254813_c53a5ef27a.jpg', '3701226275_952547ba0f.jpg']","[0.6843, 0.6449, 0.6447]"
4284,a small boy getting tossed into the air,3741827382_71e93298d0.jpg,6,0.5604,0.61,0.0496,"['3318995586_c2bc50b92e.jpg', '2868575889_2c030aa8ae.jpg', '2973638173_0dc21fd443.jpg']","[0.61, 0.5954, 0.5943]"
4285,three girls do back flips and cartwheels in the surf,3747543364_bf5b548527.jpg,2,0.586,0.6045,0.0185,"['2951092164_4940b9a517.jpg', '3747543364_bf5b548527.jpg', '2335428699_4eba9b6245.jpg']","[0.6045, 0.586, 0.5393]"
4286,three girls do handstands at the beach,3747543364_bf5b548527.jpg,2,0.6592,0.6935,0.0343,"['3518755601_cebf11e515.jpg', '3747543364_bf5b548527.jpg', '496555371_3e1ee0d97d.jpg']","[0.6935, 0.6592, 0.5286]"
4287,three girls doing back flips on the beach,3747543364_bf5b548527.jpg,2,0.6772,0.7543,0.0771,"['3518755601_cebf11e515.jpg', '3747543364_bf5b548527.jpg', '496555371_3e1ee0d97d.jpg']","[0.7543, 0.6772, 0.5539]"
4288,three little girls cartwheel in the ocean,3747543364_bf5b548527.jpg,3,0.5389,0.6072,0.0683,"['2951092164_4940b9a517.jpg', '3111897772_5211a37a02.jpg', '3747543364_bf5b548527.jpg']","[0.6072, 0.545, 0.5389]"
4291,a toddler with a look of fear on his face is on playground equipment,3751594676_edfbfa0688.jpg,-1,0.4642,0.7564,0.2922,"['2372572028_53b76104a9.jpg', '2358554995_54ed3baa83.jpg', '964197865_0133acaeb4.jpg']","[0.7564, 0.7501, 0.696]"
4292,a little boy is playing on a playground rocking toy,3751594676_edfbfa0688.jpg,9,0.5735,0.7433,0.1698,"['964197865_0133acaeb4.jpg', '2358554995_54ed3baa83.jpg', '2362481035_a7600875d0.jpg']","[0.7433, 0.6455, 0.6368]"
4293,a blond toddler wearing a blue sweater riding on a wooden toy,3751594676_edfbfa0688.jpg,3,0.6826,0.806,0.1234,"['964197865_0133acaeb4.jpg', '1539166395_0cdc0accee.jpg', '3751594676_edfbfa0688.jpg']","[0.806, 0.6845, 0.6826]"
4294,a child in blue and yellow clothing is clinging to playground equipment with an adult nearby,3751594676_edfbfa0688.jpg,-1,0.4262,0.7144,0.2882,"['964197865_0133acaeb4.jpg', '2556392380_ee57514233.jpg', '2362481035_a7600875d0.jpg']","[0.7144, 0.6411, 0.6409]"
4295,a baby girl in an orange dress gets wet as she stands next to a water sprinkler,3767841911_6678052eb6.jpg,9,0.4524,0.664,0.2115,"['2747714500_49476225c6.jpg', '2704934519_457dc38986.jpg', '1095476286_87d4f8664e.jpg']","[0.664, 0.5963, 0.5882]"
4297,a child in a dress is looking at a sprinkler,3767841911_6678052eb6.jpg,5,0.5056,0.6143,0.1086,"['3052196390_c59dd24ca8.jpg', '1095476286_87d4f8664e.jpg', '2704934519_457dc38986.jpg']","[0.6143, 0.5933, 0.5716]"
4299,on wet grass little blond girl in orange dress plays in sprinkler,3767841911_6678052eb6.jpg,5,0.6012,0.7076,0.1064,"['2704934519_457dc38986.jpg', '3052196390_c59dd24ca8.jpg', '1095476286_87d4f8664e.jpg']","[0.7076, 0.6366, 0.6267]"
4301,a group of people are standing in linet at a fruit stand,380527679_574749123d.jpg,7,0.5063,0.5794,0.0731,"['2193980605_4221c6474d.jpg', '3404552106_f516df0f5b.jpg', '3229821595_77ace81c6b.jpg']","[0.5794, 0.5317, 0.521]"
4302,a group of people shop for fruit at an urban farmers market,380527679_574749123d.jpg,2,0.6695,0.713,0.0435,"['251958970_fa6b423f23.jpg', '380527679_574749123d.jpg', '3673970325_4e025069e9.jpg']","[0.713, 0.6695, 0.5577]"
4304,people shopping at a fruit stand,380527679_574749123d.jpg,2,0.558,0.692,0.1341,"['251958970_fa6b423f23.jpg', '380527679_574749123d.jpg', '2891240104_6755281868.jpg']","[0.692, 0.558, 0.5295]"
4305,a white dog and two black dogs playing,382090166_be2c2c63e1.jpg,3,0.6583,0.6871,0.0287,"['2165461920_1a4144eb2b.jpg', '2545192257_142fe9e2de.jpg', '382090166_be2c2c63e1.jpg']","[0.6871, 0.6646, 0.6583]"
4306,a white poodle and 2 black poodles are playing on the grass,382090166_be2c2c63e1.jpg,2,0.6418,0.6805,0.0386,"['3132619510_7dfc947d25.jpg', '382090166_be2c2c63e1.jpg', '2165461920_1a4144eb2b.jpg']","[0.6805, 0.6418, 0.618]"
4307,a white poodle and two black poodles are playing in the grass on an autumn day,382090166_be2c2c63e1.jpg,7,0.5691,0.6584,0.0893,"['3132619510_7dfc947d25.jpg', '2981372647_2061278c60.jpg', '2165461920_1a4144eb2b.jpg']","[0.6584, 0.651, 0.6339]"
4308,a white poodle is climbing over a black poodle who is in turn climbing over another black poodle,382090166_be2c2c63e1.jpg,2,0.5623,0.6105,0.0482,"['522486784_978021d537.jpg', '382090166_be2c2c63e1.jpg', '1562392511_522a26063b.jpg']","[0.6105, 0.5623, 0.5354]"
4309,two black dogs and one white dog interact,382090166_be2c2c63e1.jpg,3,0.6839,0.8073,0.1234,"['2545192257_142fe9e2de.jpg', '2347921097_f2e35753c0.jpg', '382090166_be2c2c63e1.jpg']","[0.8073, 0.7529, 0.6839]"
4313,a girl in a white cap eats a slice of fruit next to a girl in a blue cap who is eating chocolate,389643437_9a9830a3ba.jpg,3,0.5988,0.7006,0.1018,"['3437273677_47d4462974.jpg', '2181724497_dbb7fcb0a9.jpg', '389643437_9a9830a3ba.jpg']","[0.7006, 0.6254, 0.5988]"
4314,one young girl eats fruit while another eats chocolate,389643437_9a9830a3ba.jpg,2,0.5893,0.5945,0.0053,"['3035118753_69287079dc.jpg', '389643437_9a9830a3ba.jpg', '3437273677_47d4462974.jpg']","[0.5945, 0.5893, 0.5798]"
4317,a man walking two dogs down a street,397547349_1fd14b95af.jpg,2,0.7238,0.7255,0.0016,"['3353278454_2f3a4d0bbc.jpg', '397547349_1fd14b95af.jpg', '2340919359_f56787d307.jpg']","[0.7255, 0.7238, 0.6954]"
4318,a man walks two dogs in the city,397547349_1fd14b95af.jpg,2,0.6844,0.741,0.0566,"['3353278454_2f3a4d0bbc.jpg', '397547349_1fd14b95af.jpg', '256444892_efcb3bd824.jpg']","[0.741, 0.6844, 0.6229]"
4319,a man walks two dogs on leashes down the street,397547349_1fd14b95af.jpg,2,0.6704,0.6722,0.0019,"['2340919359_f56787d307.jpg', '397547349_1fd14b95af.jpg', '3655964639_21e76383d0.jpg']","[0.6722, 0.6704, 0.6472]"
4320,two people sitting together on a subway listening to earphones,397601572_9587a39291.jpg,-1,0.4831,0.6264,0.1433,"['403678611_73978faed7.jpg', '2837640996_0183db8d93.jpg', '1332208215_fa824f6659.jpg']","[0.6264, 0.6148, 0.5968]"
4321,two men on a busy subway seen from behind,397601572_9587a39291.jpg,5,0.5116,0.6837,0.1722,"['1332208215_fa824f6659.jpg', '2525666287_638ab5e784.jpg', '2268729848_d418451226.jpg']","[0.6837, 0.6309, 0.5477]"
4322,the backs of the heads of two men that are plugging their ears while riding the subway,397601572_9587a39291.jpg,4,0.4677,0.5376,0.0699,"['1332208215_fa824f6659.jpg', '403678611_73978faed7.jpg', '3442844140_15aa45e9b8.jpg']","[0.5376, 0.5167, 0.5115]"
4323,the back of two men s heads riding on a train,397601572_9587a39291.jpg,2,0.6439,0.7591,0.1152,"['1332208215_fa824f6659.jpg', '397601572_9587a39291.jpg', '2525666287_638ab5e784.jpg']","[0.7591, 0.6439, 0.6204]"
4325,a brown dog carries something in his mouth while walking through snow,400562847_e15aba0aac.jpg,4,0.5692,0.7104,0.1412,"['421808539_57abee6d55.jpg', '341430859_4519802e8f.jpg', '3338291921_fe7ae0c8f8.jpg']","[0.7104, 0.7011, 0.6942]"
4326,a darkcolored dog walking across snow with something in its mouth,400562847_e15aba0aac.jpg,10,0.5814,0.7776,0.1962,"['421808539_57abee6d55.jpg', '341430859_4519802e8f.jpg', '3338291921_fe7ae0c8f8.jpg']","[0.7776, 0.7692, 0.7468]"
4327,a dog carries an object in the snow,400562847_e15aba0aac.jpg,-1,0.5477,0.783,0.2353,"['341430859_4519802e8f.jpg', '3338291921_fe7ae0c8f8.jpg', '421808539_57abee6d55.jpg']","[0.783, 0.7446, 0.7018]"
4328,a dog walks through the snow while blindfolded carrying something in his mouth,400562847_e15aba0aac.jpg,10,0.5268,0.73,0.2032,"['341430859_4519802e8f.jpg', '421808539_57abee6d55.jpg', '3338291921_fe7ae0c8f8.jpg']","[0.73, 0.6962, 0.6544]"
4329,the brown dog has an object in his mouth,400562847_e15aba0aac.jpg,-1,0.2189,0.7438,0.5249,"['516214924_c2a4364cb3.jpg', '1659358141_0433c9bf99.jpg', '3228069008_edb2961fc4.jpg']","[0.7438, 0.6804, 0.6745]"
4330,the man reading a magazine is sitting in the large room,403678611_73978faed7.jpg,6,0.509,0.6439,0.1349,"['3066338314_2c3fb731d1.jpg', '343662720_39e4067cd1.jpg', '2380464803_a64f05bfa9.jpg']","[0.6439, 0.6256, 0.5634]"
4331,a man with a hat sits in a booth and reads,403678611_73978faed7.jpg,5,0.561,0.772,0.211,"['358607894_5abb1250d3.jpg', '3066338314_2c3fb731d1.jpg', '2837640996_0183db8d93.jpg']","[0.772, 0.6434, 0.5954]"
4332,a man with a black hat and black beard is reading a magazine sitting on a blue bench,403678611_73978faed7.jpg,5,0.5146,0.7463,0.2317,"['358607894_5abb1250d3.jpg', '343662720_39e4067cd1.jpg', '2924884899_f512c84332.jpg']","[0.7463, 0.6167, 0.5836]"
4333,a man in a cap with a goatee leans against the window and reads a magazine,403678611_73978faed7.jpg,-1,0.4455,0.7054,0.2599,"['358607894_5abb1250d3.jpg', '432167214_c17fcc1a2d.jpg', '2815256108_fc1302117d.jpg']","[0.7054, 0.6007, 0.5954]"
4334,a man sitting on an empty train,403678611_73978faed7.jpg,5,0.543,0.6096,0.0666,"['1332208215_fa824f6659.jpg', '2525666287_638ab5e784.jpg', '397601572_9587a39291.jpg']","[0.6096, 0.6057, 0.5823]"
4336,a dog in the snow,410422753_de506155fa.jpg,6,0.6779,0.7908,0.1129,"['421808539_57abee6d55.jpg', '341430859_4519802e8f.jpg', '3338291921_fe7ae0c8f8.jpg']","[0.7908, 0.782, 0.7682]"
4337,a dog is running in the snow,410422753_de506155fa.jpg,3,0.797,0.8431,0.0461,"['2095078658_c14ba89bc2.jpg', '2335619125_2e2034f2c3.jpg', '410422753_de506155fa.jpg']","[0.8431, 0.8001, 0.797]"
4338,a dog runs through the snow,410422753_de506155fa.jpg,5,0.745,0.8303,0.0853,"['2095078658_c14ba89bc2.jpg', '341430859_4519802e8f.jpg', '421808539_57abee6d55.jpg']","[0.8303, 0.8119, 0.7573]"
4339,a dog with a shiny dog tags changes course of his stride,410422753_de506155fa.jpg,-1,0.1707,0.7202,0.5495,"['245252561_4f20f1c89e.jpg', '3036596725_541bbe0955.jpg', '453756106_711c20471a.jpg']","[0.7202, 0.685, 0.6244]"
4340,two dogs play with a tennis ball in the snow,412101267_7257e6d8c0.jpg,2,0.703,0.7055,0.0025,"['3266306177_7994dc2865.jpg', '412101267_7257e6d8c0.jpg', '3195040792_a03954a19f.jpg']","[0.7055, 0.703, 0.6411]"
4345,a group camps in a desolate area,413737417_b0a8b445e9.jpg,2,0.6,0.6845,0.0845,"['3480052428_c034b98a08.jpg', '413737417_b0a8b445e9.jpg', '3328535573_33c3cd5b59.jpg']","[0.6845, 0.6, 0.5963]"
4350,an adult wearing a harness climbs in a rocky area,415793623_6c1225ae27.jpg,4,0.7381,0.7749,0.0368,"['236095031_5cb17dc54a.jpg', '111537222_07e56d5a30.jpg', '466956675_a2fb6bf901.jpg']","[0.7749, 0.7656, 0.7499]"
4351,person in blue shirt scales wall,415793623_6c1225ae27.jpg,5,0.5558,0.6152,0.0594,"['2341254813_c53a5ef27a.jpg', '3701226275_952547ba0f.jpg', '2046222127_a6f300e202.jpg']","[0.6152, 0.6023, 0.5969]"
4352,a middle aged woman climbs a mountain,415793623_6c1225ae27.jpg,-1,0.4773,0.6721,0.1948,"['236095031_5cb17dc54a.jpg', '1247181182_35cabd76f3.jpg', '466956675_a2fb6bf901.jpg']","[0.6721, 0.6225, 0.6161]"
4355,a fluffy white dog runs through the woods with his ears flapping in the breeze,416106657_cab2a107a5.jpg,-1,0.5747,0.7616,0.187,"['3435035138_af32890a4c.jpg', '3330935489_9cb67ca36b.jpg', '2259203920_6b93b721ce.jpg']","[0.7616, 0.711, 0.6862]"
4356,a small white dog is running across a grassy field,416106657_cab2a107a5.jpg,4,0.743,0.8319,0.0889,"['2867699650_e6ddb540de.jpg', '2620113705_a8fa89b8f6.jpg', '426920445_d07d1fd0f7.jpg']","[0.8319, 0.7928, 0.7438]"
4357,a white dog runs in the grass,416106657_cab2a107a5.jpg,3,0.7483,0.8749,0.1266,"['2867699650_e6ddb540de.jpg', '2543247940_083f1b7969.jpg', '416106657_cab2a107a5.jpg']","[0.8749, 0.8077, 0.7483]"
4358,a white dog wearing a red harness runs though the woods,416106657_cab2a107a5.jpg,-1,0.4961,0.6288,0.1327,"['2259203920_6b93b721ce.jpg', '3435035138_af32890a4c.jpg', '2444339090_bf7b3211f4.jpg']","[0.6288, 0.6157, 0.6137]"
4359,the little white dog wearing the red collar is running in the grass,416106657_cab2a107a5.jpg,9,0.6118,0.7569,0.1452,"['2867699650_e6ddb540de.jpg', '2555535057_007501dae5.jpg', '426920445_d07d1fd0f7.jpg']","[0.7569, 0.6876, 0.657]"
4360,a mostly nude man standing on a stool while a family of 5 look at him questioningly,416788726_5b4eb1466e.jpg,-1,0.3767,0.6636,0.2869,"['3501083764_cf592292a6.jpg', '3535056297_e16f014cb7.jpg', '3627676364_1dc9294ec5.jpg']","[0.6636, 0.634, 0.5848]"
4361,a man in a small bathing suit standing on a stool at a tourist location,416788726_5b4eb1466e.jpg,10,0.4325,0.4768,0.0443,"['2551344688_17a12a6948.jpg', '3613005134_bb7f304da1.jpg', '319869052_08b000e4af.jpg']","[0.4768, 0.4615, 0.4573]"
4362,a halfnaked performer is performing for a small crowd outside,416788726_5b4eb1466e.jpg,2,0.5615,0.6557,0.0942,"['325005410_e1ff5041b5.jpg', '416788726_5b4eb1466e.jpg', '3179336562_c3d0c0a3bd.jpg']","[0.6557, 0.5615, 0.5052]"
4363,a family of five is watching a performer standing on a stepstool,416788726_5b4eb1466e.jpg,-1,0.3247,0.5895,0.2648,"['2928835996_88b9f9503d.jpg', '3543378438_47e2712486.jpg', '3480052428_c034b98a08.jpg']","[0.5895, 0.5435, 0.5018]"
4364,a group of people watch a man standing on a stool dressed in a thong,416788726_5b4eb1466e.jpg,8,0.4732,0.6861,0.2129,"['3433470650_a8b1c27173.jpg', '3627676364_1dc9294ec5.jpg', '3480052428_c034b98a08.jpg']","[0.6861, 0.5378, 0.5218]"
4367,a dog looks curious at adventures lying ahead in the snow,421808539_57abee6d55.jpg,2,0.6797,0.7191,0.0394,"['341430859_4519802e8f.jpg', '421808539_57abee6d55.jpg', '3257277774_aba333a94c.jpg']","[0.7191, 0.6797, 0.6404]"
4368,a dog walking in the snow,421808539_57abee6d55.jpg,2,0.7636,0.767,0.0034,"['341430859_4519802e8f.jpg', '421808539_57abee6d55.jpg', '1655781989_b15ab4cbff.jpg']","[0.767, 0.7636, 0.6538]"
4369,a yellow puppy walking through the snow,421808539_57abee6d55.jpg,2,0.677,0.7067,0.0297,"['341430859_4519802e8f.jpg', '421808539_57abee6d55.jpg', '3224578187_749882c17f.jpg']","[0.7067, 0.677, 0.5529]"
4370,two dogs stand side by side in the yard,424506167_01f365726b.jpg,-1,0.5579,0.7181,0.1603,"['2427558437_3e839056d7.jpg', '2314722788_6262c3aa40.jpg', '909808296_23c427022d.jpg']","[0.7181, 0.6852, 0.6799]"
4371,a small dog stands next to a larger dog out in a field,424506167_01f365726b.jpg,-1,0.4695,0.7695,0.3,"['2314722788_6262c3aa40.jpg', '2567035103_3511020c8f.jpg', '2427558437_3e839056d7.jpg']","[0.7695, 0.7551, 0.7122]"
4372,two dogs standing in the field,424506167_01f365726b.jpg,-1,0.4488,0.7658,0.317,"['2567035103_3511020c8f.jpg', '2314722788_6262c3aa40.jpg', '3025334206_76888792e5.jpg']","[0.7658, 0.7282, 0.632]"
4373,a large and small dog interact in a grassy field,424506167_01f365726b.jpg,-1,0.3534,0.761,0.4077,"['3025334206_76888792e5.jpg', '2314722788_6262c3aa40.jpg', '2886411666_72d8b12ce4.jpg']","[0.761, 0.7249, 0.7159]"
4374,a small brown jumps in the air as a big brown dog watches,424506167_01f365726b.jpg,4,0.5934,0.6988,0.1054,"['2546959333_23b957988f.jpg', '3544673666_ffc7483c96.jpg', '427936315_0b8f7b8d23.jpg']","[0.6988, 0.614, 0.6089]"
4375,a little girl holding her hand so that it looks the rainbow ends in her hand,424869823_7aec015d87.jpg,-1,0.245,0.5983,0.3534,"['3572346664_e1e6c77f11.jpg', '3470303255_fbb41b8dd0.jpg', '2086678529_b3301c2d71.jpg']","[0.5983, 0.5648, 0.5254]"
4376,a young girl in front of a rainbow,424869823_7aec015d87.jpg,-1,0.34,0.6224,0.2824,"['2704934519_457dc38986.jpg', '3572346664_e1e6c77f11.jpg', '2594459477_8ca0121a9a.jpg']","[0.6224, 0.6091, 0.5957]"
4377,girls posing with rainbow in the sky,424869823_7aec015d87.jpg,-1,0.2626,0.6579,0.3953,"['3404552106_f516df0f5b.jpg', '3433982387_3fa993cf5a.jpg', '3396153660_f729d9f9b9.jpg']","[0.6579, 0.6087, 0.5364]"
4378,the girl is wearing a blue outfit and holding out her hand to a rainbow,424869823_7aec015d87.jpg,-1,0.1373,0.6324,0.495,"['2704934519_457dc38986.jpg', '2522467011_cc825d89ac.jpg', '3174726084_c108de0a64.jpg']","[0.6324, 0.5405, 0.533]"
4379,the young girl bent down to touch the rainbow,424869823_7aec015d87.jpg,-1,0.3655,0.679,0.3135,"['2704934519_457dc38986.jpg', '2086678529_b3301c2d71.jpg', '3052196390_c59dd24ca8.jpg']","[0.679, 0.6141, 0.563]"
4381,a small child in a tree,425088533_a460dc4617.jpg,3,0.7454,0.814,0.0686,"['3698944019_825ef54f2f.jpg', '3682038869_585075b5ff.jpg', '425088533_a460dc4617.jpg']","[0.814, 0.7462, 0.7454]"
4385,a dog is playing by itself on a beach that has recently seen snowfall,426191845_1e979e9345.jpg,5,0.5983,0.7421,0.1438,"['421808539_57abee6d55.jpg', '2115631346_9585a479b0.jpg', '3257277774_aba333a94c.jpg']","[0.7421, 0.6316, 0.6037]"
4386,a dog is running in the dirt and snow,426191845_1e979e9345.jpg,-1,0.539,0.7838,0.2449,"['2115631346_9585a479b0.jpg', '2335619125_2e2034f2c3.jpg', '410422753_de506155fa.jpg']","[0.7838, 0.7705, 0.739]"
4387,a dog running on the sand,426191845_1e979e9345.jpg,-1,0.4805,0.7672,0.2866,"['1799271536_6e69c8f1dc.jpg', '1526325728_74eb4153d8.jpg', '2407470303_6fd5e3600d.jpg']","[0.7672, 0.7652, 0.7599]"
4388,a dog walking along a snow drift,426191845_1e979e9345.jpg,-1,0.4951,0.7464,0.2513,"['421808539_57abee6d55.jpg', '341430859_4519802e8f.jpg', '1655781989_b15ab4cbff.jpg']","[0.7464, 0.707, 0.651]"
4390,the dog is running on grass,426920445_d07d1fd0f7.jpg,-1,0.6746,0.7723,0.0977,"['459814265_d48ba48978.jpg', '2730994020_64ac1d18be.jpg', '1359101233_16c2c150e3.jpg']","[0.7723, 0.769, 0.7293]"
4391,a dog runs on a filed with its mouth open,426920445_d07d1fd0f7.jpg,-1,0.6124,0.7443,0.1319,"['2867699650_e6ddb540de.jpg', '3435035138_af32890a4c.jpg', '2198964806_c57b0534d3.jpg']","[0.7443, 0.7076, 0.6903]"
4392,the brown and white dog is running through the grass,426920445_d07d1fd0f7.jpg,7,0.6993,0.798,0.0987,"['2867699650_e6ddb540de.jpg', '2764732789_1392e962d0.jpg', '2543247940_083f1b7969.jpg']","[0.798, 0.7781, 0.7587]"
4393,a black and white dog runs on soft green grass,426920445_d07d1fd0f7.jpg,3,0.7098,0.7844,0.0747,"['2730994020_64ac1d18be.jpg', '459814265_d48ba48978.jpg', '426920445_d07d1fd0f7.jpg']","[0.7844, 0.7657, 0.7098]"
4394,a dog runs in a field with its tongue sticking out,426920445_d07d1fd0f7.jpg,-1,0.602,0.7825,0.1805,"['459814265_d48ba48978.jpg', '3396817186_b299ee0531.jpg', '2867699650_e6ddb540de.jpg']","[0.7825, 0.6961, 0.6951]"
4396,a dog leaps in the air to catch a red frisbee,427936315_0b8f7b8d23.jpg,3,0.6562,0.739,0.0828,"['2839807428_efe42423f2.jpg', '436013859_793d870b6f.jpg', '427936315_0b8f7b8d23.jpg']","[0.739, 0.6996, 0.6562]"
4397,a dog runs for a red frisbee,427936315_0b8f7b8d23.jpg,2,0.6142,0.6342,0.0201,"['436013859_793d870b6f.jpg', '427936315_0b8f7b8d23.jpg', '3688839836_ba5e4c24fc.jpg']","[0.6342, 0.6142, 0.5804]"
4398,a dog surrounded by trees runs to catch a frisbee,427936315_0b8f7b8d23.jpg,3,0.6301,0.6865,0.0564,"['436013859_793d870b6f.jpg', '2857609295_16aaa85293.jpg', '427936315_0b8f7b8d23.jpg']","[0.6865, 0.6427, 0.6301]"
4400,a black dog outside with a green toy,428796930_476a3d6395.jpg,3,0.6985,0.7896,0.0911,"['1026685415_0431cbf574.jpg', '283428775_a3665bee7c.jpg', '428796930_476a3d6395.jpg']","[0.7896, 0.7452, 0.6985]"
4401,a black dog plays with a green object,428796930_476a3d6395.jpg,3,0.7522,0.7988,0.0466,"['1026685415_0431cbf574.jpg', '283428775_a3665bee7c.jpg', '428796930_476a3d6395.jpg']","[0.7988, 0.7806, 0.7522]"
4402,a black dog playing with a green toy,428796930_476a3d6395.jpg,4,0.658,0.7849,0.1269,"['1026685415_0431cbf574.jpg', '283428775_a3665bee7c.jpg', '3383545083_1d7c95b003.jpg']","[0.7849, 0.7319, 0.7255]"
4403,a black dog is running with a green toy between its paws,428796930_476a3d6395.jpg,2,0.7082,0.7549,0.0467,"['283428775_a3665bee7c.jpg', '428796930_476a3d6395.jpg', '1026685415_0431cbf574.jpg']","[0.7549, 0.7082, 0.6932]"
4404,a black dog is playing with a green toy in yellow grass,428796930_476a3d6395.jpg,5,0.6445,0.7722,0.1277,"['1026685415_0431cbf574.jpg', '283428775_a3665bee7c.jpg', '3383545083_1d7c95b003.jpg']","[0.7722, 0.7267, 0.661]"
4405,a golden haired dog with wet hair is licking its nose while moving through shallow water,431410325_f4916b5460.jpg,2,0.7744,0.8176,0.0432,"['1131800850_89c7ffd477.jpg', '431410325_f4916b5460.jpg', '2613209320_edf6a2b7e9.jpg']","[0.8176, 0.7744, 0.756]"
4407,a long haired dog walks out of the water and licks his nose,431410325_f4916b5460.jpg,2,0.7121,0.7506,0.0385,"['2613209320_edf6a2b7e9.jpg', '431410325_f4916b5460.jpg', '1131800850_89c7ffd477.jpg']","[0.7506, 0.7121, 0.6685]"
4408,a wet brown dog is leaving the water,431410325_f4916b5460.jpg,2,0.7864,0.8109,0.0245,"['2613209320_edf6a2b7e9.jpg', '431410325_f4916b5460.jpg', '443430496_3fea95a07d.jpg']","[0.8109, 0.7864, 0.7449]"
4410,man standing on the street holding a sign,432167214_c17fcc1a2d.jpg,3,0.6515,0.8146,0.1631,"['2815256108_fc1302117d.jpg', '2222559267_6fd31e3941.jpg', '432167214_c17fcc1a2d.jpg']","[0.8146, 0.736, 0.6515]"
4411,a man is holding a religious poster,432167214_c17fcc1a2d.jpg,-1,0.4384,0.6438,0.2053,"['3451344589_6787bd06ef.jpg', '3392019836_c7aeebca1c.jpg', '2815256108_fc1302117d.jpg']","[0.6438, 0.5522, 0.5136]"
4412,a man wearing a hat holding a sign with writing on it,432167214_c17fcc1a2d.jpg,3,0.592,0.8177,0.2257,"['2815256108_fc1302117d.jpg', '2924884899_f512c84332.jpg', '432167214_c17fcc1a2d.jpg']","[0.8177, 0.6043, 0.592]"
4413,a man in a blue and yellow jacket holding a religious sign stands in a street with people behind him on the sidewalk,432167214_c17fcc1a2d.jpg,5,0.6222,0.711,0.0888,"['445861800_75fc6a8c16.jpg', '2815256108_fc1302117d.jpg', '2222559267_6fd31e3941.jpg']","[0.711, 0.7059, 0.6555]"
4414,a dark colored man is holding a protest banner in a busy city street with people staring from behind,432167214_c17fcc1a2d.jpg,-1,0.5558,0.6824,0.1266,"['3225037367_a71fa86319.jpg', '2497074804_b4f3e7fd90.jpg', '2267819545_446c5a3e18.jpg']","[0.6824, 0.673, 0.6673]"
4415,a dog jumps a man s leg to take a frisbee from his hand,433855742_c2a6fda763.jpg,4,0.5967,0.8625,0.2658,"['2839807428_efe42423f2.jpg', '2960033435_c20cc7399a.jpg', '3608400551_d6f7965308.jpg']","[0.8625, 0.6334, 0.6244]"
4416,a dog jumps for the frisbee the girl is holding,433855742_c2a6fda763.jpg,-1,0.4402,0.7423,0.3021,"['2839807428_efe42423f2.jpg', '2960033435_c20cc7399a.jpg', '3672940355_47f30e2b28.jpg']","[0.7423, 0.6755, 0.5926]"
4417,a person in a black coat playing frisbee with a dog near a wooded area,433855742_c2a6fda763.jpg,3,0.6348,0.691,0.0561,"['2960033435_c20cc7399a.jpg', '2839807428_efe42423f2.jpg', '433855742_c2a6fda763.jpg']","[0.691, 0.6851, 0.6348]"
4418,a woman and a dog play with a disk in a field,433855742_c2a6fda763.jpg,6,0.5354,0.5821,0.0467,"['2960033435_c20cc7399a.jpg', '2518219912_f47214aa16.jpg', '2839807428_efe42423f2.jpg']","[0.5821, 0.573, 0.5673]"
4419,the dog owner attempts to retrieve the frisbee from her pet,433855742_c2a6fda763.jpg,3,0.5753,0.6661,0.0908,"['2960033435_c20cc7399a.jpg', '2839807428_efe42423f2.jpg', '433855742_c2a6fda763.jpg']","[0.6661, 0.6518, 0.5753]"
4420,two dogs run in a field of brown grass,435739506_2daf7f4887.jpg,-1,0.4432,0.7729,0.3297,"['2567035103_3511020c8f.jpg', '2314722788_6262c3aa40.jpg', '3518675890_2f65e23ff9.jpg']","[0.7729, 0.7068, 0.6758]"
4421,two dogs are running towards some long grass in the scrubland,435739506_2daf7f4887.jpg,-1,0.4623,0.6941,0.2318,"['2567035103_3511020c8f.jpg', '439492931_a96d590e40.jpg', '3430526230_234b3550f6.jpg']","[0.6941, 0.6333, 0.5849]"
4422,black dog running through a grassy area,435739506_2daf7f4887.jpg,-1,0.4429,0.8366,0.3937,"['689776124_07f560a920.jpg', '3029715635_43ab414dfb.jpg', '1514957266_a19827c538.jpg']","[0.8366, 0.7081, 0.7007]"
4423,black dog in a snowy field,435739506_2daf7f4887.jpg,-1,0.3559,0.8008,0.4449,"['2335619125_2e2034f2c3.jpg', '410422753_de506155fa.jpg', '2378127945_8dc9da82d7.jpg']","[0.8008, 0.7188, 0.7022]"
4424,a dog approachs a small creature in a barren snowy field,435739506_2daf7f4887.jpg,-1,0.308,0.7372,0.4292,"['421808539_57abee6d55.jpg', '426191845_1e979e9345.jpg', '336551609_1385ab139e.jpg']","[0.7372, 0.6451, 0.6166]"
4425,a couple walking down the street carrying bags,435827376_4384c3005a.jpg,-1,0.5007,0.7532,0.2525,"['1952896009_cee8147c90.jpg', '3677734351_63d60844cb.jpg', '2798651021_2566f2a47e.jpg']","[0.7532, 0.6865, 0.6744]"
4426,a man and a woman are carrying bags down an empty street,435827376_4384c3005a.jpg,-1,0.5009,0.7319,0.231,"['1952896009_cee8147c90.jpg', '3655964639_21e76383d0.jpg', '255330891_86d65dfdbf.jpg']","[0.7319, 0.7143, 0.665]"
4427,a man and a woman walking down a street carrying luggage,435827376_4384c3005a.jpg,-1,0.4685,0.6736,0.2051,"['1952896009_cee8147c90.jpg', '3125158798_0743dae56e.jpg', '3655964639_21e76383d0.jpg']","[0.6736, 0.6433, 0.6305]"
4428,two people carrying various items walking down a city street,435827376_4384c3005a.jpg,-1,0.5573,0.6581,0.1007,"['1952896009_cee8147c90.jpg', '380527679_574749123d.jpg', '3347500603_13670ee6bf.jpg']","[0.6581, 0.6384, 0.6141]"
4429,two people carry their bags down an unpaved road,435827376_4384c3005a.jpg,9,0.5548,0.6723,0.1175,"['2798651021_2566f2a47e.jpg', '1952896009_cee8147c90.jpg', '3342272425_804316cb3d.jpg']","[0.6723, 0.6527, 0.6462]"
4430,two people talk while sitting on a big rock,436009777_440c7679a1.jpg,10,0.5179,0.6541,0.1362,"['3130064588_6d1d3fa2dd.jpg', '3108378861_d2214d971e.jpg', '561179884_8b6b925ef9.jpg']","[0.6541, 0.6154, 0.6067]"
4431,two people sitting on a rock in a city park,436009777_440c7679a1.jpg,3,0.6139,0.6419,0.028,"['3108378861_d2214d971e.jpg', '561179884_8b6b925ef9.jpg', '436009777_440c7679a1.jpg']","[0.6419, 0.6336, 0.6139]"
4433,a man and a woman sit on a rock beside a street,436009777_440c7679a1.jpg,2,0.6319,0.6707,0.0388,"['3108378861_d2214d971e.jpg', '436009777_440c7679a1.jpg', '2521983429_33218366bd.jpg']","[0.6707, 0.6319, 0.6124]"
4436,a brown dog is trying to catch a flying disk but missed it,436013859_793d870b6f.jpg,3,0.6957,0.7385,0.0427,"['427936315_0b8f7b8d23.jpg', '535529555_583d89b7f2.jpg', '436013859_793d870b6f.jpg']","[0.7385, 0.7264, 0.6957]"
4437,a dog is twisting in the air as it tries to catch a frisbee,436013859_793d870b6f.jpg,2,0.6823,0.7765,0.0943,"['2839807428_efe42423f2.jpg', '436013859_793d870b6f.jpg', '2857609295_16aaa85293.jpg']","[0.7765, 0.6823, 0.6572]"
4439,the brown dog dives backwards to catch the football,436013859_793d870b6f.jpg,-1,0.4636,0.5693,0.1057,"['3544673666_ffc7483c96.jpg', '2949353587_64c54e9589.jpg', '1324816249_86600a6759.jpg']","[0.5693, 0.5586, 0.5503]"
4440,a cluster of four brown dogs play in a field of brown grass,439492931_a96d590e40.jpg,3,0.5778,0.7521,0.1743,"['2818735880_68b3dfe1f5.jpg', '3526018344_450c517a72.jpg', '439492931_a96d590e40.jpg']","[0.7521, 0.6676, 0.5778]"
4441,four dogs are together in the field of dry grass,439492931_a96d590e40.jpg,2,0.6982,0.7904,0.0922,"['2818735880_68b3dfe1f5.jpg', '439492931_a96d590e40.jpg', '3526018344_450c517a72.jpg']","[0.7904, 0.6982, 0.6929]"
4442,four dogs in a grassy area,439492931_a96d590e40.jpg,7,0.6002,0.7911,0.1909,"['2818735880_68b3dfe1f5.jpg', '2216695423_1362cb25f3.jpg', '2855667597_bf6ceaef8e.jpg']","[0.7911, 0.6482, 0.6297]"
4443,four mediumsized dogs wrestle with each other on a grass field,439492931_a96d590e40.jpg,7,0.5604,0.7618,0.2014,"['3526018344_450c517a72.jpg', '2216695423_1362cb25f3.jpg', '2818735880_68b3dfe1f5.jpg']","[0.7618, 0.7173, 0.6837]"
4444,four small dogs play outside,439492931_a96d590e40.jpg,-1,0.5009,0.6449,0.144,"['2165461920_1a4144eb2b.jpg', '3132619510_7dfc947d25.jpg', '2865376471_43c5e6b941.jpg']","[0.6449, 0.6071, 0.5858]"
4445,a clown shares cutout pictures of children,440184957_267f3f3a2b.jpg,-1,0.3539,0.6814,0.3275,"['3197891333_b1b0fd1702.jpg', '1454841725_4b6e6199e2.jpg', '979383193_0a542a059d.jpg']","[0.6814, 0.6245, 0.577]"
4446,a dirty looking clown holding up two paper cut outs of children with blond hair,440184957_267f3f3a2b.jpg,-1,0.4051,0.601,0.1959,"['860928274_744d14f198.jpg', '820169182_f5e78d7d19.jpg', '3197891333_b1b0fd1702.jpg']","[0.601, 0.5795, 0.5231]"
4447,a man wearing a balloon hat and a grassy shirt holds up two large paper dolls,440184957_267f3f3a2b.jpg,8,0.4465,0.6045,0.158,"['2472574160_8ce233f396.jpg', '251958970_fa6b423f23.jpg', '3694219419_a7a83d4886.jpg']","[0.6045, 0.5439, 0.5233]"
4448,a man wearing a balloon hat holds up colored cutout drawings of two men,440184957_267f3f3a2b.jpg,2,0.5938,0.6684,0.0747,"['3640109324_3ce89e4d1a.jpg', '440184957_267f3f3a2b.jpg', '3392019836_c7aeebca1c.jpg']","[0.6684, 0.5938, 0.5634]"
4449,the man wears balloons on his head and holds paper people,440184957_267f3f3a2b.jpg,-1,0.2768,0.6166,0.3398,"['251958970_fa6b423f23.jpg', '3451344589_6787bd06ef.jpg', '416788726_5b4eb1466e.jpg']","[0.6166, 0.5835, 0.5732]"
4451,a golden retreiver swimming in the water,443430496_3fea95a07d.jpg,6,0.6684,0.706,0.0376,"['897621891_efb1e00d1d.jpg', '2574230252_f5a1382dd4.jpg', '1808370027_2088394eb4.jpg']","[0.706, 0.6917, 0.6914]"
4454,a dog with yellow fur swims neck deep in water,443430496_3fea95a07d.jpg,2,0.7636,0.7719,0.0083,"['431410325_f4916b5460.jpg', '443430496_3fea95a07d.jpg', '2613209320_edf6a2b7e9.jpg']","[0.7719, 0.7636, 0.7334]"
4455,a little girl gets her picture taken while on the merrygoround,444057017_f1e0fcaef7.jpg,10,0.4327,0.5776,0.1449,"['1449692616_60507875fb.jpg', '640409060_6af18fdd54.jpg', '3079787482_0757e9d167.jpg']","[0.5776, 0.5581, 0.5009]"
4456,a little girl in pink clothes holding yellow rods,444057017_f1e0fcaef7.jpg,4,0.5701,0.6677,0.0976,"['758921886_55a351dd67.jpg', '2648165716_02e2e74fd6.jpg', '2197275664_fabcf3424b.jpg']","[0.6677, 0.5971, 0.592]"
4460,three men walking on a sidewalk in a city,445861800_75fc6a8c16.jpg,4,0.6188,0.6594,0.0406,"['435827376_4384c3005a.jpg', '2497074804_b4f3e7fd90.jpg', '3353278454_2f3a4d0bbc.jpg']","[0.6594, 0.6507, 0.6408]"
4461,three people are walking down the street with cars and buildings in the background,445861800_75fc6a8c16.jpg,9,0.5882,0.756,0.1678,"['435827376_4384c3005a.jpg', '3072782873_3278f3b3a7.jpg', '2497074804_b4f3e7fd90.jpg']","[0.756, 0.6835, 0.6454]"
4462,three people stand along a main road,445861800_75fc6a8c16.jpg,4,0.6018,0.6263,0.0244,"['3072782873_3278f3b3a7.jpg', '3242007318_01e82171aa.jpg', '2930622766_fa8f84deb1.jpg']","[0.6263, 0.6108, 0.6087]"
4463,three people walking on a sidewalk with 3 light colored cars in the background,445861800_75fc6a8c16.jpg,-1,0.4904,0.7163,0.2259,"['435827376_4384c3005a.jpg', '2877159456_ea4a46b0d2.jpg', '3353278454_2f3a4d0bbc.jpg']","[0.7163, 0.6355, 0.6332]"
4464,three people wearing winter clothes standing on the sidewalk near a street,445861800_75fc6a8c16.jpg,10,0.5592,0.7571,0.1979,"['2760715910_87c7bdeb87.jpg', '3655964639_21e76383d0.jpg', '536537638_f5ee42410b.jpg']","[0.7571, 0.6571, 0.6535]"
4465,three small children are in a cage,452419961_6d42ab7000.jpg,-1,0.3985,0.5344,0.1358,"['3197891333_b1b0fd1702.jpg', '979383193_0a542a059d.jpg', '3439982121_0afc6d5973.jpg']","[0.5344, 0.5315, 0.5219]"
4466,three children in a black dog kennel,452419961_6d42ab7000.jpg,-1,0.3748,0.5718,0.197,"['2211593099_4a4f1c85d2.jpg', '979383193_0a542a059d.jpg', '799431781_65dc312afc.jpg']","[0.5718, 0.5709, 0.5493]"
4467,three well dressed blond children in a cage,452419961_6d42ab7000.jpg,-1,0.4656,0.6427,0.1772,"['3501083764_cf592292a6.jpg', '3197891333_b1b0fd1702.jpg', '979383193_0a542a059d.jpg']","[0.6427, 0.6291, 0.6063]"
4468,the three children are in a cage,452419961_6d42ab7000.jpg,-1,0.3796,0.6064,0.2268,"['799431781_65dc312afc.jpg', '3197891333_b1b0fd1702.jpg', '979383193_0a542a059d.jpg']","[0.6064, 0.5604, 0.5479]"
4469,three children are locked in a cage,452419961_6d42ab7000.jpg,-1,0.3787,0.5814,0.2028,"['3197891333_b1b0fd1702.jpg', '799431781_65dc312afc.jpg', '3631474374_e40764d153.jpg']","[0.5814, 0.5715, 0.569]"
4470,a large brown fluffy dog with a small white and brown dog on a dirt surface,453756106_711c20471a.jpg,6,0.6735,0.8142,0.1408,"['2427558437_3e839056d7.jpg', '1067790824_f3cc97239b.jpg', '351876121_c7c0221928.jpg']","[0.8142, 0.7168, 0.7125]"
4471,a large dog is playing with a small dog in the dirt,453756106_711c20471a.jpg,2,0.714,0.7623,0.0483,"['2427558437_3e839056d7.jpg', '453756106_711c20471a.jpg', '3494345896_dd6b32cfa3.jpg']","[0.7623, 0.714, 0.6958]"
4472,a small dog and a large dog play together,453756106_711c20471a.jpg,-1,0.6132,0.7504,0.1372,"['351876121_c7c0221928.jpg', '2427558437_3e839056d7.jpg', '2419221084_01a14176b4.jpg']","[0.7504, 0.7244, 0.7205]"
4474,two dogs play with each other in the dirt,453756106_711c20471a.jpg,4,0.6918,0.7377,0.0458,"['3494345896_dd6b32cfa3.jpg', '2427558437_3e839056d7.jpg', '2768972186_92787cd523.jpg']","[0.7377, 0.7199, 0.7005]"
4475,woman in dark shirt standing alone in front of a yellow car,454686980_7517fe0c2e.jpg,-1,0.3941,0.7026,0.3084,"['3578068665_87bdacef6a.jpg', '2660480624_45f88b3022.jpg', '2522540026_6ee8ab4c6a.jpg']","[0.7026, 0.675, 0.6148]"
4476,a teenage girl is standing with her arms crossed in a busy street,454686980_7517fe0c2e.jpg,-1,0.4178,0.595,0.1772,"['3286222970_1fa445e38f.jpg', '502884177_25939ac000.jpg', '551664516_78a5131dc4.jpg']","[0.595, 0.5919, 0.5899]"
4477,a person in a red and black shirt has their arms crossed and looks at the camera,454686980_7517fe0c2e.jpg,10,0.531,0.6582,0.1272,"['3640241166_b1ab7a8e7a.jpg', '1449692616_60507875fb.jpg', '503090187_8758ab5680.jpg']","[0.6582, 0.6245, 0.6061]"
4478,a girl who looks upset with her arms crossed,454686980_7517fe0c2e.jpg,-1,0.1503,0.6687,0.5184,"['2086678529_b3301c2d71.jpg', '2609847254_0ec40c1cce.jpg', '758921886_55a351dd67.jpg']","[0.6687, 0.6433, 0.6251]"
4479,an indian woman in a black shirt stands with her arms crossed looking at two other people talking to each other,454686980_7517fe0c2e.jpg,-1,0.3093,0.6899,0.3807,"['954987350_a0c608b467.jpg', '2204550058_2707d92338.jpg', '2695085862_2ed62df354.jpg']","[0.6899, 0.6226, 0.6015]"
4480,a man dressed in blue holds a sign while standing behind a couple of trees and in front of a large concrete wall with red writing on it,454709143_9c513f095c.jpg,-1,0.3946,0.7742,0.3797,"['2815256108_fc1302117d.jpg', '3451344589_6787bd06ef.jpg', '2222559267_6fd31e3941.jpg']","[0.7742, 0.6756, 0.664]"
4481,a man holds up a cardboard sign near a wall with red graffiti,454709143_9c513f095c.jpg,-1,0.0367,0.7274,0.6906,"['3451344589_6787bd06ef.jpg', '2815256108_fc1302117d.jpg', '3701226275_952547ba0f.jpg']","[0.7274, 0.6086, 0.5936]"
4482,a man in a black jacket is standing between two trees holding up a sign,454709143_9c513f095c.jpg,4,0.5689,0.6697,0.1008,"['2815256108_fc1302117d.jpg', '2222559267_6fd31e3941.jpg', '432167214_c17fcc1a2d.jpg']","[0.6697, 0.6571, 0.5711]"
4483,a man stands on the side of the road holding a cardboard sign,454709143_9c513f095c.jpg,-1,0.3438,0.7881,0.4443,"['2815256108_fc1302117d.jpg', '432167214_c17fcc1a2d.jpg', '3451344589_6787bd06ef.jpg']","[0.7881, 0.639, 0.6113]"
4484,a man stands with a cardboard sign on a road,454709143_9c513f095c.jpg,-1,0.3052,0.769,0.4638,"['2815256108_fc1302117d.jpg', '495055747_a75872762a.jpg', '432167214_c17fcc1a2d.jpg']","[0.769, 0.6471, 0.6174]"
4485,distant person with blue backpack hiking in rocky area mountains in background,455611732_d65bf3e976.jpg,5,0.6246,0.7507,0.1262,"['2098174172_e57d86ea03.jpg', '1247181182_35cabd76f3.jpg', '3340575518_137ce2695f.jpg']","[0.7507, 0.6942, 0.6899]"
4486,a person is hiking along rough terrain with fog and mountains in the background,455611732_d65bf3e976.jpg,6,0.6956,0.8466,0.151,"['2098174172_e57d86ea03.jpg', '1428578577_82864facae.jpg', '224273695_0b517bd0eb.jpg']","[0.8466, 0.7102, 0.7019]"
4487,the person is hiking,455611732_d65bf3e976.jpg,-1,0.5453,0.7962,0.2509,"['2098174172_e57d86ea03.jpg', '3340575518_137ce2695f.jpg', '95783195_e1ba3f57ca.jpg']","[0.7962, 0.648, 0.6047]"
4488,a hiker walks on rocky ground at the base of a foggy mountain,455611732_d65bf3e976.jpg,3,0.6901,0.7515,0.0614,"['2098174172_e57d86ea03.jpg', '1247181182_35cabd76f3.jpg', '455611732_d65bf3e976.jpg']","[0.7515, 0.7079, 0.6901]"
4489,a lone hiker walking on dirt with a snowy mountain background,455611732_d65bf3e976.jpg,10,0.5683,0.8253,0.2571,"['2098174172_e57d86ea03.jpg', '3166578139_33500f7e8a.jpg', '224273695_0b517bd0eb.jpg']","[0.8253, 0.63, 0.6187]"
4491,a dog with a wrinkled face bites on a pink toy,458735196_176e7df6b3.jpg,4,0.6705,0.7313,0.0608,"['535529555_583d89b7f2.jpg', '244399048_8332bb3270.jpg', '3228069008_edb2961fc4.jpg']","[0.7313, 0.6914, 0.6795]"
4492,a wrinkled dog playing with a pink chew toy,458735196_176e7df6b3.jpg,3,0.7035,0.755,0.0516,"['244399048_8332bb3270.jpg', '535529555_583d89b7f2.jpg', '458735196_176e7df6b3.jpg']","[0.755, 0.7515, 0.7035]"
4493,the dog is carrying a pink ball in its mouth,458735196_176e7df6b3.jpg,4,0.5289,0.7687,0.2398,"['1026685415_0431cbf574.jpg', '2209496328_2a34fd201d.jpg', '496971341_22782195f0.jpg']","[0.7687, 0.67, 0.599]"
4494,this is a strange sight a dog delivering a cookie,458735196_176e7df6b3.jpg,-1,0.3268,0.5755,0.2488,"['3019857541_3de3e24f54.jpg', '251958970_fa6b423f23.jpg', '3336361161_c06cdd160e.jpg']","[0.5755, 0.5602, 0.5404]"
4500,a big shaggy dog runs in a field of dandylions,459814265_d48ba48978.jpg,2,0.66,0.6803,0.0203,"['2730994020_64ac1d18be.jpg', '459814265_d48ba48978.jpg', '3396817186_b299ee0531.jpg']","[0.6803, 0.66, 0.6595]"
4501,a dog running in a field of daisies,459814265_d48ba48978.jpg,-1,0.5602,0.6196,0.0594,"['2620113705_a8fa89b8f6.jpg', '2886411666_72d8b12ce4.jpg', '2584487952_f70e5aa9bf.jpg']","[0.6196, 0.61, 0.6082]"
4502,a dog sitting in the grass with his tongue out,459814265_d48ba48978.jpg,4,0.5965,0.6912,0.0947,"['1745110280_0cbff5e273.jpg', '3495490064_8db40a83af.jpg', '1659358141_0433c9bf99.jpg']","[0.6912, 0.6371, 0.6351]"
4503,a long haired dog frolics in a meadow of yellow flowers,459814265_d48ba48978.jpg,-1,0.5169,0.6957,0.1788,"['1324816249_86600a6759.jpg', '1969573381_5ecfae4c80.jpg', '1745110280_0cbff5e273.jpg']","[0.6957, 0.6494, 0.637]"
4504,a shaggy dog plays in a field of grass and yellow flowers,459814265_d48ba48978.jpg,9,0.6215,0.7299,0.1084,"['1745110280_0cbff5e273.jpg', '1324816249_86600a6759.jpg', '1969573381_5ecfae4c80.jpg']","[0.7299, 0.6845, 0.6739]"
4505,two dogs chase each other near the water,460478198_83039f2593.jpg,-1,0.2917,0.8308,0.5391,"['2289212650_69de7a20b2.jpg', '3585488964_1467945775.jpg', '481827288_a688be7913.jpg']","[0.8308, 0.7343, 0.7186]"
4506,two dogs playing by the shore,460478198_83039f2593.jpg,-1,0.522,0.8293,0.3073,"['3585488964_1467945775.jpg', '2289212650_69de7a20b2.jpg', '3070031806_3d587c2a66.jpg']","[0.8293, 0.7426, 0.7067]"
4507,two dogs a spaniel and a husky chase each other across the sand by a body of water,460478198_83039f2593.jpg,-1,0.4406,0.8505,0.4099,"['3585488964_1467945775.jpg', '2289212650_69de7a20b2.jpg', '3070031806_3d587c2a66.jpg']","[0.8505, 0.7751, 0.7046]"
4508,a dog chasing another dog by a lake,460478198_83039f2593.jpg,-1,0.3502,0.709,0.3588,"['2244024374_54d7e88c2b.jpg', '1130401779_8c30182e3e.jpg', '2220175999_081aa9cce8.jpg']","[0.709, 0.7088, 0.6752]"
4509,a husky chasing a brown spoted dog at the shore,460478198_83039f2593.jpg,-1,0.3808,0.6639,0.2831,"['3585488964_1467945775.jpg', '3070031806_3d587c2a66.jpg', '1799271536_6e69c8f1dc.jpg']","[0.6639, 0.6361, 0.5903]"
4510,a black and white dog is running up a path towards some potted plants,460935487_75b2da7854.jpg,-1,0.3838,0.6707,0.287,"['3435035138_af32890a4c.jpg', '1403414927_5f80281505.jpg', '689776124_07f560a920.jpg']","[0.6707, 0.6539, 0.5828]"
4511,a dog follows another dog around the corner but looks back,460935487_75b2da7854.jpg,5,0.6495,0.7319,0.0824,"['522486784_978021d537.jpg', '2427558437_3e839056d7.jpg', '909808296_23c427022d.jpg']","[0.7319, 0.7285, 0.673]"
4512,a dog is turns back toward the camera near some potted plants,460935487_75b2da7854.jpg,-1,0.5249,0.6397,0.1147,"['1745110280_0cbff5e273.jpg', '1969573381_5ecfae4c80.jpg', '2490365757_b869282cb3.jpg']","[0.6397, 0.6297, 0.6192]"
4513,a dog turning to look at the camera,460935487_75b2da7854.jpg,-1,0.5197,0.7908,0.2712,"['3383491811_fd9d3a891d.jpg', '2949353587_64c54e9589.jpg', '3228069008_edb2961fc4.jpg']","[0.7908, 0.7466, 0.6913]"
4515,people sit a tables while a man speaks with a microphone,465859490_b077219424.jpg,-1,0.344,0.7402,0.3962,"['3084018061_df66d98325.jpg', '3351667846_ac43118ae5.jpg', '3066338314_2c3fb731d1.jpg']","[0.7402, 0.7285, 0.7222]"
4516,a woman at a table looking down,465859490_b077219424.jpg,-1,0.4406,0.6596,0.2191,"['374124237_51f62b6937.jpg', '2602258549_7401a3cdae.jpg', '3178599352_c57fdebcd2.jpg']","[0.6596, 0.6067, 0.5744]"
4517,a man holds a microphone and speaks as a group of seated people watch and one woman looks down,465859490_b077219424.jpg,-1,0.2529,0.6998,0.4469,"['2602258549_7401a3cdae.jpg', '3631474374_e40764d153.jpg', '3114944484_28b5bb9842.jpg']","[0.6998, 0.6315, 0.5878]"
4518,a group of people are listening to a man with a moustache speak into a microphone,465859490_b077219424.jpg,-1,0.0025,0.6224,0.6198,"['325005410_e1ff5041b5.jpg', '3305767464_d64a336f60.jpg', '3631474374_e40764d153.jpg']","[0.6224, 0.5688, 0.5502]"
4519,a lady with brown hair sitting at a table while someone speaks on a microphone in the background,465859490_b077219424.jpg,-1,0.4267,0.7775,0.3508,"['2602258549_7401a3cdae.jpg', '374124237_51f62b6937.jpg', '3213395965_2a823c6865.jpg']","[0.7775, 0.6497, 0.5979]"
4520,a man climbing a sheer rock wall,466956675_a2fb6bf901.jpg,5,0.7148,0.8299,0.1151,"['415793623_6c1225ae27.jpg', '236095031_5cb17dc54a.jpg', '486917990_72bd4069af.jpg']","[0.8299, 0.8134, 0.7624]"
4521,a person climbing a large mountainside,466956675_a2fb6bf901.jpg,2,0.764,0.7967,0.0327,"['1247181182_35cabd76f3.jpg', '466956675_a2fb6bf901.jpg', '236095031_5cb17dc54a.jpg']","[0.7967, 0.764, 0.756]"
4522,a person climbs up a rock face,466956675_a2fb6bf901.jpg,2,0.791,0.8635,0.0726,"['236095031_5cb17dc54a.jpg', '466956675_a2fb6bf901.jpg', '415793623_6c1225ae27.jpg']","[0.8635, 0.791, 0.7826]"
4523,a rock climber,466956675_a2fb6bf901.jpg,3,0.8306,0.8829,0.0524,"['236095031_5cb17dc54a.jpg', '415793623_6c1225ae27.jpg', '466956675_a2fb6bf901.jpg']","[0.8829, 0.8472, 0.8306]"
4524,a climber ascending a mountain,466956675_a2fb6bf901.jpg,2,0.7256,0.7914,0.0658,"['1247181182_35cabd76f3.jpg', '466956675_a2fb6bf901.jpg', '236095031_5cb17dc54a.jpg']","[0.7914, 0.7256, 0.7154]"
4525,two dogs are sniffing at the ground with their tails in the air,467858872_f3431df682.jpg,-1,0.4973,0.7364,0.2391,"['2427558437_3e839056d7.jpg', '424506167_01f365726b.jpg', '909808296_23c427022d.jpg']","[0.7364, 0.6356, 0.62]"
4526,two dogs are shown with only their tails and backsides as they dig in the dirt,467858872_f3431df682.jpg,5,0.5621,0.6194,0.0573,"['2434006663_207a284cec.jpg', '453756106_711c20471a.jpg', '2427558437_3e839056d7.jpg']","[0.6194, 0.5929, 0.5916]"
4527,two dogs with their heads down a hole and their tails are sticking straight up,467858872_f3431df682.jpg,9,0.513,0.6058,0.0927,"['3494345896_dd6b32cfa3.jpg', '2427558437_3e839056d7.jpg', '2768972186_92787cd523.jpg']","[0.6058, 0.5906, 0.5803]"
4528,two dogs are bending over and looking down into a ditch to investigate,467858872_f3431df682.jpg,-1,0.3757,0.6507,0.275,"['909808296_23c427022d.jpg', '522486784_978021d537.jpg', '2427558437_3e839056d7.jpg']","[0.6507, 0.6081, 0.6026]"
4529,two dogs are digging under a large rock with their bottoms to the camera,467858872_f3431df682.jpg,-1,0.4085,0.6503,0.2418,"['534056823_0752303702.jpg', '3494345896_dd6b32cfa3.jpg', '2768972186_92787cd523.jpg']","[0.6503, 0.573, 0.5631]"
4530,the man and woman sitting on a bench are kissing,468918320_9c275b877f.jpg,7,0.5296,0.6152,0.0857,"['3321516504_5ee97771cb.jpg', '3399944164_ec24123945.jpg', '191003287_2915c11d8e.jpg']","[0.6152, 0.5803, 0.5802]"
4531,the girl and boy are kissing whilst sitting on a wooden bench,468918320_9c275b877f.jpg,4,0.6077,0.7194,0.1117,"['2622517932_57c52c376f.jpg', '3550276904_19de3561c5.jpg', '3321516504_5ee97771cb.jpg']","[0.7194, 0.6436, 0.6419]"
4533,a young man and woman sitting on a bench outside are kissing,468918320_9c275b877f.jpg,2,0.5905,0.6404,0.05,"['191003287_2915c11d8e.jpg', '468918320_9c275b877f.jpg', '3399944164_ec24123945.jpg']","[0.6404, 0.5905, 0.58]"
4534,couple is making out on a park bench in public,468918320_9c275b877f.jpg,3,0.5673,0.62,0.0527,"['3091962081_194f2f3bd4.jpg', '2565350330_c7f305e7f7.jpg', '468918320_9c275b877f.jpg']","[0.62, 0.5763, 0.5673]"
4535,a couple of people sit in chairs in a waiting room lit in sunlight,469617651_278e586e46.jpg,-1,0.4683,0.6839,0.2157,"['3319338707_892ae2a660.jpg', '2602258549_7401a3cdae.jpg', '465859490_b077219424.jpg']","[0.6839, 0.6473, 0.6453]"
4537,people wait in chairs one person has their shoe off,469617651_278e586e46.jpg,-1,0.3275,0.6162,0.2888,"['310213587_778fe8fb5b.jpg', '2525666287_638ab5e784.jpg', '239453674_0df7767208.jpg']","[0.6162, 0.562, 0.522]"
4538,photo of an inside of a place with chairs and people sitting in them,469617651_278e586e46.jpg,3,0.6125,0.6189,0.0065,"['3319338707_892ae2a660.jpg', '2602258549_7401a3cdae.jpg', '469617651_278e586e46.jpg']","[0.6189, 0.613, 0.6125]"
4539,some people are sitting in seats under a white framed glass canopy,469617651_278e586e46.jpg,2,0.6357,0.6419,0.0061,"['3319338707_892ae2a660.jpg', '469617651_278e586e46.jpg', '3480052428_c034b98a08.jpg']","[0.6419, 0.6357, 0.5609]"
4540,a man and a woman standing with a group of spectators,470887791_86d5a08a38.jpg,5,0.5903,0.6569,0.0666,"['2622971954_59f192922d.jpg', '1303727066_23d0f6ed43.jpg', '3627676364_1dc9294ec5.jpg']","[0.6569, 0.6423, 0.6148]"
4542,a man holding flag and a woman behind a railing,470887791_86d5a08a38.jpg,-1,0.3346,0.5652,0.2306,"['530661899_94655d7d0e.jpg', '181777261_84c48b31cb.jpg', '2603792708_18a97bac97.jpg']","[0.5652, 0.4909, 0.4819]"
4543,an elder man in a white shirt and cap waves a flag as a group of people stand behind him,470887791_86d5a08a38.jpg,9,0.5239,0.6124,0.0885,"['3433470650_a8b1c27173.jpg', '181777261_84c48b31cb.jpg', '325005410_e1ff5041b5.jpg']","[0.6124, 0.5665, 0.5515]"
4544,an older man with a red blue and orange flag in a crowd,470887791_86d5a08a38.jpg,-1,0.3761,0.7081,0.3319,"['2267819545_446c5a3e18.jpg', '3433470650_a8b1c27173.jpg', '2924884899_f512c84332.jpg']","[0.7081, 0.6306, 0.5909]"
4545,a white puppy is carrying a black bird in its mouth,472396131_6e97068d93.jpg,-1,0.3216,0.578,0.2564,"['3282634762_2650d0088a.jpg', '358875403_f357f03713.jpg', '3315110972_1090d11728.jpg']","[0.578, 0.5706, 0.555]"
4546,a white dog carries a gray bird in a field,472396131_6e97068d93.jpg,-1,0.3837,0.6658,0.2822,"['3315110972_1090d11728.jpg', '3405113041_4b72c24801.jpg', '3282634762_2650d0088a.jpg']","[0.6658, 0.6597, 0.6264]"
4547,the dog returns with the hunter s bird,472396131_6e97068d93.jpg,-1,0.3444,0.6191,0.2748,"['3301754574_465af5bf6d.jpg', '3282634762_2650d0088a.jpg', '333973142_abcd151002.jpg']","[0.6191, 0.5196, 0.5139]"
4548,a puppy catching a bird,472396131_6e97068d93.jpg,-1,0.2628,0.6165,0.3537,"['3405113041_4b72c24801.jpg', '358875403_f357f03713.jpg', '3282634762_2650d0088a.jpg']","[0.6165, 0.5828, 0.5695]"
4549,a small white dog holds a bird in its mouth as it runs in a field,472396131_6e97068d93.jpg,-1,0.3911,0.7253,0.3342,"['3315110972_1090d11728.jpg', '3282634762_2650d0088a.jpg', '2620113705_a8fa89b8f6.jpg']","[0.7253, 0.6963, 0.6584]"
4550,a black dog in front of a tree jumping towards a red frisbee,472860064_a96a228796.jpg,6,0.5612,0.6799,0.1186,"['3544673666_ffc7483c96.jpg', '2839807428_efe42423f2.jpg', '3257277774_aba333a94c.jpg']","[0.6799, 0.6399, 0.5911]"
4551,a dog jumps through the grass,472860064_a96a228796.jpg,-1,0.4456,0.714,0.2684,"['2673148534_8daf0de833.jpg', '1514957266_a19827c538.jpg', '2543247940_083f1b7969.jpg']","[0.714, 0.7057, 0.7054]"
4552,a grey dog jumps in the air to catch a frisbee in a grassy park,472860064_a96a228796.jpg,-1,0.3879,0.7714,0.3835,"['2839807428_efe42423f2.jpg', '436013859_793d870b6f.jpg', '3544673666_ffc7483c96.jpg']","[0.7714, 0.7304, 0.6535]"
4553,a shaggy dog jumps outside in the grass,472860064_a96a228796.jpg,-1,0.5664,0.7299,0.1635,"['2198964806_c57b0534d3.jpg', '697582336_601462e052.jpg', '1359101233_16c2c150e3.jpg']","[0.7299, 0.6843, 0.6653]"
4554,the black dog is jumping up in the air,472860064_a96a228796.jpg,5,0.5392,0.6889,0.1496,"['2378127945_8dc9da82d7.jpg', '689776124_07f560a920.jpg', '3544673666_ffc7483c96.jpg']","[0.6889, 0.5769, 0.562]"
4555,the teenagers are swimming in an indoor pool together,477254932_56b48d775d.jpg,2,0.6607,0.7203,0.0596,"['989754491_7e53fb4586.jpg', '477254932_56b48d775d.jpg', '701816897_221bbe761a.jpg']","[0.7203, 0.6607, 0.6547]"
4556,many people are in an indoor swimming pool and one girl is in the act of jumping in headfirst,477254932_56b48d775d.jpg,3,0.6693,0.7853,0.1161,"['701816897_221bbe761a.jpg', '3009018821_ba47396e24.jpg', '477254932_56b48d775d.jpg']","[0.7853, 0.6939, 0.6693]"
4557,a girl is diving into an indoor pool,477254932_56b48d775d.jpg,2,0.6923,0.7784,0.0861,"['2461616306_3ee7ac1b4b.jpg', '477254932_56b48d775d.jpg', '1178705300_c224d9a4f1.jpg']","[0.7784, 0.6923, 0.6599]"
4558,a girl flipping into a swimming pool while others swim,477254932_56b48d775d.jpg,7,0.5792,0.7389,0.1597,"['989754491_7e53fb4586.jpg', '3009018821_ba47396e24.jpg', '701816897_221bbe761a.jpg']","[0.7389, 0.6894, 0.6814]"
4559,a girl heads into the pool while others chat at the side,477254932_56b48d775d.jpg,6,0.5414,0.6019,0.0606,"['989754491_7e53fb4586.jpg', '654130822_4aeb1f1273.jpg', '2830869109_c4e403eae6.jpg']","[0.6019, 0.5791, 0.5703]"
4566,two dogs playing in the ocean,481827288_a688be7913.jpg,3,0.7223,0.8168,0.0945,"['3585488964_1467945775.jpg', '2289212650_69de7a20b2.jpg', '481827288_a688be7913.jpg']","[0.8168, 0.7389, 0.7223]"
4567,two identical brown dogs in the water with their noses in the air,481827288_a688be7913.jpg,2,0.7848,0.7978,0.0129,"['2244024374_54d7e88c2b.jpg', '481827288_a688be7913.jpg', '2632381125_de32bdfdf6.jpg']","[0.7978, 0.7848, 0.7008]"
4569,two brown dogs playing in water,481827288_a688be7913.jpg,2,0.8189,0.8198,0.0009,"['2244024374_54d7e88c2b.jpg', '481827288_a688be7913.jpg', '1130401779_8c30182e3e.jpg']","[0.8198, 0.8189, 0.7839]"
4571,a kayaker traverses some churning rapids,482088914_e6ea4501e9.jpg,3,0.7238,0.8594,0.1356,"['146577646_9e64b8c2dc.jpg', '3421131122_2e4bde661e.jpg', '482088914_e6ea4501e9.jpg']","[0.8594, 0.7543, 0.7238]"
4572,a man is kayaking in rough water,482088914_e6ea4501e9.jpg,2,0.7666,0.8579,0.0913,"['146577646_9e64b8c2dc.jpg', '482088914_e6ea4501e9.jpg', '3421131122_2e4bde661e.jpg']","[0.8579, 0.7666, 0.74]"
4573,a man kayaks in wavy water,482088914_e6ea4501e9.jpg,3,0.7386,0.8592,0.1205,"['3421131122_2e4bde661e.jpg', '146577646_9e64b8c2dc.jpg', '482088914_e6ea4501e9.jpg']","[0.8592, 0.8417, 0.7386]"
4574,a person in a blue kayak battles the waves,482088914_e6ea4501e9.jpg,3,0.7584,0.84,0.0817,"['146577646_9e64b8c2dc.jpg', '3421131122_2e4bde661e.jpg', '482088914_e6ea4501e9.jpg']","[0.84, 0.8109, 0.7584]"
4575,someone climbs a rocks,486917990_72bd4069af.jpg,3,0.7564,0.8228,0.0665,"['236095031_5cb17dc54a.jpg', '950273886_88c324e663.jpg', '486917990_72bd4069af.jpg']","[0.8228, 0.7845, 0.7564]"
4576,a rock climber ascends,486917990_72bd4069af.jpg,5,0.7432,0.8655,0.1224,"['236095031_5cb17dc54a.jpg', '466956675_a2fb6bf901.jpg', '415793623_6c1225ae27.jpg']","[0.8655, 0.8593, 0.806]"
4577,a girl is climbing a rock wall,486917990_72bd4069af.jpg,2,0.6502,0.7641,0.1139,"['236095031_5cb17dc54a.jpg', '486917990_72bd4069af.jpg', '758921886_55a351dd67.jpg']","[0.7641, 0.6502, 0.6265]"
4578,a person climbs a steep mountain,486917990_72bd4069af.jpg,-1,0.5537,0.7726,0.2189,"['1247181182_35cabd76f3.jpg', '236095031_5cb17dc54a.jpg', '466956675_a2fb6bf901.jpg']","[0.7726, 0.7221, 0.7097]"
4579,a person wearing a white hat climbs a rock,486917990_72bd4069af.jpg,3,0.6397,0.6794,0.0397,"['415793623_6c1225ae27.jpg', '236095031_5cb17dc54a.jpg', '486917990_72bd4069af.jpg']","[0.6794, 0.648, 0.6397]"
4583,the little girl in the sand is handing a ball to one of the two black dogs,489773343_a8aecf7db3.jpg,2,0.6573,0.6625,0.0052,"['2759211664_d21393b668.jpg', '489773343_a8aecf7db3.jpg', '3518755601_cebf11e515.jpg']","[0.6625, 0.6573, 0.5656]"
4585,two kids are posing on a black atv that is on top of sand,492341908_1ef53be265.jpg,3,0.5501,0.5823,0.0322,"['3711664623_ef87105ea7.jpg', '3518755601_cebf11e515.jpg', '492341908_1ef53be265.jpg']","[0.5823, 0.5656, 0.5501]"
4590,a little boy in a red jacket plays on a jungle gym,493109089_468e105233.jpg,-1,0.4172,0.7451,0.3279,"['2358554995_54ed3baa83.jpg', '964197865_0133acaeb4.jpg', '2362481035_a7600875d0.jpg']","[0.7451, 0.7013, 0.6256]"
4591,a little boy playing on a playground,493109089_468e105233.jpg,-1,0.4353,0.6705,0.2352,"['964197865_0133acaeb4.jpg', '2358554995_54ed3baa83.jpg', '2362481035_a7600875d0.jpg']","[0.6705, 0.6691, 0.6625]"
4592,a small black child plays on an outdoor jungle gym,493109089_468e105233.jpg,-1,0.3814,0.6612,0.2797,"['964197865_0133acaeb4.jpg', '2358554995_54ed3baa83.jpg', '1427391496_ea512cbe7f.jpg']","[0.6612, 0.6419, 0.5897]"
4593,a young boy in a black sweatshirt and red vest plays on a red jungle gym,493109089_468e105233.jpg,-1,0.4814,0.6392,0.1577,"['964197865_0133acaeb4.jpg', '2358554995_54ed3baa83.jpg', '2362481035_a7600875d0.jpg']","[0.6392, 0.5992, 0.5991]"
4594,boy playing on some metal bars,493109089_468e105233.jpg,-1,0.4546,0.6746,0.22,"['2341254813_c53a5ef27a.jpg', '2358554995_54ed3baa83.jpg', '2046222127_a6f300e202.jpg']","[0.6746, 0.6662, 0.6306]"
4595,girl in a thin rowboat leaving the dock of a lake,493542985_c85ad29ebe.jpg,3,0.5709,0.6183,0.0473,"['2456907314_49bc4591c4.jpg', '3701509233_a2275a4e57.jpg', '493542985_c85ad29ebe.jpg']","[0.6183, 0.579, 0.5709]"
4596,a woman sitting in a rowboat,493542985_c85ad29ebe.jpg,6,0.4792,0.5783,0.099,"['469617651_278e586e46.jpg', '2125216241_5b265a2fbc.jpg', '3701509233_a2275a4e57.jpg']","[0.5783, 0.5513, 0.5047]"
4597,a girl sits on a skinny canoe,493542985_c85ad29ebe.jpg,2,0.5674,0.575,0.0075,"['444057017_f1e0fcaef7.jpg', '493542985_c85ad29ebe.jpg', '3317960829_78bbfafbb6.jpg']","[0.575, 0.5674, 0.5502]"
4598,a girl is rowing in a lake,493542985_c85ad29ebe.jpg,6,0.5182,0.6157,0.0975,"['186890601_8a6b0f1769.jpg', '3701509233_a2275a4e57.jpg', '2456907314_49bc4591c4.jpg']","[0.6157, 0.5629, 0.559]"
4599,a woman sits in a rowing scull and looks behind her at a dock,493542985_c85ad29ebe.jpg,5,0.5164,0.5876,0.0712,"['469617651_278e586e46.jpg', '219730733_6a55382dd2.jpg', '2125216241_5b265a2fbc.jpg']","[0.5876, 0.555, 0.5347]"
4600,old lady crosses the street in the city,495055747_a75872762a.jpg,-1,0.5233,0.7487,0.2255,"['256444892_efcb3bd824.jpg', '1225443522_1633e7121f.jpg', '1643915227_9f48068772.jpg']","[0.7487, 0.7031, 0.6805]"
4601,an elderly woman crosses the road in a city,495055747_a75872762a.jpg,10,0.5616,0.7382,0.1765,"['256444892_efcb3bd824.jpg', '1225443522_1633e7121f.jpg', '3072782873_3278f3b3a7.jpg']","[0.7382, 0.6719, 0.6334]"
4602,an elderly woman in a red jacket is walking up a hilly city street,495055747_a75872762a.jpg,4,0.5934,0.729,0.1356,"['256444892_efcb3bd824.jpg', '551664516_78a5131dc4.jpg', '3242007318_01e82171aa.jpg']","[0.729, 0.719, 0.5948]"
4603,an elderly woman in blue and red crosses the street in a crosswalk,495055747_a75872762a.jpg,10,0.5836,0.7223,0.1387,"['256444892_efcb3bd824.jpg', '1952896009_cee8147c90.jpg', '551664516_78a5131dc4.jpg']","[0.7223, 0.6718, 0.6539]"
4604,an elderly woman walking uphill crossing the street,495055747_a75872762a.jpg,-1,0.529,0.7,0.171,"['551664516_78a5131dc4.jpg', '635444010_bd81c89ab7.jpg', '2798651021_2566f2a47e.jpg']","[0.7, 0.6853, 0.6783]"
4609,a black dog is being chase by two brown dogs on the beach,496555371_3e1ee0d97d.jpg,2,0.7908,0.8094,0.0186,"['3070031806_3d587c2a66.jpg', '496555371_3e1ee0d97d.jpg', '3585488964_1467945775.jpg']","[0.8094, 0.7908, 0.6711]"
4610,a black dog and a black dog are fighting over a soccer ball,496971341_22782195f0.jpg,-1,0.4909,0.601,0.11,"['382090166_be2c2c63e1.jpg', '412101267_7257e6d8c0.jpg', '3522749949_fb615cee47.jpg']","[0.601, 0.5978, 0.5871]"
4611,two dogs are gnawing at a blue and yellow ball,496971341_22782195f0.jpg,3,0.5999,0.6918,0.0919,"['3494345896_dd6b32cfa3.jpg', '539750844_02a07ec524.jpg', '496971341_22782195f0.jpg']","[0.6918, 0.6487, 0.5999]"
4612,two dogs play and fight over a blue ball,496971341_22782195f0.jpg,-1,0.4692,0.6998,0.2306,"['3494345896_dd6b32cfa3.jpg', '382090166_be2c2c63e1.jpg', '2902486045_6298eb22ef.jpg']","[0.6998, 0.6708, 0.5913]"
4614,two dogs playing with a blue and green ball,496971341_22782195f0.jpg,2,0.6697,0.6773,0.0076,"['3494345896_dd6b32cfa3.jpg', '496971341_22782195f0.jpg', '539750844_02a07ec524.jpg']","[0.6773, 0.6697, 0.6252]"
4615,closeup of an elderly woman walking across a street with her male companion,502884177_25939ac000.jpg,9,0.5659,0.7984,0.2324,"['256444892_efcb3bd824.jpg', '1225443522_1633e7121f.jpg', '3655964639_21e76383d0.jpg']","[0.7984, 0.696, 0.6641]"
4616,a woman in a red vest stands in a crowd,502884177_25939ac000.jpg,-1,0.3553,0.6678,0.3125,"['3372251830_baa3665928.jpg', '3688839836_ba5e4c24fc.jpg', '1303727066_23d0f6ed43.jpg']","[0.6678, 0.6409, 0.6144]"
4617,a woman in red stands with other people outside,502884177_25939ac000.jpg,-1,0.5014,0.6996,0.1981,"['3565598162_56044bc2f7.jpg', '3372251830_baa3665928.jpg', '3718007650_e5930b4509.jpg']","[0.6996, 0.6381, 0.5955]"
4618,an older woman in a red vest with a group of other people at the street,502884177_25939ac000.jpg,7,0.5377,0.6456,0.1079,"['2602258549_7401a3cdae.jpg', '3114944484_28b5bb9842.jpg', '1303727066_23d0f6ed43.jpg']","[0.6456, 0.6443, 0.6103]"
4619,an old lady walks down the street,502884177_25939ac000.jpg,7,0.6252,0.7817,0.1565,"['256444892_efcb3bd824.jpg', '551664516_78a5131dc4.jpg', '1952896009_cee8147c90.jpg']","[0.7817, 0.78, 0.6986]"
4620,a man gets ready to take a picture,503090187_8758ab5680.jpg,2,0.7446,0.7633,0.0188,"['3640241166_b1ab7a8e7a.jpg', '503090187_8758ab5680.jpg', '1417295167_5299df6db8.jpg']","[0.7633, 0.7446, 0.6692]"
4621,a man is looking at his camera,503090187_8758ab5680.jpg,3,0.732,0.7661,0.0342,"['3640241166_b1ab7a8e7a.jpg', '1417295167_5299df6db8.jpg', '503090187_8758ab5680.jpg']","[0.7661, 0.7618, 0.732]"
4622,a man looking at a picture in his camera,503090187_8758ab5680.jpg,3,0.723,0.7696,0.0466,"['1417295167_5299df6db8.jpg', '3640241166_b1ab7a8e7a.jpg', '503090187_8758ab5680.jpg']","[0.7696, 0.7471, 0.723]"
4623,a man with a digital camera looking at the screen,503090187_8758ab5680.jpg,5,0.6278,0.8037,0.1758,"['1298866571_b4c496b71c.jpg', '1417295167_5299df6db8.jpg', '3066338314_2c3fb731d1.jpg']","[0.8037, 0.7855, 0.6344]"
4624,a photographer prepares for a shot,503090187_8758ab5680.jpg,2,0.7881,0.8395,0.0513,"['3640241166_b1ab7a8e7a.jpg', '503090187_8758ab5680.jpg', '2490365757_b869282cb3.jpg']","[0.8395, 0.7881, 0.7377]"
4625,people standing in water spouts in the city on a sunny day,506882688_b37d549593.jpg,2,0.7105,0.7678,0.0573,"['3229821595_77ace81c6b.jpg', '506882688_b37d549593.jpg', '3707283973_5cdaa39340.jpg']","[0.7678, 0.7105, 0.6653]"
4627,people are playing in water fountains,506882688_b37d549593.jpg,5,0.6832,0.7517,0.0685,"['1095476286_87d4f8664e.jpg', '2852982055_8112d0964f.jpg', '571507143_be346225b7.jpg']","[0.7517, 0.7309, 0.7073]"
4628,kids are standing in the sprinklers getting soaked with water,506882688_b37d549593.jpg,-1,0.5278,0.7283,0.2005,"['2852982055_8112d0964f.jpg', '673806038_0a3682a83f.jpg', '3052196390_c59dd24ca8.jpg']","[0.7283, 0.6814, 0.6745]"
4630,a girl is by a tree hanging upsidedown from a swing,510510783_b2cf5d57bb.jpg,6,0.6292,0.7898,0.1606,"['2884252132_5d8e776893.jpg', '2888732432_7e907a3df1.jpg', '3682038869_585075b5ff.jpg']","[0.7898, 0.7269, 0.7158]"
4631,a little girl is hanging upside down from a swing attached to a tree,510510783_b2cf5d57bb.jpg,5,0.6952,0.8201,0.125,"['2884252132_5d8e776893.jpg', '3682038869_585075b5ff.jpg', '3656225270_cdf89e3240.jpg']","[0.8201, 0.7496, 0.7107]"
4632,a little girl with brown hair jeans and a white polka dot shirt hangs upside down on a swing in her backyard,510510783_b2cf5d57bb.jpg,5,0.6514,0.7948,0.1434,"['2884252132_5d8e776893.jpg', '3682038869_585075b5ff.jpg', '3656225270_cdf89e3240.jpg']","[0.7948, 0.6958, 0.6835]"
4633,a young child in a polka dot shirt hangs upside down on a tree swing,510510783_b2cf5d57bb.jpg,7,0.6385,0.7767,0.1382,"['2884252132_5d8e776893.jpg', '3682038869_585075b5ff.jpg', '3656225270_cdf89e3240.jpg']","[0.7767, 0.7139, 0.6683]"
4634,child hanging upside down from a tree swing,510510783_b2cf5d57bb.jpg,7,0.6391,0.7745,0.1354,"['2884252132_5d8e776893.jpg', '2888732432_7e907a3df1.jpg', '3682038869_585075b5ff.jpg']","[0.7745, 0.7674, 0.7319]"
4635,white dog with a muzzle running in the grass,512101751_05a6d93e19.jpg,3,0.7581,0.8326,0.0746,"['2867699650_e6ddb540de.jpg', '2543247940_083f1b7969.jpg', '512101751_05a6d93e19.jpg']","[0.8326, 0.7796, 0.7581]"
4636,a white dog with a muzzle trots on grass in front of trees,512101751_05a6d93e19.jpg,5,0.6791,0.7637,0.0847,"['416106657_cab2a107a5.jpg', '2867699650_e6ddb540de.jpg', '2543247940_083f1b7969.jpg']","[0.7637, 0.7623, 0.7332]"
4637,a white dog with a muzzle is running through an uncut field with a fence nearby,512101751_05a6d93e19.jpg,3,0.6724,0.7345,0.062,"['2867699650_e6ddb540de.jpg', '3488087117_2719647989.jpg', '512101751_05a6d93e19.jpg']","[0.7345, 0.6782, 0.6724]"
4638,a white dog with a muzzle is running on the grass,512101751_05a6d93e19.jpg,4,0.7321,0.8258,0.0937,"['2867699650_e6ddb540de.jpg', '2543247940_083f1b7969.jpg', '416106657_cab2a107a5.jpg']","[0.8258, 0.7789, 0.7496]"
4639,a muzzled white dog is running on the grass,512101751_05a6d93e19.jpg,4,0.7289,0.8026,0.0737,"['2867699650_e6ddb540de.jpg', '2543247940_083f1b7969.jpg', '416106657_cab2a107a5.jpg']","[0.8026, 0.7918, 0.7631]"
4641,a little girl in pink is skiing,514222285_aa0c8d05b7.jpg,2,0.6227,0.6317,0.0091,"['2197275664_fabcf3424b.jpg', '514222285_aa0c8d05b7.jpg', '640409060_6af18fdd54.jpg']","[0.6317, 0.6227, 0.6088]"
4647,a girl in a yellow sun hat is hanging on ropes,514222303_cb98584536.jpg,2,0.6251,0.6414,0.0163,"['3656225270_cdf89e3240.jpg', '514222303_cb98584536.jpg', '444057017_f1e0fcaef7.jpg']","[0.6414, 0.6251, 0.5772]"
4648,a girl in a hat hangs from ropes in the woods,514222303_cb98584536.jpg,7,0.6105,0.7317,0.1212,"['2527163162_d0fb802992.jpg', '3682038869_585075b5ff.jpg', '510510783_b2cf5d57bb.jpg']","[0.7317, 0.6938, 0.6646]"
4649,a little girl in a hat and red pants balances on tightropes,514222303_cb98584536.jpg,-1,0.4977,0.6451,0.1473,"['2197275664_fabcf3424b.jpg', '3454988449_1de1ef4f20.jpg', '2522467011_cc825d89ac.jpg']","[0.6451, 0.5987, 0.5882]"
4652,a dog has an orange ball in its mouth,516214924_c2a4364cb3.jpg,6,0.5998,0.6646,0.0648,"['1026685415_0431cbf574.jpg', '2616561200_ea079f285a.jpg', '539750844_02a07ec524.jpg']","[0.6646, 0.6453, 0.6437]"
4653,a dog playing with a ball,516214924_c2a4364cb3.jpg,-1,0.4927,0.7518,0.2591,"['539750844_02a07ec524.jpg', '2616561200_ea079f285a.jpg', '3383545083_1d7c95b003.jpg']","[0.7518, 0.6467, 0.6386]"
4654,the brown dog has an orange ball in its mouth,516214924_c2a4364cb3.jpg,3,0.6346,0.6701,0.0355,"['724702877_f2a938766b.jpg', '3496028495_431cfdc042.jpg', '516214924_c2a4364cb3.jpg']","[0.6701, 0.6361, 0.6346]"
4655,a young man wearing a black shirt looks down,518789868_8895ef8792.jpg,3,0.5898,0.6328,0.043,"['2925737498_57585a7ed9.jpg', '2856700531_312528eea4.jpg', '518789868_8895ef8792.jpg']","[0.6328, 0.6169, 0.5898]"
4656,a young boy in an empty hall with two others in the background,518789868_8895ef8792.jpg,-1,0.4136,0.7566,0.343,"['2212472643_80238475b5.jpg', '2676648667_cb055b4fc6.jpg', '3318995586_c2bc50b92e.jpg']","[0.7566, 0.63, 0.5584]"
4657,a boy in a black shirt is inside a structure with wooden ceiling beams,518789868_8895ef8792.jpg,-1,0.4812,0.6961,0.2148,"['350443876_c9769f5734.jpg', '2341254813_c53a5ef27a.jpg', '540604040_bec822c144.jpg']","[0.6961, 0.6731, 0.6389]"
4658,a boy is playing in a dark theater near the stage,518789868_8895ef8792.jpg,-1,0.3803,0.7152,0.3348,"['350443876_c9769f5734.jpg', '2212472643_80238475b5.jpg', '3392019836_c7aeebca1c.jpg']","[0.7152, 0.5718, 0.5629]"
4660,a little boy and girl are jumping on a trampoline in front of a yellow building,520491467_54cbc0a866.jpg,10,0.5544,0.663,0.1086,"['3472066410_065b4f99d3.jpg', '3431101934_99a6c55914.jpg', '2335428699_4eba9b6245.jpg']","[0.663, 0.636, 0.6062]"
4661,two children a boy and a girl in the air above a trampoline,520491467_54cbc0a866.jpg,3,0.6405,0.7194,0.0788,"['210126070_0d43b300b9.jpg', '1309330801_aeeb23f1ee.jpg', '520491467_54cbc0a866.jpg']","[0.7194, 0.6496, 0.6405]"
4662,two children jumping on a trampoline,520491467_54cbc0a866.jpg,2,0.6423,0.6771,0.0348,"['210126070_0d43b300b9.jpg', '520491467_54cbc0a866.jpg', '2335428699_4eba9b6245.jpg']","[0.6771, 0.6423, 0.6055]"
4663,two children jump on a trampoline,520491467_54cbc0a866.jpg,2,0.6228,0.6554,0.0326,"['210126070_0d43b300b9.jpg', '520491467_54cbc0a866.jpg', '2538477523_1da77eb11c.jpg']","[0.6554, 0.6228, 0.6081]"
4664,two young children bounce on a short trampoline,520491467_54cbc0a866.jpg,2,0.6468,0.6717,0.0249,"['2538477523_1da77eb11c.jpg', '520491467_54cbc0a866.jpg', '210126070_0d43b300b9.jpg']","[0.6717, 0.6468, 0.6411]"
4665,two dogs are playing together outside,522486784_978021d537.jpg,2,0.7518,0.7995,0.0478,"['684375286_09cc1aa778.jpg', '522486784_978021d537.jpg', '2419221084_01a14176b4.jpg']","[0.7995, 0.7518, 0.7405]"
4666,two dogs face to face on a dirt road,522486784_978021d537.jpg,9,0.5366,0.7246,0.1881,"['2427558437_3e839056d7.jpg', '1067790824_f3cc97239b.jpg', '2768972186_92787cd523.jpg']","[0.7246, 0.6363, 0.6052]"
4667,one brown and one mostly black dog are either playing or fighting,522486784_978021d537.jpg,8,0.5855,0.7584,0.1729,"['424506167_01f365726b.jpg', '2347921097_f2e35753c0.jpg', '382090166_be2c2c63e1.jpg']","[0.7584, 0.6924, 0.6424]"
4668,a black dog and a brown dog close together,522486784_978021d537.jpg,4,0.5958,0.7734,0.1776,"['2347921097_f2e35753c0.jpg', '288508162_1727873924.jpg', '684375286_09cc1aa778.jpg']","[0.7734, 0.6342, 0.6143]"
4669,a brown dog and a black dog on a dirt path,522486784_978021d537.jpg,4,0.6229,0.7242,0.1013,"['566921157_07c18a41e2.jpg', '2434006663_207a284cec.jpg', '2427558437_3e839056d7.jpg']","[0.7242, 0.6817, 0.6678]"
4670,a girl performs skateboarding tricks in an arena for skateboarders while wearing a helmet,523692399_d2e261a302.jpg,5,0.5034,0.5818,0.0783,"['3038941104_17ee91fc03.jpg', '654130822_4aeb1f1273.jpg', '2974501005_346f74e5d8.jpg']","[0.5818, 0.5803, 0.5719]"
4671,a man wears a black helmet and is on a black skateboard,523692399_d2e261a302.jpg,3,0.6085,0.6324,0.0239,"['3038941104_17ee91fc03.jpg', '3576741633_671340544c.jpg', '523692399_d2e261a302.jpg']","[0.6324, 0.6108, 0.6085]"
4672,a shirtless skateboarder,523692399_d2e261a302.jpg,8,0.5599,0.708,0.1481,"['2922512807_d382528a93.jpg', '2700147489_f1664f2b61.jpg', '3244734844_c318c29c23.jpg']","[0.708, 0.7002, 0.6405]"
4673,a skateboarder wearing a grey helmet is riding his board along a concrete curve,523692399_d2e261a302.jpg,5,0.6345,0.7758,0.1413,"['232193739_ed5f348c7a.jpg', '3576741633_671340544c.jpg', '3527926597_45af299eee.jpg']","[0.7758, 0.742, 0.6713]"
4674,a view from the top of a skateboarder at the top of a ramp,523692399_d2e261a302.jpg,7,0.5684,0.708,0.1396,"['2332540384_4cf26406a9.jpg', '2876494009_9f96d7eaf2.jpg', '3576741633_671340544c.jpg']","[0.708, 0.7046, 0.6985]"
4675,the dog is on a leash and is walking out of the water,527968666_1fcddf81ab.jpg,2,0.6983,0.7501,0.0518,"['2613209320_edf6a2b7e9.jpg', '527968666_1fcddf81ab.jpg', '431410325_f4916b5460.jpg']","[0.7501, 0.6983, 0.6915]"
4676,a wet black dog emerges from the water,527968666_1fcddf81ab.jpg,5,0.7739,0.8342,0.0602,"['2565685680_c30972455d.jpg', '1470132731_fa416b7504.jpg', '2756636539_cc1eacbf4a.jpg']","[0.8342, 0.8259, 0.8026]"
4680,a couple walking on a dirt road,530661899_94655d7d0e.jpg,10,0.4799,0.6341,0.1541,"['2798651021_2566f2a47e.jpg', '2344412916_9a5a9b1c82.jpg', '3342272425_804316cb3d.jpg']","[0.6341, 0.6248, 0.6095]"
4690,a group of older people are sitting outside under their marinelifethemed umbrella,533713001_2d36e93509.jpg,7,0.5077,0.6116,0.1039,"['181777261_84c48b31cb.jpg', '3328535573_33c3cd5b59.jpg', '469617651_278e586e46.jpg']","[0.6116, 0.5963, 0.5924]"
4691,a group of people are sitting around a table under a blue sunshade,533713001_2d36e93509.jpg,2,0.6244,0.7013,0.0768,"['3319338707_892ae2a660.jpg', '533713001_2d36e93509.jpg', '3328535573_33c3cd5b59.jpg']","[0.7013, 0.6244, 0.5733]"
4692,a group of people sit on an outdoor patio with lots of potted plants,533713001_2d36e93509.jpg,2,0.633,0.6636,0.0305,"['436009777_440c7679a1.jpg', '533713001_2d36e93509.jpg', '3319338707_892ae2a660.jpg']","[0.6636, 0.633, 0.5974]"
4693,a group of people sitting in chairs in a circle having a conversation,533713001_2d36e93509.jpg,-1,0.3158,0.7349,0.4191,"['3319338707_892ae2a660.jpg', '2602258549_7401a3cdae.jpg', '3631474374_e40764d153.jpg']","[0.7349, 0.7265, 0.6537]"
4694,several people are sitting around a table on a patio,533713001_2d36e93509.jpg,2,0.672,0.6902,0.0182,"['3319338707_892ae2a660.jpg', '533713001_2d36e93509.jpg', '465859490_b077219424.jpg']","[0.6902, 0.672, 0.6492]"
4695,a girl posing next to a big statue with a big nose,534056823_0752303702.jpg,-1,0.4127,0.6362,0.2235,"['3627011534_485f667b10.jpg', '1527297882_dededc7891.jpg', '758921886_55a351dd67.jpg']","[0.6362, 0.615, 0.5934]"
4696,a woman having her picture taken in front of a large carving,534056823_0752303702.jpg,-1,0.1597,0.6279,0.4682,"['1449692616_60507875fb.jpg', '2490365757_b869282cb3.jpg', '3640241166_b1ab7a8e7a.jpg']","[0.6279, 0.5585, 0.5173]"
4697,a woman poses for pictures with a statue of a troll,534056823_0752303702.jpg,-1,0.3488,0.5696,0.2208,"['3451344589_6787bd06ef.jpg', '3345025842_bc2082a509.jpg', '1527297882_dededc7891.jpg']","[0.5696, 0.5038, 0.4888]"
4698,a woman poses in front of a statue while a man and another woman photograph her,534056823_0752303702.jpg,-1,0.3458,0.5739,0.2281,"['3400385314_a5bc062e97.jpg', '3396153660_f729d9f9b9.jpg', '3231880001_193a579b97.jpg']","[0.5739, 0.5698, 0.54]"
4699,woman in black shirt posing for pictures in front of statue,534056823_0752303702.jpg,-1,0.2692,0.6057,0.3365,"['3451344589_6787bd06ef.jpg', '862187579_9faf4a51e0.jpg', '3437315443_ba2263f92e.jpg']","[0.6057, 0.5905, 0.4815]"
4700,two dogs play with a frisbee on the lawn,535529555_583d89b7f2.jpg,9,0.5048,0.5856,0.0808,"['684375286_09cc1aa778.jpg', '427936315_0b8f7b8d23.jpg', '2839807428_efe42423f2.jpg']","[0.5856, 0.5792, 0.5602]"
4701,two dogs outside fighting over a red frisbee,535529555_583d89b7f2.jpg,-1,0.443,0.6443,0.2012,"['684375286_09cc1aa778.jpg', '78984436_ad96eaa802.jpg', '424506167_01f365726b.jpg']","[0.6443, 0.6398, 0.6086]"
4702,two dogs try to get the chewedup red frisbee from the other,535529555_583d89b7f2.jpg,4,0.544,0.5861,0.0421,"['2337809114_899ba61330.jpg', '427936315_0b8f7b8d23.jpg', '684375286_09cc1aa778.jpg']","[0.5861, 0.5545, 0.5494]"
4703,two brown and white dogs fighting over a frisbee,535529555_583d89b7f2.jpg,-1,0.4532,0.66,0.2068,"['2981372647_2061278c60.jpg', '424506167_01f365726b.jpg', '3494345896_dd6b32cfa3.jpg']","[0.66, 0.6, 0.5696]"
4704,two dogs fighting over a frisbee,535529555_583d89b7f2.jpg,-1,0.4399,0.6113,0.1715,"['684375286_09cc1aa778.jpg', '2981372647_2061278c60.jpg', '2337809114_899ba61330.jpg']","[0.6113, 0.5754, 0.5611]"
4705,a group of people wait in similar attire,536537638_f5ee42410b.jpg,4,0.6059,0.6449,0.039,"['3433470650_a8b1c27173.jpg', '2928835996_88b9f9503d.jpg', '3627676364_1dc9294ec5.jpg']","[0.6449, 0.6251, 0.6219]"
4706,an asian girl wearing a red hat along side several others with red hats as well,536537638_f5ee42410b.jpg,4,0.6361,0.706,0.0699,"['2260369648_e21ae6494a.jpg', '3503623999_bbd5dcfb18.jpg', '3437315443_ba2263f92e.jpg']","[0.706, 0.6454, 0.6421]"
4707,a small group of asian women wearing red head scarves and black shirts are shopping,536537638_f5ee42410b.jpg,2,0.6251,0.637,0.0119,"['3565598162_56044bc2f7.jpg', '536537638_f5ee42410b.jpg', '3134341610_3c55e373a7.jpg']","[0.637, 0.6251, 0.5916]"
4710,the dog barks madly at the bull in the pen,536721406_884ab8fece.jpg,-1,0.4746,0.5886,0.114,"['1084040636_97d9633581.jpg', '2198964806_c57b0534d3.jpg', '467858872_f3431df682.jpg']","[0.5886, 0.5458, 0.5157]"
4711,a small black dog chases a large animal in a fenced area,536721406_884ab8fece.jpg,6,0.594,0.6905,0.0965,"['2176874361_2b4149010b.jpg', '2500567791_101d5ddee3.jpg', '3029715635_43ab414dfb.jpg']","[0.6905, 0.6769, 0.6735]"
4714,a bull runs from an aggressive dog behind him,536721406_884ab8fece.jpg,2,0.667,0.6717,0.0047,"['2176874361_2b4149010b.jpg', '536721406_884ab8fece.jpg', '2629346153_155ba73ae9.jpg']","[0.6717, 0.667, 0.6537]"
4715,two woman wearing skirts walking down the street together,537359971_6e28f5e66e.jpg,4,0.596,0.6377,0.0417,"['3415228562_4efa9c9b70.jpg', '3565598162_56044bc2f7.jpg', '1389264266_8170bc1c54.jpg']","[0.6377, 0.6366, 0.6085]"
4716,two women in skirts walking across a street,537359971_6e28f5e66e.jpg,5,0.5707,0.6457,0.075,"['3565598162_56044bc2f7.jpg', '3415228562_4efa9c9b70.jpg', '3677734351_63d60844cb.jpg']","[0.6457, 0.6287, 0.6143]"
4717,two women ion skirts walk across a parking lot,537359971_6e28f5e66e.jpg,-1,0.4464,0.6161,0.1697,"['1952896009_cee8147c90.jpg', '3661659196_6ed90f96c0.jpg', '1350811702_2ce7cfd0c5.jpg']","[0.6161, 0.6073, 0.5661]"
4718,two women wearing skirts and carrying purses cross street in urban area,537359971_6e28f5e66e.jpg,10,0.5703,0.7296,0.1593,"['1952896009_cee8147c90.jpg', '3565598162_56044bc2f7.jpg', '256444892_efcb3bd824.jpg']","[0.7296, 0.6947, 0.6594]"
4719,two women with purses walk in an urban location,537359971_6e28f5e66e.jpg,-1,0.4986,0.7745,0.2759,"['1952896009_cee8147c90.jpg', '3347500603_13670ee6bf.jpg', '3677734351_63d60844cb.jpg']","[0.7745, 0.6762, 0.6592]"
4720,a grey dog is bouncing a soccer ball on his head in a grass field,539750844_02a07ec524.jpg,-1,0.5074,0.6604,0.153,"['3363836972_c87b58c948.jpg', '3522749949_fb615cee47.jpg', '496971341_22782195f0.jpg']","[0.6604, 0.6499, 0.621]"
4721,a dog with a blue collar plays ball outside,539750844_02a07ec524.jpg,2,0.7398,0.7773,0.0375,"['3383545083_1d7c95b003.jpg', '539750844_02a07ec524.jpg', '2949353587_64c54e9589.jpg']","[0.7773, 0.7398, 0.6974]"
4722,the dog all belly leaps in the air to catch a large ball,539750844_02a07ec524.jpg,2,0.721,0.7237,0.0027,"['3696246123_99d4d10140.jpg', '539750844_02a07ec524.jpg', '3544673666_ffc7483c96.jpg']","[0.7237, 0.721, 0.712]"
4723,a dog plays with a soccer ball,539750844_02a07ec524.jpg,10,0.544,0.6745,0.1305,"['3522749949_fb615cee47.jpg', '496971341_22782195f0.jpg', '3363836972_c87b58c948.jpg']","[0.6745, 0.6694, 0.6536]"
4725,a girl sliding down a pole,540604040_bec822c144.jpg,-1,0.3233,0.6233,0.3,"['444057017_f1e0fcaef7.jpg', '640409060_6af18fdd54.jpg', '2597737483_6518a230e4.jpg']","[0.6233, 0.6141, 0.5887]"
4726,a small child with a ponytail dressed in jean shorts and a pink and brown shirt climbs on a pole near wooden playground equipment,540604040_bec822c144.jpg,-1,0.4415,0.6873,0.2458,"['2358554995_54ed3baa83.jpg', '1007320043_627395c3d8.jpg', '2362481035_a7600875d0.jpg']","[0.6873, 0.6358, 0.6205]"
4727,a young asian girl is sliding down a pole on outdoor playground equipment,540604040_bec822c144.jpg,-1,0.3886,0.7236,0.335,"['444057017_f1e0fcaef7.jpg', '2597737483_6518a230e4.jpg', '640409060_6af18fdd54.jpg']","[0.7236, 0.6592, 0.6314]"
4728,a young girl slides down a bar in a play structure,540604040_bec822c144.jpg,-1,0.4848,0.7195,0.2347,"['640409060_6af18fdd54.jpg', '2358554995_54ed3baa83.jpg', '2597737483_6518a230e4.jpg']","[0.7195, 0.637, 0.5928]"
4729,a young girl sliding down a black pole,540604040_bec822c144.jpg,-1,0.3732,0.5963,0.2232,"['444057017_f1e0fcaef7.jpg', '1424237335_b3be9920ba.jpg', '640409060_6af18fdd54.jpg']","[0.5963, 0.5633, 0.5581]"
4730,smiling boy in tube extending had toward camera,542317719_ed4dd95dc2.jpg,3,0.5153,0.5305,0.0151,"['3640241166_b1ab7a8e7a.jpg', '1539166395_0cdc0accee.jpg', '542317719_ed4dd95dc2.jpg']","[0.5305, 0.5251, 0.5153]"
4734,a smiling child slides down a slippery tube slide,542317719_ed4dd95dc2.jpg,2,0.7688,0.8087,0.0399,"['2988244398_5da7012fce.jpg', '542317719_ed4dd95dc2.jpg', '2542037086_58c833699c.jpg']","[0.8087, 0.7688, 0.7433]"
4736,a small boy is holding some weights,543264612_c53cc163b4.jpg,-1,0.5208,0.6797,0.159,"['2046222127_a6f300e202.jpg', '2341254813_c53a5ef27a.jpg', '2271468944_3264d29208.jpg']","[0.6797, 0.592, 0.586]"
4738,boy in shorts holding a remote,543264612_c53cc163b4.jpg,4,0.578,0.6465,0.0685,"['3405942945_f4af2934a6.jpg', '1539166395_0cdc0accee.jpg', '2212472643_80238475b5.jpg']","[0.6465, 0.6239, 0.6167]"
4741,a strawberry haired guy flashes his blue eyes and big smile at the camera,544257613_d9a1fea3f7.jpg,2,0.5949,0.637,0.0421,"['3412249548_00820fc4ca.jpg', '544257613_d9a1fea3f7.jpg', '3400385314_a5bc062e97.jpg']","[0.637, 0.5949, 0.5092]"
4742,a man making a funny face towards the camera using wide eyes and a large smile,544257613_d9a1fea3f7.jpg,2,0.7082,0.7664,0.0582,"['3412249548_00820fc4ca.jpg', '544257613_d9a1fea3f7.jpg', '2925737498_57585a7ed9.jpg']","[0.7664, 0.7082, 0.6225]"
4744,a man in a green scarf is bearing his teeth,544257613_d9a1fea3f7.jpg,-1,0.4071,0.6328,0.2257,"['3412249548_00820fc4ca.jpg', '2551344688_17a12a6948.jpg', '3030962048_f71948226c.jpg']","[0.6328, 0.5582, 0.5202]"
4747,a woman wearing black and white crossing a road,551664516_78a5131dc4.jpg,2,0.6815,0.7244,0.0429,"['2648310638_d6c576b5e4.jpg', '551664516_78a5131dc4.jpg', '2798651021_2566f2a47e.jpg']","[0.7244, 0.6815, 0.6736]"
4749,woman in black and sunglasses standing in road,551664516_78a5131dc4.jpg,2,0.6338,0.6542,0.0204,"['3213395965_2a823c6865.jpg', '551664516_78a5131dc4.jpg', '3134585858_a8c3493ca5.jpg']","[0.6542, 0.6338, 0.6128]"
4750,grey dog running down pavement toward laundry line in courtyard,557601144_50b8c40393.jpg,-1,0.4602,0.6312,0.171,"['2894850774_2d530040a1.jpg', '3435035138_af32890a4c.jpg', '268365231_a0acecdc45.jpg']","[0.6312, 0.607, 0.602]"
4751,a white dog running in the backyard,557601144_50b8c40393.jpg,-1,0.5845,0.8013,0.2169,"['2867699650_e6ddb540de.jpg', '3488087117_2719647989.jpg', '2543247940_083f1b7969.jpg']","[0.8013, 0.7751, 0.7317]"
4753,a dog is chasing a ball in a backyard,557601144_50b8c40393.jpg,-1,0.539,0.7381,0.1992,"['2616561200_ea079f285a.jpg', '2404692474_37da774368.jpg', '3544673666_ffc7483c96.jpg']","[0.7381, 0.7291, 0.6924]"
4754,a dog runs for a tennis ball in a backyard with a tile courtyard,557601144_50b8c40393.jpg,2,0.54,0.7484,0.2084,"['2616561200_ea079f285a.jpg', '557601144_50b8c40393.jpg', '3485599424_94de8ede51.jpg']","[0.7484, 0.54, 0.5307]"
4755,a man dressed in green with a blue backpack takes photos while sitting on a rocky surface,561179884_8b6b925ef9.jpg,-1,0.3999,0.5861,0.1862,"['503090187_8758ab5680.jpg', '697778778_b52090709d.jpg', '3640241166_b1ab7a8e7a.jpg']","[0.5861, 0.563, 0.5606]"
4756,a man in a green jacket has set up a camera on some rocks,561179884_8b6b925ef9.jpg,-1,0.2853,0.64,0.3548,"['3640241166_b1ab7a8e7a.jpg', '503090187_8758ab5680.jpg', '950273886_88c324e663.jpg']","[0.64, 0.6218, 0.5603]"
4757,a man is trying to photograph a rocky outcropping,561179884_8b6b925ef9.jpg,-1,0.2424,0.6206,0.3782,"['3640241166_b1ab7a8e7a.jpg', '2490365757_b869282cb3.jpg', '58368365_03ed3e5bdf.jpg']","[0.6206, 0.5906, 0.5654]"
4758,a man with a backpack climbs over many rocks,561179884_8b6b925ef9.jpg,-1,0.5525,0.7179,0.1654,"['2480832276_fa55480ecb.jpg', '697778778_b52090709d.jpg', '236095031_5cb17dc54a.jpg']","[0.7179, 0.6994, 0.6454]"
4759,man with outdoor gear taking a picture,561179884_8b6b925ef9.jpg,-1,-0.0192,0.8539,0.8731,"['3640241166_b1ab7a8e7a.jpg', '503090187_8758ab5680.jpg', '2490365757_b869282cb3.jpg']","[0.8539, 0.7224, 0.6668]"
4760,a person with a backpack stands on a snowy mountain,56494233_1824005879.jpg,-1,0.6169,0.8614,0.2445,"['2098174172_e57d86ea03.jpg', '3166578139_33500f7e8a.jpg', '1655781989_b15ab4cbff.jpg']","[0.8614, 0.8164, 0.7306]"
4761,a man on top of a mountain looks at the mountains surrounding him,56494233_1824005879.jpg,-1,0.5736,0.7978,0.2241,"['530888330_a18343e38d.jpg', '223299142_521aedf9e7.jpg', '1247181182_35cabd76f3.jpg']","[0.7978, 0.7666, 0.7645]"
4762,sole mountain climber stands atop snowy peak looking left,56494233_1824005879.jpg,10,0.6346,0.7182,0.0835,"['223299142_521aedf9e7.jpg', '1247181182_35cabd76f3.jpg', '224273695_0b517bd0eb.jpg']","[0.7182, 0.7057, 0.6956]"
4763,a lone climber on a snowcapped mountain with several huge mountains in the background,56494233_1824005879.jpg,7,0.7541,0.8354,0.0813,"['3166578139_33500f7e8a.jpg', '224273695_0b517bd0eb.jpg', '2098174172_e57d86ea03.jpg']","[0.8354, 0.79, 0.7799]"
4764,a man is standing looking at the path ahead while hiking in a mountain range,56494233_1824005879.jpg,-1,0.3283,0.7893,0.461,"['2098174172_e57d86ea03.jpg', '58368365_03ed3e5bdf.jpg', '95728660_d47de66544.jpg']","[0.7893, 0.6736, 0.624]"
4768,two dogs run through mud,566921157_07c18a41e2.jpg,4,0.5801,0.599,0.019,"['2289212650_69de7a20b2.jpg', '453756106_711c20471a.jpg', '2434006663_207a284cec.jpg']","[0.599, 0.5923, 0.5918]"
4769,two large dogs run along a muddy path,566921157_07c18a41e2.jpg,4,0.5702,0.6002,0.0299,"['2289212650_69de7a20b2.jpg', '2434006663_207a284cec.jpg', '2427558437_3e839056d7.jpg']","[0.6002, 0.5934, 0.5894]"
4770,a group of kids plays in the spray of water from a fountain,571507143_be346225b7.jpg,2,0.7141,0.7598,0.0457,"['673806038_0a3682a83f.jpg', '571507143_be346225b7.jpg', '3052196390_c59dd24ca8.jpg']","[0.7598, 0.7141, 0.7105]"
4771,children are being splashed with water,571507143_be346225b7.jpg,7,0.5628,0.7408,0.178,"['2852982055_8112d0964f.jpg', '2911245290_b2c79f328a.jpg', '2747714500_49476225c6.jpg']","[0.7408, 0.7302, 0.6896]"
4772,children are playing outside in a fountain,571507143_be346225b7.jpg,8,0.6172,0.7515,0.1342,"['1095476286_87d4f8664e.jpg', '2852982055_8112d0964f.jpg', '506882688_b37d549593.jpg']","[0.7515, 0.7124, 0.7087]"
4774,four children are playing in a water fountain,571507143_be346225b7.jpg,3,0.6583,0.732,0.0737,"['673806038_0a3682a83f.jpg', '2852982055_8112d0964f.jpg', '571507143_be346225b7.jpg']","[0.732, 0.7004, 0.6583]"
4775,a child in a white shirt clapping their hands,576920249_df1bdc2068.jpg,8,0.5076,0.599,0.0914,"['2609847254_0ec40c1cce.jpg', '1454841725_4b6e6199e2.jpg', '2728276857_3f83757ef2.jpg']","[0.599, 0.5797, 0.5477]"
4776,a girl raises her hands up in a crowd of people,576920249_df1bdc2068.jpg,-1,0.326,0.6875,0.3615,"['2609847254_0ec40c1cce.jpg', '325005410_e1ff5041b5.jpg', '1454841725_4b6e6199e2.jpg']","[0.6875, 0.6188, 0.6032]"
4777,a little boy wearing a white shirt and gray pants appears to be dancing,576920249_df1bdc2068.jpg,-1,0.3367,0.6338,0.2971,"['543264612_c53cc163b4.jpg', '693785581_68bec8312a.jpg', '2681215810_00b0642f7b.jpg']","[0.6338, 0.5888, 0.559]"
4778,a young boy dances in a crowd,576920249_df1bdc2068.jpg,6,0.4996,0.7074,0.2078,"['3396043950_12783c5147.jpg', '325005410_e1ff5041b5.jpg', '3535056297_e16f014cb7.jpg']","[0.7074, 0.5981, 0.5675]"
4779,crowd of people outside with child in center with hands raised,576920249_df1bdc2068.jpg,9,0.6185,0.7064,0.0878,"['325005410_e1ff5041b5.jpg', '3535056297_e16f014cb7.jpg', '3396043950_12783c5147.jpg']","[0.7064, 0.6713, 0.6647]"
4782,a man s sillouhette at sunset,58368365_03ed3e5bdf.jpg,3,0.5774,0.6002,0.0228,"['181777261_84c48b31cb.jpg', '2603792708_18a97bac97.jpg', '58368365_03ed3e5bdf.jpg']","[0.6002, 0.5928, 0.5774]"
4787,a woman in a tank top and capri pants costume taking a bow in the street,613900608_2e49415772.jpg,-1,0.3766,0.6422,0.2656,"['440184957_267f3f3a2b.jpg', '3688839836_ba5e4c24fc.jpg', '2522467011_cc825d89ac.jpg']","[0.6422, 0.5904, 0.5843]"
4788,a woman with beads around her neck is performing a dance as part of a parade,613900608_2e49415772.jpg,3,0.5726,0.6767,0.1041,"['3688839836_ba5e4c24fc.jpg', '2522467011_cc825d89ac.jpg', '613900608_2e49415772.jpg']","[0.6767, 0.5927, 0.5726]"
4789,female street entertainer with horns doing a curtsey,613900608_2e49415772.jpg,4,0.5506,0.6322,0.0815,"['3688839836_ba5e4c24fc.jpg', '551664516_78a5131dc4.jpg', '2978236380_fb24c43f1e.jpg']","[0.6322, 0.6006, 0.5889]"
4790,the woman is holding a grocery bag as several children look into it,617038406_4092ee91dd.jpg,-1,0.4055,0.5915,0.186,"['3673970325_4e025069e9.jpg', '3347500603_13670ee6bf.jpg', '255330891_86d65dfdbf.jpg']","[0.5915, 0.5461, 0.5052]"
4791,kids looking in an old woman s grocery paper bag,617038406_4092ee91dd.jpg,9,0.4255,0.5872,0.1617,"['979383193_0a542a059d.jpg', '3673970325_4e025069e9.jpg', '3347500603_13670ee6bf.jpg']","[0.5872, 0.5429, 0.5167]"
4792,children look at a statue of a woman carrying a grocery bag,617038406_4092ee91dd.jpg,-1,0.3383,0.6348,0.2966,"['3347500603_13670ee6bf.jpg', '255330891_86d65dfdbf.jpg', '979383193_0a542a059d.jpg']","[0.6348, 0.5274, 0.5249]"
4793,a group of people gathering around a bag of groceries,617038406_4092ee91dd.jpg,-1,0.2907,0.6848,0.394,"['3673970325_4e025069e9.jpg', '251958970_fa6b423f23.jpg', '2533076864_d799996433.jpg']","[0.6848, 0.5943, 0.5125]"
4794,children standing next to the statue of an old woman holding full paper bags,617038406_4092ee91dd.jpg,-1,0.2752,0.5639,0.2887,"['1663454406_5e2cf8c5bb.jpg', '3501083764_cf592292a6.jpg', '3347500603_13670ee6bf.jpg']","[0.5639, 0.5543, 0.5508]"
4795,a large woman with a pink feather boa strolls down the sidewalk,635444010_bd81c89ab7.jpg,5,0.5292,0.7063,0.1771,"['1952896009_cee8147c90.jpg', '551664516_78a5131dc4.jpg', '256444892_efcb3bd824.jpg']","[0.7063, 0.6333, 0.5668]"
4796,a woman in a blue dress a cowboy hat and a pink boa walks down the street,635444010_bd81c89ab7.jpg,3,0.6315,0.6704,0.0389,"['551664516_78a5131dc4.jpg', '2676184321_858eff416b.jpg', '635444010_bd81c89ab7.jpg']","[0.6704, 0.649, 0.6315]"
4797,a woman in a pink scarf walking down the street,635444010_bd81c89ab7.jpg,3,0.7337,0.7678,0.0341,"['551664516_78a5131dc4.jpg', '1952896009_cee8147c90.jpg', '635444010_bd81c89ab7.jpg']","[0.7678, 0.761, 0.7337]"
4798,a woman with a pink boa walks down a sidewalk,635444010_bd81c89ab7.jpg,-1,0.5581,0.8187,0.2607,"['1952896009_cee8147c90.jpg', '551664516_78a5131dc4.jpg', '3347500603_13670ee6bf.jpg']","[0.8187, 0.7634, 0.6962]"
4799,the woman has a pink feathery scarf,635444010_bd81c89ab7.jpg,-1,0.4911,0.737,0.2459,"['2676184321_858eff416b.jpg', '3503623999_bbd5dcfb18.jpg', '3174726084_c108de0a64.jpg']","[0.737, 0.6793, 0.622]"
4801,a young girl is at the bottom of a slide,640409060_6af18fdd54.jpg,2,0.7254,0.7359,0.0105,"['2988244398_5da7012fce.jpg', '640409060_6af18fdd54.jpg', '2542037086_58c833699c.jpg']","[0.7359, 0.7254, 0.6326]"
4804,a little girl on a blue slide at a playground,640409060_6af18fdd54.jpg,2,0.7331,0.7337,0.0006,"['444057017_f1e0fcaef7.jpg', '640409060_6af18fdd54.jpg', '2988244398_5da7012fce.jpg']","[0.7337, 0.7331, 0.7153]"
4805,a close shot of a young swimmer sitting on the edge of a pool in front of others,654130822_4aeb1f1273.jpg,7,0.5971,0.661,0.0639,"['2911245290_b2c79f328a.jpg', '897621891_efb1e00d1d.jpg', '989754491_7e53fb4586.jpg']","[0.661, 0.6369, 0.6242]"
4806,a swimmer with goggles on looking towards something out of view,654130822_4aeb1f1273.jpg,2,0.6181,0.7029,0.0848,"['656260720_a7db4ce48b.jpg', '654130822_4aeb1f1273.jpg', '2695085862_2ed62df354.jpg']","[0.7029, 0.6181, 0.5778]"
4807,a young girl dressed in swimwear and goggles,654130822_4aeb1f1273.jpg,2,0.6959,0.7387,0.0428,"['656260720_a7db4ce48b.jpg', '654130822_4aeb1f1273.jpg', '2086678529_b3301c2d71.jpg']","[0.7387, 0.6959, 0.5748]"
4809,the swimmer is wearing goggles and looking into the distance,654130822_4aeb1f1273.jpg,2,0.6315,0.6986,0.0671,"['656260720_a7db4ce48b.jpg', '654130822_4aeb1f1273.jpg', '3496028495_431cfdc042.jpg']","[0.6986, 0.6315, 0.535]"
4810,a young girl sitting in swimming gear,656260720_a7db4ce48b.jpg,2,0.6525,0.7907,0.1382,"['654130822_4aeb1f1273.jpg', '656260720_a7db4ce48b.jpg', '3030566410_393c36a6c5.jpg']","[0.7907, 0.6525, 0.5777]"
4815,a boy in a green wetsuit takes his turn in a water sprinkler and a group of others wait,673806038_0a3682a83f.jpg,9,0.5703,0.6967,0.1264,"['1095476286_87d4f8664e.jpg', '3052196390_c59dd24ca8.jpg', '506882688_b37d549593.jpg']","[0.6967, 0.6922, 0.6591]"
4817,children are taking turns running through a water sprinkler,673806038_0a3682a83f.jpg,3,0.692,0.734,0.0419,"['2852982055_8112d0964f.jpg', '1095476286_87d4f8664e.jpg', '673806038_0a3682a83f.jpg']","[0.734, 0.6993, 0.692]"
4819,the boy takes his turn through the sprinkler and jumps with joy,673806038_0a3682a83f.jpg,6,0.6241,0.7781,0.154,"['3052196390_c59dd24ca8.jpg', '1095476286_87d4f8664e.jpg', '2937697444_2367ff0e28.jpg']","[0.7781, 0.7555, 0.7236]"
4820,two dogs play tug of war,684375286_09cc1aa778.jpg,2,0.6504,0.7013,0.051,"['2768972186_92787cd523.jpg', '684375286_09cc1aa778.jpg', '2981372647_2061278c60.jpg']","[0.7013, 0.6504, 0.6445]"
4821,two dogs tug at the same item while wearing training gear,684375286_09cc1aa778.jpg,6,0.5302,0.5887,0.0585,"['1562392511_522a26063b.jpg', '2768972186_92787cd523.jpg', '2340919359_f56787d307.jpg']","[0.5887, 0.5806, 0.5768]"
4822,two dogs one bigger than the other are playing tug of war,684375286_09cc1aa778.jpg,5,0.6567,0.6926,0.0359,"['3494345896_dd6b32cfa3.jpg', '2768972186_92787cd523.jpg', '2981372647_2061278c60.jpg']","[0.6926, 0.6774, 0.6767]"
4823,a small black dog is playing tug of war with a large brown dog wearing a yellow triangle,684375286_09cc1aa778.jpg,2,0.6696,0.6881,0.0185,"['2768972186_92787cd523.jpg', '684375286_09cc1aa778.jpg', '2902486045_6298eb22ef.jpg']","[0.6881, 0.6696, 0.6355]"
4824,a small dog playing tug with a larger dog,684375286_09cc1aa778.jpg,3,0.709,0.735,0.026,"['2768972186_92787cd523.jpg', '2902486045_6298eb22ef.jpg', '684375286_09cc1aa778.jpg']","[0.735, 0.73, 0.709]"
4828,a dark dog with its tongue hanging out runs through the grass,689776124_07f560a920.jpg,3,0.7066,0.7518,0.0452,"['2445783904_e6c38a3a3d.jpg', '459814265_d48ba48978.jpg', '689776124_07f560a920.jpg']","[0.7518, 0.7295, 0.7066]"
4829,a dog plays in the grass,689776124_07f560a920.jpg,-1,0.6244,0.782,0.1576,"['241046599_28b0ca7b9f.jpg', '1359101233_16c2c150e3.jpg', '2584487952_f70e5aa9bf.jpg']","[0.782, 0.7396, 0.7322]"
4830,two kids playing on mats,693785581_68bec8312a.jpg,4,0.559,0.5832,0.0242,"['2374247382_023a86b9ca.jpg', '1093737381_b313cd49ff.jpg', '2538477523_1da77eb11c.jpg']","[0.5832, 0.5804, 0.5745]"
4831,a young boy is standing near another doing a back flip,693785581_68bec8312a.jpg,-1,0.4581,0.6308,0.1728,"['3630332976_fdba22c50b.jpg', '2707873672_15e6b5d54b.jpg', '3527926597_45af299eee.jpg']","[0.6308, 0.5709, 0.5433]"
4832,a child does a flip behind a small boy,693785581_68bec8312a.jpg,9,0.5272,0.6703,0.1431,"['2538477523_1da77eb11c.jpg', '3404978479_8a81843e17.jpg', '2597737483_6518a230e4.jpg']","[0.6703, 0.6114, 0.5991]"
4833,a boy does a flip while another boy stands on the matt,693785581_68bec8312a.jpg,-1,0.4504,0.6585,0.2081,"['3630332976_fdba22c50b.jpg', '206087108_d4557d38ee.jpg', '2868575889_2c030aa8ae.jpg']","[0.6585, 0.5175, 0.5053]"
4834,a boy standing on a red mat with a person upside down in the background,693785581_68bec8312a.jpg,6,0.4921,0.7673,0.2752,"['3630332976_fdba22c50b.jpg', '206087108_d4557d38ee.jpg', '3396043950_12783c5147.jpg']","[0.7673, 0.5603, 0.5517]"
4836,a black and brown dog runs in the grass while hanging its tongue out,697582336_601462e052.jpg,2,0.6833,0.6923,0.0091,"['2445783904_e6c38a3a3d.jpg', '697582336_601462e052.jpg', '283428775_a3665bee7c.jpg']","[0.6923, 0.6833, 0.6766]"
4837,a black dog runs on green grass towards the camera,697582336_601462e052.jpg,4,0.665,0.7717,0.1067,"['689776124_07f560a920.jpg', '283428775_a3665bee7c.jpg', '3029715635_43ab414dfb.jpg']","[0.7717, 0.6996, 0.6885]"
4840,three people rock climbing in matching clothes beside a small waterfall,697778778_b52090709d.jpg,7,0.5348,0.719,0.1842,"['413737417_b0a8b445e9.jpg', '534056823_0752303702.jpg', '2753531542_ace2c870b7.jpg']","[0.719, 0.6642, 0.5912]"
4841,three men in matching outfits climb a rock wall next to a waterfall,697778778_b52090709d.jpg,-1,0.4088,0.5992,0.1905,"['3716277216_c04002be81.jpg', '2753531542_ace2c870b7.jpg', '3041689520_c481bdb20e.jpg']","[0.5992, 0.5709, 0.5687]"
4842,three people are climbing rocks near a small waterfall,697778778_b52090709d.jpg,5,0.6028,0.7563,0.1535,"['413737417_b0a8b445e9.jpg', '534056823_0752303702.jpg', '2753531542_ace2c870b7.jpg']","[0.7563, 0.6792, 0.6292]"
4843,three climbers on rocks near waterfall,697778778_b52090709d.jpg,3,0.6003,0.7459,0.1456,"['413737417_b0a8b445e9.jpg', '2753531542_ace2c870b7.jpg', '697778778_b52090709d.jpg']","[0.7459, 0.6397, 0.6003]"
4844,three men climb a natural waterfall rock face,697778778_b52090709d.jpg,7,0.4892,0.6123,0.1231,"['3716277216_c04002be81.jpg', '3041689520_c481bdb20e.jpg', '413737417_b0a8b445e9.jpg']","[0.6123, 0.5819, 0.5786]"
4848,two little girls play at their family s backyard swimming pool while a woman looks on,701816897_221bbe761a.jpg,3,0.6542,0.7186,0.0645,"['3661072592_2e693cd5a0.jpg', '2951092164_4940b9a517.jpg', '701816897_221bbe761a.jpg']","[0.7186, 0.6766, 0.6542]"
4850,a windsurfer angles over a wave,70995350_75d0698839.jpg,4,0.5862,0.6317,0.0455,"['3467510271_0f57e52768.jpg', '2952141476_fc9a48a60a.jpg', '3701509233_a2275a4e57.jpg']","[0.6317, 0.6012, 0.5884]"
4851,a person on a parasail jumps off a wave,70995350_75d0698839.jpg,3,0.6693,0.7536,0.0843,"['3037558954_20115165e3.jpg', '3625519177_4c2bb9e7f0.jpg', '70995350_75d0698839.jpg']","[0.7536, 0.7007, 0.6693]"
4852,a silver craft rides the waves,70995350_75d0698839.jpg,2,0.5617,0.6364,0.0747,"['3315033940_e91f87b7f2.jpg', '70995350_75d0698839.jpg', '1998457059_c9ac9a1e1a.jpg']","[0.6364, 0.5617, 0.5123]"
4853,a kite surfer is doing a flip over the waves,70995350_75d0698839.jpg,5,0.5911,0.6703,0.0791,"['3037558954_20115165e3.jpg', '3582066525_e9d6377f56.jpg', '3426789838_8771f0ed56.jpg']","[0.6703, 0.5999, 0.5971]"
4854,a man jumps over a wave on his surfboard,70995350_75d0698839.jpg,-1,0.4908,0.8655,0.3747,"['3018304737_0a46fc5f1d.jpg', '3058627443_1d57ff0a2c.jpg', '2984174290_a915748d77.jpg']","[0.8655, 0.7874, 0.7652]"
4860,small dog catches a tennis ball in its mouth indoors,724702877_f2a938766b.jpg,4,0.6133,0.7166,0.1033,"['2616561200_ea079f285a.jpg', '3155390408_8e1a81efb2.jpg', '539750844_02a07ec524.jpg']","[0.7166, 0.6887, 0.6576]"
4861,a small dog jumping with a ball in its mouth,724702877_f2a938766b.jpg,5,0.641,0.8062,0.1652,"['539750844_02a07ec524.jpg', '2616561200_ea079f285a.jpg', '3155390408_8e1a81efb2.jpg']","[0.8062, 0.7545, 0.7544]"
4862,a small brown dog jumps and catches a tennis ball,724702877_f2a938766b.jpg,2,0.7172,0.7609,0.0437,"['2616561200_ea079f285a.jpg', '724702877_f2a938766b.jpg', '539750844_02a07ec524.jpg']","[0.7609, 0.7172, 0.6964]"
4863,a small brown dog jumping up to catch a tennis ball,724702877_f2a938766b.jpg,3,0.7051,0.776,0.0709,"['2616561200_ea079f285a.jpg', '539750844_02a07ec524.jpg', '724702877_f2a938766b.jpg']","[0.776, 0.7091, 0.7051]"
4864,a dog has jumped in the air to catch a tennis ball,724702877_f2a938766b.jpg,-1,0.5538,0.7844,0.2306,"['3696246123_99d4d10140.jpg', '3544673666_ffc7483c96.jpg', '2616561200_ea079f285a.jpg']","[0.7844, 0.7006, 0.6818]"
4865,a young girl has on rollerblades and looks ready to give it a try,745966757_6d16dfad8f.jpg,-1,0.325,0.6222,0.2971,"['3286222970_1fa445e38f.jpg', '3454988449_1de1ef4f20.jpg', '2358554995_54ed3baa83.jpg']","[0.6222, 0.6142, 0.5855]"
4866,a young girl on rollerblades,745966757_6d16dfad8f.jpg,-1,0.3569,0.6099,0.253,"['3286222970_1fa445e38f.jpg', '2358554995_54ed3baa83.jpg', '2197275664_fabcf3424b.jpg']","[0.6099, 0.602, 0.5922]"
4867,a young girl with rollerblades and green foliage in the background,745966757_6d16dfad8f.jpg,10,0.5174,0.6681,0.1507,"['3286222970_1fa445e38f.jpg', '2903617548_d3e38d7f88.jpg', '1424237335_b3be9920ba.jpg']","[0.6681, 0.585, 0.5676]"
4868,the girl is wearing a blue striped shirt and rollerblades,745966757_6d16dfad8f.jpg,-1,0.2102,0.5825,0.3723,"['3454988449_1de1ef4f20.jpg', '3286222970_1fa445e38f.jpg', '2197275664_fabcf3424b.jpg']","[0.5825, 0.5747, 0.543]"
4869,the young girl is rollerblading outside near green bushes,745966757_6d16dfad8f.jpg,10,0.5369,0.6796,0.1427,"['3286222970_1fa445e38f.jpg', '2592019072_a6c0090da4.jpg', '1424237335_b3be9920ba.jpg']","[0.6796, 0.6668, 0.6186]"
4871,a little girl smiles as she slides down a tube on a sunny day,758921886_55a351dd67.jpg,7,0.5333,0.6442,0.1108,"['640409060_6af18fdd54.jpg', '3079787482_0757e9d167.jpg', '542317719_ed4dd95dc2.jpg']","[0.6442, 0.5988, 0.5944]"
4873,a girl wearing a blue dress is sliding down a tube slide,758921886_55a351dd67.jpg,-1,0.3505,0.7463,0.3959,"['2988244398_5da7012fce.jpg', '640409060_6af18fdd54.jpg', '3030566410_393c36a6c5.jpg']","[0.7463, 0.7096, 0.6101]"
4874,a little girl is sliding down a tunnel smiling,758921886_55a351dd67.jpg,3,0.605,0.7198,0.1148,"['2988244398_5da7012fce.jpg', '640409060_6af18fdd54.jpg', '758921886_55a351dd67.jpg']","[0.7198, 0.7136, 0.605]"
4877,a little boy in a blue shirt is running through a forested green area,762947607_2001ee4c72.jpg,3,0.6503,0.6764,0.0261,"['3698944019_825ef54f2f.jpg', '3405942945_f4af2934a6.jpg', '762947607_2001ee4c72.jpg']","[0.6764, 0.673, 0.6503]"
4879,a youg boy in a blue shirt walks through a park,762947607_2001ee4c72.jpg,-1,0.4773,0.6943,0.217,"['2021671653_567395c7cf.jpg', '3405942945_f4af2934a6.jpg', '2107838729_a527e434bd.jpg']","[0.6943, 0.6607, 0.599]"
4880,yorkshire terrier walking in the grass,763577068_4b96ed768b.jpg,-1,0.5351,0.657,0.1219,"['2445783904_e6c38a3a3d.jpg', '459814265_d48ba48978.jpg', '2886411666_72d8b12ce4.jpg']","[0.657, 0.6038, 0.5872]"
4881,the little dog walking on the grass has a red bow in its hair,763577068_4b96ed768b.jpg,-1,0.4556,0.7344,0.2788,"['1346529555_e916816cfe.jpg', '1969573381_5ecfae4c80.jpg', '472396131_6e97068d93.jpg']","[0.7344, 0.632, 0.615]"
4882,a small dog with a red ribbon on its head walks through the grass,763577068_4b96ed768b.jpg,-1,0.4478,0.6807,0.2329,"['3559781965_d4ec00e506.jpg', '1969573381_5ecfae4c80.jpg', '2445783904_e6c38a3a3d.jpg']","[0.6807, 0.6803, 0.6723]"
4883,a dog on the heels of a man,763577068_4b96ed768b.jpg,-1,0.0399,0.7721,0.7322,"['1348947380_14f0fc1237.jpg', '1562392511_522a26063b.jpg', '2340919359_f56787d307.jpg']","[0.7721, 0.6861, 0.6553]"
4884,a little dog with a red ribbon on its head takes a walk,763577068_4b96ed768b.jpg,-1,0.2229,0.6844,0.4615,"['1975531316_8b00eeaaf7.jpg', '458735196_176e7df6b3.jpg', '3228069008_edb2961fc4.jpg']","[0.6844, 0.6184, 0.6021]"
4885,a group of people walking on a rocky ridge,765929807_de381cc764.jpg,-1,0.3293,0.7759,0.4466,"['413737417_b0a8b445e9.jpg', '455611732_d65bf3e976.jpg', '3340575518_137ce2695f.jpg']","[0.7759, 0.6857, 0.6533]"
4887,three people climb on a large rock,765929807_de381cc764.jpg,2,0.6941,0.7228,0.0287,"['413737417_b0a8b445e9.jpg', '765929807_de381cc764.jpg', '534056823_0752303702.jpg']","[0.7228, 0.6941, 0.6388]"
4890,three teenagers drink slurpees outside a convienience store,782401952_5bc5d3413a.jpg,-1,0.2446,0.5439,0.2993,"['1798209205_77dbf525b0.jpg', '571507143_be346225b7.jpg', '1859726819_9a793b3b44.jpg']","[0.5439, 0.5412, 0.5244]"
4891,four young people with cold drinks stand on the sidewalk in front of cartoon cutouts of the simpsons also holding cold drinks,782401952_5bc5d3413a.jpg,-1,0.2604,0.5817,0.3213,"['1432342377_3e41603f26.jpg', '2760715910_87c7bdeb87.jpg', '1332722096_1e3de8ae70.jpg']","[0.5817, 0.5599, 0.5392]"
4892,three people stand outside a fast food joint with their drinks,782401952_5bc5d3413a.jpg,-1,0.4094,0.6257,0.2164,"['3437273677_47d4462974.jpg', '1859726819_9a793b3b44.jpg', '1798209205_77dbf525b0.jpg']","[0.6257, 0.598, 0.5251]"
4893,a group of teenagers near simpsons characters,782401952_5bc5d3413a.jpg,-1,-0.0307,0.6672,0.6979,"['2728276857_3f83757ef2.jpg', '571507143_be346225b7.jpg', '3280052365_c4644bf0a5.jpg']","[0.6672, 0.6303, 0.5983]"
4894,a group of teenagers standing outside of a convienance store,782401952_5bc5d3413a.jpg,-1,0.2907,0.6643,0.3736,"['3254817653_632e840423.jpg', '3002448718_a478c64fb4.jpg', '3042380610_c5ea61eef8.jpg']","[0.6643, 0.5742, 0.5553]"
4896,a german shepherd dog following another german shepherd who has a stick in its mouth,78984436_ad96eaa802.jpg,3,0.6894,0.7413,0.0519,"['424506167_01f365726b.jpg', '684375286_09cc1aa778.jpg', '78984436_ad96eaa802.jpg']","[0.7413, 0.6916, 0.6894]"
4899,two german shepherds playing with a stick,78984436_ad96eaa802.jpg,2,0.6636,0.7228,0.0592,"['424506167_01f365726b.jpg', '78984436_ad96eaa802.jpg', '333973142_abcd151002.jpg']","[0.7228, 0.6636, 0.6472]"
4905,the little boy covering his mouth is sitting between a covering his eyes and another boy covering his ears,799431781_65dc312afc.jpg,-1,0.503,0.7294,0.2264,"['2647049174_0fb47cee2e.jpg', '452419961_6d42ab7000.jpg', '3321516504_5ee97771cb.jpg']","[0.7294, 0.7032, 0.6504]"
4912,two children look up,820169182_f5e78d7d19.jpg,-1,0.2187,0.5329,0.3142,"['452419961_6d42ab7000.jpg', '3217291172_10ef70af88.jpg', '2707873672_15e6b5d54b.jpg']","[0.5329, 0.5264, 0.5097]"
4916,a little boy is playing in a blow up toy,860928274_744d14f198.jpg,2,0.6253,0.6446,0.0193,"['3767841911_6678052eb6.jpg', '860928274_744d14f198.jpg', '2648165716_02e2e74fd6.jpg']","[0.6446, 0.6253, 0.5965]"
4917,a little boy smiles as he stands in a large inflatable toy,860928274_744d14f198.jpg,4,0.6444,0.6813,0.0369,"['2648165716_02e2e74fd6.jpg', '3767841911_6678052eb6.jpg', '3751594676_edfbfa0688.jpg']","[0.6813, 0.6608, 0.6535]"
4920,the man wearing the purple shirt is in the shadows,862187579_9faf4a51e0.jpg,-1,0.4122,0.6756,0.2634,"['518789868_8895ef8792.jpg', '3613005134_bb7f304da1.jpg', '2700147489_f1664f2b61.jpg']","[0.6756, 0.6421, 0.5249]"
4921,a man with sunglasses standing by a white and red building with a very blue sky above,862187579_9faf4a51e0.jpg,-1,0.4295,0.6335,0.204,"['530888330_a18343e38d.jpg', '58368365_03ed3e5bdf.jpg', '3503011427_a4ee547c77.jpg']","[0.6335, 0.611, 0.5979]"
4922,a man with glasses is standing in front of a building,862187579_9faf4a51e0.jpg,8,0.601,0.7587,0.1577,"['3394586927_eae7732b64.jpg', '3503011427_a4ee547c77.jpg', '1057210460_09c6f4c6c1.jpg']","[0.7587, 0.6885, 0.6513]"
4923,a man wearing glasses is staring off into space,862187579_9faf4a51e0.jpg,-1,0.4182,0.6196,0.2014,"['2924884899_f512c84332.jpg', '2837799692_2f1c50722a.jpg', '2716457668_187a6d2b1c.jpg']","[0.6196, 0.574, 0.5424]"
4924,a man with sunglasses looking straight ahead,862187579_9faf4a51e0.jpg,-1,0.3912,0.7913,0.4002,"['2924884899_f512c84332.jpg', '2925737498_57585a7ed9.jpg', '3134585858_a8c3493ca5.jpg']","[0.7913, 0.6534, 0.5748]"
4926,a little boy swimming underwater with a toy in his hand,897621891_efb1e00d1d.jpg,2,0.746,0.7544,0.0084,"['2842849030_89548af61c.jpg', '897621891_efb1e00d1d.jpg', '3666537170_c4ecda4be8.jpg']","[0.7544, 0.746, 0.6704]"
4928,a little boy underwater in a pool holding a plastic dinosaur,897621891_efb1e00d1d.jpg,3,0.5902,0.7903,0.2001,"['2842849030_89548af61c.jpg', '2911245290_b2c79f328a.jpg', '897621891_efb1e00d1d.jpg']","[0.7903, 0.6127, 0.5902]"
4930,a brown and black dog on a leash is sniffed by a black and white dog,909808296_23c427022d.jpg,3,0.6531,0.7079,0.0548,"['3383491811_fd9d3a891d.jpg', '2427558437_3e839056d7.jpg', '909808296_23c427022d.jpg']","[0.7079, 0.6949, 0.6531]"
4931,a dog on a leash walks on the sidewalk while another dog follows,909808296_23c427022d.jpg,4,0.6311,0.6556,0.0245,"['245252561_4f20f1c89e.jpg', '3353278454_2f3a4d0bbc.jpg', '397547349_1fd14b95af.jpg']","[0.6556, 0.6542, 0.6478]"
4933,the black and white dog is sniffing the butt of the brown dog that is on a leash,909808296_23c427022d.jpg,2,0.7229,0.7378,0.0149,"['2427558437_3e839056d7.jpg', '909808296_23c427022d.jpg', '3383491811_fd9d3a891d.jpg']","[0.7378, 0.7229, 0.6629]"
4935,a girl sits on a swing,911795495_342bb15b97.jpg,-1,0.4618,0.7458,0.284,"['3656225270_cdf89e3240.jpg', '2884252132_5d8e776893.jpg', '3396036947_0af6c3aab7.jpg']","[0.7458, 0.7372, 0.7266]"
4936,a girl wearing an orange shirt holds onto poles and looks down,911795495_342bb15b97.jpg,-1,0.3997,0.5561,0.1564,"['3372251830_baa3665928.jpg', '1007320043_627395c3d8.jpg', '514222303_cb98584536.jpg']","[0.5561, 0.5033, 0.4913]"
4937,a soft focus picture of a little girl wearing an orange sweater,911795495_342bb15b97.jpg,-1,0.5587,0.7163,0.1576,"['2456030728_d3d147e774.jpg', '1449692616_60507875fb.jpg', '2609847254_0ec40c1cce.jpg']","[0.7163, 0.6804, 0.6437]"
4939,the girl in the red shirt smiles on the swing,911795495_342bb15b97.jpg,7,0.6042,0.8012,0.197,"['2884252132_5d8e776893.jpg', '2458269558_277012780d.jpg', '3656225270_cdf89e3240.jpg']","[0.8012, 0.7608, 0.731]"
4942,a longbearded man wearing a coat fur vest and broad brimmed furtrimmed hat,942399470_6132d3e5d2.jpg,10,0.4972,0.7204,0.2232,"['2551344688_17a12a6948.jpg', '1235580648_7eebaed9bc.jpg', '3134585858_a8c3493ca5.jpg']","[0.7204, 0.6563, 0.5882]"
4944,a bearded man with animal hide coat and hat,942399470_6132d3e5d2.jpg,2,0.6219,0.6606,0.0386,"['2551344688_17a12a6948.jpg', '942399470_6132d3e5d2.jpg', '1235580648_7eebaed9bc.jpg']","[0.6606, 0.6219, 0.5815]"
4946,a man in a red shirt attempts to climb a rock,950273886_88c324e663.jpg,3,0.7977,0.8276,0.0299,"['415793623_6c1225ae27.jpg', '136639119_6040b00946.jpg', '950273886_88c324e663.jpg']","[0.8276, 0.8068, 0.7977]"
4947,a man wearing red climbs a large rock,950273886_88c324e663.jpg,3,0.7405,0.7814,0.0409,"['236095031_5cb17dc54a.jpg', '111537222_07e56d5a30.jpg', '950273886_88c324e663.jpg']","[0.7814, 0.7436, 0.7405]"
4948,man in red shirt climbing rock cliff,950273886_88c324e663.jpg,4,0.7866,0.8559,0.0692,"['236095031_5cb17dc54a.jpg', '415793623_6c1225ae27.jpg', '136639119_6040b00946.jpg']","[0.8559, 0.8346, 0.8048]"
4949,rock climber without a rope,950273886_88c324e663.jpg,5,0.6338,0.865,0.2312,"['236095031_5cb17dc54a.jpg', '415793623_6c1225ae27.jpg', '466956675_a2fb6bf901.jpg']","[0.865, 0.8206, 0.8033]"
4950,a woman wearing a pink tank top holding a mug of liquid,954987350_a0c608b467.jpg,4,0.5134,0.6042,0.0908,"['2721656220_5f4cda8bc1.jpg', '2695085862_2ed62df354.jpg', '3213395965_2a823c6865.jpg']","[0.6042, 0.5243, 0.5187]"
4951,a woman in a pink tank top holds a plastic beer mug,954987350_a0c608b467.jpg,-1,0.4303,0.582,0.1518,"['2721656220_5f4cda8bc1.jpg', '3213395965_2a823c6865.jpg', '1798209205_77dbf525b0.jpg']","[0.582, 0.5614, 0.5454]"
4952,a woman in a dark pink tank top has a bag across her shoulder,954987350_a0c608b467.jpg,6,0.4688,0.5691,0.1003,"['551664516_78a5131dc4.jpg', '1952896009_cee8147c90.jpg', '3347500603_13670ee6bf.jpg']","[0.5691, 0.5326, 0.4819]"
4953,a female in a pink tank top drinking beer,954987350_a0c608b467.jpg,-1,0.3681,0.6489,0.2808,"['3582465732_78f77f34ae.jpg', '3213395965_2a823c6865.jpg', '2721656220_5f4cda8bc1.jpg']","[0.6489, 0.6181, 0.5791]"
4954,a woman in a pink tank top drinking out of a plastic glass,954987350_a0c608b467.jpg,-1,0.3584,0.6199,0.2615,"['3582465732_78f77f34ae.jpg', '2695085862_2ed62df354.jpg', '2721656220_5f4cda8bc1.jpg']","[0.6199, 0.5346, 0.5207]"
4959,man riding bike on trail,95728660_d47de66544.jpg,2,0.7653,0.7986,0.0333,"['2308108566_2cba6bca53.jpg', '95728660_d47de66544.jpg', '3474985008_0a827cd340.jpg']","[0.7986, 0.7653, 0.7419]"
4965,a hiker navigates a rope and wood bridge over a large dry ravine,95783195_e1ba3f57ca.jpg,-1,0.4163,0.6439,0.2277,"['3374384485_751f719be4.jpg', '2623560640_0445c9a138.jpg', '2452686995_621878f561.jpg']","[0.6439, 0.6376, 0.6015]"
4966,a person with a shoulder bag is walking across a shaky wooden slat bridge,95783195_e1ba3f57ca.jpg,3,0.5982,0.6382,0.04,"['268365231_a0acecdc45.jpg', '2894850774_2d530040a1.jpg', '95783195_e1ba3f57ca.jpg']","[0.6382, 0.6123, 0.5982]"
4967,a woman crossing a wooden link wire bridge,95783195_e1ba3f57ca.jpg,-1,0.303,0.6432,0.3401,"['268654674_d29e00b3d0.jpg', '1350811702_2ce7cfd0c5.jpg', '3374384485_751f719be4.jpg']","[0.6432, 0.6253, 0.6143]"
4968,a woman walking across an old rope and driftrood bridge between mountains,95783195_e1ba3f57ca.jpg,2,0.5735,0.5834,0.0099,"['2527163162_d0fb802992.jpg', '95783195_e1ba3f57ca.jpg', '268654674_d29e00b3d0.jpg']","[0.5834, 0.5735, 0.5702]"
4969,the woman is walking on a rickety narrow bridge,95783195_e1ba3f57ca.jpg,10,0.4721,0.629,0.1569,"['268654674_d29e00b3d0.jpg', '2979914158_5906470b8f.jpg', '3307563498_e2b4f19272.jpg']","[0.629, 0.572, 0.5682]"
4973,a little girl in a pink tutu gets ready for ballet dancing a boy in a spiderman shirt behind,961611340_251081fcb8.jpg,4,0.5083,0.5469,0.0386,"['3396043950_12783c5147.jpg', '693785581_68bec8312a.jpg', '2197275664_fabcf3424b.jpg']","[0.5469, 0.5398, 0.5245]"
4974,a young girl wearing a pink tutu dancing with another young boy in the background,961611340_251081fcb8.jpg,4,0.6594,0.7057,0.0463,"['2538477523_1da77eb11c.jpg', '2599131872_65789d86d5.jpg', '3661072592_2e693cd5a0.jpg']","[0.7057, 0.7054, 0.6798]"
4975,a baby is trying to eat a large red plastic toy outdoors,964197865_0133acaeb4.jpg,3,0.6033,0.6362,0.0329,"['1026685415_0431cbf574.jpg', '2576878141_87f25a10f0.jpg', '964197865_0133acaeb4.jpg']","[0.6362, 0.6093, 0.6033]"
4976,a blonde infant chewing on a red toy,964197865_0133acaeb4.jpg,2,0.6466,0.6769,0.0303,"['3751594676_edfbfa0688.jpg', '964197865_0133acaeb4.jpg', '2576878141_87f25a10f0.jpg']","[0.6769, 0.6466, 0.6164]"
4978,a child plays with a toy in the grass,964197865_0133acaeb4.jpg,-1,0.553,0.7533,0.2003,"['3767841911_6678052eb6.jpg', '745966757_6d16dfad8f.jpg', '2381613738_d8d2012e3c.jpg']","[0.7533, 0.6628, 0.6471]"
4979,a child with his mouth on a red plastic toy,964197865_0133acaeb4.jpg,2,0.6736,0.6845,0.0109,"['2648165716_02e2e74fd6.jpg', '964197865_0133acaeb4.jpg', '1539166395_0cdc0accee.jpg']","[0.6845, 0.6736, 0.6157]"
4983,a dog jumps into the pond,967719295_3257695095.jpg,4,0.5995,0.6502,0.0506,"['2270483627_16fe41b063.jpg', '3690425778_3b390b3ea5.jpg', '247778426_fd59734130.jpg']","[0.6502, 0.6412, 0.604]"
4986,a horse driven carriage running through a rainstorm,97731718_eb7ba71fd3.jpg,-1,0.3496,0.6909,0.3414,"['210625425_fb1ef5d23b.jpg', '2660480624_45f88b3022.jpg', '3692746368_ab7d97ab31.jpg']","[0.6909, 0.593, 0.5629]"
4988,people enjoy a horse draw open carriage in the rain,97731718_eb7ba71fd3.jpg,2,0.5373,0.6457,0.1084,"['2744330402_824240184c.jpg', '97731718_eb7ba71fd3.jpg', '2906802485_dfebf09173.jpg']","[0.6457, 0.5373, 0.5253]"
4989,the horses pull the carriage holding people and a dog through the rain,97731718_eb7ba71fd3.jpg,2,0.5942,0.6586,0.0644,"['2744330402_824240184c.jpg', '97731718_eb7ba71fd3.jpg', '3014080715_f4f0dbb56e.jpg']","[0.6586, 0.5942, 0.5767]"
4990,six small children sitting at a desk,979383193_0a542a059d.jpg,-1,0.3998,0.6042,0.2044,"['2244551043_21b8cca866.jpg', '3197891333_b1b0fd1702.jpg', '799431781_65dc312afc.jpg']","[0.6042, 0.5387, 0.4915]"
4991,six children at a table,979383193_0a542a059d.jpg,-1,0.4847,0.7144,0.2297,"['3197891333_b1b0fd1702.jpg', '2211593099_4a4f1c85d2.jpg', '3242718240_3358f2d6e6.jpg']","[0.7144, 0.6074, 0.6068]"
4992,a group of young asian children pose for a picture at a table,979383193_0a542a059d.jpg,9,0.6182,0.8493,0.231,"['3197891333_b1b0fd1702.jpg', '2211593099_4a4f1c85d2.jpg', '2728276857_3f83757ef2.jpg']","[0.8493, 0.7617, 0.7565]"
4993,a group of six children sit at a wooden table,979383193_0a542a059d.jpg,8,0.4909,0.6968,0.2059,"['3197891333_b1b0fd1702.jpg', '3319338707_892ae2a660.jpg', '3631474374_e40764d153.jpg']","[0.6968, 0.6644, 0.6374]"
4994,six children all with black hair sit at a table for a picture,979383193_0a542a059d.jpg,7,0.5306,0.7669,0.2362,"['3197891333_b1b0fd1702.jpg', '2211593099_4a4f1c85d2.jpg', '2728276857_3f83757ef2.jpg']","[0.7669, 0.6505, 0.6129]"
4995,a redheaded girl offers the peace sign as she swims in the pool with floaties,989754491_7e53fb4586.jpg,-1,0.5028,0.6808,0.178,"['2830869109_c4e403eae6.jpg', '654130822_4aeb1f1273.jpg', '1801063894_60bce29e19.jpg']","[0.6808, 0.6514, 0.6194]"
4996,a girl in a pool wearing goggles and surrounded by other children,989754491_7e53fb4586.jpg,3,0.6276,0.6476,0.0201,"['3030566410_393c36a6c5.jpg', '654130822_4aeb1f1273.jpg', '989754491_7e53fb4586.jpg']","[0.6476, 0.644, 0.6276]"
4998,a red haired girl making a peace sign is wearing neon green glasses and floaties and playing in the pool with other kids,989754491_7e53fb4586.jpg,9,0.5076,0.6557,0.1482,"['2951092164_4940b9a517.jpg', '319847643_df7c2a1d25.jpg', '3661072592_2e693cd5a0.jpg']","[0.6557, 0.5626, 0.5518]"
4999,a young girl with goggles and floaties poses for the camera as she plays in a pool,989754491_7e53fb4586.jpg,10,0.5323,0.725,0.1927,"['654130822_4aeb1f1273.jpg', '3030566410_393c36a6c5.jpg', '319847643_df7c2a1d25.jpg']","[0.725, 0.7226, 0.6231]"
