caption_idx,caption,ground_truth_image,actual_rank_of_gt,gt_score,top1_score,score_gap,predicted_top3_images,predicted_top3_scores
0,a child playing on a rope net,1007320043_627395c3d8.jpg,-1,0.5799,0.7953,0.2154,"['514222303_cb98584536.jpg', '510510783_b2cf5d57bb.jpg', '2707873672_15e6b5d54b.jpg']","[0.7953, 0.7241, 0.7139]"
1,a little girl climbing on red roping,1007320043_627395c3d8.jpg,3,0.7464,0.8163,0.0699,"['493109089_468e105233.jpg', '444057017_f1e0fcaef7.jpg', '1007320043_627395c3d8.jpg']","[0.8163, 0.81, 0.7464]"
2,a little girl in pink climbs a rope bridge at the park,1007320043_627395c3d8.jpg,9,0.6412,0.7594,0.1182,"['510510783_b2cf5d57bb.jpg', '444057017_f1e0fcaef7.jpg', '2979914158_5906470b8f.jpg']","[0.7594, 0.7193, 0.6806]"
3,a small child grips onto the red ropes at the playground,1007320043_627395c3d8.jpg,4,0.6551,0.7088,0.0537,"['3317960829_78bbfafbb6.jpg', '2597737483_6518a230e4.jpg', '693785581_68bec8312a.jpg']","[0.7088, 0.7052, 0.6601]"
4,the small child climbs on a red ropes on a playground,1007320043_627395c3d8.jpg,-1,0.5656,0.7764,0.2108,"['2597737483_6518a230e4.jpg', '2046222127_a6f300e202.jpg', '350443876_c9769f5734.jpg']","[0.7764, 0.6887, 0.638]"
9,a black dog carrying something through the grass,1026685415_0431cbf574.jpg,6,0.7514,0.8964,0.145,"['689776124_07f560a920.jpg', '2445783904_e6c38a3a3d.jpg', '333973142_abcd151002.jpg']","[0.8964, 0.8415, 0.8298]"
12,a man puts his shirt on near an elevator,1057210460_09c6f4c6c1.jpg,-1,0.0842,0.6954,0.6112,"['397601572_9587a39291.jpg', '3091962081_194f2f3bd4.jpg', '2525666287_638ab5e784.jpg']","[0.6954, 0.6848, 0.6813]"
13,a man stands by an elevator with his head down,1057210460_09c6f4c6c1.jpg,6,0.583,0.6548,0.0718,"['2437266971_b91a8f9a00.jpg', '862187579_9faf4a51e0.jpg', '1418019748_51c7d59c11.jpg']","[0.6548, 0.6458, 0.6416]"
14,the man is putting on his shirt near an elevator,1057210460_09c6f4c6c1.jpg,7,0.636,0.7741,0.1381,"['1414820925_3504c394e1.jpg', '2328104318_5a43ca170c.jpg', '2448393373_80c011d301.jpg']","[0.7741, 0.7211, 0.7034]"
15,a skier pauses on a mountaintop,106514190_bae200f463.jpg,3,0.7994,0.8088,0.0094,"['224273695_0b517bd0eb.jpg', '2109911919_af45b93ef3.jpg', '106514190_bae200f463.jpg']","[0.8088, 0.8084, 0.7994]"
16,a skier is overlooking a snowcovered mountain,106514190_bae200f463.jpg,4,0.8251,0.904,0.0788,"['3166578139_33500f7e8a.jpg', '3621647714_fc67ab2617.jpg', '2109911919_af45b93ef3.jpg']","[0.904, 0.9039, 0.8338]"
17,a skier is overlooking the beautiful white snow covered landscape,106514190_bae200f463.jpg,6,0.7109,0.8876,0.1767,"['3621647714_fc67ab2617.jpg', '3166578139_33500f7e8a.jpg', '3338217927_3c5cf3f7c6.jpg']","[0.8876, 0.816, 0.7536]"
18,a hiker standing high on a bluff overlooking the mountains below,106514190_bae200f463.jpg,-1,0.471,0.8751,0.404,"['455611732_d65bf3e976.jpg', '2098174172_e57d86ea03.jpg', '58368365_03ed3e5bdf.jpg']","[0.8751, 0.8429, 0.8151]"
19,a person on ski s looks from hill over snow covered landscape,106514190_bae200f463.jpg,-1,0.5129,0.8449,0.332,"['3357416302_fcfcdd7b86.jpg', '3012513414_86180c44cb.jpg', '3241965735_8742782a70.jpg']","[0.8449, 0.7607, 0.7292]"
20,a white and black dog and a brown dog in sandy terrain,1067790824_f3cc97239b.jpg,5,0.7308,0.8778,0.147,"['3415809168_af9dabdba5.jpg', '453756106_711c20471a.jpg', '496555371_3e1ee0d97d.jpg']","[0.8778, 0.8657, 0.832]"
21,a woolly dog chases a doberman on a beach,1067790824_f3cc97239b.jpg,10,0.6095,0.758,0.1485,"['3070031806_3d587c2a66.jpg', '254527963_3f5824b0e8.jpg', '566921157_07c18a41e2.jpg']","[0.758, 0.7439, 0.7202]"
22,one dog is chasing another one on the beach,1067790824_f3cc97239b.jpg,-1,0.5628,0.8599,0.2971,"['496555371_3e1ee0d97d.jpg', '3070031806_3d587c2a66.jpg', '566921157_07c18a41e2.jpg']","[0.8599, 0.8154, 0.7751]"
23,the two large dogs are running through sand,1067790824_f3cc97239b.jpg,-1,0.5524,0.8271,0.2748,"['496555371_3e1ee0d97d.jpg', '2434006663_207a284cec.jpg', '566921157_07c18a41e2.jpg']","[0.8271, 0.8132, 0.7671]"
24,two large dogs chasing each other at the beach,1067790824_f3cc97239b.jpg,9,0.6291,0.8318,0.2027,"['2434006663_207a284cec.jpg', '566921157_07c18a41e2.jpg', '496555371_3e1ee0d97d.jpg']","[0.8318, 0.8145, 0.8013]"
25,a boy is covered in bubbles,1075881101_d55c46bece.jpg,-1,0.1657,0.702,0.5364,"['3517362674_0f5296de19.jpg', '3338291921_fe7ae0c8f8.jpg', '1308472581_9961782889.jpg']","[0.702, 0.6394, 0.6281]"
26,a person covered in soapy water is getting cleaned off,1075881101_d55c46bece.jpg,-1,0.2486,0.7793,0.5307,"['2704934519_457dc38986.jpg', '1159574340_99ba8c3c59.jpg', '3058627443_1d57ff0a2c.jpg']","[0.7793, 0.6971, 0.6896]"
27,a child covered in foam is climbing on a black inflatable ramp,1075881101_d55c46bece.jpg,-1,0.1937,0.7589,0.5652,"['2597737483_6518a230e4.jpg', '3150315970_8f045c41a4.jpg', '640409060_6af18fdd54.jpg']","[0.7589, 0.6978, 0.6834]"
28,a boy covered in suds has his face wiped clean,1075881101_d55c46bece.jpg,-1,0.5018,0.6959,0.1941,"['1860543210_47e94cf652.jpg', '860928274_744d14f198.jpg', '3405113041_4b72c24801.jpg']","[0.6959, 0.6711, 0.6556]"
29,a boy cleans the bubbles off his face,1075881101_d55c46bece.jpg,-1,0.3185,0.6913,0.3728,"['3517362674_0f5296de19.jpg', '2735792721_b8fe85e803.jpg', '3338291921_fe7ae0c8f8.jpg']","[0.6913, 0.6222, 0.5889]"
31,a large white dog lying on the floor,1084040636_97d9633581.jpg,3,0.7914,0.8713,0.0799,"['2550109269_bc4262bd27.jpg', '3439982121_0afc6d5973.jpg', '1084040636_97d9633581.jpg']","[0.8713, 0.84, 0.7914]"
32,a white dog has its head on the ground,1084040636_97d9633581.jpg,2,0.7602,0.7818,0.0216,"['416106657_cab2a107a5.jpg', '1084040636_97d9633581.jpg', '1932161768_996eadac87.jpg']","[0.7818, 0.7602, 0.6924]"
34,a white dog rests its head on the patio bricks,1084040636_97d9633581.jpg,2,0.7958,0.8351,0.0393,"['2550109269_bc4262bd27.jpg', '1084040636_97d9633581.jpg', '2702506716_17a7fb3ba4.jpg']","[0.8351, 0.7958, 0.7276]"
35,woman n blue jacket sits on daft horse near a frozen lake,109202756_b97fcdc62c.jpg,2,0.7373,0.7583,0.0211,"['1234293791_6566284bcd.jpg', '109202756_b97fcdc62c.jpg', '942399470_6132d3e5d2.jpg']","[0.7583, 0.7373, 0.6932]"
36,a woman rides a horse near a frozen lake in the wintertime,109202756_b97fcdc62c.jpg,4,0.7526,0.8309,0.0783,"['1234293791_6566284bcd.jpg', '2656987333_80dcc82c05.jpg', '3138562460_44227a35cf.jpg']","[0.8309, 0.8303, 0.7999]"
38,a woman in a blue jacket rides a brown pony near water,109202756_b97fcdc62c.jpg,3,0.6141,0.6498,0.0357,"['2084217208_7bd9bc85e5.jpg', '3705688385_47651205d3.jpg', '109202756_b97fcdc62c.jpg']","[0.6498, 0.6208, 0.6141]"
40,a woman in a blue dress stands with a chalk portrait of two children playing by a stream,1093737381_b313cd49ff.jpg,-1,0.0836,0.707,0.6234,"['1248357227_2b4175fc39.jpg', '3637013_c675de7705.jpg', '2852982055_8112d0964f.jpg']","[0.707, 0.6175, 0.6115]"
41,a woman standing in front of a chalk drawing,1093737381_b313cd49ff.jpg,-1,0.2476,0.676,0.4285,"['374124237_51f62b6937.jpg', '2504277798_936a09c74d.jpg', '3213395965_2a823c6865.jpg']","[0.676, 0.6602, 0.6477]"
42,a woman stands next to a chalk drawing in front of a barnlike structure,1093737381_b313cd49ff.jpg,-1,0.2888,0.7632,0.4744,"['2504277798_936a09c74d.jpg', '3106340185_80d0cb770a.jpg', '3503011427_a4ee547c77.jpg']","[0.7632, 0.7406, 0.6634]"
43,a woman stands outside near an elaborate chalk illustration,1093737381_b313cd49ff.jpg,9,0.5678,0.6997,0.1319,"['2504277798_936a09c74d.jpg', '3503011427_a4ee547c77.jpg', '3543378438_47e2712486.jpg']","[0.6997, 0.68, 0.628]"
44,a woman wearing a blue dress is drawing a picture of a boy and a girl on the sidewalk with sidewalk chalk,1093737381_b313cd49ff.jpg,-1,0.315,0.6876,0.3726,"['1332208215_fa824f6659.jpg', '3661659196_6ed90f96c0.jpg', '617038406_4092ee91dd.jpg']","[0.6876, 0.6598, 0.6416]"
45,a young boy is jumping through water being sprayed up from the ground,1095476286_87d4f8664e.jpg,4,0.6585,0.7646,0.1061,"['2937697444_2367ff0e28.jpg', '2410618963_fb78307d18.jpg', '195962284_e57178054a.jpg']","[0.7646, 0.7576, 0.6965]"
46,a little boy playing in the water,1095476286_87d4f8664e.jpg,-1,0.5308,0.8239,0.2931,"['1308472581_9961782889.jpg', '3208074567_ac44aeb3f3.jpg', '3666537170_c4ecda4be8.jpg']","[0.8239, 0.7612, 0.6733]"
48,a boy plays in the fountains,1095476286_87d4f8664e.jpg,3,0.7724,0.7845,0.0122,"['1308472581_9961782889.jpg', '2410618963_fb78307d18.jpg', '1095476286_87d4f8664e.jpg']","[0.7845, 0.7738, 0.7724]"
50,a black and white dog drinking water from a water spray,1096097967_ac305887b4.jpg,-1,0.6168,0.7655,0.1487,"['2209496328_2a34fd201d.jpg', '2339946012_06bd480ab8.jpg', '3695949492_27ca3892fd.jpg']","[0.7655, 0.7461, 0.7337]"
51,a black and white dog is being soaked with a jet of water in a blue paddling pool,1096097967_ac305887b4.jpg,3,0.7445,0.785,0.0405,"['2677656448_6b7e7702af.jpg', '3712742641_641282803e.jpg', '1096097967_ac305887b4.jpg']","[0.785, 0.7553, 0.7445]"
52,a dog sticking its face into the shower from a garden hose,1096097967_ac305887b4.jpg,-1,0.3056,0.6667,0.3611,"['3595643050_d312e4b652.jpg', '1095476286_87d4f8664e.jpg', '3052196390_c59dd24ca8.jpg']","[0.6667, 0.6613, 0.6469]"
53,a small white dog gets sprayed by water,1096097967_ac305887b4.jpg,-1,0.3405,0.7886,0.4481,"['2100046085_69b59b6645.jpg', '2865376471_43c5e6b941.jpg', '3224578187_749882c17f.jpg']","[0.7886, 0.6423, 0.6404]"
54,a white and black dog is jumping into a pool,1096097967_ac305887b4.jpg,5,0.7021,0.747,0.0449,"['2677656448_6b7e7702af.jpg', '2461616306_3ee7ac1b4b.jpg', '1236964638_1808784a3c.jpg']","[0.747, 0.7434, 0.7223]"
56,a person dressed in a tan jacket jumps a quad over a harvested cornfield in front of a small out building,109823397_e35154645f.jpg,-1,0.2796,0.7775,0.4978,"['3686924335_3c51e8834a.jpg', '3329169877_175cb16845.jpg', '3519815055_304dc8e8d6.jpg']","[0.7775, 0.7033, 0.676]"
58,a man on a fourwheeler jumps near a small building,109823397_e35154645f.jpg,-1,0.456,0.7572,0.3012,"['2328104318_5a43ca170c.jpg', '3686924335_3c51e8834a.jpg', '2565350330_c7f305e7f7.jpg']","[0.7572, 0.7067, 0.6612]"
60,a boy carrying a soccer ball,1104133405_c04a00707f.jpg,5,0.7295,0.7896,0.0601,"['2962977152_9d6958fdd5.jpg', '3506607642_40037b3fbf.jpg', '3363836972_c87b58c948.jpg']","[0.7896, 0.7751, 0.7737]"
62,a boy walks with a soccer ball near a fence,1104133405_c04a00707f.jpg,2,0.6658,0.7318,0.066,"['2107838729_a527e434bd.jpg', '1104133405_c04a00707f.jpg', '278608022_4175813019.jpg']","[0.7318, 0.6658, 0.6585]"
63,a boy wearing a white tshirt walks on the grass and carries a soccer ball,1104133405_c04a00707f.jpg,2,0.7854,0.7979,0.0126,"['278608022_4175813019.jpg', '1104133405_c04a00707f.jpg', '3363836972_c87b58c948.jpg']","[0.7979, 0.7854, 0.7519]"
64,small boy carries a soccer ball on a field,1104133405_c04a00707f.jpg,3,0.7311,0.7542,0.0231,"['3363836972_c87b58c948.jpg', '2962977152_9d6958fdd5.jpg', '1104133405_c04a00707f.jpg']","[0.7542, 0.7397, 0.7311]"
66,a man climbs a rocky wall,111537222_07e56d5a30.jpg,7,0.6207,0.9044,0.2837,"['415793623_6c1225ae27.jpg', '486917990_72bd4069af.jpg', '236095031_5cb17dc54a.jpg']","[0.9044, 0.8023, 0.7731]"
67,a rock climber climbs a large rock,111537222_07e56d5a30.jpg,-1,0.3656,0.7629,0.3972,"['466956675_a2fb6bf901.jpg', '2480832276_fa55480ecb.jpg', '236095031_5cb17dc54a.jpg']","[0.7629, 0.7018, 0.68]"
68,a woman in purple snakeskin pants climbs a rock,111537222_07e56d5a30.jpg,-1,0.3604,0.7841,0.4237,"['236095031_5cb17dc54a.jpg', '2623560640_0445c9a138.jpg', '136639119_6040b00946.jpg']","[0.7841, 0.7312, 0.7139]"
70,a child playing with a fountain at the beach,1115565519_d976d4b1f1.jpg,-1,0.4042,0.7592,0.3551,"['1427391496_ea512cbe7f.jpg', '2456907314_49bc4591c4.jpg', '2903617548_d3e38d7f88.jpg']","[0.7592, 0.7301, 0.6668]"
71,a child plays with a fountain,1115565519_d976d4b1f1.jpg,-1,0.1911,0.7662,0.5751,"['1308472581_9961782889.jpg', '1095476286_87d4f8664e.jpg', '3767841911_6678052eb6.jpg']","[0.7662, 0.7239, 0.6987]"
72,a girl looks at a fountain that sprays water,1115565519_d976d4b1f1.jpg,-1,0.3033,0.6625,0.3592,"['2504277798_936a09c74d.jpg', '2030781555_b7ff7be28f.jpg', '2685752892_9d5cd7f274.jpg']","[0.6625, 0.647, 0.6451]"
73,a little girl playing in water on a frog sculpture,1115565519_d976d4b1f1.jpg,-1,0.135,0.7482,0.6132,"['2594459477_8ca0121a9a.jpg', '2522467011_cc825d89ac.jpg', '444057017_f1e0fcaef7.jpg']","[0.7482, 0.7092, 0.6604]"
74,the little girl is playing with a toy in a public fountain,1115565519_d976d4b1f1.jpg,-1,0.2886,0.6697,0.3811,"['1308472581_9961782889.jpg', '3767841911_6678052eb6.jpg', '2903617548_d3e38d7f88.jpg']","[0.6697, 0.6633, 0.6495]"
76,two dogs in the ocean playing with a toy,1129704496_4a61441f2c.jpg,2,0.7781,0.7834,0.0053,"['2632381125_de32bdfdf6.jpg', '1129704496_4a61441f2c.jpg', '2434006663_207a284cec.jpg']","[0.7834, 0.7781, 0.6849]"
77,two dogs run through the water with a rope in their mouths,1129704496_4a61441f2c.jpg,2,0.805,0.8151,0.0101,"['2632381125_de32bdfdf6.jpg', '1129704496_4a61441f2c.jpg', '481827288_a688be7913.jpg']","[0.8151, 0.805, 0.7382]"
79,a brown and white and a black and white dog hauling in a floating toy from the ocean,1129704496_4a61441f2c.jpg,7,0.6074,0.7197,0.1123,"['2369248869_0266760c4a.jpg', '2696394827_7342ced36f.jpg', '2984174290_a915748d77.jpg']","[0.7197, 0.6515, 0.6491]"
81,two brown dogs in the water,1130401779_8c30182e3e.jpg,2,0.8473,0.8871,0.0398,"['2632381125_de32bdfdf6.jpg', '1130401779_8c30182e3e.jpg', '481827288_a688be7913.jpg']","[0.8871, 0.8473, 0.8344]"
82,two brown dogs running through water,1130401779_8c30182e3e.jpg,2,0.8432,0.8467,0.0035,"['481827288_a688be7913.jpg', '1130401779_8c30182e3e.jpg', '1129704496_4a61441f2c.jpg']","[0.8467, 0.8432, 0.6906]"
83,two brown dogs runs through the water,1130401779_8c30182e3e.jpg,2,0.8404,0.8585,0.0181,"['481827288_a688be7913.jpg', '1130401779_8c30182e3e.jpg', '1129704496_4a61441f2c.jpg']","[0.8585, 0.8404, 0.7103]"
84,two dogs splash through the water,1130401779_8c30182e3e.jpg,-1,0.6489,0.8546,0.2057,"['2289212650_69de7a20b2.jpg', '481827288_a688be7913.jpg', '1129704496_4a61441f2c.jpg']","[0.8546, 0.8043, 0.7563]"
86,a white and brown dog shaking its self dry,1131800850_89c7ffd477.jpg,4,0.6533,0.6885,0.0352,"['453756106_711c20471a.jpg', '1067790824_f3cc97239b.jpg', '3155501473_510f9c9f6b.jpg']","[0.6885, 0.6634, 0.6552]"
87,a furry dog attempts to dry itself by shaking the water off its coat,1131800850_89c7ffd477.jpg,5,0.6108,0.6888,0.078,"['909808296_23c427022d.jpg', '1096097967_ac305887b4.jpg', '2428275562_4bde2bc5ea.jpg']","[0.6888, 0.6839, 0.6647]"
88,a dog is looking at something near the water,1131800850_89c7ffd477.jpg,-1,0.3738,0.7535,0.3796,"['967719295_3257695095.jpg', '2281006675_fde04e93dd.jpg', '2115849046_2aa9fa8d13.jpg']","[0.7535, 0.7352, 0.7016]"
89,a brown and white dog stands outside while it snows,1131800850_89c7ffd477.jpg,10,0.5768,0.7094,0.1326,"['2620113705_a8fa89b8f6.jpg', '3098714492_19939e3b19.jpg', '2259203920_6b93b721ce.jpg']","[0.7094, 0.6832, 0.661]"
90,a child jumping into a lake in a wooded area while another child plays on the shore,1159574340_99ba8c3c59.jpg,-1,0.4872,0.7543,0.267,"['186890601_8a6b0f1769.jpg', '2797438951_88a3ed7541.jpg', '2594459477_8ca0121a9a.jpg']","[0.7543, 0.7098, 0.6142]"
91,a child jumps into the water with his sneakers on,1159574340_99ba8c3c59.jpg,9,0.5339,0.7799,0.246,"['2797438951_88a3ed7541.jpg', '3690425778_3b390b3ea5.jpg', '3741827382_71e93298d0.jpg']","[0.7799, 0.6312, 0.6247]"
92,a kid jumping into a pool of water,1159574340_99ba8c3c59.jpg,-1,0.5106,0.8801,0.3695,"['2461616306_3ee7ac1b4b.jpg', '1236964638_1808784a3c.jpg', '3009018821_ba47396e24.jpg']","[0.8801, 0.8583, 0.777]"
93,little boy in sneakers jumping into water,1159574340_99ba8c3c59.jpg,-1,0.4526,0.6972,0.2446,"['2973638173_0dc21fd443.jpg', '2797438951_88a3ed7541.jpg', '3741827382_71e93298d0.jpg']","[0.6972, 0.654, 0.6388]"
94,the man takes a leap into the water with his shoes on,1159574340_99ba8c3c59.jpg,6,0.6676,0.8348,0.1672,"['2797438951_88a3ed7541.jpg', '3690425778_3b390b3ea5.jpg', '186890601_8a6b0f1769.jpg']","[0.8348, 0.7205, 0.6971]"
103,two children wearing jeans squirt water at each other,1177994172_10d143cb8d.jpg,7,0.5842,0.7071,0.1229,"['2911245290_b2c79f328a.jpg', '2337809114_899ba61330.jpg', '3613030730_0b28b079ba.jpg']","[0.7071, 0.6941, 0.6704]"
110,a girl walking alone at night on a street,1225443522_1633e7121f.jpg,4,0.6749,0.7481,0.0732,"['551664516_78a5131dc4.jpg', '2504277798_936a09c74d.jpg', '635444010_bd81c89ab7.jpg']","[0.7481, 0.7368, 0.7138]"
111,a woman in a blue coat and blue heels walks down a city sidewalk at night,1225443522_1633e7121f.jpg,6,0.7248,0.815,0.0902,"['551664516_78a5131dc4.jpg', '256444892_efcb3bd824.jpg', '495055747_a75872762a.jpg']","[0.815, 0.7821, 0.7745]"
112,a woman walking down a brick sidewalk,1225443522_1633e7121f.jpg,10,0.6577,0.8005,0.1428,"['635444010_bd81c89ab7.jpg', '1952896009_cee8147c90.jpg', '551664516_78a5131dc4.jpg']","[0.8005, 0.7794, 0.7581]"
113,a woman walks down a brick sidewalk at night,1225443522_1633e7121f.jpg,3,0.7846,0.8425,0.0579,"['635444010_bd81c89ab7.jpg', '551664516_78a5131dc4.jpg', '1225443522_1633e7121f.jpg']","[0.8425, 0.8222, 0.7846]"
114,a woman walks down a city sidewalk at night,1225443522_1633e7121f.jpg,3,0.7605,0.8546,0.0941,"['551664516_78a5131dc4.jpg', '635444010_bd81c89ab7.jpg', '1225443522_1633e7121f.jpg']","[0.8546, 0.8024, 0.7605]"
115,the little girl is riding in a brown horse,1234293791_6566284bcd.jpg,2,0.7857,0.8659,0.0801,"['2656987333_80dcc82c05.jpg', '1234293791_6566284bcd.jpg', '3138562460_44227a35cf.jpg']","[0.8659, 0.7857, 0.7828]"
117,a young girl wearing a helmet and riding a brown horse,1234293791_6566284bcd.jpg,3,0.7732,0.8096,0.0365,"['2656987333_80dcc82c05.jpg', '109202756_b97fcdc62c.jpg', '1234293791_6566284bcd.jpg']","[0.8096, 0.777, 0.7732]"
118,a girl rides a horse,1234293791_6566284bcd.jpg,2,0.8176,0.8845,0.0669,"['2656987333_80dcc82c05.jpg', '1234293791_6566284bcd.jpg', '3138562460_44227a35cf.jpg']","[0.8845, 0.8176, 0.8099]"
120,the hatted males pose for a picture,1235580648_7eebaed9bc.jpg,-1,0.5902,0.779,0.1889,"['1860543210_47e94cf652.jpg', '2925737498_57585a7ed9.jpg', '3375549004_beee810e60.jpg']","[0.779, 0.7574, 0.6909]"
121,the two men are wearing tall hats one hat is a red print and the other is gold colored,1235580648_7eebaed9bc.jpg,9,0.6154,0.7714,0.156,"['470887791_86d5a08a38.jpg', '3503623999_bbd5dcfb18.jpg', '2551344688_17a12a6948.jpg']","[0.7714, 0.7505, 0.7238]"
122,two men in tall hats frown at the camera,1235580648_7eebaed9bc.jpg,-1,0.5791,0.8324,0.2534,"['2924884899_f512c84332.jpg', '470887791_86d5a08a38.jpg', '2551344688_17a12a6948.jpg']","[0.8324, 0.7803, 0.727]"
124,two people wearing hats sit and look at the camera,1235580648_7eebaed9bc.jpg,-1,0.3198,0.5945,0.2747,"['3351667846_ac43118ae5.jpg', '3550276904_19de3561c5.jpg', '2837640996_0183db8d93.jpg']","[0.5945, 0.5833, 0.5628]"
125,child flips off pool diving board man and another tumbling child at poolside,1236964638_1808784a3c.jpg,4,0.714,0.8588,0.1448,"['3009018821_ba47396e24.jpg', '1309330801_aeeb23f1ee.jpg', '1991806812_065f747689.jpg']","[0.8588, 0.7666, 0.746]"
126,a child jumping into a swimming pool from the diving board,1236964638_1808784a3c.jpg,2,0.9175,0.941,0.0234,"['2461616306_3ee7ac1b4b.jpg', '1236964638_1808784a3c.jpg', '3009018821_ba47396e24.jpg']","[0.941, 0.9175, 0.8991]"
130,a man sits on a rock,1247181182_35cabd76f3.jpg,3,0.6499,0.7328,0.0829,"['3108378861_d2214d971e.jpg', '3565655045_8eb00b7423.jpg', '1247181182_35cabd76f3.jpg']","[0.7328, 0.7036, 0.6499]"
132,a man wearing a blue shirt crouches on a rocky cliff,1247181182_35cabd76f3.jpg,10,0.597,0.8163,0.2193,"['950273886_88c324e663.jpg', '697778778_b52090709d.jpg', '2480832276_fa55480ecb.jpg']","[0.8163, 0.7693, 0.7165]"
133,a person posing on a mountaintop,1247181182_35cabd76f3.jpg,3,0.7439,0.8139,0.07,"['319869052_08b000e4af.jpg', '455611732_d65bf3e976.jpg', '1247181182_35cabd76f3.jpg']","[0.8139, 0.7856, 0.7439]"
135,three children stand next to a lake with their reflections on the water,1248357227_2b4175fc39.jpg,-1,0.565,0.7567,0.1917,"['2747714500_49476225c6.jpg', '3217893350_57be430d06.jpg', '3501083764_cf592292a6.jpg']","[0.7567, 0.6714, 0.6634]"
136,three children play near a placid lake in a wooded area,1248357227_2b4175fc39.jpg,7,0.5889,0.6756,0.0867,"['3041689520_c481bdb20e.jpg', '534056823_0752303702.jpg', '3501083764_cf592292a6.jpg']","[0.6756, 0.6545, 0.6499]"
137,three children in jackets looking at water s edge looking at their reflections in a lake,1248357227_2b4175fc39.jpg,5,0.6166,0.777,0.1604,"['3217893350_57be430d06.jpg', '2030781555_b7ff7be28f.jpg', '2744330402_824240184c.jpg']","[0.777, 0.6842, 0.6492]"
138,the kids play in the wooded area near the water,1248357227_2b4175fc39.jpg,-1,0.3975,0.6992,0.3017,"['413737417_b0a8b445e9.jpg', '3041689520_c481bdb20e.jpg', '3501083764_cf592292a6.jpg']","[0.6992, 0.6549, 0.6472]"
139,three children looking into the water on a wooded lakeside,1248357227_2b4175fc39.jpg,-1,0.5374,0.603,0.0657,"['3501083764_cf592292a6.jpg', '2852982055_8112d0964f.jpg', '3480052428_c034b98a08.jpg']","[0.603, 0.5997, 0.5964]"
141,a girl in a pink shirt lies on her back in the grass,1248734482_3038218f3b.jpg,2,0.7112,0.7118,0.0007,"['3672940355_47f30e2b28.jpg', '1248734482_3038218f3b.jpg', '3345025842_bc2082a509.jpg']","[0.7118, 0.7112, 0.6821]"
144,girl in pink shirt with white writing lying in grass,1248734482_3038218f3b.jpg,3,0.6753,0.7221,0.0468,"['2909875716_25c8652614.jpg', '763577068_4b96ed768b.jpg', '1248734482_3038218f3b.jpg']","[0.7221, 0.6813, 0.6753]"
145,a boy laying on the grass face down with a football at his feet,1269470943_ba7fc49b4d.jpg,4,0.6388,0.697,0.0582,"['3229913073_e7857a5966.jpg', '2565350330_c7f305e7f7.jpg', '762947607_2001ee4c72.jpg']","[0.697, 0.6627, 0.6597]"
148,the boy is on the ground next to the football,1269470943_ba7fc49b4d.jpg,7,0.5717,0.7063,0.1347,"['964197865_0133acaeb4.jpg', '2648165716_02e2e74fd6.jpg', '1104133405_c04a00707f.jpg']","[0.7063, 0.6769, 0.675]"
149,the little boy fell face first into the grass while playing football,1269470943_ba7fc49b4d.jpg,4,0.6569,0.7745,0.1176,"['1104133405_c04a00707f.jpg', '2648165716_02e2e74fd6.jpg', '964197865_0133acaeb4.jpg']","[0.7745, 0.6905, 0.6748]"
150,two dogs one black and one white face the camera in a field of snow,1287931016_fb015e2e10.jpg,10,0.5652,0.734,0.1688,"['412101267_7257e6d8c0.jpg', '2109911919_af45b93ef3.jpg', '3264650118_be7df266e7.jpg']","[0.734, 0.6613, 0.6131]"
151,two dogs standing in the snow,1287931016_fb015e2e10.jpg,2,0.8204,0.8345,0.0141,"['412101267_7257e6d8c0.jpg', '1287931016_fb015e2e10.jpg', '1067790824_f3cc97239b.jpg']","[0.8345, 0.8204, 0.6974]"
152,a black and a white dog on the snow,1287931016_fb015e2e10.jpg,2,0.7156,0.7184,0.0028,"['2545192257_142fe9e2de.jpg', '1287931016_fb015e2e10.jpg', '1067790824_f3cc97239b.jpg']","[0.7184, 0.7156, 0.6379]"
154,two dogs stand in the snow,1287931016_fb015e2e10.jpg,2,0.8125,0.8815,0.069,"['412101267_7257e6d8c0.jpg', '1287931016_fb015e2e10.jpg', '1067790824_f3cc97239b.jpg']","[0.8815, 0.8125, 0.7058]"
155,man in suit is using his cellphone while sitting on a train,1298866571_b4c496b71c.jpg,-1,0.2516,0.6619,0.4103,"['397601572_9587a39291.jpg', '543264612_c53cc163b4.jpg', '2525666287_638ab5e784.jpg']","[0.6619, 0.6616, 0.5979]"
156,a young asian man is looking at his cellphone,1298866571_b4c496b71c.jpg,-1,0.2523,0.7327,0.4804,"['2267819545_446c5a3e18.jpg', '2647049174_0fb47cee2e.jpg', '1417295167_5299df6db8.jpg']","[0.7327, 0.6948, 0.6377]"
157,a asian man gives an evil eye to the camera,1298866571_b4c496b71c.jpg,-1,0.4284,0.7583,0.3299,"['1418019748_51c7d59c11.jpg', '2856700531_312528eea4.jpg', '3640241166_b1ab7a8e7a.jpg']","[0.7583, 0.6955, 0.6815]"
158,a man in a suit holds his cellphone in the air,1298866571_b4c496b71c.jpg,-1,0.5805,0.7622,0.1816,"['1860543210_47e94cf652.jpg', '2856700531_312528eea4.jpg', '2267819545_446c5a3e18.jpg']","[0.7622, 0.6884, 0.6772]"
159,a serious looking young man with a suit holds a cellphone,1298866571_b4c496b71c.jpg,-1,0.2784,0.7638,0.4855,"['3627676364_1dc9294ec5.jpg', '3474265683_43b1033d94.jpg', '2267819545_446c5a3e18.jpg']","[0.7638, 0.7274, 0.7179]"
160,a boy in swimming trunks,1299459550_1fd5594fa2.jpg,-1,0.2693,0.7334,0.4641,"['3741827382_71e93298d0.jpg', '3666537170_c4ecda4be8.jpg', '2937697444_2367ff0e28.jpg']","[0.7334, 0.7215, 0.6794]"
161,a toddler in blue shorts is laying face down on the wet ground,1299459550_1fd5594fa2.jpg,-1,0.373,0.6214,0.2484,"['2701487024_e866eb4550.jpg', '2647049174_0fb47cee2e.jpg', '2212472643_80238475b5.jpg']","[0.6214, 0.6058, 0.6043]"
162,a young boy laying face down in water,1299459550_1fd5594fa2.jpg,-1,0.3848,0.8049,0.4201,"['3613030730_0b28b079ba.jpg', '542317719_ed4dd95dc2.jpg', '2842849030_89548af61c.jpg']","[0.8049, 0.75, 0.7452]"
163,boy in shorts face down in shallow reflective water,1299459550_1fd5594fa2.jpg,-1,0.45,0.7259,0.2759,"['3208074567_ac44aeb3f3.jpg', '2842849030_89548af61c.jpg', '1308472581_9961782889.jpg']","[0.7259, 0.6686, 0.6622]"
164,the boy in swim trunks is laying face down on a watery pavement,1299459550_1fd5594fa2.jpg,-1,0.1903,0.817,0.6267,"['3741827382_71e93298d0.jpg', '425088533_a460dc4617.jpg', '2973638173_0dc21fd443.jpg']","[0.817, 0.7186, 0.6968]"
165,a dark haired bearded man wearing a turquoise shirt with a yellow peace sign on it,1303727066_23d0f6ed43.jpg,-1,0.3836,0.6895,0.306,"['2888732432_7e907a3df1.jpg', '3132760860_3e743a935d.jpg', '3230101918_7d81cb0fc8.jpg']","[0.6895, 0.6848, 0.6679]"
166,a man wearing a peace sign on his shirt smiles,1303727066_23d0f6ed43.jpg,-1,0.4039,0.7636,0.3597,"['3230101918_7d81cb0fc8.jpg', '656260720_a7db4ce48b.jpg', '3412249548_00820fc4ca.jpg']","[0.7636, 0.6206, 0.6122]"
167,a man with a peace sign shirt stops to look at something,1303727066_23d0f6ed43.jpg,4,0.6109,0.7302,0.1193,"['2856700531_312528eea4.jpg', '1396703063_e8c3687afe.jpg', '3268443910_b36dbc1e5c.jpg']","[0.7302, 0.7019, 0.6414]"
168,a smiling bearded man wears a shirt with an orange peace sign,1303727066_23d0f6ed43.jpg,-1,0.4431,0.703,0.2598,"['3230101918_7d81cb0fc8.jpg', '415793623_6c1225ae27.jpg', '2815256108_fc1302117d.jpg']","[0.703, 0.6517, 0.6236]"
169,the tshirt worn by the man has a bright orange peace symbol on the back,1303727066_23d0f6ed43.jpg,-1,0.2781,0.7734,0.4953,"['3630332976_fdba22c50b.jpg', '470887791_86d5a08a38.jpg', '3230101918_7d81cb0fc8.jpg']","[0.7734, 0.7296, 0.7112]"
170,girls with a blue bucket is playing and splashing in the ocean water,1308472581_9961782889.jpg,-1,0.4346,0.6905,0.2559,"['1299459550_1fd5594fa2.jpg', '3229282764_a4a515f4e2.jpg', '2747714500_49476225c6.jpg']","[0.6905, 0.6833, 0.6796]"
171,a young girl plays under a pier with a blue bucket,1308472581_9961782889.jpg,6,0.5882,0.6577,0.0695,"['2903617548_d3e38d7f88.jpg', '640409060_6af18fdd54.jpg', '1427391496_ea512cbe7f.jpg']","[0.6577, 0.6422, 0.6265]"
172,the girl with the blue bucket splashes beneath the pier,1308472581_9961782889.jpg,-1,0.593,0.7721,0.1791,"['2594459477_8ca0121a9a.jpg', '2685752892_9d5cd7f274.jpg', '2107838729_a527e434bd.jpg']","[0.7721, 0.6924, 0.6807]"
173,a boy in blue shirt splashing in water under a dock,1308472581_9961782889.jpg,2,0.7747,0.8166,0.0418,"['2107838729_a527e434bd.jpg', '1308472581_9961782889.jpg', '2685752892_9d5cd7f274.jpg']","[0.8166, 0.7747, 0.7291]"
174,a laughing girl holding a bucket splashes in the ocean,1308472581_9961782889.jpg,9,0.5721,0.774,0.2019,"['2726262796_03bd63a155.jpg', '3229282764_a4a515f4e2.jpg', '2701487024_e866eb4550.jpg']","[0.774, 0.7538, 0.7303]"
175,one girl is doing a handstand on an outdoor trampoline while another girl stands on the trampoline with one hand in the air,1309330801_aeeb23f1ee.jpg,2,0.6718,0.6973,0.0255,"['1991806812_065f747689.jpg', '1309330801_aeeb23f1ee.jpg', '2335428699_4eba9b6245.jpg']","[0.6973, 0.6718, 0.659]"
177,the children are playing on the trampoline,1309330801_aeeb23f1ee.jpg,-1,0.39,0.6994,0.3094,"['693785581_68bec8312a.jpg', '2687328779_b4356dab16.jpg', '2335428699_4eba9b6245.jpg']","[0.6994, 0.6796, 0.6398]"
178,two girls are performing tricks on a trampoline,1309330801_aeeb23f1ee.jpg,6,0.5899,0.6881,0.0982,"['2687328779_b4356dab16.jpg', '2599131872_65789d86d5.jpg', '3178599352_c57fdebcd2.jpg']","[0.6881, 0.651, 0.6255]"
179,two girls jumping on a trampoline in a backyard,1309330801_aeeb23f1ee.jpg,-1,0.4528,0.7437,0.2909,"['3431101934_99a6c55914.jpg', '2599131872_65789d86d5.jpg', '2979914158_5906470b8f.jpg']","[0.7437, 0.7399, 0.7047]"
180,the little girl smiles at the camera with her eyes closed,1316247213_1d2c726dd5.jpg,-1,0.5836,0.885,0.3013,"['1539166395_0cdc0accee.jpg', '3627011534_485f667b10.jpg', '2456030728_d3d147e774.jpg']","[0.885, 0.8437, 0.8426]"
181,the girl in the purple top and shorts wearing a hat is laughing,1316247213_1d2c726dd5.jpg,9,0.587,0.754,0.167,"['3627011534_485f667b10.jpg', '2676184321_858eff416b.jpg', '1527297882_dededc7891.jpg']","[0.754, 0.7223, 0.6636]"
182,a young girl wearing a snoopy hat and purple shirt stands smiling,1316247213_1d2c726dd5.jpg,6,0.6513,0.7565,0.1052,"['2676184321_858eff416b.jpg', '3627011534_485f667b10.jpg', '1527297882_dededc7891.jpg']","[0.7565, 0.7549, 0.7353]"
183,a closeup of a little girl laughing,1316247213_1d2c726dd5.jpg,9,0.6368,0.8709,0.2341,"['3627011534_485f667b10.jpg', '1539166395_0cdc0accee.jpg', '2456030728_d3d147e774.jpg']","[0.8709, 0.7837, 0.7624]"
184,a girl in a purple shirt and a pink snoopy hat is laughing,1316247213_1d2c726dd5.jpg,6,0.6671,0.8117,0.1446,"['2676184321_858eff416b.jpg', '1527297882_dededc7891.jpg', '3184031654_34b5c4ffe1.jpg']","[0.8117, 0.6919, 0.6851]"
187,a golden retriever walking through high grass,1324816249_86600a6759.jpg,2,0.7019,0.8111,0.1092,"['1969573381_5ecfae4c80.jpg', '1324816249_86600a6759.jpg', '3518675890_2f65e23ff9.jpg']","[0.8111, 0.7019, 0.7005]"
188,a tan dog running through a field with his tongue hanging out,1324816249_86600a6759.jpg,9,0.5017,0.6863,0.1846,"['2764732789_1392e962d0.jpg', '240583223_e26e17ee96.jpg', '2632366677_43dee456a5.jpg']","[0.6863, 0.6631, 0.6315]"
189,a tan dog walks along a grassy path with his long pink tongue hanging out,1324816249_86600a6759.jpg,6,0.5822,0.7958,0.2136,"['240583223_e26e17ee96.jpg', '2632366677_43dee456a5.jpg', '3435035138_af32890a4c.jpg']","[0.7958, 0.7424, 0.7176]"
190,several people sit on a train,1332208215_fa824f6659.jpg,6,0.5575,0.653,0.0956,"['2525666287_638ab5e784.jpg', '255091927_2eb643beb2.jpg', '2744330402_824240184c.jpg']","[0.653, 0.6394, 0.6237]"
191,people sit inside a train,1332208215_fa824f6659.jpg,4,0.6299,0.7016,0.0717,"['403678611_73978faed7.jpg', '255091927_2eb643beb2.jpg', '3497234632_6ec740fc1e.jpg']","[0.7016, 0.64, 0.6394]"
194,people on a subway,1332208215_fa824f6659.jpg,7,0.5851,0.6583,0.0731,"['3084018061_df66d98325.jpg', '3497234632_6ec740fc1e.jpg', '2602258549_7401a3cdae.jpg']","[0.6583, 0.6577, 0.6479]"
195,three women standing on a city street,1332722096_1e3de8ae70.jpg,5,0.5925,0.6652,0.0727,"['3111897772_5211a37a02.jpg', '1389264266_8170bc1c54.jpg', '3565598162_56044bc2f7.jpg']","[0.6652, 0.6591, 0.6352]"
196,three women walk down the street,1332722096_1e3de8ae70.jpg,2,0.7433,0.7695,0.0262,"['3111897772_5211a37a02.jpg', '1332722096_1e3de8ae70.jpg', '2302747917_aa0300eb68.jpg']","[0.7695, 0.7433, 0.7212]"
197,two girls and a woman walking on the sidewalk,1332722096_1e3de8ae70.jpg,4,0.734,0.818,0.0839,"['3415228562_4efa9c9b70.jpg', '537359971_6e28f5e66e.jpg', '2672588619_3849930e99.jpg']","[0.818, 0.7683, 0.7396]"
198,two girls in bright green boots and a woman are together,1332722096_1e3de8ae70.jpg,-1,0.489,0.7684,0.2794,"['537359971_6e28f5e66e.jpg', '3404552106_f516df0f5b.jpg', '3688858505_e8afd1475d.jpg']","[0.7684, 0.738, 0.706]"
199,two young ladies in green boots are walking through an urban area while an older lady wearing black shoes follows them,1332722096_1e3de8ae70.jpg,5,0.7239,0.854,0.1301,"['537359971_6e28f5e66e.jpg', '1389264266_8170bc1c54.jpg', '3111897772_5211a37a02.jpg']","[0.854, 0.8033, 0.738]"
200,a young man wearing swimming goggles wearing a blue shirt with a pirate skull on it,1343426964_cde3fb54e8.jpg,4,0.6423,0.7509,0.1086,"['3412249548_00820fc4ca.jpg', '897621891_efb1e00d1d.jpg', '2842849030_89548af61c.jpg']","[0.7509, 0.6695, 0.6516]"
201,a young kid at the beach,1343426964_cde3fb54e8.jpg,-1,0.18,0.7955,0.6155,"['3532194771_07faf20d76.jpg', '254527963_3f5824b0e8.jpg', '339350939_6643bfb270.jpg']","[0.7955, 0.7096, 0.7092]"
202,a blond boy in a blue tee shirts stands smiling before a craft of green nylon fabric,1343426964_cde3fb54e8.jpg,-1,0.0313,0.792,0.7608,"['3494394662_3edfd4a34c.jpg', '3178489390_13a6ae7524.jpg', '3405942945_f4af2934a6.jpg']","[0.792, 0.6419, 0.5974]"
203,a child poses wearing glasses near water outside,1343426964_cde3fb54e8.jpg,-1,0.2248,0.6416,0.4168,"['1308472581_9961782889.jpg', '374103842_17873ce505.jpg', '2685752892_9d5cd7f274.jpg']","[0.6416, 0.5968, 0.5956]"
204,a small girl smiling on the beach,1343426964_cde3fb54e8.jpg,-1,0.3156,0.6824,0.3668,"['3229282764_a4a515f4e2.jpg', '2456030728_d3d147e774.jpg', '2726262796_03bd63a155.jpg']","[0.6824, 0.6821, 0.678]"
205,a dog in midair cathing the red ball,1346529555_e916816cfe.jpg,-1,0.3873,0.8119,0.4246,"['539750844_02a07ec524.jpg', '3155390408_8e1a81efb2.jpg', '3544673666_ffc7483c96.jpg']","[0.8119, 0.7495, 0.6939]"
206,a dog retrieves a golf ball,1346529555_e916816cfe.jpg,-1,0.2352,0.7231,0.488,"['539750844_02a07ec524.jpg', '496971341_22782195f0.jpg', '1026685415_0431cbf574.jpg']","[0.7231, 0.6702, 0.5896]"
207,a little brown dog stands on his hind legs with a red toy in its mouth,1346529555_e916816cfe.jpg,6,0.5798,0.7637,0.1839,"['2374247382_023a86b9ca.jpg', '3751594676_edfbfa0688.jpg', '244399048_8332bb3270.jpg']","[0.7637, 0.638, 0.619]"
208,a terrier who jumped up has a red ball in his mouth,1346529555_e916816cfe.jpg,-1,0.2956,0.7709,0.4753,"['496971341_22782195f0.jpg', '539750844_02a07ec524.jpg', '2374247382_023a86b9ca.jpg']","[0.7709, 0.6565, 0.6546]"
209,a yorkie jumped into the air to catch a red ball in its mouth,1346529555_e916816cfe.jpg,-1,0.2695,0.6778,0.4083,"['2698614194_b4e6e11dff.jpg', '539750844_02a07ec524.jpg', '3155390408_8e1a81efb2.jpg']","[0.6778, 0.648, 0.6219]"
214,a man walks his dog near the ocean,1348947380_14f0fc1237.jpg,2,0.6926,0.6927,0.0001,"['140430106_2978fda105.jpg', '1348947380_14f0fc1237.jpg', '2281006675_fde04e93dd.jpg']","[0.6927, 0.6926, 0.6629]"
215,a young boy casting his fishing line off a pier,1350811702_2ce7cfd0c5.jpg,-1,0.3628,0.8117,0.4489,"['1427391496_ea512cbe7f.jpg', '2107838729_a527e434bd.jpg', '2456907314_49bc4591c4.jpg']","[0.8117, 0.7932, 0.7739]"
216,children fishing off a bridge,1350811702_2ce7cfd0c5.jpg,2,0.7083,0.7241,0.0158,"['268654674_d29e00b3d0.jpg', '1350811702_2ce7cfd0c5.jpg', '2594459477_8ca0121a9a.jpg']","[0.7241, 0.7083, 0.6919]"
218,young boy standing next to water casting his fishing rod with others next to him,1350811702_2ce7cfd0c5.jpg,-1,0.2021,0.8741,0.672,"['2271468944_3264d29208.jpg', '2107838729_a527e434bd.jpg', '1308472581_9961782889.jpg']","[0.8741, 0.8095, 0.7499]"
219,young boy wearing waders standing on a dock fishing other people are in the background,1350811702_2ce7cfd0c5.jpg,-1,0.1847,0.7689,0.5842,"['2456907314_49bc4591c4.jpg', '1427391496_ea512cbe7f.jpg', '2271468944_3264d29208.jpg']","[0.7689, 0.7464, 0.6944]"
220,the dog in the red vest runs in the field,1359101233_16c2c150e3.jpg,-1,0.3241,0.8422,0.5181,"['512101751_05a6d93e19.jpg', '2764732789_1392e962d0.jpg', '3347701468_bb0001b035.jpg']","[0.8422, 0.6805, 0.649]"
221,a tan dog wearing a red shirt runs through the grass,1359101233_16c2c150e3.jpg,-1,0.4804,0.765,0.2846,"['2942133798_e57c862a90.jpg', '1346529555_e916816cfe.jpg', '2764732789_1392e962d0.jpg']","[0.765, 0.7445, 0.6913]"
222,a dog with long hair and a red vest runs in the grass,1359101233_16c2c150e3.jpg,4,0.6974,0.8617,0.1643,"['2764732789_1392e962d0.jpg', '512101751_05a6d93e19.jpg', '2942133798_e57c862a90.jpg']","[0.8617, 0.7521, 0.6979]"
223,a dog in a red jacket is running on the grass,1359101233_16c2c150e3.jpg,-1,0.4501,0.7448,0.2946,"['1346529555_e916816cfe.jpg', '763577068_4b96ed768b.jpg', '1514957266_a19827c538.jpg']","[0.7448, 0.7217, 0.691]"
224,a dog wearing a red saddle is running across a field with low grass and trees nearby,1359101233_16c2c150e3.jpg,-1,0.4887,0.6896,0.2009,"['3036033157_522a43a550.jpg', '2730994020_64ac1d18be.jpg', '3029715635_43ab414dfb.jpg']","[0.6896, 0.6837, 0.6641]"
225,a climber is attempting to climb around an overhang above the woods,136639119_6040b00946.jpg,4,0.6207,0.6977,0.077,"['466956675_a2fb6bf901.jpg', '2480832276_fa55480ecb.jpg', '3301754574_465af5bf6d.jpg']","[0.6977, 0.6679, 0.6619]"
226,a man climbs up a cliff and reaches an overhang,136639119_6040b00946.jpg,-1,0.4343,0.7419,0.3076,"['236095031_5cb17dc54a.jpg', '486917990_72bd4069af.jpg', '415793623_6c1225ae27.jpg']","[0.7419, 0.7408, 0.7402]"
227,a man is rock climbing under a large cliff,136639119_6040b00946.jpg,-1,0.5668,0.8154,0.2486,"['236095031_5cb17dc54a.jpg', '486917990_72bd4069af.jpg', '415793623_6c1225ae27.jpg']","[0.8154, 0.7722, 0.7715]"
228,a person is rock climbing,136639119_6040b00946.jpg,3,0.7336,0.8654,0.1317,"['466956675_a2fb6bf901.jpg', '2623560640_0445c9a138.jpg', '136639119_6040b00946.jpg']","[0.8654, 0.7674, 0.7336]"
229,climber on rock formation using ropes,136639119_6040b00946.jpg,7,0.611,0.734,0.123,"['319869052_08b000e4af.jpg', '3582066525_e9d6377f56.jpg', '236095031_5cb17dc54a.jpg']","[0.734, 0.7059, 0.7058]"
230,two girls wearing goth trendy clothing while one looks back at the camera,1389264266_8170bc1c54.jpg,-1,0.209,0.744,0.5349,"['3184031654_34b5c4ffe1.jpg', '3534824784_7133119316.jpg', '654130822_4aeb1f1273.jpg']","[0.744, 0.6926, 0.6755]"
231,two girls walking down the street,1389264266_8170bc1c54.jpg,8,0.6766,0.7815,0.105,"['2672588619_3849930e99.jpg', '537359971_6e28f5e66e.jpg', '2302747917_aa0300eb68.jpg']","[0.7815, 0.7706, 0.7672]"
232,two young girls wearing goth clothes,1389264266_8170bc1c54.jpg,-1,0.515,0.777,0.2619,"['3661072592_2e693cd5a0.jpg', '3035118753_69287079dc.jpg', '3184031654_34b5c4ffe1.jpg']","[0.777, 0.7755, 0.7111]"
233,a girl with pink streaked hair and fur uggs looks back while the girl walking next to her looks at her,1389264266_8170bc1c54.jpg,-1,0.3538,0.6851,0.3313,"['537359971_6e28f5e66e.jpg', '2672588619_3849930e99.jpg', '3415228562_4efa9c9b70.jpg']","[0.6851, 0.6846, 0.6759]"
234,two girls facing each other one has a skull face bag wearing a red and black shirt the other is wearing a beaded belt,1389264266_8170bc1c54.jpg,-1,0.2466,0.8528,0.6062,"['3035118753_69287079dc.jpg', '2337809114_899ba61330.jpg', '2599131872_65789d86d5.jpg']","[0.8528, 0.6897, 0.6679]"
235,a man in a blue shirt cowboy hat and a cross neckless walking in front of a carnival or amusement park ride,1396703063_e8c3687afe.jpg,-1,0.4901,0.6714,0.1813,"['2815256108_fc1302117d.jpg', '3230101918_7d81cb0fc8.jpg', '3347500603_13670ee6bf.jpg']","[0.6714, 0.6646, 0.6617]"
236,a man in a hat white shirt and gold chain with a cross,1396703063_e8c3687afe.jpg,-1,0.5672,0.7729,0.2057,"['358607894_5abb1250d3.jpg', '3030962048_f71948226c.jpg', '942399470_6132d3e5d2.jpg']","[0.7729, 0.7295, 0.6998]"
237,a man wearing a cowboy hat and a gold cross around his neck,1396703063_e8c3687afe.jpg,3,0.7233,0.7957,0.0725,"['358607894_5abb1250d3.jpg', '2924884899_f512c84332.jpg', '1396703063_e8c3687afe.jpg']","[0.7957, 0.7711, 0.7233]"
238,a man wearing a white shirt gold cross and a cowboy hat is standing in front of a roller coaster,1396703063_e8c3687afe.jpg,-1,0.536,0.7065,0.1706,"['358607894_5abb1250d3.jpg', '2815256108_fc1302117d.jpg', '397601572_9587a39291.jpg']","[0.7065, 0.6646, 0.6528]"
240,a black dog in front of a white dog walking on a path in a forest,1403414927_5f80281505.jpg,4,0.6973,0.7951,0.0978,"['909808296_23c427022d.jpg', '359082432_c1fd5aa2d6.jpg', '3330935489_9cb67ca36b.jpg']","[0.7951, 0.7353, 0.7302]"
241,a white and a gray dog walking along a path in the wood,1403414927_5f80281505.jpg,4,0.7148,0.7337,0.0188,"['416106657_cab2a107a5.jpg', '2714220101_c31db50b10.jpg', '1932161768_996eadac87.jpg']","[0.7337, 0.7196, 0.7158]"
244,white dog and black dog going down trail in wooded area,1403414927_5f80281505.jpg,5,0.676,0.7892,0.1132,"['3330935489_9cb67ca36b.jpg', '1932161768_996eadac87.jpg', '416106657_cab2a107a5.jpg']","[0.7892, 0.7557, 0.7503]"
245,a dog is running along a beach on a sunny day,140430106_2978fda105.jpg,-1,0.6146,0.8726,0.2579,"['3562282690_cd2a95fe9e.jpg', '339350939_6643bfb270.jpg', '3673165148_67f217064f.jpg']","[0.8726, 0.8127, 0.812]"
246,a dog running at the beach in front of the ocean and a bright blue cloudy sky,140430106_2978fda105.jpg,2,0.8528,0.8631,0.0103,"['1799271536_6e69c8f1dc.jpg', '140430106_2978fda105.jpg', '2281006675_fde04e93dd.jpg']","[0.8631, 0.8528, 0.8309]"
247,a dog runs along the short at a beach,140430106_2978fda105.jpg,9,0.7123,0.8332,0.121,"['1799271536_6e69c8f1dc.jpg', '3562282690_cd2a95fe9e.jpg', '460478198_83039f2593.jpg']","[0.8332, 0.8247, 0.8106]"
248,a lean dog runs along the beach,140430106_2978fda105.jpg,7,0.7384,0.8538,0.1154,"['3562282690_cd2a95fe9e.jpg', '1799271536_6e69c8f1dc.jpg', '3673165148_67f217064f.jpg']","[0.8538, 0.8455, 0.7857]"
249,slender dog running in the sand on a sunny day,140430106_2978fda105.jpg,4,0.6374,0.7319,0.0945,"['3562282690_cd2a95fe9e.jpg', '2407470303_6fd5e3600d.jpg', '3241965735_8742782a70.jpg']","[0.7319, 0.7066, 0.6392]"
250,guy in red shorts jumping up in front of volleyball net,1414820925_3504c394e1.jpg,-1,0.1407,0.8848,0.7441,"['2061354254_faa5bd294b.jpg', '1991806812_065f747689.jpg', '3442978981_53bf1f45f3.jpg']","[0.8848, 0.7648, 0.764]"
251,athletic man spiking volleyball,1414820925_3504c394e1.jpg,-1,0.1311,0.7646,0.6335,"['2561334141_0aacefa5e7.jpg', '3425071001_e7c9809ef2.jpg', '3649307685_60c1294d2a.jpg']","[0.7646, 0.7582, 0.6779]"
252,a man in red swim trunks playing volleyball,1414820925_3504c394e1.jpg,-1,0.1731,0.7589,0.5857,"['1159574340_99ba8c3c59.jpg', '3268443910_b36dbc1e5c.jpg', '3177298173_78cea31d64.jpg']","[0.7589, 0.7018, 0.7004]"
253,a man in red shorts jumping in back of a volleyball net,1414820925_3504c394e1.jpg,-1,0.1468,0.8366,0.6897,"['2061354254_faa5bd294b.jpg', '1991806812_065f747689.jpg', '2698487246_e827404cac.jpg']","[0.8366, 0.7679, 0.7515]"
254,a man in red shorts jumps behind a volleyball net,1414820925_3504c394e1.jpg,-1,0.1054,0.8048,0.6995,"['2061354254_faa5bd294b.jpg', '1991806812_065f747689.jpg', '3442978981_53bf1f45f3.jpg']","[0.8048, 0.7838, 0.7436]"
255,a man holds a drink in one hand and looks at his cellphone,1417295167_5299df6db8.jpg,5,0.6961,0.7737,0.0776,"['278002800_3817135105.jpg', '1860543210_47e94cf652.jpg', '1418019748_51c7d59c11.jpg']","[0.7737, 0.7227, 0.7154]"
256,a man stares intently at his cellphone as he carries a greencolored drink,1417295167_5299df6db8.jpg,3,0.708,0.745,0.037,"['1418019748_51c7d59c11.jpg', '2623247254_3bfc795121.jpg', '1417295167_5299df6db8.jpg']","[0.745, 0.7271, 0.708]"
257,a man wearing glasses is reading his cellphone and holding a drink in the other hand,1417295167_5299df6db8.jpg,10,0.6101,0.7556,0.1454,"['3412249548_00820fc4ca.jpg', '1418019748_51c7d59c11.jpg', '2267819545_446c5a3e18.jpg']","[0.7556, 0.7144, 0.7119]"
258,the man holds a drink and uses his cellphone,1417295167_5299df6db8.jpg,6,0.6577,0.6894,0.0317,"['278002800_3817135105.jpg', '1418019748_51c7d59c11.jpg', '3535056297_e16f014cb7.jpg']","[0.6894, 0.6862, 0.6697]"
259,the young man is holding a drink and checking his cellphone,1417295167_5299df6db8.jpg,-1,0.5423,0.6782,0.1358,"['2856700531_312528eea4.jpg', '2676648667_cb055b4fc6.jpg', '2267819545_446c5a3e18.jpg']","[0.6782, 0.6715, 0.6634]"
261,an older man in a baseball cap,1418019748_51c7d59c11.jpg,-1,0.3572,0.8372,0.48,"['2924884899_f512c84332.jpg', '1396703063_e8c3687afe.jpg', '3134585858_a8c3493ca5.jpg']","[0.8372, 0.7698, 0.6604]"
262,a man in a white shirt and blue hat is speaking,1418019748_51c7d59c11.jpg,-1,0.5153,0.7587,0.2434,"['358607894_5abb1250d3.jpg', '3066338314_2c3fb731d1.jpg', '2924884899_f512c84332.jpg']","[0.7587, 0.6924, 0.6526]"
263,a man dressed in a white shirt blue baseball cap while wearing gloves holding a red and white checkered food wrapping,1418019748_51c7d59c11.jpg,-1,0.5159,0.7019,0.186,"['2551344688_17a12a6948.jpg', '2924884899_f512c84332.jpg', '862187579_9faf4a51e0.jpg']","[0.7019, 0.6996, 0.6425]"
264,a man wearing a white shirt and gloves is holding a checkered box,1418019748_51c7d59c11.jpg,2,0.7355,0.7602,0.0247,"['2856700531_312528eea4.jpg', '1418019748_51c7d59c11.jpg', '2551344688_17a12a6948.jpg']","[0.7602, 0.7355, 0.7232]"
265,two children hang from a metal bar close to the ground,1424237335_b3be9920ba.jpg,-1,0.2297,0.6765,0.4468,"['2542037086_58c833699c.jpg', '510510783_b2cf5d57bb.jpg', '2707873672_15e6b5d54b.jpg']","[0.6765, 0.6745, 0.6448]"
266,two little girls are hanging by their arms from a metal bar,1424237335_b3be9920ba.jpg,-1,0.4595,0.6872,0.2277,"['510510783_b2cf5d57bb.jpg', '2707873672_15e6b5d54b.jpg', '2599131872_65789d86d5.jpg']","[0.6872, 0.6716, 0.6414]"
267,two little girls hang on a bar in front of a wooden fence,1424237335_b3be9920ba.jpg,-1,0.4258,0.7348,0.309,"['2599131872_65789d86d5.jpg', '468918320_9c275b877f.jpg', '510510783_b2cf5d57bb.jpg']","[0.7348, 0.7164, 0.6721]"
268,two little girls wearing pink hanging on a tube,1424237335_b3be9920ba.jpg,-1,0.2179,0.7376,0.5197,"['640409060_6af18fdd54.jpg', '444057017_f1e0fcaef7.jpg', '2542037086_58c833699c.jpg']","[0.7376, 0.7136, 0.696]"
269,two smiling little blonde girls in pink pants swing from a metal bar,1424237335_b3be9920ba.jpg,-1,0.4129,0.8212,0.4083,"['493109089_468e105233.jpg', '3454988449_1de1ef4f20.jpg', '444057017_f1e0fcaef7.jpg']","[0.8212, 0.7541, 0.738]"
270,two men wearing hats are shown at the front of a crowd of people,1425919702_ddb761aeec.jpg,4,0.5914,0.7781,0.1867,"['2924884899_f512c84332.jpg', '470887791_86d5a08a38.jpg', '3640109324_3ce89e4d1a.jpg']","[0.7781, 0.6787, 0.6348]"
271,people wait patiently in the seats for the show to begin,1425919702_ddb761aeec.jpg,-1,0.1915,0.7733,0.5817,"['3392019836_c7aeebca1c.jpg', '3543378438_47e2712486.jpg', '3697378565_7060d9281a.jpg']","[0.7733, 0.7007, 0.6933]"
272,a group of people sit watching an event behind a tim hortons sign,1425919702_ddb761aeec.jpg,9,0.5648,0.785,0.2201,"['3319338707_892ae2a660.jpg', '2602258549_7401a3cdae.jpg', '3066338314_2c3fb731d1.jpg']","[0.785, 0.7173, 0.696]"
273,a crowd of people are sitting in seats in a sports ground bleachers,1425919702_ddb761aeec.jpg,-1,0.4082,0.6466,0.2384,"['255091927_2eb643beb2.jpg', '3404870997_7b0cd755de.jpg', '3631474374_e40764d153.jpg']","[0.6466, 0.6461, 0.6129]"
275,a child in a black shirt standing on a wooden dock near a picnic table,1427391496_ea512cbe7f.jpg,3,0.6849,0.6928,0.0079,"['2685752892_9d5cd7f274.jpg', '2456907314_49bc4591c4.jpg', '1427391496_ea512cbe7f.jpg']","[0.6928, 0.6905, 0.6849]"
276,a little boy is smiling for the camera on a playground,1427391496_ea512cbe7f.jpg,-1,0.5989,0.7663,0.1673,"['964197865_0133acaeb4.jpg', '2556392380_ee57514233.jpg', '3612249030_e2829ffa31.jpg']","[0.7663, 0.7366, 0.7033]"
278,a young child stands on a wood dock next to the water,1427391496_ea512cbe7f.jpg,2,0.7365,0.7673,0.0307,"['2107838729_a527e434bd.jpg', '1427391496_ea512cbe7f.jpg', '2685752892_9d5cd7f274.jpg']","[0.7673, 0.7365, 0.7359]"
280,two people stand on the edge of a recently snowed on cliff,1428578577_82864facae.jpg,-1,0.2991,0.6864,0.3873,"['268654674_d29e00b3d0.jpg', '359837950_9e22ffe6c2.jpg', '319869052_08b000e4af.jpg']","[0.6864, 0.6299, 0.6236]"
281,two people standing on top of a rock in the middle of snow and cloud,1428578577_82864facae.jpg,-1,0.4882,0.7283,0.2401,"['369360998_ba56fb436f.jpg', '534056823_0752303702.jpg', '3264650118_be7df266e7.jpg']","[0.7283, 0.7141, 0.6987]"
282,two hikers wearing dark clothes rest on a snow covered peak,1428578577_82864facae.jpg,-1,0.444,0.7929,0.349,"['2053733930_e245615ad4.jpg', '2272823323_3b7291cd47.jpg', '2109911919_af45b93ef3.jpg']","[0.7929, 0.7433, 0.7274]"
283,two people pose for a picture amidst a snowy rocky landscape,1428578577_82864facae.jpg,-1,0.4513,0.7865,0.3352,"['2109911919_af45b93ef3.jpg', '2272823323_3b7291cd47.jpg', '3264650118_be7df266e7.jpg']","[0.7865, 0.6937, 0.6929]"
284,two people standing at the edge of a snow covered cliff,1428578577_82864facae.jpg,-1,0.5493,0.7316,0.1823,"['530888330_a18343e38d.jpg', '2109911919_af45b93ef3.jpg', '534056823_0752303702.jpg']","[0.7316, 0.7133, 0.71]"
285,a bald man with a tattooed head stands next to a man with a brown tshirt in front of a transparent awning,1429723917_6af585e4c0.jpg,-1,0.5245,0.7608,0.2363,"['2219959872_988e6d498e.jpg', '374103842_17873ce505.jpg', '3091962081_194f2f3bd4.jpg']","[0.7608, 0.7121, 0.7014]"
286,a bald man with tattoos on his head a face stands with a man in tan with backs turned to the camera,1429723917_6af585e4c0.jpg,-1,0.503,0.7754,0.2725,"['1418019748_51c7d59c11.jpg', '2551344688_17a12a6948.jpg', '1417295167_5299df6db8.jpg']","[0.7754, 0.7192, 0.713]"
287,two men are standing one has body modifications and the other is wearing a hat,1429723917_6af585e4c0.jpg,-1,0.5075,0.7341,0.2266,"['2551344688_17a12a6948.jpg', '470887791_86d5a08a38.jpg', '2924884899_f512c84332.jpg']","[0.7341, 0.7236, 0.6714]"
288,two men one of which is bald in a bathroom,1429723917_6af585e4c0.jpg,-1,0.3338,0.6123,0.2785,"['1418019748_51c7d59c11.jpg', '2891240104_6755281868.jpg', '3105929913_94a6882e25.jpg']","[0.6123, 0.5986, 0.5935]"
289,two men walk down a street one with a black shirt and facial tattoos,1429723917_6af585e4c0.jpg,-1,0.181,0.6768,0.4958,"['3463268965_f22884fc69.jpg', '445861800_75fc6a8c16.jpg', '2845845721_d0bc113ff7.jpg']","[0.6768, 0.6486, 0.6396]"
290,two people standing on the side of a city street,1432342377_3e41603f26.jpg,-1,0.467,0.8354,0.3685,"['2222559267_6fd31e3941.jpg', '1225443522_1633e7121f.jpg', '1859726819_9a793b3b44.jpg']","[0.8354, 0.7313, 0.7189]"
291,two people wait to cross the street,1432342377_3e41603f26.jpg,-1,0.3624,0.7422,0.3798,"['2222559267_6fd31e3941.jpg', '2877159456_ea4a46b0d2.jpg', '3499720588_c32590108e.jpg']","[0.7422, 0.7408, 0.6854]"
292,two people are standing near a curb outside a store,1432342377_3e41603f26.jpg,-1,0.4625,0.7063,0.2438,"['1859726819_9a793b3b44.jpg', '3503011427_a4ee547c77.jpg', '1429723917_6af585e4c0.jpg']","[0.7063, 0.6877, 0.6719]"
293,a man and a woman are standing on the curb,1432342377_3e41603f26.jpg,6,0.5974,0.8128,0.2154,"['2222559267_6fd31e3941.jpg', '3242007318_01e82171aa.jpg', '1389264266_8170bc1c54.jpg']","[0.8128, 0.7453, 0.6467]"
294,a woman wearing a blue shirt and high heels stands on the sidewalk next to a man,1432342377_3e41603f26.jpg,2,0.7471,0.7797,0.0326,"['454686980_7517fe0c2e.jpg', '1432342377_3e41603f26.jpg', '3415228562_4efa9c9b70.jpg']","[0.7797, 0.7471, 0.6987]"
296,a man on a motorcycle steers through swampy terrain,143552829_72b6ba49d4.jpg,5,0.6773,0.7375,0.0602,"['161669933_3e7d8c7e2c.jpg', '2891617125_f939f604c7.jpg', '95728660_d47de66544.jpg']","[0.7375, 0.7078, 0.6841]"
297,a man rides his bike over rocks and a creek,143552829_72b6ba49d4.jpg,2,0.7574,0.7605,0.0031,"['2162564553_96de62c7e6.jpg', '143552829_72b6ba49d4.jpg', '697778778_b52090709d.jpg']","[0.7605, 0.7574, 0.7441]"
298,a motocross bike is being ridden between markers in a running stream,143552829_72b6ba49d4.jpg,2,0.7497,0.7894,0.0397,"['479807833_85eed6899c.jpg', '143552829_72b6ba49d4.jpg', '697778778_b52090709d.jpg']","[0.7894, 0.7497, 0.6915]"
300,two dogs swimming with a stick,1439282131_3814d6ae04.jpg,3,0.7766,0.8294,0.0528,"['2089350172_dc2cf9fcf6.jpg', '2696394827_7342ced36f.jpg', '1439282131_3814d6ae04.jpg']","[0.8294, 0.793, 0.7766]"
301,two dogs in the water fighting over a stick,1439282131_3814d6ae04.jpg,6,0.7058,0.8908,0.185,"['2632381125_de32bdfdf6.jpg', '2633201394_ee4a7666ed.jpg', '1129704496_4a61441f2c.jpg']","[0.8908, 0.7719, 0.7435]"
302,two dogs in the surf holding on to the same stick,1439282131_3814d6ae04.jpg,9,0.622,0.8211,0.1991,"['2632381125_de32bdfdf6.jpg', '1129704496_4a61441f2c.jpg', '2434006663_207a284cec.jpg']","[0.8211, 0.7228, 0.7058]"
303,the two dogs are in the water retrieving a stick,1439282131_3814d6ae04.jpg,6,0.7514,0.8542,0.1028,"['2632381125_de32bdfdf6.jpg', '2696394827_7342ced36f.jpg', '2633201394_ee4a7666ed.jpg']","[0.8542, 0.8203, 0.7947]"
304,two dogs are holding the same stick in their mouths while in the water,1439282131_3814d6ae04.jpg,5,0.6975,0.8404,0.1429,"['1129704496_4a61441f2c.jpg', '2632381125_de32bdfdf6.jpg', '2696394827_7342ced36f.jpg']","[0.8404, 0.8023, 0.7797]"
306,a little girl holding a camera,1449692616_60507875fb.jpg,2,0.8673,0.8698,0.0026,"['2456030728_d3d147e774.jpg', '1449692616_60507875fb.jpg', '3426144752_28d63615ca.jpg']","[0.8698, 0.8673, 0.7374]"
307,a small child wearing a grey and purple shirt playing with a black camera,1449692616_60507875fb.jpg,2,0.7513,0.8424,0.0911,"['2456030728_d3d147e774.jpg', '1449692616_60507875fb.jpg', '1539166395_0cdc0accee.jpg']","[0.8424, 0.7513, 0.7435]"
310,some young girls standing in a group some with their arms around each other,1454841725_4b6e6199e2.jpg,2,0.8154,0.8193,0.0039,"['3242718240_3358f2d6e6.jpg', '1454841725_4b6e6199e2.jpg', '3661072592_2e693cd5a0.jpg']","[0.8193, 0.8154, 0.7688]"
311,four young girls posing for the camera,1454841725_4b6e6199e2.jpg,3,0.7274,0.7969,0.0695,"['3242718240_3358f2d6e6.jpg', '2728276857_3f83757ef2.jpg', '1454841725_4b6e6199e2.jpg']","[0.7969, 0.7659, 0.7274]"
313,four girls pose in front of a crowd,1454841725_4b6e6199e2.jpg,3,0.7425,0.8036,0.061,"['3242718240_3358f2d6e6.jpg', '2257294002_0073263c54.jpg', '1454841725_4b6e6199e2.jpg']","[0.8036, 0.7791, 0.7425]"
314,four young girls pose for a picture at school,1454841725_4b6e6199e2.jpg,2,0.8363,0.8374,0.0011,"['3242718240_3358f2d6e6.jpg', '1454841725_4b6e6199e2.jpg', '2728276857_3f83757ef2.jpg']","[0.8374, 0.8363, 0.6905]"
319,an egret stands on a rock at the edge of a river,145721496_687af9bb18.jpg,-1,0.4674,0.7328,0.2654,"['2452686995_621878f561.jpg', '2521983429_33218366bd.jpg', '319869052_08b000e4af.jpg']","[0.7328, 0.7285, 0.7188]"
320,two women riding tricycles,1461329041_c623b06e5b.jpg,-1,0.4872,0.7348,0.2476,"['3352697012_751b079bbb.jpg', '2557972410_6925fe695c.jpg', '3726120436_740bda8416.jpg']","[0.7348, 0.6526, 0.6448]"
321,two women on low riding threewheeled vehicles with baskets,1461329041_c623b06e5b.jpg,-1,0.3834,0.7374,0.354,"['3530087422_7eb2b2c289.jpg', '492341908_1ef53be265.jpg', '2557972410_6925fe695c.jpg']","[0.7374, 0.7091, 0.6913]"
322,two women ride their three wheelers,1461329041_c623b06e5b.jpg,-1,0.4611,0.6682,0.2071,"['3726120436_740bda8416.jpg', '3183883750_b6acc40397.jpg', '3352697012_751b079bbb.jpg']","[0.6682, 0.6676, 0.6593]"
323,the two ladies are riding bicycles near the beach,1461329041_c623b06e5b.jpg,-1,0.5414,0.6522,0.1109,"['3674521435_89ff681074.jpg', '3130064588_6d1d3fa2dd.jpg', '3513265399_a32e8cfd18.jpg']","[0.6522, 0.6348, 0.6059]"
324,two women in summer wear ride beach cruiser tricycles on the concrete near the beach,1461329041_c623b06e5b.jpg,-1,0.3237,0.6557,0.332,"['2335428699_4eba9b6245.jpg', '3070031806_3d587c2a66.jpg', '2830869109_c4e403eae6.jpg']","[0.6557, 0.6068, 0.6037]"
325,a kayaker is battling waves in a purple boat while wearing rain gear,146577646_9e64b8c2dc.jpg,2,0.7844,0.8236,0.0392,"['482088914_e6ea4501e9.jpg', '146577646_9e64b8c2dc.jpg', '3421131122_2e4bde661e.jpg']","[0.8236, 0.7844, 0.7772]"
326,a man is paddling in whitewater rapids,146577646_9e64b8c2dc.jpg,2,0.8001,0.8724,0.0723,"['482088914_e6ea4501e9.jpg', '146577646_9e64b8c2dc.jpg', '3421131122_2e4bde661e.jpg']","[0.8724, 0.8001, 0.7036]"
327,a man kayaks in rough water,146577646_9e64b8c2dc.jpg,2,0.8789,0.9241,0.0452,"['482088914_e6ea4501e9.jpg', '146577646_9e64b8c2dc.jpg', '3421131122_2e4bde661e.jpg']","[0.9241, 0.8789, 0.8166]"
328,man in a kayak swimming in rough waters,146577646_9e64b8c2dc.jpg,2,0.8878,0.8923,0.0045,"['3421131122_2e4bde661e.jpg', '146577646_9e64b8c2dc.jpg', '482088914_e6ea4501e9.jpg']","[0.8923, 0.8878, 0.8617]"
329,person kayaking in white water,146577646_9e64b8c2dc.jpg,2,0.8953,0.913,0.0178,"['482088914_e6ea4501e9.jpg', '146577646_9e64b8c2dc.jpg', '3421131122_2e4bde661e.jpg']","[0.913, 0.8953, 0.8717]"
330,a black dog splashes through water,1470132731_fa416b7504.jpg,6,0.7638,0.8881,0.1243,"['3640020134_367941f5ec.jpg', '2756636539_cc1eacbf4a.jpg', '247778426_fd59734130.jpg']","[0.8881, 0.843, 0.8249]"
331,a black dog running through water,1470132731_fa416b7504.jpg,6,0.7221,0.8475,0.1254,"['3640020134_367941f5ec.jpg', '247778426_fd59734130.jpg', '2378127945_8dc9da82d7.jpg']","[0.8475, 0.8214, 0.8146]"
332,a black dog runs through the water,1470132731_fa416b7504.jpg,4,0.7882,0.8793,0.0911,"['3640020134_367941f5ec.jpg', '2756636539_cc1eacbf4a.jpg', '2565685680_c30972455d.jpg']","[0.8793, 0.8356, 0.8055]"
333,a black dog is running in the water,1470132731_fa416b7504.jpg,5,0.7589,0.8593,0.1004,"['3640020134_367941f5ec.jpg', '2756636539_cc1eacbf4a.jpg', '247778426_fd59734130.jpg']","[0.8593, 0.8374, 0.8274]"
334,a black dog running into the water,1470132731_fa416b7504.jpg,6,0.7186,0.874,0.1553,"['3640020134_367941f5ec.jpg', '2378127945_8dc9da82d7.jpg', '527968666_1fcddf81ab.jpg']","[0.874, 0.7951, 0.7677]"
335,a black dog runs on green grass with its mouth open,1514957266_a19827c538.jpg,6,0.6886,0.8521,0.1636,"['689776124_07f560a920.jpg', '3036033157_522a43a550.jpg', '428796930_476a3d6395.jpg']","[0.8521, 0.8415, 0.7662]"
336,a dog runs across the grass,1514957266_a19827c538.jpg,2,0.7572,0.7729,0.0157,"['2764732789_1392e962d0.jpg', '1514957266_a19827c538.jpg', '2942133798_e57c862a90.jpg']","[0.7729, 0.7572, 0.7344]"
338,a lean dog runs through green grass,1514957266_a19827c538.jpg,6,0.682,0.8586,0.1766,"['2584487952_f70e5aa9bf.jpg', '763577068_4b96ed768b.jpg', '459814265_d48ba48978.jpg']","[0.8586, 0.7263, 0.7004]"
340,light brown dog running towards something at the beach,1526325728_74eb4153d8.jpg,-1,0.5979,0.891,0.2931,"['140430106_2978fda105.jpg', '2952141476_fc9a48a60a.jpg', '3235746553_a40416c00e.jpg']","[0.891, 0.8103, 0.7447]"
341,the large grey colored dog is jumping on the beach,1526325728_74eb4153d8.jpg,3,0.7269,0.7814,0.0545,"['140430106_2978fda105.jpg', '1799271536_6e69c8f1dc.jpg', '1526325728_74eb4153d8.jpg']","[0.7814, 0.7593, 0.7269]"
342,the brown dog is standing on the sandy beach,1526325728_74eb4153d8.jpg,2,0.8429,0.8564,0.0135,"['3235746553_a40416c00e.jpg', '1526325728_74eb4153d8.jpg', '140430106_2978fda105.jpg']","[0.8564, 0.8429, 0.8369]"
343,a grey dog plays in the sand at the ocean,1526325728_74eb4153d8.jpg,6,0.7608,0.8352,0.0744,"['2090997177_76d482b158.jpg', '254527963_3f5824b0e8.jpg', '460478198_83039f2593.jpg']","[0.8352, 0.8006, 0.7918]"
344,a grey colored dog walks in wet sand at a beach,1526325728_74eb4153d8.jpg,5,0.7231,0.7918,0.0688,"['2090997177_76d482b158.jpg', '254527963_3f5824b0e8.jpg', '140430106_2978fda105.jpg']","[0.7918, 0.7824, 0.778]"
345,a man dressed as jack sparrow from pirates of the caribbean,1527297882_dededc7891.jpg,-1,0.4095,0.7409,0.3314,"['1418019748_51c7d59c11.jpg', '2328616978_fb21be2b87.jpg', '2551344688_17a12a6948.jpg']","[0.7409, 0.7136, 0.7048]"
346,a man wearing a doorag with long hair stares right in the camera,1527297882_dededc7891.jpg,-1,0.4912,0.8245,0.3333,"['1418019748_51c7d59c11.jpg', '3726700898_c50494b8bd.jpg', '3098707588_5096d20397.jpg']","[0.8245, 0.6685, 0.6507]"
348,a young man with brown eyes is dressed up like jack sparrow,1527297882_dededc7891.jpg,7,0.5874,0.704,0.1166,"['1418019748_51c7d59c11.jpg', '1298866571_b4c496b71c.jpg', '3229898555_16877f5180.jpg']","[0.704, 0.6967, 0.6762]"
349,the long haired man is dressed up as a pirate with a red bandanna,1527297882_dededc7891.jpg,-1,0.5029,0.7897,0.2868,"['2551344688_17a12a6948.jpg', '1235580648_7eebaed9bc.jpg', '3174726084_c108de0a64.jpg']","[0.7897, 0.7592, 0.7238]"
350,a young girl with curly hair with a white shirt with a skull and bones picture on it,1539166395_0cdc0accee.jpg,6,0.6959,0.8122,0.1163,"['3627011534_485f667b10.jpg', '2721656220_5f4cda8bc1.jpg', '2456030728_d3d147e774.jpg']","[0.8122, 0.7468, 0.7279]"
351,a small child with curly hair is on a riding toy,1539166395_0cdc0accee.jpg,5,0.6899,0.803,0.113,"['2374247382_023a86b9ca.jpg', '3751594676_edfbfa0688.jpg', '964197865_0133acaeb4.jpg']","[0.803, 0.7886, 0.7052]"
352,a child with a skull on his shirt is sitting in front of some plants and a building and is holding onto handlebars,1539166395_0cdc0accee.jpg,-1,0.3171,0.6628,0.3456,"['543264612_c53cc163b4.jpg', '758921886_55a351dd67.jpg', '3698944019_825ef54f2f.jpg']","[0.6628, 0.581, 0.5787]"
353,a curlyhaired child in a white tshirt grasps the handlebars of a riding toy,1539166395_0cdc0accee.jpg,10,0.5455,0.6637,0.1182,"['543264612_c53cc163b4.jpg', '964197865_0133acaeb4.jpg', '3751594676_edfbfa0688.jpg']","[0.6637, 0.6295, 0.6038]"
354,a little girl with curly hair sitting on a teeter totter,1539166395_0cdc0accee.jpg,-1,0.5264,0.7223,0.1959,"['640409060_6af18fdd54.jpg', '2456030728_d3d147e774.jpg', '758921886_55a351dd67.jpg']","[0.7223, 0.6524, 0.6524]"
356,two boys are kicking a ball to each other in the park,154871781_ae77696b77.jpg,5,0.6826,0.7609,0.0783,"['1269470943_ba7fc49b4d.jpg', '221973402_ecb1cd51f1.jpg', '278608022_4175813019.jpg']","[0.7609, 0.7257, 0.7232]"
357,two boys have made a goal out of two jackets in order to play soccer,154871781_ae77696b77.jpg,-1,0.4962,0.7048,0.2086,"['3584406900_039f30b34c.jpg', '3656104088_a0d1642fa9.jpg', '3317960829_78bbfafbb6.jpg']","[0.7048, 0.7009, 0.6367]"
358,two boys kick around a ball in a meadow,154871781_ae77696b77.jpg,-1,0.6158,0.869,0.2532,"['278608022_4175813019.jpg', '3506607642_40037b3fbf.jpg', '2962977152_9d6958fdd5.jpg']","[0.869, 0.8181, 0.7562]"
359,two kids play soccer in a field,154871781_ae77696b77.jpg,3,0.7899,0.8597,0.0699,"['278608022_4175813019.jpg', '3506607642_40037b3fbf.jpg', '154871781_ae77696b77.jpg']","[0.8597, 0.8565, 0.7899]"
361,black dog with blue string in its mouth,1562392511_522a26063b.jpg,-1,0.4631,0.7724,0.3093,"['428796930_476a3d6395.jpg', '1026685415_0431cbf574.jpg', '3223224391_be50bf4f43.jpg']","[0.7724, 0.7649, 0.7491]"
362,two men handle a grey dog with a blue knotted rope in its mouth,1562392511_522a26063b.jpg,3,0.7107,0.7947,0.0841,"['2340919359_f56787d307.jpg', '2561334141_0aacefa5e7.jpg', '1562392511_522a26063b.jpg']","[0.7947, 0.7217, 0.7107]"
363,two men lift a brown dog up so it can grab a large blue rope hanging down a black wall,1562392511_522a26063b.jpg,-1,0.4248,0.7017,0.2769,"['1659358133_95cd1027bd.jpg', '2960033435_c20cc7399a.jpg', '2340919359_f56787d307.jpg']","[0.7017, 0.691, 0.6359]"
364,two men under a dog hanging by its mouth from a rope,1562392511_522a26063b.jpg,-1,0.4857,0.7127,0.227,"['2960033435_c20cc7399a.jpg', '1348947380_14f0fc1237.jpg', '3595643050_d312e4b652.jpg']","[0.7127, 0.6806, 0.675]"
365,mountain climbers are setting up their tents,1584315962_5b0b45d02d.jpg,5,0.7019,0.7609,0.059,"['319870744_0e0138d205.jpg', '2053733930_e245615ad4.jpg', '3340575518_137ce2695f.jpg']","[0.7609, 0.7423, 0.7268]"
366,a person setting up a tent beside a few other tents on the snowy ground,1584315962_5b0b45d02d.jpg,6,0.5703,0.6655,0.0952,"['3519815055_304dc8e8d6.jpg', '2603792708_18a97bac97.jpg', '181777261_84c48b31cb.jpg']","[0.6655, 0.6604, 0.6227]"
367,with a pack and ski pole on the ground a man wearing a winter coat is holding a tent while other tents are already set up,1584315962_5b0b45d02d.jpg,2,0.6146,0.6335,0.0189,"['3596959859_a7cb1e194b.jpg', '1584315962_5b0b45d02d.jpg', '3351493005_6e5030f596.jpg']","[0.6335, 0.6146, 0.6064]"
368,a man holds a flag next to a snowbound campsite,1584315962_5b0b45d02d.jpg,-1,0.0679,0.7347,0.6668,"['1429723917_6af585e4c0.jpg', '1057210460_09c6f4c6c1.jpg', '3726700898_c50494b8bd.jpg']","[0.7347, 0.6567, 0.6404]"
369,a man with a texas flag stands in the snow by tents,1584315962_5b0b45d02d.jpg,-1,0.3473,0.7028,0.3555,"['2194494220_bb2178832c.jpg', '3338217927_3c5cf3f7c6.jpg', '2328616978_fb21be2b87.jpg']","[0.7028, 0.6731, 0.6717]"
370,a competitive motorcycle racer prepares to make a left turn along a paved road,161669933_3e7d8c7e2c.jpg,5,0.6357,0.8017,0.1659,"['2911928620_06c3fa293e.jpg', '3530502404_f8c3a3f61c.jpg', '3534952095_975cca0056.jpg']","[0.8017, 0.6869, 0.6798]"
371,a man rides a motorcycle with the number 5 on it,161669933_3e7d8c7e2c.jpg,7,0.7573,0.885,0.1277,"['3079073247_97e88e2eb7.jpg', '3530502404_f8c3a3f61c.jpg', '2911928620_06c3fa293e.jpg']","[0.885, 0.8848, 0.87]"
372,a motorcycle driver swerves to the left,161669933_3e7d8c7e2c.jpg,7,0.6051,0.8558,0.2507,"['3530502404_f8c3a3f61c.jpg', '3079073247_97e88e2eb7.jpg', '3534952095_975cca0056.jpg']","[0.8558, 0.7834, 0.7349]"
373,a motorcycle with number five on front is being ridden by a rider wearing a red helmet,161669933_3e7d8c7e2c.jpg,7,0.6971,0.8906,0.1935,"['2911928620_06c3fa293e.jpg', '2891617125_f939f604c7.jpg', '3488512097_e500cb499f.jpg']","[0.8906, 0.8557, 0.8245]"
374,professional motorcycle racer turning a corner,161669933_3e7d8c7e2c.jpg,9,0.6246,0.7687,0.1441,"['3534952095_975cca0056.jpg', '2911928620_06c3fa293e.jpg', '3530502404_f8c3a3f61c.jpg']","[0.7687, 0.7666, 0.7574]"
375,times square in new york,1643915227_9f48068772.jpg,-1,0.5058,0.8094,0.3036,"['2928835996_88b9f9503d.jpg', '380527679_574749123d.jpg', '3319899418_4bcf1b00d8.jpg']","[0.8094, 0.7709, 0.7559]"
377,some people and vehicles on a crowded street,1643915227_9f48068772.jpg,-1,0.4059,0.7635,0.3575,"['3433470650_a8b1c27173.jpg', '2718376488_3c62f7642c.jpg', '3328535573_33c3cd5b59.jpg']","[0.7635, 0.7426, 0.7085]"
378,a group of people are walking down the sidewalk of a big city,1643915227_9f48068772.jpg,-1,0.6222,0.7948,0.1726,"['3072782873_3278f3b3a7.jpg', '2497074804_b4f3e7fd90.jpg', '256444892_efcb3bd824.jpg']","[0.7948, 0.7412, 0.7119]"
379,pedestrians and cars make their way through times square in new york,1643915227_9f48068772.jpg,7,0.6393,0.7694,0.1301,"['380527679_574749123d.jpg', '3682428916_69ce66d375.jpg', '2088460083_42ee8a595a.jpg']","[0.7694, 0.7212, 0.7202]"
380,a group of mountain climbers,1655781989_b15ab4cbff.jpg,-1,0.5657,0.8663,0.3007,"['413737417_b0a8b445e9.jpg', '3340575518_137ce2695f.jpg', '319870744_0e0138d205.jpg']","[0.8663, 0.8481, 0.7333]"
381,a group of people walking in a line through the snow toward a mountain,1655781989_b15ab4cbff.jpg,5,0.7319,0.7936,0.0617,"['3340575518_137ce2695f.jpg', '413737417_b0a8b445e9.jpg', '3229821595_77ace81c6b.jpg']","[0.7936, 0.7578, 0.7452]"
382,a line of people are making their way through snow covered mountains,1655781989_b15ab4cbff.jpg,5,0.7168,0.766,0.0491,"['1584315962_5b0b45d02d.jpg', '3287963317_186491ee78.jpg', '413737417_b0a8b445e9.jpg']","[0.766, 0.761, 0.7505]"
383,people are walking through a snow covered field with a mountain the background,1655781989_b15ab4cbff.jpg,3,0.7387,0.7697,0.031,"['3340575518_137ce2695f.jpg', '3621647714_fc67ab2617.jpg', '1655781989_b15ab4cbff.jpg']","[0.7697, 0.7469, 0.7387]"
384,people facing mountains in the snow,1655781989_b15ab4cbff.jpg,2,0.7857,0.805,0.0194,"['3287963317_186491ee78.jpg', '1655781989_b15ab4cbff.jpg', '319870744_0e0138d205.jpg']","[0.805, 0.7857, 0.7805]"
385,dog sniffing recently cut tree stump,1659358133_95cd1027bd.jpg,2,0.7093,0.7774,0.0681,"['359082432_c1fd5aa2d6.jpg', '1659358133_95cd1027bd.jpg', '2480832276_fa55480ecb.jpg']","[0.7774, 0.7093, 0.6901]"
386,a dog sniffs a tree stump,1659358133_95cd1027bd.jpg,7,0.6075,0.7321,0.1246,"['359082432_c1fd5aa2d6.jpg', '3330935489_9cb67ca36b.jpg', '909808296_23c427022d.jpg']","[0.7321, 0.709, 0.7063]"
387,the dog is standing outside on a tree stump,1659358133_95cd1027bd.jpg,4,0.6526,0.7993,0.1468,"['3330935489_9cb67ca36b.jpg', '359082432_c1fd5aa2d6.jpg', '2480832276_fa55480ecb.jpg']","[0.7993, 0.7886, 0.6724]"
388,a brown dog sniffs a tree stump,1659358133_95cd1027bd.jpg,6,0.6872,0.7587,0.0715,"['3383491811_fd9d3a891d.jpg', '2480832276_fa55480ecb.jpg', '359082432_c1fd5aa2d6.jpg']","[0.7587, 0.7374, 0.7232]"
389,a dog sniffs a newly cut tree trunk,1659358133_95cd1027bd.jpg,5,0.6428,0.8406,0.1978,"['359082432_c1fd5aa2d6.jpg', '3330935489_9cb67ca36b.jpg', '2480832276_fa55480ecb.jpg']","[0.8406, 0.781, 0.7496]"
390,a tan dog jogging with his tongue hanging out,1659358141_0433c9bf99.jpg,-1,0.1559,0.7629,0.607,"['240583223_e26e17ee96.jpg', '2632366677_43dee456a5.jpg', '2764732789_1392e962d0.jpg']","[0.7629, 0.6704, 0.6627]"
391,a grey dog walks in the green grass tongue hanging out,1659358141_0433c9bf99.jpg,6,0.6832,0.8588,0.1756,"['2066241589_b80e9f676c.jpg', '333973142_abcd151002.jpg', '2445783904_e6c38a3a3d.jpg']","[0.8588, 0.819, 0.7969]"
392,a brown dog is panting hard on grass during a sunny day,1659358141_0433c9bf99.jpg,8,0.6771,0.8434,0.1663,"['3559781965_d4ec00e506.jpg', '427936315_0b8f7b8d23.jpg', '2584487952_f70e5aa9bf.jpg']","[0.8434, 0.8079, 0.7789]"
394,a dog running with tongue hanging out,1659358141_0433c9bf99.jpg,-1,0.244,0.7096,0.4656,"['2764732789_1392e962d0.jpg', '3627011534_485f667b10.jpg', '240583223_e26e17ee96.jpg']","[0.7096, 0.7073, 0.6978]"
395,a man carries a sign while standing in the rain,1663454406_5e2cf8c5bb.jpg,-1,0.2436,0.7417,0.4981,"['495055747_a75872762a.jpg', '3499720588_c32590108e.jpg', '2222559267_6fd31e3941.jpg']","[0.7417, 0.7399, 0.7155]"
396,a man holds a sign in front of a group of people on a cloudy day,1663454406_5e2cf8c5bb.jpg,6,0.6342,0.7562,0.122,"['251958970_fa6b423f23.jpg', '3225037367_a71fa86319.jpg', '2815256108_fc1302117d.jpg']","[0.7562, 0.7399, 0.7316]"
397,a man in sunglasses is holding a sign while four other people look into the distance,1663454406_5e2cf8c5bb.jpg,-1,0.4031,0.7884,0.3854,"['2815256108_fc1302117d.jpg', '432167214_c17fcc1a2d.jpg', '251958970_fa6b423f23.jpg']","[0.7884, 0.7757, 0.6658]"
398,a man wearing sunglasses holds a sign at a demonstration,1663454406_5e2cf8c5bb.jpg,-1,0.1619,0.6413,0.4794,"['2815256108_fc1302117d.jpg', '2437266971_b91a8f9a00.jpg', '432167214_c17fcc1a2d.jpg']","[0.6413, 0.6407, 0.6283]"
399,a young man holds up a hand written sign next to a woman with a multicolored umbrella,1663454406_5e2cf8c5bb.jpg,2,0.7097,0.7361,0.0265,"['3451344589_6787bd06ef.jpg', '1663454406_5e2cf8c5bb.jpg', '251958970_fa6b423f23.jpg']","[0.7361, 0.7097, 0.6943]"
400,a bunch of kids run on a school play field,1685990174_09c4fb7df8.jpg,-1,0.5701,0.7143,0.1442,"['2856080862_95d793fa9d.jpg', '3430100177_5864bf1e73.jpg', '2302747917_aa0300eb68.jpg']","[0.7143, 0.7053, 0.6975]"
401,a group of children in a field,1685990174_09c4fb7df8.jpg,3,0.712,0.7631,0.0511,"['3694093650_547259731e.jpg', '3694219419_a7a83d4886.jpg', '1685990174_09c4fb7df8.jpg']","[0.7631, 0.7314, 0.712]"
402,a group of children running in the grass,1685990174_09c4fb7df8.jpg,9,0.6583,0.818,0.1597,"['2856080862_95d793fa9d.jpg', '154871781_ae77696b77.jpg', '2540751930_d71c7f5622.jpg']","[0.818, 0.7819, 0.7444]"
403,kids play soccer on a field,1685990174_09c4fb7df8.jpg,-1,0.3322,0.8225,0.4902,"['3506607642_40037b3fbf.jpg', '278608022_4175813019.jpg', '2962977152_9d6958fdd5.jpg']","[0.8225, 0.8166, 0.8089]"
404,kids running in the field,1685990174_09c4fb7df8.jpg,-1,0.5945,0.8155,0.221,"['154871781_ae77696b77.jpg', '2856080862_95d793fa9d.jpg', '3515451715_ac5ac04efa.jpg']","[0.8155, 0.7867, 0.6655]"
407,the brown dog is wearing a black collar,1745110280_0cbff5e273.jpg,2,0.7646,0.8172,0.0527,"['3383491811_fd9d3a891d.jpg', '1745110280_0cbff5e273.jpg', '2311690895_0d6efe11c8.jpg']","[0.8172, 0.7646, 0.7363]"
408,a brown dog with a black collar stands next to a bush,1745110280_0cbff5e273.jpg,2,0.7044,0.7406,0.0362,"['3383491811_fd9d3a891d.jpg', '1745110280_0cbff5e273.jpg', '1324816249_86600a6759.jpg']","[0.7406, 0.7044, 0.6684]"
410,a blonde haired woman is pouring drinks at a bar,1798209205_77dbf525b0.jpg,3,0.7241,0.8926,0.1685,"['374124237_51f62b6937.jpg', '3199895624_4f01798c6f.jpg', '1798209205_77dbf525b0.jpg']","[0.8926, 0.7256, 0.7241]"
414,a woman with a tag is pouring red wine in a glass,1798209205_77dbf525b0.jpg,5,0.5774,0.6164,0.0389,"['353180303_6a24179c50.jpg', '2337809114_899ba61330.jpg', '758921886_55a351dd67.jpg']","[0.6164, 0.5832, 0.5801]"
415,long necked dog jumps on,1799271536_6e69c8f1dc.jpg,-1,0.1836,0.7752,0.5916,"['2102581664_5ea50f85c6.jpg', '3415165462_e1cb536d08.jpg', '1659358133_95cd1027bd.jpg']","[0.7752, 0.6828, 0.6667]"
417,an animal running through the sand at the beach,1799271536_6e69c8f1dc.jpg,6,0.6898,0.8384,0.1486,"['2090997177_76d482b158.jpg', '254527963_3f5824b0e8.jpg', '339350939_6643bfb270.jpg']","[0.8384, 0.7644, 0.7271]"
418,a brown and black dog runs down a sandy beach,1799271536_6e69c8f1dc.jpg,7,0.7049,0.8246,0.1197,"['254527963_3f5824b0e8.jpg', '140430106_2978fda105.jpg', '2090997177_76d482b158.jpg']","[0.8246, 0.8109, 0.8053]"
419,an orange cat with black stripes on a beach,1799271536_6e69c8f1dc.jpg,-1,0.4379,0.673,0.2351,"['3229898555_16877f5180.jpg', '2882483779_73c171ac19.jpg', '254527963_3f5824b0e8.jpg']","[0.673, 0.6681, 0.6258]"
420,wet girl in yellow swimsuit looks over cliff to a swimmer in the water,1801063894_60bce29e19.jpg,4,0.6608,0.728,0.0672,"['2704934519_457dc38986.jpg', '911795495_342bb15b97.jpg', '1808370027_2088394eb4.jpg']","[0.728, 0.6975, 0.694]"
422,a girl in a yellow bathing suit stands on a rock over a body of water,1801063894_60bce29e19.jpg,2,0.7228,0.7358,0.013,"['2594459477_8ca0121a9a.jpg', '1801063894_60bce29e19.jpg', '3229282764_a4a515f4e2.jpg']","[0.7358, 0.7228, 0.6817]"
423,a woman in a yellow bathing suit gets ready to jump in the water to join someone,1801063894_60bce29e19.jpg,3,0.7639,0.7925,0.0286,"['2830869109_c4e403eae6.jpg', '2704934519_457dc38986.jpg', '1801063894_60bce29e19.jpg']","[0.7925, 0.7858, 0.7639]"
424,a woman standing on a rock prepares to jump into the water,1801063894_60bce29e19.jpg,2,0.731,0.8407,0.1097,"['3690425778_3b390b3ea5.jpg', '1801063894_60bce29e19.jpg', '319869052_08b000e4af.jpg']","[0.8407, 0.731, 0.7031]"
425,the dog swims through the water toward the waterfall,1808370027_2088394eb4.jpg,6,0.7919,0.8469,0.055,"['431410325_f4916b5460.jpg', '2339946012_06bd480ab8.jpg', '3712742641_641282803e.jpg']","[0.8469, 0.8424, 0.8109]"
426,the dog swims towards a waterfall,1808370027_2088394eb4.jpg,3,0.7334,0.8087,0.0753,"['3712742641_641282803e.jpg', '431410325_f4916b5460.jpg', '1808370027_2088394eb4.jpg']","[0.8087, 0.736, 0.7334]"
429,a dog swims towards a waterfall,1808370027_2088394eb4.jpg,2,0.7406,0.8156,0.075,"['3712742641_641282803e.jpg', '1808370027_2088394eb4.jpg', '431410325_f4916b5460.jpg']","[0.8156, 0.7406, 0.7302]"
430,a beach crowded with beachgoers,181777261_84c48b31cb.jpg,-1,0.4945,0.779,0.2844,"['339350939_6643bfb270.jpg', '2407470303_6fd5e3600d.jpg', '3532194771_07faf20d76.jpg']","[0.779, 0.7247, 0.7226]"
431,a busy beach has people scattered on it watching the sky,181777261_84c48b31cb.jpg,7,0.6641,0.7698,0.1057,"['339350939_6643bfb270.jpg', '3189002057_3ef61b803e.jpg', '3229821595_77ace81c6b.jpg']","[0.7698, 0.7688, 0.7413]"
432,a partly cloudy day at the beach with people standing around and a building on the right,181777261_84c48b31cb.jpg,-1,0.5951,0.904,0.3089,"['339350939_6643bfb270.jpg', '3189002057_3ef61b803e.jpg', '1799271536_6e69c8f1dc.jpg']","[0.904, 0.8522, 0.8238]"
433,beachgoers watch something in the sky,181777261_84c48b31cb.jpg,3,0.6935,0.7938,0.1004,"['3229821595_77ace81c6b.jpg', '2652155912_8ba5426790.jpg', '181777261_84c48b31cb.jpg']","[0.7938, 0.6946, 0.6935]"
434,many people are on the beach near a building with flags flying,181777261_84c48b31cb.jpg,3,0.7139,0.7312,0.0173,"['3229821595_77ace81c6b.jpg', '3697378565_7060d9281a.jpg', '181777261_84c48b31cb.jpg']","[0.7312, 0.7271, 0.7139]"
436,a woman with heavy makeup is standing next to a red light sign,1859726819_9a793b3b44.jpg,5,0.6403,0.7152,0.0749,"['3451344589_6787bd06ef.jpg', '2268729848_d418451226.jpg', '2504277798_936a09c74d.jpg']","[0.7152, 0.7144, 0.6879]"
438,a person wearing a pink jacket who has lots of makeup on walks down a street,1859726819_9a793b3b44.jpg,-1,0.4928,0.7148,0.222,"['536537638_f5ee42410b.jpg', '2760715910_87c7bdeb87.jpg', '3393446245_37dd3f3b59.jpg']","[0.7148, 0.7127, 0.7035]"
439,an upset woman with her makeup streaming down her face from her tears,1859726819_9a793b3b44.jpg,-1,0.2296,0.8013,0.5718,"['1527297882_dededc7891.jpg', '2695085862_2ed62df354.jpg', '2676184321_858eff416b.jpg']","[0.8013, 0.739, 0.7107]"
440,a guy in gray is walking across the street at night,1860543210_47e94cf652.jpg,-1,0.1547,0.7799,0.6252,"['1225443522_1633e7121f.jpg', '495055747_a75872762a.jpg', '256444892_efcb3bd824.jpg']","[0.7799, 0.772, 0.749]"
441,a man walking across a crosswalk with long hair a green hoodie and a backpack,1860543210_47e94cf652.jpg,-1,0.0295,0.7905,0.761,"['3707283973_5cdaa39340.jpg', '506882688_b37d549593.jpg', '495055747_a75872762a.jpg']","[0.7905, 0.7485, 0.7097]"
442,a man with long hair is making an ok sign with his hand while he walks down a street,1860543210_47e94cf652.jpg,-1,0.2737,0.7455,0.4718,"['2815256108_fc1302117d.jpg', '3499720588_c32590108e.jpg', '1057210460_09c6f4c6c1.jpg']","[0.7455, 0.7211, 0.7089]"
443,a man with long hair wearing gray clothes and a backpack,1860543210_47e94cf652.jpg,-1,0.3982,0.7852,0.387,"['3242007318_01e82171aa.jpg', '3125158798_0743dae56e.jpg', '2219959872_988e6d498e.jpg']","[0.7852, 0.7098, 0.6745]"
444,a young man wearing grey pants and backpack with long brown hair,1860543210_47e94cf652.jpg,-1,0.3159,0.7528,0.4369,"['3242007318_01e82171aa.jpg', '544257613_d9a1fea3f7.jpg', '3041645937_ff7591d134.jpg']","[0.7528, 0.7254, 0.6319]"
450,a father feeding his child on the street,191003287_2915c11d8e.jpg,-1,0.4277,0.5944,0.1667,"['2516317118_10ae66b87a.jpg', '3321516504_5ee97771cb.jpg', '1975531316_8b00eeaaf7.jpg']","[0.5944, 0.5729, 0.5695]"
451,a man in a black shirt and his little girl wearing orange are sharing a treat,191003287_2915c11d8e.jpg,5,0.6384,0.8065,0.168,"['278002800_3817135105.jpg', '3042380610_c5ea61eef8.jpg', '3084018061_df66d98325.jpg']","[0.8065, 0.7049, 0.6659]"
452,a man is feeding a child food while sitting near a building with onlookers,191003287_2915c11d8e.jpg,-1,0.4938,0.6913,0.1975,"['343662720_39e4067cd1.jpg', '2030781555_b7ff7be28f.jpg', '2271468944_3264d29208.jpg']","[0.6913, 0.6232, 0.6104]"
453,a man seated serves food to a little girl,191003287_2915c11d8e.jpg,9,0.6313,0.726,0.0947,"['343662720_39e4067cd1.jpg', '3351667846_ac43118ae5.jpg', '3305767464_d64a336f60.jpg']","[0.726, 0.7228, 0.7094]"
455,a white terrior is jumping over a log,1932161768_996eadac87.jpg,6,0.6324,0.7337,0.1012,"['3682038869_585075b5ff.jpg', '3330935489_9cb67ca36b.jpg', '2351479551_e8820a1ff3.jpg']","[0.7337, 0.6854, 0.658]"
457,a small white dog with a blue collar is climbing over a large log,1932161768_996eadac87.jpg,2,0.7877,0.8597,0.0721,"['3330935489_9cb67ca36b.jpg', '1932161768_996eadac87.jpg', '2480832276_fa55480ecb.jpg']","[0.8597, 0.7877, 0.7287]"
458,a small dog steps onto a log,1932161768_996eadac87.jpg,6,0.641,0.7958,0.1548,"['3330935489_9cb67ca36b.jpg', '359082432_c1fd5aa2d6.jpg', '909808296_23c427022d.jpg']","[0.7958, 0.7573, 0.7292]"
460,a woman carrying a purse and a bag with a baby in a backpack walking down a road,1952896009_cee8147c90.jpg,10,0.6087,0.756,0.1473,"['3072782873_3278f3b3a7.jpg', '255330891_86d65dfdbf.jpg', '2798651021_2566f2a47e.jpg']","[0.756, 0.6809, 0.6699]"
461,a woman carrying large bags walks down the street,1952896009_cee8147c90.jpg,4,0.7557,0.8068,0.0511,"['635444010_bd81c89ab7.jpg', '551664516_78a5131dc4.jpg', '256444892_efcb3bd824.jpg']","[0.8068, 0.7804, 0.7685]"
462,a woman walking down the street carrying luggage with a baby on her back,1952896009_cee8147c90.jpg,2,0.6727,0.702,0.0293,"['635444010_bd81c89ab7.jpg', '1952896009_cee8147c90.jpg', '245252561_4f20f1c89e.jpg']","[0.702, 0.6727, 0.6622]"
463,a woman walking on the street with a child on her back and bags under one arm and in her other hand,1952896009_cee8147c90.jpg,5,0.6242,0.7635,0.1393,"['502884177_25939ac000.jpg', '2102732029_9ae520914d.jpg', '2504277798_936a09c74d.jpg']","[0.7635, 0.6696, 0.6477]"
464,a woman walking with a baby on her back a purple bag in her right hand and a brown one on her left shoulder,1952896009_cee8147c90.jpg,-1,0.4943,0.7327,0.2384,"['502884177_25939ac000.jpg', '617038406_4092ee91dd.jpg', '426920445_d07d1fd0f7.jpg']","[0.7327, 0.702, 0.6889]"
465,a child splashes through water near a stone building,195962284_e57178054a.jpg,-1,0.5361,0.7469,0.2109,"['1308472581_9961782889.jpg', '2410618963_fb78307d18.jpg', '2937697444_2367ff0e28.jpg']","[0.7469, 0.7158, 0.6771]"
466,a boy stands in water near a frisbee,195962284_e57178054a.jpg,-1,0.4201,0.8088,0.3887,"['3767841911_6678052eb6.jpg', '2735792721_b8fe85e803.jpg', '2460823604_7f6f786b1c.jpg']","[0.8088, 0.6522, 0.6483]"
467,a boy splashing through water next to a building,195962284_e57178054a.jpg,7,0.7024,0.7825,0.0801,"['2410618963_fb78307d18.jpg', '2937697444_2367ff0e28.jpg', '3052196390_c59dd24ca8.jpg']","[0.7825, 0.7503, 0.7355]"
468,a boy in a large pool,195962284_e57178054a.jpg,-1,0.4112,0.8569,0.4457,"['2842849030_89548af61c.jpg', '897621891_efb1e00d1d.jpg', '3666537170_c4ecda4be8.jpg']","[0.8569, 0.7596, 0.674]"
469,a boy plays in the water by a building,195962284_e57178054a.jpg,6,0.7185,0.786,0.0675,"['2410618963_fb78307d18.jpg', '1095476286_87d4f8664e.jpg', '2937697444_2367ff0e28.jpg']","[0.786, 0.7536, 0.7525]"
470,a brown and white animal surrounded by trees,1969573381_5ecfae4c80.jpg,-1,0.5576,0.7982,0.2406,"['3330935489_9cb67ca36b.jpg', '3273091032_98f724b36b.jpg', '467858872_f3431df682.jpg']","[0.7982, 0.7498, 0.7271]"
471,a dog standing outside is looking at the camera,1969573381_5ecfae4c80.jpg,-1,0.5484,0.6942,0.1458,"['909808296_23c427022d.jpg', '1745110280_0cbff5e273.jpg', '3228069008_edb2961fc4.jpg']","[0.6942, 0.6726, 0.6287]"
472,a tan and white dog standing near green plants,1969573381_5ecfae4c80.jpg,5,0.6397,0.7603,0.1205,"['2620113705_a8fa89b8f6.jpg', '2584412512_6767593f24.jpg', '2525270674_4ab536e7ec.jpg']","[0.7603, 0.6661, 0.6477]"
473,a tan dog is standing in front of some plants,1969573381_5ecfae4c80.jpg,2,0.6689,0.7856,0.1167,"['1745110280_0cbff5e273.jpg', '1969573381_5ecfae4c80.jpg', '359082432_c1fd5aa2d6.jpg']","[0.7856, 0.6689, 0.6658]"
474,the brown dog who looks like a dingo looks out of the forest,1969573381_5ecfae4c80.jpg,-1,0.4561,0.8507,0.3946,"['1745110280_0cbff5e273.jpg', '2066241589_b80e9f676c.jpg', '2198964806_c57b0534d3.jpg']","[0.8507, 0.7433, 0.7034]"
476,a dog with a purple leash is held by a woman wearing white shoes,1975531316_8b00eeaaf7.jpg,6,0.6202,0.7068,0.0866,"['397547349_1fd14b95af.jpg', '502884177_25939ac000.jpg', '433855742_c2a6fda763.jpg']","[0.7068, 0.6706, 0.6657]"
477,a small black and tan dog on a leash,1975531316_8b00eeaaf7.jpg,2,0.7714,0.816,0.0446,"['909808296_23c427022d.jpg', '1975531316_8b00eeaaf7.jpg', '2702506716_17a7fb3ba4.jpg']","[0.816, 0.7714, 0.7489]"
478,a small dog being held on a leash,1975531316_8b00eeaaf7.jpg,2,0.7569,0.8372,0.0803,"['3336361161_c06cdd160e.jpg', '1975531316_8b00eeaaf7.jpg', '245252561_4f20f1c89e.jpg']","[0.8372, 0.7569, 0.7292]"
479,small brown dog on leash,1975531316_8b00eeaaf7.jpg,3,0.652,0.7658,0.1138,"['3228069008_edb2961fc4.jpg', '2518219912_f47214aa16.jpg', '1975531316_8b00eeaaf7.jpg']","[0.7658, 0.7027, 0.652]"
480,two boxers are in the ring,1991806812_065f747689.jpg,4,0.6592,0.8227,0.1635,"['3613005134_bb7f304da1.jpg', '3649307685_60c1294d2a.jpg', '1159574340_99ba8c3c59.jpg']","[0.8227, 0.7723, 0.6639]"
481,a kickboxer jumping for a kick,1991806812_065f747689.jpg,-1,0.5309,0.7799,0.249,"['3544673666_ffc7483c96.jpg', '3686924335_3c51e8834a.jpg', '3696246123_99d4d10140.jpg']","[0.7799, 0.7487, 0.6927]"
482,two men kickbox in a ring one man punching the other,1991806812_065f747689.jpg,-1,0.5597,0.7622,0.2025,"['3649307685_60c1294d2a.jpg', '3613005134_bb7f304da1.jpg', '3399944164_ec24123945.jpg']","[0.7622, 0.7383, 0.6763]"
483,a boxer punches a boxer in the face,1991806812_065f747689.jpg,-1,0.188,0.7148,0.5268,"['3399944164_ec24123945.jpg', '3218481970_1fa627b3da.jpg', '374103842_17873ce505.jpg']","[0.7148, 0.6571, 0.6143]"
484,a fighter attempts to kick another fighter while the other fighter blocks his kick,1991806812_065f747689.jpg,-1,0.2399,0.7804,0.5405,"['3105929913_94a6882e25.jpg', '2856923934_6eb8832c9a.jpg', '3262386960_14f5d857db.jpg']","[0.7804, 0.6691, 0.6544]"
485,a body boarder is being dumped on the beach by a wave whilst other surfers are standing around in the water,1998457059_c9ac9a1e1a.jpg,-1,0.5134,0.768,0.2546,"['2843695880_eeea6c67db.jpg', '145721496_687af9bb18.jpg', '3058627443_1d57ff0a2c.jpg']","[0.768, 0.7021, 0.657]"
486,a child is pushed by a large wave while holding his yellow surfboard,1998457059_c9ac9a1e1a.jpg,10,0.6111,0.8176,0.2064,"['2701487024_e866eb4550.jpg', '2978409165_acc4f29a40.jpg', '3627679667_0e3de9fc90.jpg']","[0.8176, 0.7651, 0.7434]"
487,four swimmers in the crystal blue ocean with yellow surfboards,1998457059_c9ac9a1e1a.jpg,6,0.6906,0.7482,0.0576,"['3315033940_e91f87b7f2.jpg', '1129704496_4a61441f2c.jpg', '1439282131_3814d6ae04.jpg']","[0.7482, 0.7298, 0.72]"
488,people surfboarding and standing in the ocean,1998457059_c9ac9a1e1a.jpg,-1,0.4133,0.8381,0.4248,"['3189002057_3ef61b803e.jpg', '2843695880_eeea6c67db.jpg', '3674521435_89ff681074.jpg']","[0.8381, 0.8028, 0.6818]"
489,some wakeboarders riding waves on a beach busy with tourists,1998457059_c9ac9a1e1a.jpg,8,0.561,0.7384,0.1775,"['2843695880_eeea6c67db.jpg', '254527963_3f5824b0e8.jpg', '3189002057_3ef61b803e.jpg']","[0.7384, 0.6794, 0.6682]"
490,someone takes a cloth off of a green bay packers football player,2003663004_5b70920a98.jpg,-1,0.3963,0.754,0.3577,"['2837799692_2f1c50722a.jpg', '241347271_a39a5a0070.jpg', '241347547_902725b9f8.jpg']","[0.754, 0.7262, 0.6456]"
491,green bay packer player cooling off,2003663004_5b70920a98.jpg,-1,0.3429,0.6752,0.3323,"['3195188609_01afbe46e6.jpg', '2928835996_88b9f9503d.jpg', '1425919702_ddb761aeec.jpg']","[0.6752, 0.6542, 0.6255]"
492,greenbay football player is being handed a towel on the field,2003663004_5b70920a98.jpg,7,0.5609,0.9051,0.3442,"['241347271_a39a5a0070.jpg', '2837799692_2f1c50722a.jpg', '241347803_afb04b12c4.jpg']","[0.9051, 0.8643, 0.8528]"
493,a football player pauses during a game,2003663004_5b70920a98.jpg,-1,0.3953,0.8772,0.4819,"['2837799692_2f1c50722a.jpg', '241347271_a39a5a0070.jpg', '241347803_afb04b12c4.jpg']","[0.8772, 0.8263, 0.6938]"
494,a football player wears a green jersey with the number 4 on it,2003663004_5b70920a98.jpg,-1,0.3807,0.8625,0.4818,"['2837799692_2f1c50722a.jpg', '241347271_a39a5a0070.jpg', '241347547_902725b9f8.jpg']","[0.8625, 0.7595, 0.7081]"
496,a boy with a basketballs glowers at the camera,2021602343_03023e1fd1.jpg,-1,0.1052,0.7706,0.6654,"['3494394662_3edfd4a34c.jpg', '2267819545_446c5a3e18.jpg', '1860543210_47e94cf652.jpg']","[0.7706, 0.7153, 0.7137]"
504,a young boy in motion in front of potted plants and a beige wall,2021671653_567395c7cf.jpg,3,0.6419,0.7191,0.0772,"['3503011427_a4ee547c77.jpg', '2410618963_fb78307d18.jpg', '2021671653_567395c7cf.jpg']","[0.7191, 0.6761, 0.6419]"
505,people are sitting on step along the water and fishing,2030781555_b7ff7be28f.jpg,3,0.6663,0.8634,0.1971,"['2744330402_824240184c.jpg', '3319338707_892ae2a660.jpg', '2030781555_b7ff7be28f.jpg']","[0.8634, 0.7191, 0.6663]"
506,people fishing off a pier,2030781555_b7ff7be28f.jpg,7,0.6669,0.7428,0.0759,"['3690425778_3b390b3ea5.jpg', '3208032657_27b9d6c4f3.jpg', '1248357227_2b4175fc39.jpg']","[0.7428, 0.7286, 0.6913]"
507,people fishing off of a boardwalk,2030781555_b7ff7be28f.jpg,-1,0.5699,0.7414,0.1714,"['2335428699_4eba9b6245.jpg', '1350811702_2ce7cfd0c5.jpg', '1248357227_2b4175fc39.jpg']","[0.7414, 0.7161, 0.7008]"
508,some people are fishing off the wall beside the ocean,2030781555_b7ff7be28f.jpg,-1,0.5953,0.8516,0.2563,"['3189002057_3ef61b803e.jpg', '3208032657_27b9d6c4f3.jpg', '3307563498_e2b4f19272.jpg']","[0.8516, 0.7654, 0.7568]"
509,the fishemen enjoy the warm day,2030781555_b7ff7be28f.jpg,-1,-0.3466,0.7018,1.0483,"['70995350_75d0698839.jpg', '353180303_6a24179c50.jpg', '3426144752_28d63615ca.jpg']","[0.7018, 0.6176, 0.6117]"
510,man with short hair moves wooden structure,2046222127_a6f300e202.jpg,-1,0.4976,0.7443,0.2467,"['518789868_8895ef8792.jpg', '2328104318_5a43ca170c.jpg', '1414820925_3504c394e1.jpg']","[0.7443, 0.7439, 0.7137]"
511,a man wearing yellow hiviz is grasping a wooden board,2046222127_a6f300e202.jpg,-1,0.4577,0.6915,0.2338,"['3030962048_f71948226c.jpg', '3397228832_8ce5b1c26f.jpg', '482088914_e6ea4501e9.jpg']","[0.6915, 0.6632, 0.5895]"
512,a man in a neoncolored vest holding up a section of wood,2046222127_a6f300e202.jpg,-1,0.352,0.6752,0.3232,"['454709143_9c513f095c.jpg', '3495490064_8db40a83af.jpg', '3726700898_c50494b8bd.jpg']","[0.6752, 0.6445, 0.6278]"
513,a man in a neon yellow vest carrying a wooden crate,2046222127_a6f300e202.jpg,-1,0.2642,0.7448,0.4806,"['3030962048_f71948226c.jpg', '3495490064_8db40a83af.jpg', '3649307685_60c1294d2a.jpg']","[0.7448, 0.6888, 0.6553]"
514,a man in construction gear is moving a large plank of wood to a new destination,2046222127_a6f300e202.jpg,-1,0.4703,0.6315,0.1613,"['436009777_440c7679a1.jpg', '2410153942_ba4a136358.jpg', '2533076864_d799996433.jpg']","[0.6315, 0.6119, 0.6079]"
516,a dog runs through the water while holding a stick in its mouth,2051194177_fbeee211e3.jpg,-1,0.5746,0.7513,0.1767,"['3695949492_27ca3892fd.jpg', '2209496328_2a34fd201d.jpg', '443430496_3fea95a07d.jpg']","[0.7513, 0.749, 0.7489]"
517,a golden retriever is coming out of the water carrying a stick in its mouth,2051194177_fbeee211e3.jpg,-1,0.4725,0.8472,0.3747,"['2209496328_2a34fd201d.jpg', '3695949492_27ca3892fd.jpg', '431410325_f4916b5460.jpg']","[0.8472, 0.846, 0.7928]"
519,a wet dog carrying a stick in its mouth is walking out of the lake,2051194177_fbeee211e3.jpg,-1,0.5259,0.6422,0.1163,"['2574230252_f5a1382dd4.jpg', '2986716822_e220754d32.jpg', '3228069008_edb2961fc4.jpg']","[0.6422, 0.6287, 0.5878]"
520,ski equipment sits alone on a snowy mountain,2053733930_e245615ad4.jpg,2,0.7916,0.8073,0.0157,"['3329793486_afc16663cc.jpg', '2053733930_e245615ad4.jpg', '3708743823_3e3e0554d1.jpg']","[0.8073, 0.7916, 0.7678]"
521,snowy mountainside with snow gear and poles in forefront,2053733930_e245615ad4.jpg,9,0.6955,0.8821,0.1866,"['2109911919_af45b93ef3.jpg', '3621647714_fc67ab2617.jpg', '106514190_bae200f463.jpg']","[0.8821, 0.8117, 0.7735]"
522,ski equipment on the side of a snowy mountain,2053733930_e245615ad4.jpg,3,0.7474,0.7946,0.0471,"['224273695_0b517bd0eb.jpg', '336551615_a01418bc53.jpg', '2053733930_e245615ad4.jpg']","[0.7946, 0.7916, 0.7474]"
523,mountain climbing gear on a mountain,2053733930_e245615ad4.jpg,7,0.6442,0.7826,0.1384,"['2308108566_2cba6bca53.jpg', '2109911919_af45b93ef3.jpg', '95728660_d47de66544.jpg']","[0.7826, 0.7709, 0.7197]"
524,ski equipment left alone on snowy ski slope,2053733930_e245615ad4.jpg,-1,0.458,0.8519,0.3938,"['2272750492_91e8f67328.jpg', '3351493005_6e5030f596.jpg', '3108732084_565b423162.jpg']","[0.8519, 0.8249, 0.7689]"
525,a man has fallen over on the street at night,206087108_d4557d38ee.jpg,-1,0.3865,0.7034,0.3168,"['3037558954_20115165e3.jpg', '2125216241_5b265a2fbc.jpg', '70995350_75d0698839.jpg']","[0.7034, 0.5982, 0.5753]"
526,a man laying on the ground with a wet spot on his pants and a white and red hat,206087108_d4557d38ee.jpg,2,0.7381,0.7734,0.0352,"['3649307685_60c1294d2a.jpg', '206087108_d4557d38ee.jpg', '3630332976_fdba22c50b.jpg']","[0.7734, 0.7381, 0.7344]"
530,the man and the boy are standing at the bottom of the outdoor stairs,2061144717_5b3a1864f0.jpg,-1,0.5324,0.7234,0.191,"['3503011427_a4ee547c77.jpg', '3242007318_01e82171aa.jpg', '534056823_0752303702.jpg']","[0.7234, 0.6617, 0.6162]"
531,a man talks to a boy in a vacant area,2061144717_5b3a1864f0.jpg,-1,0.2582,0.6795,0.4213,"['435827376_4384c3005a.jpg', '2894850774_2d530040a1.jpg', '350443876_c9769f5734.jpg']","[0.6795, 0.6686, 0.6122]"
532,a man in an ampitheater talking to a boy,2061144717_5b3a1864f0.jpg,-1,0.0601,0.6086,0.5485,"['2443380641_7b38d18f5b.jpg', '2470486377_c3a39ccb7b.jpg', '2891240104_6755281868.jpg']","[0.6086, 0.6066, 0.5988]"
534,a man and young boy are standing looking at each other in an outdoor garden area,2061144717_5b3a1864f0.jpg,-1,0.196,0.6715,0.4755,"['278002800_3817135105.jpg', '2470486377_c3a39ccb7b.jpg', '3375549004_beee810e60.jpg']","[0.6715, 0.6537, 0.6467]"
535,a boy hangs from a tbar while a man gives him a push,2061354254_faa5bd294b.jpg,-1,0.4533,0.7814,0.3282,"['2707873672_15e6b5d54b.jpg', '2470486377_c3a39ccb7b.jpg', '2681215810_00b0642f7b.jpg']","[0.7814, 0.7258, 0.6666]"
536,a little boy being pushed by an older person on playground,2061354254_faa5bd294b.jpg,-1,0.1537,0.7022,0.5485,"['3178489390_13a6ae7524.jpg', '2443380641_7b38d18f5b.jpg', '3513265399_a32e8cfd18.jpg']","[0.7022, 0.6982, 0.6243]"
537,a little boy is going down a pulley swing,2061354254_faa5bd294b.jpg,-1,0.1805,0.8678,0.6873,"['3396036947_0af6c3aab7.jpg', '2381613738_d8d2012e3c.jpg', '2855417531_521bf47b50.jpg']","[0.8678, 0.7751, 0.7147]"
538,a man pushes a boy on a zip line,2061354254_faa5bd294b.jpg,-1,0.2014,0.6701,0.4687,"['2372572028_53b76104a9.jpg', '492341908_1ef53be265.jpg', '2863180332_372510aa49.jpg']","[0.6701, 0.6466, 0.6333]"
539,a smiling boy slides down a rope while hanging on,2061354254_faa5bd294b.jpg,-1,0.3427,0.7082,0.3655,"['510510783_b2cf5d57bb.jpg', '425088533_a460dc4617.jpg', '3682038869_585075b5ff.jpg']","[0.7082, 0.6779, 0.6593]"
540,a dark brown dog is chewing on a stick,2066241589_b80e9f676c.jpg,3,0.6924,0.8446,0.1522,"['3228069008_edb2961fc4.jpg', '2311690895_0d6efe11c8.jpg', '2066241589_b80e9f676c.jpg']","[0.8446, 0.8066, 0.6924]"
541,a brown dog is chewing on a stick,2066241589_b80e9f676c.jpg,8,0.6208,0.8497,0.229,"['3228069008_edb2961fc4.jpg', '2311690895_0d6efe11c8.jpg', '1745110280_0cbff5e273.jpg']","[0.8497, 0.7791, 0.7217]"
542,the brown dog is playing with a stick,2066241589_b80e9f676c.jpg,-1,0.4804,0.7718,0.2913,"['3228069008_edb2961fc4.jpg', '2986716822_e220754d32.jpg', '2632366677_43dee456a5.jpg']","[0.7718, 0.7099, 0.6999]"
544,a brown dog chewing on a large piece of wood,2066241589_b80e9f676c.jpg,8,0.6235,0.7612,0.1377,"['1745110280_0cbff5e273.jpg', '3228069008_edb2961fc4.jpg', '2480832276_fa55480ecb.jpg']","[0.7612, 0.757, 0.6919]"
546,a woman is riding her bicycle,2084217208_7bd9bc85e5.jpg,6,0.675,0.8007,0.1257,"['2355819665_39021ff642.jpg', '2192411521_9c7e488c5e.jpg', '3484820303_7be0e914b4.jpg']","[0.8007, 0.7782, 0.7683]"
547,a woman riding a bike in a park,2084217208_7bd9bc85e5.jpg,6,0.5962,0.7842,0.188,"['2355819665_39021ff642.jpg', '2192411521_9c7e488c5e.jpg', '3484820303_7be0e914b4.jpg']","[0.7842, 0.7796, 0.7599]"
548,a woman with a blue jacket wears a helmet as she rides a bike,2084217208_7bd9bc85e5.jpg,3,0.7564,0.8079,0.0515,"['3484820303_7be0e914b4.jpg', '2192411521_9c7e488c5e.jpg', '2084217208_7bd9bc85e5.jpg']","[0.8079, 0.7738, 0.7564]"
549,a woman with a helmet riding a bike,2084217208_7bd9bc85e5.jpg,3,0.7323,0.8063,0.074,"['3484820303_7be0e914b4.jpg', '2355819665_39021ff642.jpg', '2084217208_7bd9bc85e5.jpg']","[0.8063, 0.7551, 0.7323]"
551,a girl is in a dress,2086678529_b3301c2d71.jpg,4,0.7479,0.814,0.066,"['3433982387_3fa993cf5a.jpg', '2592019072_a6c0090da4.jpg', '3672940355_47f30e2b28.jpg']","[0.814, 0.7788, 0.7601]"
552,a little girl wearing a purple dress looks down at the camera,2086678529_b3301c2d71.jpg,2,0.7432,0.8119,0.0687,"['3627011534_485f667b10.jpg', '2086678529_b3301c2d71.jpg', '3555231025_73fa54fa29.jpg']","[0.8119, 0.7432, 0.7429]"
553,a young girl climbs a rock wall in a purple dress,2086678529_b3301c2d71.jpg,2,0.7768,0.7825,0.0057,"['758921886_55a351dd67.jpg', '2086678529_b3301c2d71.jpg', '1248734482_3038218f3b.jpg']","[0.7825, 0.7768, 0.6925]"
555,a broken down hummer gets towed on a truck bed,2088460083_42ee8a595a.jpg,-1,0.1037,0.7272,0.6235,"['469617651_278e586e46.jpg', '403678611_73978faed7.jpg', '3178599352_c57fdebcd2.jpg']","[0.7272, 0.6182, 0.5665]"
557,a flat bed truck in a parking lot with an army vehicle on its bed,2088460083_42ee8a595a.jpg,-1,0.5563,0.7608,0.2046,"['3682428916_69ce66d375.jpg', '2946016853_ceca4f5a07.jpg', '2660480624_45f88b3022.jpg']","[0.7608, 0.7473, 0.7224]"
558,an old beatup jeep being towed away,2088460083_42ee8a595a.jpg,8,0.6503,0.8969,0.2466,"['2410153942_ba4a136358.jpg', '210625425_fb1ef5d23b.jpg', '492341908_1ef53be265.jpg']","[0.8969, 0.8499, 0.7572]"
559,dirty suv sits on the bed of a tow truck at night,2088460083_42ee8a595a.jpg,2,0.802,0.8621,0.0601,"['2410153942_ba4a136358.jpg', '2088460083_42ee8a595a.jpg', '210625425_fb1ef5d23b.jpg']","[0.8621, 0.802, 0.7618]"
566,a dog walking across the desert,2090997177_76d482b158.jpg,-1,0.5026,0.723,0.2204,"['140430106_2978fda105.jpg', '240583223_e26e17ee96.jpg', '426191845_1e979e9345.jpg']","[0.723, 0.7104, 0.702]"
575,a dog is shaking off water,2095444126_201ff9f222.jpg,-1,0.3264,0.6242,0.2978,"['2574230252_f5a1382dd4.jpg', '1131800850_89c7ffd477.jpg', '2633201394_ee4a7666ed.jpg']","[0.6242, 0.6197, 0.6102]"
576,a dog shakes his head,2095444126_201ff9f222.jpg,-1,0.3363,0.6872,0.3509,"['2311690895_0d6efe11c8.jpg', '3383491811_fd9d3a891d.jpg', '2949353587_64c54e9589.jpg']","[0.6872, 0.6369, 0.6026]"
577,a dog shakes off water,2095444126_201ff9f222.jpg,-1,0.4404,0.7006,0.2601,"['1131800850_89c7ffd477.jpg', '1096097967_ac305887b4.jpg', '1859726819_9a793b3b44.jpg']","[0.7006, 0.6836, 0.6322]"
578,a dog shakes off water and gets contorted,2095444126_201ff9f222.jpg,-1,0.4214,0.7076,0.2862,"['1131800850_89c7ffd477.jpg', '1096097967_ac305887b4.jpg', '2574230252_f5a1382dd4.jpg']","[0.7076, 0.6811, 0.6431]"
579,the dog is shaking water off of his body,2095444126_201ff9f222.jpg,-1,0.3766,0.686,0.3094,"['1096097967_ac305887b4.jpg', '2633201394_ee4a7666ed.jpg', '431410325_f4916b5460.jpg']","[0.686, 0.6594, 0.6531]"
581,a man with two ski poles stands near a mountaintop,2098174172_e57d86ea03.jpg,-1,0.4999,0.7645,0.2646,"['3264650118_be7df266e7.jpg', '3166578139_33500f7e8a.jpg', '2272823323_3b7291cd47.jpg']","[0.7645, 0.7396, 0.7266]"
582,a man stands in front of snow covered mountains,2098174172_e57d86ea03.jpg,2,0.8543,0.8625,0.0082,"['56494233_1824005879.jpg', '2098174172_e57d86ea03.jpg', '3166578139_33500f7e8a.jpg']","[0.8625, 0.8543, 0.8381]"
585,two dogs drink water in a lake,2100046085_69b59b6645.jpg,-1,0.3981,0.8358,0.4377,"['2632381125_de32bdfdf6.jpg', '1129704496_4a61441f2c.jpg', '2089350172_dc2cf9fcf6.jpg']","[0.8358, 0.8202, 0.7916]"
591,a shirtless teenager bounces on a trampoline as other children watch,210126070_0d43b300b9.jpg,2,0.7334,0.7335,0.0001,"['2974501005_346f74e5d8.jpg', '210126070_0d43b300b9.jpg', '1991806812_065f747689.jpg']","[0.7335, 0.7334, 0.7026]"
592,a boy is being watched as he leaps up in the air on a trampoline,210126070_0d43b300b9.jpg,-1,0.4895,0.8613,0.3718,"['3741827382_71e93298d0.jpg', '2973638173_0dc21fd443.jpg', '2974501005_346f74e5d8.jpg']","[0.8613, 0.8284, 0.678]"
593,a boy without a shirt on is jumping in the air almost upside down,210126070_0d43b300b9.jpg,6,0.6075,0.8031,0.1956,"['3132760860_3e743a935d.jpg', '693785581_68bec8312a.jpg', '2888732432_7e907a3df1.jpg']","[0.8031, 0.6528, 0.6266]"
594,a guy standing is watching another guy in midair,210126070_0d43b300b9.jpg,9,0.6198,0.7709,0.1511,"['2698487246_e827404cac.jpg', '3438858409_136345fa07.jpg', '3550763985_800cfee7e4.jpg']","[0.7709, 0.7158, 0.6938]"
595,a brown dog jumps over a barrier that is black and white,2102581664_5ea50f85c6.jpg,2,0.807,0.8126,0.0056,"['3474999131_788cbf253f.jpg', '2102581664_5ea50f85c6.jpg', '2831672255_d779807c14.jpg']","[0.8126, 0.807, 0.8063]"
598,orange dog jumps over striped posts on course,2102581664_5ea50f85c6.jpg,2,0.8312,0.8771,0.0459,"['2831672255_d779807c14.jpg', '2102581664_5ea50f85c6.jpg', '3474999131_788cbf253f.jpg']","[0.8771, 0.8312, 0.7673]"
599,the brown dog is performing a jump in an obstacle course,2102581664_5ea50f85c6.jpg,3,0.7954,0.9157,0.1204,"['2831672255_d779807c14.jpg', '3474999131_788cbf253f.jpg', '2102581664_5ea50f85c6.jpg']","[0.9157, 0.8188, 0.7954]"
600,two young girls looking at camera,2102732029_9ae520914d.jpg,8,0.6195,0.7344,0.1149,"['3661072592_2e693cd5a0.jpg', '2337809114_899ba61330.jpg', '452419961_6d42ab7000.jpg']","[0.7344, 0.7335, 0.7145]"
601,two young kids looking into the same camera,2102732029_9ae520914d.jpg,-1,0.4704,0.7778,0.3074,"['2337809114_899ba61330.jpg', '979383193_0a542a059d.jpg', '799431781_65dc312afc.jpg']","[0.7778, 0.7207, 0.6994]"
602,two young girls holding a camera together,2102732029_9ae520914d.jpg,-1,0.6094,0.7574,0.148,"['2337809114_899ba61330.jpg', '3534824784_7133119316.jpg', '3231880001_193a579b97.jpg']","[0.7574, 0.7227, 0.7137]"
603,one girl is helping another to take a picture with a digital camera,2102732029_9ae520914d.jpg,2,0.706,0.7089,0.0029,"['3640241166_b1ab7a8e7a.jpg', '2102732029_9ae520914d.jpg', '1449692616_60507875fb.jpg']","[0.7089, 0.706, 0.6988]"
604,two children take a picture of something in the distance,2102732029_9ae520914d.jpg,8,0.6219,0.7655,0.1436,"['979383193_0a542a059d.jpg', '3437315443_ba2263f92e.jpg', '3515451715_ac5ac04efa.jpg']","[0.7655, 0.6731, 0.6569]"
616,a person climbing up the side of a snowy mountain to fetch his or her ski poles,2109911919_af45b93ef3.jpg,4,0.8178,0.8526,0.0348,"['3621647714_fc67ab2617.jpg', '106514190_bae200f463.jpg', '3166578139_33500f7e8a.jpg']","[0.8526, 0.8291, 0.824]"
617,a skier climbs up a snowy trail toward his poles,2109911919_af45b93ef3.jpg,3,0.7842,0.8699,0.0857,"['3621647714_fc67ab2617.jpg', '3166578139_33500f7e8a.jpg', '2109911919_af45b93ef3.jpg']","[0.8699, 0.7888, 0.7842]"
620,two dogs run through a snowy field,2115631346_9585a479b0.jpg,6,0.6342,0.8232,0.189,"['3266306177_7994dc2865.jpg', '400562847_e15aba0aac.jpg', '3173461705_b5cdeef1eb.jpg']","[0.8232, 0.697, 0.6655]"
621,two brown dogs running through the snow,2115631346_9585a479b0.jpg,3,0.6403,0.7222,0.0819,"['3173461705_b5cdeef1eb.jpg', '3266306177_7994dc2865.jpg', '2115631346_9585a479b0.jpg']","[0.7222, 0.6451, 0.6403]"
622,two dogs race across a snowy field,2115631346_9585a479b0.jpg,6,0.6471,0.7478,0.1007,"['3173461705_b5cdeef1eb.jpg', '3266306177_7994dc2865.jpg', '566921157_07c18a41e2.jpg']","[0.7478, 0.7414, 0.6692]"
623,two brown dogs run across a large snowy yard,2115631346_9585a479b0.jpg,3,0.6981,0.782,0.0839,"['3173461705_b5cdeef1eb.jpg', '3266306177_7994dc2865.jpg', '2115631346_9585a479b0.jpg']","[0.782, 0.7165, 0.6981]"
624,two brown dogs are running through the snow,2115631346_9585a479b0.jpg,2,0.6326,0.7257,0.093,"['3173461705_b5cdeef1eb.jpg', '2115631346_9585a479b0.jpg', '3266306177_7994dc2865.jpg']","[0.7257, 0.6326, 0.6236]"
625,a brown dog running on shore with a boat in the background,2115849046_2aa9fa8d13.jpg,9,0.7003,0.8176,0.1174,"['140430106_2978fda105.jpg', '3571675421_7e07ac07c5.jpg', '2417745327_a2c2705043.jpg']","[0.8176, 0.8124, 0.7786]"
626,a brown dog runs near the water,2115849046_2aa9fa8d13.jpg,8,0.6858,0.791,0.1053,"['3571675421_7e07ac07c5.jpg', '2417745327_a2c2705043.jpg', '2051194177_fbeee211e3.jpg']","[0.791, 0.7754, 0.7559]"
628,a large orange dog runs through the grass by the water where a large boat is sailing in the background,2115849046_2aa9fa8d13.jpg,-1,0.5277,0.6658,0.1381,"['2685752892_9d5cd7f274.jpg', '1095476286_87d4f8664e.jpg', '3019857541_3de3e24f54.jpg']","[0.6658, 0.6231, 0.604]"
629,the dog is running in the grass next to the water,2115849046_2aa9fa8d13.jpg,-1,0.2477,0.7816,0.5339,"['3518675890_2f65e23ff9.jpg', '2584487952_f70e5aa9bf.jpg', '2313230479_13f87c6bf3.jpg']","[0.7816, 0.7531, 0.7021]"
630,the dog is laying on its back near a green ball,2119660490_ce0d4d1f73.jpg,6,0.6196,0.7598,0.1402,"['3595643050_d312e4b652.jpg', '539750844_02a07ec524.jpg', '535529555_583d89b7f2.jpg']","[0.7598, 0.7597, 0.732]"
631,a dog lies on its back on a dog bed,2119660490_ce0d4d1f73.jpg,-1,0.5839,0.7751,0.1912,"['2550109269_bc4262bd27.jpg', '351876121_c7c0221928.jpg', '3086523890_fd9394af8b.jpg']","[0.7751, 0.7384, 0.7266]"
633,a brown dog is laying on its back on a white carpet with a green ball on it,2119660490_ce0d4d1f73.jpg,2,0.7564,0.7668,0.0105,"['535529555_583d89b7f2.jpg', '2119660490_ce0d4d1f73.jpg', '3595643050_d312e4b652.jpg']","[0.7668, 0.7564, 0.722]"
635,a blue and white sailboat sits by a dock,2125216241_5b265a2fbc.jpg,-1,0.483,0.6969,0.2139,"['2046222127_a6f300e202.jpg', '3565655045_8eb00b7423.jpg', '2685752892_9d5cd7f274.jpg']","[0.6969, 0.6773, 0.6536]"
636,a few people park their boat at a dock,2125216241_5b265a2fbc.jpg,-1,0.5789,0.8499,0.2709,"['361183669_52be9662b9.jpg', '2030781555_b7ff7be28f.jpg', '3307563498_e2b4f19272.jpg']","[0.8499, 0.8368, 0.7245]"
637,three men stand atop a boat from seattle washington,2125216241_5b265a2fbc.jpg,-1,0.478,0.7267,0.2488,"['2843695880_eeea6c67db.jpg', '361183669_52be9662b9.jpg', '3155400369_69e3d6d70f.jpg']","[0.7267, 0.6917, 0.652]"
638,three people are standing on the dock of a boat looking at something off camera,2125216241_5b265a2fbc.jpg,-1,0.53,0.7782,0.2482,"['361183669_52be9662b9.jpg', '3307563498_e2b4f19272.jpg', '3217893350_57be430d06.jpg']","[0.7782, 0.755, 0.7416]"
639,three people stand on a boat that is docked,2125216241_5b265a2fbc.jpg,-1,0.5367,0.7798,0.2431,"['361183669_52be9662b9.jpg', '2030781555_b7ff7be28f.jpg', '2843695880_eeea6c67db.jpg']","[0.7798, 0.7573, 0.699]"
641,child in orange jacket and a helmet playing in the snow,2131762850_5293a288d9.jpg,2,0.7888,0.8213,0.0325,"['514222285_aa0c8d05b7.jpg', '2131762850_5293a288d9.jpg', '2238166082_140f8b01b8.jpg']","[0.8213, 0.7888, 0.7537]"
643,a boy wearing an orange coat winks at the camera,2131762850_5293a288d9.jpg,4,0.6595,0.7813,0.1218,"['3494394662_3edfd4a34c.jpg', '3375549004_beee810e60.jpg', '1860543210_47e94cf652.jpg']","[0.7813, 0.7409, 0.7202]"
644,a boy in an orange jacket appears unhappy,2131762850_5293a288d9.jpg,2,0.7507,0.7742,0.0235,"['3494394662_3edfd4a34c.jpg', '2131762850_5293a288d9.jpg', '1235580648_7eebaed9bc.jpg']","[0.7742, 0.7507, 0.707]"
645,a black and white dog playing in the snow together,2148916767_644ea6a7fa.jpg,2,0.6489,0.8293,0.1805,"['3257277774_aba333a94c.jpg', '2148916767_644ea6a7fa.jpg', '3002920707_5d2e6e6aac.jpg']","[0.8293, 0.6489, 0.5835]"
648,two dogs playing in the snow,2148916767_644ea6a7fa.jpg,6,0.662,0.7864,0.1244,"['412101267_7257e6d8c0.jpg', '3173461705_b5cdeef1eb.jpg', '1287931016_fb015e2e10.jpg']","[0.7864, 0.7737, 0.7444]"
649,two poodles are running through the snow,2148916767_644ea6a7fa.jpg,5,0.6443,0.6924,0.0482,"['3195040792_a03954a19f.jpg', '566921157_07c18a41e2.jpg', '1287931016_fb015e2e10.jpg']","[0.6924, 0.6669, 0.6608]"
650,the man in shorts and a hat is standing in the bay beside the ocean,2162564553_96de62c7e6.jpg,-1,0.4763,0.7167,0.2404,"['2456907314_49bc4591c4.jpg', '3705688385_47651205d3.jpg', '3627679667_0e3de9fc90.jpg']","[0.7167, 0.6951, 0.6668]"
651,a shirtless man with a backpack and a hat is standing on a rocky shoreline,2162564553_96de62c7e6.jpg,6,0.644,0.738,0.094,"['319869052_08b000e4af.jpg', '58368365_03ed3e5bdf.jpg', '2521983429_33218366bd.jpg']","[0.738, 0.7134, 0.6946]"
652,a shirtless man in a pink hat stands on a rocky shore,2162564553_96de62c7e6.jpg,2,0.6706,0.7449,0.0742,"['95728660_d47de66544.jpg', '2162564553_96de62c7e6.jpg', '2521983429_33218366bd.jpg']","[0.7449, 0.6706, 0.6319]"
654,a man stands at the edge of the water near the rocks,2162564553_96de62c7e6.jpg,3,0.7156,0.7507,0.0351,"['319869052_08b000e4af.jpg', '58368365_03ed3e5bdf.jpg', '2162564553_96de62c7e6.jpg']","[0.7507, 0.7285, 0.7156]"
655,dogs racing,2165461920_1a4144eb2b.jpg,-1,0.5471,0.658,0.1109,"['3036596725_541bbe0955.jpg', '2444134813_20895c640c.jpg', '3014080715_f4f0dbb56e.jpg']","[0.658, 0.6492, 0.6353]"
656,a group of dogs wearing muzzles running a race,2165461920_1a4144eb2b.jpg,4,0.692,0.7465,0.0545,"['2216695423_1362cb25f3.jpg', '3271084924_4778d556cc.jpg', '2444134813_20895c640c.jpg']","[0.7465, 0.71, 0.6962]"
657,four muzzled black and white dogs racing over a jump,2165461920_1a4144eb2b.jpg,2,0.7749,0.787,0.012,"['2216695423_1362cb25f3.jpg', '2165461920_1a4144eb2b.jpg', '2768021570_46bc6325e3.jpg']","[0.787, 0.7749, 0.6733]"
658,four white dogs are running and jumping with masks over their mouth,2165461920_1a4144eb2b.jpg,2,0.856,0.8699,0.0139,"['3132619510_7dfc947d25.jpg', '2165461920_1a4144eb2b.jpg', '2216695423_1362cb25f3.jpg']","[0.8699, 0.856, 0.7978]"
660,the dog is running around the cow,2176874361_2b4149010b.jpg,3,0.8101,0.8739,0.0638,"['2403544744_cba152f5c1.jpg', '2500567791_101d5ddee3.jpg', '2176874361_2b4149010b.jpg']","[0.8739, 0.8418, 0.8101]"
661,running dog and cow in fenced area,2176874361_2b4149010b.jpg,4,0.7725,0.8575,0.085,"['3294952558_96bb8c8cf3.jpg', '2500567791_101d5ddee3.jpg', '2403544744_cba152f5c1.jpg']","[0.8575, 0.8018, 0.7815]"
662,a small black dog growling at a large brown and white cow,2176874361_2b4149010b.jpg,2,0.6995,0.8285,0.129,"['536721406_884ab8fece.jpg', '2176874361_2b4149010b.jpg', '2088460083_42ee8a595a.jpg']","[0.8285, 0.6995, 0.6825]"
663,a dog and a cow play together inside the fence,2176874361_2b4149010b.jpg,4,0.7602,0.8397,0.0794,"['3271468462_701eb88d3b.jpg', '2500567791_101d5ddee3.jpg', '2546959333_23b957988f.jpg']","[0.8397, 0.8022, 0.7764]"
664,a black dog runs in front of a large brown and white bull,2176874361_2b4149010b.jpg,2,0.8047,0.9085,0.1038,"['536721406_884ab8fece.jpg', '2176874361_2b4149010b.jpg', '3264678536_46601d25f0.jpg']","[0.9085, 0.8047, 0.7607]"
665,a boy standing and watching a group of people on a basketball court,2180356743_b3a3c9a7f6.jpg,-1,0.5002,0.7689,0.2687,"['3396043950_12783c5147.jpg', '2021602343_03023e1fd1.jpg', '2915183095_4ed4aa4f37.jpg']","[0.7689, 0.7422, 0.7398]"
666,a boy standing in the foreground looking out over other people in a court,2180356743_b3a3c9a7f6.jpg,-1,0.5452,0.7263,0.1812,"['3396043950_12783c5147.jpg', '576920249_df1bdc2068.jpg', '1303727066_23d0f6ed43.jpg']","[0.7263, 0.6918, 0.6563]"
667,a boy stands overlooking a schoolyard where other children play,2180356743_b3a3c9a7f6.jpg,4,0.6327,0.6855,0.0528,"['3480052428_c034b98a08.jpg', '3767841911_6678052eb6.jpg', '2107838729_a527e434bd.jpg']","[0.6855, 0.6637, 0.635]"
668,a boy watches his classmates play in a courtyard looking from above,2180356743_b3a3c9a7f6.jpg,-1,0.2344,0.6471,0.4128,"['2448393373_80c011d301.jpg', '3701226275_952547ba0f.jpg', '860928274_744d14f198.jpg']","[0.6471, 0.6123, 0.5942]"
669,a little boy is standing above a structure and watching the other boys play a game,2180356743_b3a3c9a7f6.jpg,-1,0.4785,0.7571,0.2786,"['350443876_c9769f5734.jpg', '1427391496_ea512cbe7f.jpg', '1269470943_ba7fc49b4d.jpg']","[0.7571, 0.6974, 0.6316]"
670,the girl eating spaghetti is wearing a red jacket,2181724497_dbb7fcb0a9.jpg,-1,0.4653,0.82,0.3547,"['3470303255_fbb41b8dd0.jpg', '3426144752_28d63615ca.jpg', '1449692616_60507875fb.jpg']","[0.82, 0.7485, 0.5857]"
671,a young girl sits in a high chair and eats red food while making a mess,2181724497_dbb7fcb0a9.jpg,-1,0.5732,0.7116,0.1384,"['3079787482_0757e9d167.jpg', '1798209205_77dbf525b0.jpg', '3035118753_69287079dc.jpg']","[0.7116, 0.6535, 0.6508]"
672,a little girl makes a mess on her hand and face while eating in her baby chair,2181724497_dbb7fcb0a9.jpg,3,0.6817,0.8149,0.1332,"['3079787482_0757e9d167.jpg', '3426144752_28d63615ca.jpg', '2181724497_dbb7fcb0a9.jpg']","[0.8149, 0.6913, 0.6817]"
673,a little girl in a high chair is messily eating spaghetti,2181724497_dbb7fcb0a9.jpg,2,0.751,0.7665,0.0155,"['1798209205_77dbf525b0.jpg', '2181724497_dbb7fcb0a9.jpg', '2119660490_ce0d4d1f73.jpg']","[0.7665, 0.751, 0.7102]"
675,a bearded man wearing a bandanna is pointing his finger whilst riding a bicycle,2192411521_9c7e488c5e.jpg,6,0.5454,0.6421,0.0967,"['3649916507_b88a3d2082.jpg', '3412249548_00820fc4ca.jpg', '544257613_d9a1fea3f7.jpg']","[0.6421, 0.5867, 0.5742]"
676,a man bicycles down the street and points his finger,2192411521_9c7e488c5e.jpg,2,0.6273,0.6438,0.0165,"['544257613_d9a1fea3f7.jpg', '2192411521_9c7e488c5e.jpg', '3268443910_b36dbc1e5c.jpg']","[0.6438, 0.6273, 0.5995]"
678,a man with long hair riding a bicycle gives the peace sign,2192411521_9c7e488c5e.jpg,-1,0.6267,0.751,0.1243,"['3671933270_d124e9a1a4.jpg', '3649916507_b88a3d2082.jpg', '2998024845_1529c11694.jpg']","[0.751, 0.7485, 0.7194]"
679,man in blue shirt and black cap riding bike down street flashing peace sign,2192411521_9c7e488c5e.jpg,-1,0.5444,0.6666,0.1222,"['2084217208_7bd9bc85e5.jpg', '2998024845_1529c11694.jpg', '656260720_a7db4ce48b.jpg']","[0.6666, 0.6559, 0.6349]"
680,six people jump for ball,2193980605_4221c6474d.jpg,4,0.6992,0.8873,0.1881,"['2698614194_b4e6e11dff.jpg', '2247192427_5e106f24a9.jpg', '3380072636_4cd59385fd.jpg']","[0.8873, 0.7159, 0.7045]"
681,six people are jumping in the air one of them throwing a ball,2193980605_4221c6474d.jpg,3,0.6788,0.703,0.0241,"['3539840291_1c3eed701d.jpg', '2698614194_b4e6e11dff.jpg', '2193980605_4221c6474d.jpg']","[0.703, 0.6861, 0.6788]"
682,a group of six people have jumped into the air in the middle of nowhere and one is catching a ball,2193980605_4221c6474d.jpg,2,0.7389,0.7758,0.0369,"['2698614194_b4e6e11dff.jpg', '2193980605_4221c6474d.jpg', '3380072636_4cd59385fd.jpg']","[0.7758, 0.7389, 0.641]"
684,a group of people are jumping into the air with their arms held high,2193980605_4221c6474d.jpg,-1,0.4947,0.7946,0.3,"['210126070_0d43b300b9.jpg', '136639119_6040b00946.jpg', '2351479551_e8820a1ff3.jpg']","[0.7946, 0.7266, 0.7069]"
685,a person is skijoring with a dog in the mountains,2194494220_bb2178832c.jpg,-1,0.5152,0.7887,0.2735,"['2098174172_e57d86ea03.jpg', '3228069008_edb2961fc4.jpg', '1247181182_35cabd76f3.jpg']","[0.7887, 0.7203, 0.6793]"
687,a woman crosscountry skiing with a brown dog,2194494220_bb2178832c.jpg,2,0.6354,0.6504,0.015,"['2518219912_f47214aa16.jpg', '2194494220_bb2178832c.jpg', '433855742_c2a6fda763.jpg']","[0.6504, 0.6354, 0.5946]"
688,a woman skiing down a snowy mountain with a brown dog on a lesh running with her,2194494220_bb2178832c.jpg,3,0.5518,0.5987,0.047,"['2518219912_f47214aa16.jpg', '359082432_c1fd5aa2d6.jpg', '2194494220_bb2178832c.jpg']","[0.5987, 0.571, 0.5518]"
689,the brown dog pulls a skier across snowcovered ground,2194494220_bb2178832c.jpg,4,0.6202,0.719,0.0988,"['109202756_b97fcdc62c.jpg', '2656987333_80dcc82c05.jpg', '3383491811_fd9d3a891d.jpg']","[0.719, 0.6537, 0.6338]"
690,young boys are running around a field during a soccer game,2194495372_bdac7d9e71.jpg,7,0.7431,0.8151,0.072,"['278608022_4175813019.jpg', '154871781_ae77696b77.jpg', '2962977152_9d6958fdd5.jpg']","[0.8151, 0.7728, 0.7625]"
691,two kids are running in a soccer game,2194495372_bdac7d9e71.jpg,10,0.5942,0.8253,0.2311,"['278608022_4175813019.jpg', '3506607642_40037b3fbf.jpg', '2962977152_9d6958fdd5.jpg']","[0.8253, 0.8169, 0.754]"
692,two kids are photographed playing soccer in a field,2194495372_bdac7d9e71.jpg,8,0.6587,0.8716,0.2129,"['278608022_4175813019.jpg', '3506607642_40037b3fbf.jpg', '3538021517_b930dc76fc.jpg']","[0.8716, 0.8462, 0.7643]"
693,children playing soccer on a field while parents watch,2194495372_bdac7d9e71.jpg,10,0.6568,0.793,0.1362,"['3506607642_40037b3fbf.jpg', '2868324804_5cc8030484.jpg', '278608022_4175813019.jpg']","[0.793, 0.7857, 0.7634]"
695,a child riding a scooter indoors,2197275664_fabcf3424b.jpg,2,0.676,0.7176,0.0416,"['2341254813_c53a5ef27a.jpg', '2197275664_fabcf3424b.jpg', '2834103050_512e5b330a.jpg']","[0.7176, 0.676, 0.6724]"
698,the girl is on a red scooter,2197275664_fabcf3424b.jpg,2,0.7365,0.7439,0.0074,"['2834103050_512e5b330a.jpg', '2197275664_fabcf3424b.jpg', '3345025842_bc2082a509.jpg']","[0.7439, 0.7365, 0.7058]"
700,the man in shorts holds the girl s hand as he leads her along the fence,219730733_6a55382dd2.jpg,-1,0.239,0.7355,0.4965,"['1432342377_3e41603f26.jpg', '3415228562_4efa9c9b70.jpg', '454686980_7517fe0c2e.jpg']","[0.7355, 0.7193, 0.7106]"
701,an amusement park,219730733_6a55382dd2.jpg,-1,0.3507,0.687,0.3363,"['3179336562_c3d0c0a3bd.jpg', '2894850774_2d530040a1.jpg', '109823397_e35154645f.jpg']","[0.687, 0.6732, 0.6128]"
702,a man is helping a young girl off a ride at an amusement park,219730733_6a55382dd2.jpg,10,0.5798,0.6487,0.0689,"['3352697012_751b079bbb.jpg', '2346772831_b2748ba1f0.jpg', '3317960829_78bbfafbb6.jpg']","[0.6487, 0.6361, 0.6239]"
703,a man is holding a young child s hand at a fair,219730733_6a55382dd2.jpg,-1,0.5301,0.7558,0.2257,"['3437315443_ba2263f92e.jpg', '2470486377_c3a39ccb7b.jpg', '416788726_5b4eb1466e.jpg']","[0.7558, 0.6612, 0.6515]"
704,a man taking a child on a ride at a fair,219730733_6a55382dd2.jpg,5,0.5915,0.6775,0.0859,"['2372572028_53b76104a9.jpg', '397601572_9587a39291.jpg', '2557972410_6925fe695c.jpg']","[0.6775, 0.6684, 0.6343]"
705,a brown and white dog is jumping up with a stick in its mouth,2198964806_c57b0534d3.jpg,6,0.5808,0.6731,0.0923,"['3396817186_b299ee0531.jpg', '3682038869_585075b5ff.jpg', '3488087117_2719647989.jpg']","[0.6731, 0.6151, 0.614]"
706,a brown dog holding a stick,2198964806_c57b0534d3.jpg,5,0.6727,0.758,0.0853,"['2986716822_e220754d32.jpg', '3228069008_edb2961fc4.jpg', '1324816249_86600a6759.jpg']","[0.758, 0.7408, 0.7368]"
707,a brown dog with green collar holding a stick in its mouth,2198964806_c57b0534d3.jpg,6,0.6602,0.809,0.1488,"['2986716822_e220754d32.jpg', '1324816249_86600a6759.jpg', '1745110280_0cbff5e273.jpg']","[0.809, 0.7208, 0.695]"
708,a dog in a green collar fetches a stick from the dead leaves,2198964806_c57b0534d3.jpg,6,0.6389,0.7411,0.1023,"['3330935489_9cb67ca36b.jpg', '1745110280_0cbff5e273.jpg', '2986716822_e220754d32.jpg']","[0.7411, 0.7108, 0.6964]"
709,the brown and white dog with a green collar is biting a stick,2198964806_c57b0534d3.jpg,-1,0.497,0.663,0.166,"['2311690895_0d6efe11c8.jpg', '516214924_c2a4364cb3.jpg', '3228069008_edb2961fc4.jpg']","[0.663, 0.6589, 0.6424]"
710,a woman with brown hair wearing white gloves,2204550058_2707d92338.jpg,2,0.6977,0.7276,0.0299,"['281754914_bc8119a0ed.jpg', '2204550058_2707d92338.jpg', '374124237_51f62b6937.jpg']","[0.7276, 0.6977, 0.6934]"
713,a woman tilts her face upward and lifts her white gloved hand,2204550058_2707d92338.jpg,-1,0.5468,0.6586,0.1118,"['2695085862_2ed62df354.jpg', '3134341610_3c55e373a7.jpg', '374124237_51f62b6937.jpg']","[0.6586, 0.6404, 0.6246]"
714,a woman wearing a white glove peers over the crowd,2204550058_2707d92338.jpg,-1,0.512,0.8512,0.3392,"['3174726084_c108de0a64.jpg', '2676184321_858eff416b.jpg', '2339140905_9f625f140a.jpg']","[0.8512, 0.7604, 0.7514]"
720,children smiling and making faces to the camera,2211593099_4a4f1c85d2.jpg,4,0.7461,0.8119,0.0658,"['799431781_65dc312afc.jpg', '979383193_0a542a059d.jpg', '3197891333_b1b0fd1702.jpg']","[0.8119, 0.7699, 0.7471]"
721,five boys smile for the picture,2211593099_4a4f1c85d2.jpg,5,0.7625,0.8304,0.0679,"['3712923460_1b20ebb131.jpg', '3254817653_632e840423.jpg', '3694093650_547259731e.jpg']","[0.8304, 0.818, 0.7698]"
722,a group of young middle eastern kids posing for the picture,2211593099_4a4f1c85d2.jpg,4,0.7457,0.8215,0.0758,"['3242718240_3358f2d6e6.jpg', '3197891333_b1b0fd1702.jpg', '3694093650_547259731e.jpg']","[0.8215, 0.8044, 0.7897]"
723,a group of boys pose for a picture,2211593099_4a4f1c85d2.jpg,4,0.7973,0.8551,0.0578,"['3712923460_1b20ebb131.jpg', '3694093650_547259731e.jpg', '3254817653_632e840423.jpg']","[0.8551, 0.8227, 0.8124]"
724,a group of boys pose for a picture on a crowded street,2211593099_4a4f1c85d2.jpg,2,0.7661,0.8231,0.057,"['3712923460_1b20ebb131.jpg', '2211593099_4a4f1c85d2.jpg', '3694093650_547259731e.jpg']","[0.8231, 0.7661, 0.7636]"
727,a young child is on all fours inside,2212472643_80238475b5.jpg,-1,0.4599,0.7115,0.2516,"['1007320043_627395c3d8.jpg', '2597737483_6518a230e4.jpg', '3345025842_bc2082a509.jpg']","[0.7115, 0.7018, 0.6846]"
730,the dogs are playing with a stick outside,2216695423_1362cb25f3.jpg,-1,0.3857,0.7592,0.3735,"['2902486045_6298eb22ef.jpg', '2427558437_3e839056d7.jpg', '424506167_01f365726b.jpg']","[0.7592, 0.6696, 0.6678]"
732,four dogs play together outside with sticks,2216695423_1362cb25f3.jpg,2,0.7328,0.7481,0.0153,"['2981372647_2061278c60.jpg', '2216695423_1362cb25f3.jpg', '3656104088_a0d1642fa9.jpg']","[0.7481, 0.7328, 0.669]"
733,a group of large white and orange dogs are in the grass,2216695423_1362cb25f3.jpg,3,0.7658,0.8908,0.125,"['2165461920_1a4144eb2b.jpg', '3132619510_7dfc947d25.jpg', '2216695423_1362cb25f3.jpg']","[0.8908, 0.8155, 0.7658]"
734,dogs play with stick,2216695423_1362cb25f3.jpg,-1,0.2697,0.8041,0.5344,"['2768972186_92787cd523.jpg', '424506167_01f365726b.jpg', '2518219912_f47214aa16.jpg']","[0.8041, 0.6853, 0.6333]"
736,a boy plays with a dog and a frisbee,221973402_ecb1cd51f1.jpg,-1,0.3745,0.7031,0.3286,"['3608400551_d6f7965308.jpg', '2448393373_80c011d301.jpg', '2839807428_efe42423f2.jpg']","[0.7031, 0.6557, 0.6069]"
737,a dog with a frisbee in its mouth chasing a boy in a field,221973402_ecb1cd51f1.jpg,-1,0.4127,0.7337,0.321,"['3608400551_d6f7965308.jpg', '2857609295_16aaa85293.jpg', '2839807428_efe42423f2.jpg']","[0.7337, 0.6838, 0.6243]"
739,the small boy is running in front of a black dog with a frisbee in its mouth,221973402_ecb1cd51f1.jpg,3,0.5926,0.6916,0.099,"['1104133405_c04a00707f.jpg', '1975531316_8b00eeaaf7.jpg', '221973402_ecb1cd51f1.jpg']","[0.6916, 0.6096, 0.5926]"
741,a man poses outside a tourist location,2219959872_988e6d498e.jpg,-1,0.4694,0.7335,0.2641,"['1057210460_09c6f4c6c1.jpg', '3242007318_01e82171aa.jpg', '1429723917_6af585e4c0.jpg']","[0.7335, 0.7277, 0.6906]"
742,a man and two kids standing in front of an ancient building,2219959872_988e6d498e.jpg,-1,0.4936,0.6882,0.1947,"['3503011427_a4ee547c77.jpg', '3029472296_d429b1586c.jpg', '3217291172_10ef70af88.jpg']","[0.6882, 0.675, 0.6383]"
745,two big dogs wade in the ocean,2220175999_081aa9cce8.jpg,10,0.6346,0.8259,0.1914,"['3585488964_1467945775.jpg', '481827288_a688be7913.jpg', '2434006663_207a284cec.jpg']","[0.8259, 0.7516, 0.6866]"
747,two dogs play in the water,2220175999_081aa9cce8.jpg,7,0.7091,0.8485,0.1394,"['481827288_a688be7913.jpg', '2632381125_de32bdfdf6.jpg', '1129704496_4a61441f2c.jpg']","[0.8485, 0.8222, 0.8158]"
748,two dogs wade in the water,2220175999_081aa9cce8.jpg,2,0.7859,0.7879,0.002,"['481827288_a688be7913.jpg', '2220175999_081aa9cce8.jpg', '2632381125_de32bdfdf6.jpg']","[0.7879, 0.7859, 0.7671]"
749,two dogs walk in a body of water,2220175999_081aa9cce8.jpg,4,0.6665,0.789,0.1226,"['2289212650_69de7a20b2.jpg', '566921157_07c18a41e2.jpg', '481827288_a688be7913.jpg']","[0.789, 0.6978, 0.6813]"
750,the man in the black jacket is holding the little girl s hand as they pass a yellow sign,2222559267_6fd31e3941.jpg,-1,0.383,0.692,0.309,"['1432342377_3e41603f26.jpg', '1177994172_10d143cb8d.jpg', '3437315443_ba2263f92e.jpg']","[0.692, 0.647, 0.6463]"
751,a man in a black jacket is holding a little girl s hand while walking down the city street,2222559267_6fd31e3941.jpg,-1,0.4255,0.8145,0.389,"['3393446245_37dd3f3b59.jpg', '1432342377_3e41603f26.jpg', '3072782873_3278f3b3a7.jpg']","[0.8145, 0.7586, 0.7342]"
753,a man and a little girl walking down the street,2222559267_6fd31e3941.jpg,-1,0.5999,0.77,0.1702,"['1432342377_3e41603f26.jpg', '3677734351_63d60844cb.jpg', '3072782873_3278f3b3a7.jpg']","[0.77, 0.7629, 0.7409]"
754,a man and girl hold hands walking down the street,2222559267_6fd31e3941.jpg,-1,0.5943,0.8638,0.2695,"['1432342377_3e41603f26.jpg', '3677734351_63d60844cb.jpg', '3393446245_37dd3f3b59.jpg']","[0.8638, 0.819, 0.7642]"
755,a brown dog jumps through three hoops,2229179070_dc8ea8582e.jpg,-1,0.3741,0.7583,0.3842,"['2831672255_d779807c14.jpg', '2270483627_16fe41b063.jpg', '1178705300_c224d9a4f1.jpg']","[0.7583, 0.6554, 0.6459]"
756,a dog is jumping through hoops held by people,2229179070_dc8ea8582e.jpg,-1,0.4512,0.7615,0.3103,"['397547349_1fd14b95af.jpg', '3474999131_788cbf253f.jpg', '2542662402_d781dd7f7c.jpg']","[0.7615, 0.6934, 0.6513]"
757,a dog jumps through a black hulahoop,2229179070_dc8ea8582e.jpg,-1,0.523,0.7651,0.2421,"['3474999131_788cbf253f.jpg', '2831672255_d779807c14.jpg', '2949353587_64c54e9589.jpg']","[0.7651, 0.6949, 0.6423]"
758,a medium size dog is jumping through hoops which are being held by men,2229179070_dc8ea8582e.jpg,-1,0.3521,0.696,0.344,"['397547349_1fd14b95af.jpg', '3155400369_69e3d6d70f.jpg', '3474999131_788cbf253f.jpg']","[0.696, 0.6519, 0.6477]"
759,a trainer runs next to his dog as it jumps through multiple hoops,2229179070_dc8ea8582e.jpg,-1,0.4396,0.7553,0.3157,"['3415646718_f9f4e23a66.jpg', '2340919359_f56787d307.jpg', '3353278454_2f3a4d0bbc.jpg']","[0.7553, 0.7217, 0.7006]"
760,the person is high on a mountain during sunset,223299142_521aedf9e7.jpg,2,0.8525,0.8677,0.0152,"['530888330_a18343e38d.jpg', '223299142_521aedf9e7.jpg', '58368365_03ed3e5bdf.jpg']","[0.8677, 0.8525, 0.8237]"
761,the man is climbing up a steep snowy mountain,223299142_521aedf9e7.jpg,-1,0.6454,0.9158,0.2704,"['224273695_0b517bd0eb.jpg', '106514190_bae200f463.jpg', '56494233_1824005879.jpg']","[0.9158, 0.9022, 0.8957]"
762,a man among steep and snowy mountains,223299142_521aedf9e7.jpg,-1,0.7089,0.8722,0.1633,"['56494233_1824005879.jpg', '2098174172_e57d86ea03.jpg', '319870744_0e0138d205.jpg']","[0.8722, 0.8545, 0.8333]"
763,someone hikes down a steep frozen mountainside,223299142_521aedf9e7.jpg,-1,0.617,0.859,0.242,"['106514190_bae200f463.jpg', '224273695_0b517bd0eb.jpg', '2109911919_af45b93ef3.jpg']","[0.859, 0.8413, 0.8216]"
764,the grass has ice on it and there is a mountain in the background,223299142_521aedf9e7.jpg,10,0.6482,0.8688,0.2206,"['319870744_0e0138d205.jpg', '3340575518_137ce2695f.jpg', '530888330_a18343e38d.jpg']","[0.8688, 0.7724, 0.7557]"
770,a beautiful view of the mountains on a snowy day,224273695_0b517bd0eb.jpg,7,0.7557,0.896,0.1403,"['3621647714_fc67ab2617.jpg', '56494233_1824005879.jpg', '1655781989_b15ab4cbff.jpg']","[0.896, 0.8789, 0.8601]"
771,a snowy peak,224273695_0b517bd0eb.jpg,8,0.7764,0.8697,0.0933,"['56494233_1824005879.jpg', '1655781989_b15ab4cbff.jpg', '3621647714_fc67ab2617.jpg']","[0.8697, 0.8203, 0.8023]"
772,people walking up a snowy mountain,224273695_0b517bd0eb.jpg,3,0.8079,0.8218,0.0139,"['3621647714_fc67ab2617.jpg', '56494233_1824005879.jpg', '224273695_0b517bd0eb.jpg']","[0.8218, 0.8167, 0.8079]"
773,the brown mountains have snow on them and there are clouds in the sky,224273695_0b517bd0eb.jpg,7,0.6881,0.8054,0.1173,"['319870744_0e0138d205.jpg', '336551609_1385ab139e.jpg', '3692593096_fbaea67476.jpg']","[0.8054, 0.8041, 0.7482]"
774,the mountain climbers set up camp at the apex,224273695_0b517bd0eb.jpg,-1,0.5285,0.7669,0.2385,"['319870744_0e0138d205.jpg', '2053733930_e245615ad4.jpg', '3692593096_fbaea67476.jpg']","[0.7669, 0.7328, 0.6905]"
777,two dogs are running through a wet grassy area and one is carrying a long stick,2244024374_54d7e88c2b.jpg,2,0.7575,0.7609,0.0034,"['2404520067_87798dbaee.jpg', '2244024374_54d7e88c2b.jpg', '3430526230_234b3550f6.jpg']","[0.7609, 0.7575, 0.7331]"
778,a dog runs through the water with a stick while another dog stands there,2244024374_54d7e88c2b.jpg,-1,0.4855,0.7726,0.2871,"['2633201394_ee4a7666ed.jpg', '2574230252_f5a1382dd4.jpg', '2613209320_edf6a2b7e9.jpg']","[0.7726, 0.7413, 0.7242]"
779,a brown and a black and brown dog are playing in the water and the black one is carrying a long stick in its mouth,2244024374_54d7e88c2b.jpg,10,0.6454,0.8643,0.219,"['2696394827_7342ced36f.jpg', '2632381125_de32bdfdf6.jpg', '2633201394_ee4a7666ed.jpg']","[0.8643, 0.7823, 0.7698]"
780,four people are lining up to purchase tickets at the theater,2244551043_21b8cca866.jpg,2,0.7345,0.7652,0.0306,"['3114944484_28b5bb9842.jpg', '2244551043_21b8cca866.jpg', '2602258549_7401a3cdae.jpg']","[0.7652, 0.7345, 0.6918]"
782,four people wait outside in a line for ticket,2244551043_21b8cca866.jpg,9,0.5777,0.7375,0.1599,"['2930622766_fa8f84deb1.jpg', '3474265683_43b1033d94.jpg', '3353278454_2f3a4d0bbc.jpg']","[0.7375, 0.6944, 0.6586]"
783,the man and woman at the window are turned around to the man and woman behind them,2244551043_21b8cca866.jpg,10,0.5772,0.8145,0.2373,"['465859490_b077219424.jpg', '3084018061_df66d98325.jpg', '2602258549_7401a3cdae.jpg']","[0.8145, 0.7382, 0.687]"
784,two men and two women standing at the window of a ticket booth,2244551043_21b8cca866.jpg,5,0.6649,0.723,0.0581,"['3084018061_df66d98325.jpg', '432167214_c17fcc1a2d.jpg', '2380464803_a64f05bfa9.jpg']","[0.723, 0.7229, 0.6826]"
785,three small boys playing basketball,2247192427_5e106f24a9.jpg,4,0.6491,0.7703,0.1212,"['2021602343_03023e1fd1.jpg', '3154709407_9b0778cbeb.jpg', '2915183095_4ed4aa4f37.jpg']","[0.7703, 0.6988, 0.6859]"
786,three small boys play basketball indoors,2247192427_5e106f24a9.jpg,7,0.5893,0.7705,0.1813,"['2021602343_03023e1fd1.jpg', '3154709407_9b0778cbeb.jpg', '2915183095_4ed4aa4f37.jpg']","[0.7705, 0.6373, 0.6317]"
789,children play basketball on a court,2247192427_5e106f24a9.jpg,4,0.742,0.811,0.0691,"['961611340_251081fcb8.jpg', '2021602343_03023e1fd1.jpg', '2915183095_4ed4aa4f37.jpg']","[0.811, 0.7947, 0.7735]"
790,the children of a family play while they wait,2257294002_0073263c54.jpg,-1,0.604,0.7511,0.1471,"['2470486377_c3a39ccb7b.jpg', '3480052428_c034b98a08.jpg', '3396043950_12783c5147.jpg']","[0.7511, 0.7468, 0.7229]"
791,three asian kids dance while a man looks on,2257294002_0073263c54.jpg,-1,0.5364,0.7123,0.1759,"['3396043950_12783c5147.jpg', '2991575785_bd4868e215.jpg', '576920249_df1bdc2068.jpg']","[0.7123, 0.6774, 0.6691]"
792,three children do jumping jacks in a public place while a man sits and looks on,2257294002_0073263c54.jpg,2,0.6767,0.7506,0.0739,"['520491467_54cbc0a866.jpg', '2257294002_0073263c54.jpg', '693785581_68bec8312a.jpg']","[0.7506, 0.6767, 0.6391]"
793,three children jumping while an older man watches from a row of chairs nearby,2257294002_0073263c54.jpg,-1,0.4271,0.7677,0.3405,"['3029472296_d429b1586c.jpg', '2970183443_accd597e0a.jpg', '520491467_54cbc0a866.jpg']","[0.7677, 0.6815, 0.6685]"
794,three young children jump while an older man watches from his seat,2257294002_0073263c54.jpg,-1,0.3821,0.7999,0.4178,"['3515451715_ac5ac04efa.jpg', '799431781_65dc312afc.jpg', '2970183443_accd597e0a.jpg']","[0.7999, 0.6896, 0.6311]"
795,little white dog wearing a leash jumping after a red ball,2259203920_6b93b721ce.jpg,-1,0.4096,0.7292,0.3195,"['496971341_22782195f0.jpg', '820169182_f5e78d7d19.jpg', '2374247382_023a86b9ca.jpg']","[0.7292, 0.7013, 0.6794]"
796,a white and brown dog jumps towards a red ball,2259203920_6b93b721ce.jpg,-1,0.424,0.6764,0.2524,"['539750844_02a07ec524.jpg', '496971341_22782195f0.jpg', '3155390408_8e1a81efb2.jpg']","[0.6764, 0.6674, 0.6525]"
797,a terrier chasing a red ball,2259203920_6b93b721ce.jpg,-1,0.3653,0.8253,0.4599,"['496971341_22782195f0.jpg', '2374247382_023a86b9ca.jpg', '3494345896_dd6b32cfa3.jpg']","[0.8253, 0.662, 0.661]"
798,a small dog on a leash jumps toward a pink ball,2259203920_6b93b721ce.jpg,-1,0.2187,0.7949,0.5763,"['2616561200_ea079f285a.jpg', '539750844_02a07ec524.jpg', '3155390408_8e1a81efb2.jpg']","[0.7949, 0.7227, 0.7193]"
799,a fox terrier leaps after a ball,2259203920_6b93b721ce.jpg,-1,0.2663,0.7284,0.4621,"['3696246123_99d4d10140.jpg', '539750844_02a07ec524.jpg', '496971341_22782195f0.jpg']","[0.7284, 0.7272, 0.6476]"
800,a woman in a marching band uniform holding out her arms to another woman,2260369648_e21ae6494a.jpg,3,0.6098,0.7035,0.0937,"['2204550058_2707d92338.jpg', '3652150541_8fb5a3a5d1.jpg', '2260369648_e21ae6494a.jpg']","[0.7035, 0.6709, 0.6098]"
801,the girl in the marching band comforts her fellow teammate,2260369648_e21ae6494a.jpg,-1,0.6132,0.6699,0.0567,"['576920249_df1bdc2068.jpg', '3565598162_56044bc2f7.jpg', '1685990174_09c4fb7df8.jpg']","[0.6699, 0.669, 0.6677]"
802,the two band members are wearing hats with yellow feathers,2260369648_e21ae6494a.jpg,3,0.6308,0.6714,0.0405,"['3589367895_5d3729e3ea.jpg', '470887791_86d5a08a38.jpg', '2260369648_e21ae6494a.jpg']","[0.6714, 0.6452, 0.6308]"
803,two asian girls in green and yellow band uniforms are facing each other,2260369648_e21ae6494a.jpg,9,0.5879,0.7233,0.1354,"['2337809114_899ba61330.jpg', '3035118753_69287079dc.jpg', '799431781_65dc312afc.jpg']","[0.7233, 0.7072, 0.7049]"
804,two young girls wearing green and yellow uniforms standing in front of each other,2260369648_e21ae6494a.jpg,-1,0.3853,0.6866,0.3013,"['3661072592_2e693cd5a0.jpg', '3035118753_69287079dc.jpg', '2599131872_65789d86d5.jpg']","[0.6866, 0.6735, 0.6579]"
805,the large green fish is jumping out of the water,226607225_44d696db6b.jpg,-1,0.5196,0.6979,0.1783,"['2797438951_88a3ed7541.jpg', '3315110972_1090d11728.jpg', '2209496328_2a34fd201d.jpg']","[0.6979, 0.6758, 0.6574]"
806,a large green fish jumps out of the water,226607225_44d696db6b.jpg,-1,0.4275,0.739,0.3115,"['3315110972_1090d11728.jpg', '3282634762_2650d0088a.jpg', '358875403_f357f03713.jpg']","[0.739, 0.731, 0.6583]"
807,a large green and blue fish leaps from the water,226607225_44d696db6b.jpg,-1,0.5262,0.7004,0.1742,"['3282634762_2650d0088a.jpg', '2797438951_88a3ed7541.jpg', '3701509233_a2275a4e57.jpg']","[0.7004, 0.6841, 0.6449]"
808,a large fish breaching the water s surface,226607225_44d696db6b.jpg,-1,0.2691,0.6621,0.393,"['3701509233_a2275a4e57.jpg', '2452686995_621878f561.jpg', '2115849046_2aa9fa8d13.jpg']","[0.6621, 0.6431, 0.6388]"
809,a green fish is jumping out of water,226607225_44d696db6b.jpg,-1,0.4961,0.6951,0.199,"['3315110972_1090d11728.jpg', '2797438951_88a3ed7541.jpg', '3282634762_2650d0088a.jpg']","[0.6951, 0.6853, 0.6617]"
810,a boy appears to be dancing to music in a building filled with people,2267819545_446c5a3e18.jpg,-1,0.2686,0.7618,0.4932,"['3396043950_12783c5147.jpg', '3701226275_952547ba0f.jpg', '1093737381_b313cd49ff.jpg']","[0.7618, 0.7533, 0.6664]"
811,a man consumed by his surroundings,2267819545_446c5a3e18.jpg,-1,0.2113,0.7768,0.5655,"['1418019748_51c7d59c11.jpg', '3057497487_57ecc60ff1.jpg', '469617651_278e586e46.jpg']","[0.7768, 0.7285, 0.7176]"
812,a man in a purple shirt is standing in a stadium with his eyes closed,2267819545_446c5a3e18.jpg,4,0.6904,0.7537,0.0633,"['2856700531_312528eea4.jpg', '1418019748_51c7d59c11.jpg', '3412249548_00820fc4ca.jpg']","[0.7537, 0.7314, 0.6909]"
813,a man in a purple shirt is standing with his eyes closed,2267819545_446c5a3e18.jpg,2,0.7202,0.7489,0.0287,"['2856700531_312528eea4.jpg', '2267819545_446c5a3e18.jpg', '1303727066_23d0f6ed43.jpg']","[0.7489, 0.7202, 0.6549]"
814,a young man with a beard at an event,2267819545_446c5a3e18.jpg,2,0.6816,0.746,0.0644,"['3412249548_00820fc4ca.jpg', '2267819545_446c5a3e18.jpg', '1418019748_51c7d59c11.jpg']","[0.746, 0.6816, 0.6589]"
815,kids riding the subway,2268729848_d418451226.jpg,-1,0.2037,0.6095,0.4058,"['989754491_7e53fb4586.jpg', '1332208215_fa824f6659.jpg', '782401952_5bc5d3413a.jpg']","[0.6095, 0.5807, 0.5762]"
816,a young man wearing a green and white shirt hanging by two straps in a subway car,2268729848_d418451226.jpg,-1,0.1888,0.8071,0.6184,"['2750867389_4b815f793a.jpg', '397601572_9587a39291.jpg', '3703413486_3c682732a0.jpg']","[0.8071, 0.7835, 0.7181]"
817,a boy hangs onto straps on a train,2268729848_d418451226.jpg,-1,0.1475,0.7378,0.5904,"['397601572_9587a39291.jpg', '2046222127_a6f300e202.jpg', '2750867389_4b815f793a.jpg']","[0.7378, 0.6767, 0.623]"
818,a boy in a white and green striped shirt and black shorts,2268729848_d418451226.jpg,-1,0.1142,0.7017,0.5875,"['3405942945_f4af2934a6.jpg', '3494394662_3edfd4a34c.jpg', '1860543210_47e94cf652.jpg']","[0.7017, 0.6904, 0.6826]"
819,a young boy is playing around on a tram,2268729848_d418451226.jpg,-1,0.076,0.7006,0.6246,"['1427391496_ea512cbe7f.jpg', '2381613738_d8d2012e3c.jpg', '693785581_68bec8312a.jpg']","[0.7006, 0.6881, 0.6757]"
823,a woman in a green shirt and blue hat is playing tennis,2269795781_46a296aa21.jpg,2,0.8451,0.8707,0.0256,"['3420260768_26a600b844.jpg', '2269795781_46a296aa21.jpg', '3425071001_e7c9809ef2.jpg']","[0.8707, 0.8451, 0.8102]"
825,a big tan dog jumps in the water,2270483627_16fe41b063.jpg,2,0.7335,0.8444,0.111,"['967719295_3257695095.jpg', '2270483627_16fe41b063.jpg', '2411824767_4eb1fae823.jpg']","[0.8444, 0.7335, 0.7072]"
826,a light brown dog is running in the water,2270483627_16fe41b063.jpg,4,0.7518,0.8391,0.0873,"['2051194177_fbeee211e3.jpg', '2417745327_a2c2705043.jpg', '3571675421_7e07ac07c5.jpg']","[0.8391, 0.817, 0.7944]"
827,a light colored dog splashes through the water,2270483627_16fe41b063.jpg,-1,0.6198,0.8465,0.2268,"['2051194177_fbeee211e3.jpg', '1131800850_89c7ffd477.jpg', '1808370027_2088394eb4.jpg']","[0.8465, 0.7583, 0.6765]"
828,a tan dog splashing in water on the bank of a pond or river,2270483627_16fe41b063.jpg,2,0.776,0.7947,0.0187,"['1808370027_2088394eb4.jpg', '2270483627_16fe41b063.jpg', '443430496_3fea95a07d.jpg']","[0.7947, 0.776, 0.7585]"
829,a white dog is splashing through the water,2270483627_16fe41b063.jpg,-1,0.5359,0.7905,0.2545,"['3401902253_cd27e6d0fe.jpg', '3712742641_641282803e.jpg', '2100046085_69b59b6645.jpg']","[0.7905, 0.781, 0.7193]"
830,a small boys dumps water on a baby,2271468944_3264d29208.jpg,10,0.5808,0.7367,0.1559,"['1308472581_9961782889.jpg', '3041689520_c481bdb20e.jpg', '1177994172_10d143cb8d.jpg']","[0.7367, 0.7032, 0.6211]"
831,a little boy pours water from a bucket onto another little boy s head,2271468944_3264d29208.jpg,2,0.7453,0.784,0.0387,"['3041689520_c481bdb20e.jpg', '2271468944_3264d29208.jpg', '1177994172_10d143cb8d.jpg']","[0.784, 0.7453, 0.6803]"
832,the boy pours water on the baby,2271468944_3264d29208.jpg,2,0.6746,0.724,0.0494,"['2911245290_b2c79f328a.jpg', '2271468944_3264d29208.jpg', '1177994172_10d143cb8d.jpg']","[0.724, 0.6746, 0.6573]"
834,a boy pours water on another boy,2271468944_3264d29208.jpg,-1,0.4779,0.7003,0.2225,"['1177994172_10d143cb8d.jpg', '3041689520_c481bdb20e.jpg', '3666537170_c4ecda4be8.jpg']","[0.7003, 0.6896, 0.6099]"
835,a man jumps through the air while snowboarding,2272750492_91e8f67328.jpg,6,0.692,0.8294,0.1374,"['3329169877_175cb16845.jpg', '3248352729_ab264b2222.jpg', '3108732084_565b423162.jpg']","[0.8294, 0.7884, 0.7568]"
836,a snowboarder in gray pants and a white jacket catches some air,2272750492_91e8f67328.jpg,2,0.6848,0.8047,0.1199,"['3329169877_175cb16845.jpg', '2272750492_91e8f67328.jpg', '3170551725_1276644eab.jpg']","[0.8047, 0.6848, 0.6809]"
837,a snowboarder in gray pants is doing a jump,2272750492_91e8f67328.jpg,7,0.7098,0.8298,0.12,"['3254645823_a7c072481c.jpg', '3329169877_175cb16845.jpg', '3248352729_ab264b2222.jpg']","[0.8298, 0.8102, 0.7893]"
838,a snowboarder with brown pants,2272750492_91e8f67328.jpg,3,0.7264,0.8279,0.1015,"['3329169877_175cb16845.jpg', '3170551725_1276644eab.jpg', '2272750492_91e8f67328.jpg']","[0.8279, 0.7951, 0.7264]"
839,person wearing grey pants airborne on a snowboard,2272750492_91e8f67328.jpg,5,0.7685,0.8649,0.0964,"['3329169877_175cb16845.jpg', '3248352729_ab264b2222.jpg', '3254645823_a7c072481c.jpg']","[0.8649, 0.8499, 0.8197]"
840,two mountaineers are looking ahead on a snowy trail,2272823323_3b7291cd47.jpg,2,0.7711,0.8303,0.0592,"['369360998_ba56fb436f.jpg', '2272823323_3b7291cd47.jpg', '336551615_a01418bc53.jpg']","[0.8303, 0.7711, 0.7089]"
843,a man wearing an orange coat speaks to another as they walk in the snow,2272823323_3b7291cd47.jpg,7,0.6617,0.8638,0.202,"['3393446245_37dd3f3b59.jpg', '454709143_9c513f095c.jpg', '2301867590_98c0ecb0cb.jpg']","[0.8638, 0.7322, 0.711]"
844,mountain climbers stopping to rest on climb,2272823323_3b7291cd47.jpg,-1,0.3603,0.6844,0.3241,"['561179884_8b6b925ef9.jpg', '2788628994_61123c03d2.jpg', '2053733930_e245615ad4.jpg']","[0.6844, 0.6349, 0.6267]"
845,two dark colored dogs fighting one another,2276314067_7ee246f859.jpg,-1,0.1818,0.6475,0.4657,"['3086523890_fd9394af8b.jpg', '351876121_c7c0221928.jpg', '412101267_7257e6d8c0.jpg']","[0.6475, 0.6357, 0.6348]"
846,two dogs are fighting in a field,2276314067_7ee246f859.jpg,-1,0.4246,0.9042,0.4796,"['2244024374_54d7e88c2b.jpg', '2567035103_3511020c8f.jpg', '2314722788_6262c3aa40.jpg']","[0.9042, 0.778, 0.7715]"
849,two large black dogs are playing in a grassy field,2276314067_7ee246f859.jpg,6,0.6422,0.8141,0.1719,"['2855667597_bf6ceaef8e.jpg', '283428775_a3665bee7c.jpg', '2445783904_e6c38a3a3d.jpg']","[0.8141, 0.8128, 0.7177]"
851,two girls playing at the beach one in pink and the other in black,2277081067_d2b4c98bce.jpg,5,0.7005,0.7928,0.0923,"['2951092164_4940b9a517.jpg', '3070031806_3d587c2a66.jpg', '3518755601_cebf11e515.jpg']","[0.7928, 0.7347, 0.7305]"
853,a boy and girl are splashing around in the ocean,2277081067_d2b4c98bce.jpg,9,0.6189,0.8151,0.1962,"['2911245290_b2c79f328a.jpg', '3666537170_c4ecda4be8.jpg', '2701487024_e866eb4550.jpg']","[0.8151, 0.7404, 0.7223]"
857,a yellow labrador retriever walks into the ocean at sunset,2281006675_fde04e93dd.jpg,2,0.8375,0.8439,0.0064,"['2952141476_fc9a48a60a.jpg', '2281006675_fde04e93dd.jpg', '967719295_3257695095.jpg']","[0.8439, 0.8375, 0.8168]"
860,a boy is riding a buggy down a woodland path,2289096282_4ef120f189.jpg,2,0.6452,0.7422,0.097,"['2788628994_61123c03d2.jpg', '2289096282_4ef120f189.jpg', '2372572028_53b76104a9.jpg']","[0.7422, 0.6452, 0.6294]"
861,a person rolls down a hill riding a wagon as another watches,2289096282_4ef120f189.jpg,-1,0.3825,0.6701,0.2875,"['2788628994_61123c03d2.jpg', '95734035_84732a92c1.jpg', '3596959859_a7cb1e194b.jpg']","[0.6701, 0.668, 0.6571]"
862,a young person riding a small wagon down a hill,2289096282_4ef120f189.jpg,-1,0.2999,0.7782,0.4783,"['2238166082_140f8b01b8.jpg', '514222285_aa0c8d05b7.jpg', '2372572028_53b76104a9.jpg']","[0.7782, 0.6836, 0.6507]"
863,the boy comes down the hill in the red wagon,2289096282_4ef120f189.jpg,-1,0.2621,0.7748,0.5127,"['2372572028_53b76104a9.jpg', '2238166082_140f8b01b8.jpg', '1007320043_627395c3d8.jpg']","[0.7748, 0.7253, 0.6001]"
864,this person seated on a type of gocart is riding downhill,2289096282_4ef120f189.jpg,-1,0.4877,0.6545,0.1667,"['2308108566_2cba6bca53.jpg', '1247181182_35cabd76f3.jpg', '2084217208_7bd9bc85e5.jpg']","[0.6545, 0.6447, 0.6333]"
865,a white and a white dog are fighting over a stick in the water,2289212650_69de7a20b2.jpg,-1,0.3672,0.831,0.4638,"['2100046085_69b59b6645.jpg', '3712742641_641282803e.jpg', '1932161768_996eadac87.jpg']","[0.831, 0.7004, 0.6664]"
866,two dogs are playing with a stick in a lake,2289212650_69de7a20b2.jpg,-1,0.4789,0.8192,0.3403,"['2696394827_7342ced36f.jpg', '2244024374_54d7e88c2b.jpg', '2632381125_de32bdfdf6.jpg']","[0.8192, 0.7891, 0.7652]"
867,two dogs in the water fight over a stick,2289212650_69de7a20b2.jpg,-1,0.4029,0.9049,0.5021,"['2632381125_de32bdfdf6.jpg', '2696394827_7342ced36f.jpg', '1129704496_4a61441f2c.jpg']","[0.9049, 0.796, 0.7959]"
868,two dogs playing in the water with a stick,2289212650_69de7a20b2.jpg,-1,0.4838,0.8949,0.4111,"['2696394827_7342ced36f.jpg', '1129704496_4a61441f2c.jpg', '2633201394_ee4a7666ed.jpg']","[0.8949, 0.8252, 0.7898]"
869,two dogs playing with a stick in shallow water,2289212650_69de7a20b2.jpg,-1,0.4403,0.8588,0.4184,"['2696394827_7342ced36f.jpg', '2632381125_de32bdfdf6.jpg', '1129704496_4a61441f2c.jpg']","[0.8588, 0.8563, 0.7901]"
870,two people in snowsuits laying in the snow making snow angels,2301867590_98c0ecb0cb.jpg,3,0.6883,0.8085,0.1202,"['2272823323_3b7291cd47.jpg', '3164415865_612f9fd8bc.jpg', '2301867590_98c0ecb0cb.jpg']","[0.8085, 0.724, 0.6883]"
872,two children lying in the snow making snow angels,2301867590_98c0ecb0cb.jpg,2,0.746,0.7743,0.0283,"['369360998_ba56fb436f.jpg', '2301867590_98c0ecb0cb.jpg', '3164415865_612f9fd8bc.jpg']","[0.7743, 0.746, 0.6661]"
875,a girl in green is running behind a boy in red in a sports arena whilst a girl in pink is running in the background,2302747917_aa0300eb68.jpg,2,0.7177,0.7489,0.0312,"['2951092164_4940b9a517.jpg', '2302747917_aa0300eb68.jpg', '3431101934_99a6c55914.jpg']","[0.7489, 0.7177, 0.7014]"
876,three barefoot children fun and smile in an indoor setting,2302747917_aa0300eb68.jpg,-1,0.2342,0.6275,0.3932,"['799431781_65dc312afc.jpg', '961611340_251081fcb8.jpg', '2301867590_98c0ecb0cb.jpg']","[0.6275, 0.6008, 0.6]"
877,three children running barefoot,2302747917_aa0300eb68.jpg,2,0.7502,0.756,0.0058,"['2915183095_4ed4aa4f37.jpg', '2302747917_aa0300eb68.jpg', '2856080862_95d793fa9d.jpg']","[0.756, 0.7502, 0.6782]"
878,three children running barefooted in a gym,2302747917_aa0300eb68.jpg,-1,0.6196,0.8105,0.1908,"['961611340_251081fcb8.jpg', '2915183095_4ed4aa4f37.jpg', '3002920707_5d2e6e6aac.jpg']","[0.8105, 0.7772, 0.735]"
879,three smiling children running indoors,2302747917_aa0300eb68.jpg,-1,0.4124,0.7686,0.3561,"['799431781_65dc312afc.jpg', '3515451715_ac5ac04efa.jpg', '979383193_0a542a059d.jpg']","[0.7686, 0.7353, 0.6148]"
880,person rides a dirt bike down a dirt hill,2308108566_2cba6bca53.jpg,5,0.7049,0.8972,0.1923,"['3472449219_eb927f05b8.jpg', '2891617125_f939f604c7.jpg', '3556598205_86c180769d.jpg']","[0.8972, 0.7792, 0.7243]"
883,a man rides a bike on a dirt path,2308108566_2cba6bca53.jpg,2,0.7558,0.8235,0.0676,"['143552829_72b6ba49d4.jpg', '2308108566_2cba6bca53.jpg', '95728660_d47de66544.jpg']","[0.8235, 0.7558, 0.7558]"
884,a person dirtbikes along a muddy trail,2308108566_2cba6bca53.jpg,-1,0.4823,0.7376,0.2553,"['2788628994_61123c03d2.jpg', '109823397_e35154645f.jpg', '210625425_fb1ef5d23b.jpg']","[0.7376, 0.6992, 0.6445]"
885,a brown dog looks up while a person s fingers are in its mouth,2311690895_0d6efe11c8.jpg,5,0.6519,0.7566,0.1047,"['516214924_c2a4364cb3.jpg', '2978236380_fb24c43f1e.jpg', '3228069008_edb2961fc4.jpg']","[0.7566, 0.6893, 0.6697]"
886,a dog bites someone s finger,2311690895_0d6efe11c8.jpg,3,0.7175,0.8476,0.1301,"['516214924_c2a4364cb3.jpg', '244399048_8332bb3270.jpg', '2311690895_0d6efe11c8.jpg']","[0.8476, 0.776, 0.7175]"
887,a dog is chewing on someone s finger,2311690895_0d6efe11c8.jpg,3,0.7201,0.8019,0.0818,"['516214924_c2a4364cb3.jpg', '244399048_8332bb3270.jpg', '2311690895_0d6efe11c8.jpg']","[0.8019, 0.7587, 0.7201]"
888,a person has his or her hands in a dog s mouth,2311690895_0d6efe11c8.jpg,10,0.5689,0.7286,0.1598,"['3608400551_d6f7965308.jpg', '3595643050_d312e4b652.jpg', '244399048_8332bb3270.jpg']","[0.7286, 0.6922, 0.6855]"
889,a person touches a dog s tooth,2311690895_0d6efe11c8.jpg,8,0.6275,0.7932,0.1657,"['1975531316_8b00eeaaf7.jpg', '359082432_c1fd5aa2d6.jpg', '909808296_23c427022d.jpg']","[0.7932, 0.7016, 0.6575]"
890,two dogs are running together through the grass,2313230479_13f87c6bf3.jpg,3,0.686,0.7198,0.0338,"['3526018344_450c517a72.jpg', '2567035103_3511020c8f.jpg', '2313230479_13f87c6bf3.jpg']","[0.7198, 0.7153, 0.686]"
891,two dogs a golden one and a white one with black patches are running towards something,2313230479_13f87c6bf3.jpg,-1,0.5677,0.7921,0.2244,"['3271084924_4778d556cc.jpg', '439492931_a96d590e40.jpg', '3526018344_450c517a72.jpg']","[0.7921, 0.7165, 0.7001]"
892,a brown dog and a white and black dog are running in grass,2313230479_13f87c6bf3.jpg,3,0.7213,0.8397,0.1184,"['3526018344_450c517a72.jpg', '2567035103_3511020c8f.jpg', '2313230479_13f87c6bf3.jpg']","[0.8397, 0.7944, 0.7213]"
893,a black and white dog running in front of a brown dog in the grass,2313230479_13f87c6bf3.jpg,-1,0.6377,0.7962,0.1585,"['78984436_ad96eaa802.jpg', '2567035103_3511020c8f.jpg', '2730994020_64ac1d18be.jpg']","[0.7962, 0.7584, 0.7568]"
894,a brown dog and black and white dog run along the green grass,2313230479_13f87c6bf3.jpg,2,0.7385,0.7508,0.0123,"['3526018344_450c517a72.jpg', '2313230479_13f87c6bf3.jpg', '2567035103_3511020c8f.jpg']","[0.7508, 0.7385, 0.7321]"
895,a black and brown dog are starring at each other,2314722788_6262c3aa40.jpg,-1,0.1873,0.8265,0.6392,"['2347921097_f2e35753c0.jpg', '351876121_c7c0221928.jpg', '3530502404_f8c3a3f61c.jpg']","[0.8265, 0.704, 0.6589]"
898,two dogs are looking at each other,2314722788_6262c3aa40.jpg,6,0.6139,0.6848,0.071,"['909808296_23c427022d.jpg', '1067790824_f3cc97239b.jpg', '2427558437_3e839056d7.jpg']","[0.6848, 0.6723, 0.663]"
899,two dogs confront each other in the middle of a field,2314722788_6262c3aa40.jpg,3,0.7549,0.9003,0.1454,"['2567035103_3511020c8f.jpg', '2244024374_54d7e88c2b.jpg', '2314722788_6262c3aa40.jpg']","[0.9003, 0.8427, 0.7549]"
900,the guy in the blue shirt and jeans performs a grab trick on his skateboard,232193739_ed5f348c7a.jpg,-1,0.5469,0.7369,0.19,"['3550763985_800cfee7e4.jpg', '2974501005_346f74e5d8.jpg', '2700147489_f1664f2b61.jpg']","[0.7369, 0.7106, 0.6732]"
901,skateboarder in the air,232193739_ed5f348c7a.jpg,-1,0.3728,0.7341,0.3613,"['2922512807_d382528a93.jpg', '3550763985_800cfee7e4.jpg', '2700147489_f1664f2b61.jpg']","[0.7341, 0.7281, 0.7036]"
902,a guy skateboarding on midair,232193739_ed5f348c7a.jpg,-1,0.2189,0.7783,0.5593,"['3446762868_06e9d9d899.jpg', '3240351042_5d29c94b0e.jpg', '3241965735_8742782a70.jpg']","[0.7783, 0.715, 0.7142]"
903,a man on a skateboard doing a jump over concrete,232193739_ed5f348c7a.jpg,3,0.7085,0.7478,0.0393,"['3348811097_0e09baa26f.jpg', '2876494009_9f96d7eaf2.jpg', '232193739_ed5f348c7a.jpg']","[0.7478, 0.7094, 0.7085]"
904,a man on a skateboard is jumping in the air with it,232193739_ed5f348c7a.jpg,-1,0.5794,0.7707,0.1914,"['3446762868_06e9d9d899.jpg', '2700147489_f1664f2b61.jpg', '3438858409_136345fa07.jpg']","[0.7707, 0.7427, 0.7149]"
905,a black and brown dog is laying with a tiger striped toy,2325258180_6217dd17eb.jpg,2,0.7166,0.8149,0.0983,"['2949353587_64c54e9589.jpg', '2325258180_6217dd17eb.jpg', '3383545083_1d7c95b003.jpg']","[0.8149, 0.7166, 0.6944]"
906,a black and brown dog is playing with his chew toys,2325258180_6217dd17eb.jpg,2,0.7287,0.7563,0.0276,"['2949353587_64c54e9589.jpg', '2325258180_6217dd17eb.jpg', '3494345896_dd6b32cfa3.jpg']","[0.7563, 0.7287, 0.6505]"
907,a black dog plays with two soft toys in front of a fireplace,2325258180_6217dd17eb.jpg,2,0.7927,0.8227,0.03,"['3383545083_1d7c95b003.jpg', '2325258180_6217dd17eb.jpg', '2949353587_64c54e9589.jpg']","[0.8227, 0.7927, 0.7836]"
909,black big dog is trying to chew into soft toy,2325258180_6217dd17eb.jpg,3,0.7863,0.8387,0.0524,"['3383545083_1d7c95b003.jpg', '1026685415_0431cbf574.jpg', '2325258180_6217dd17eb.jpg']","[0.8387, 0.8178, 0.7863]"
910,a mountain climber wearing an orange helmet swings his axe,2327088022_478dbd2c17.jpg,-1,0.298,0.7239,0.4259,"['111537222_07e56d5a30.jpg', '3488512097_e500cb499f.jpg', '3339586622_a7676b30e1.jpg']","[0.7239, 0.68, 0.6295]"
911,an ice climber wearing an orange helmet is hacking the ice with his ice pick,2327088022_478dbd2c17.jpg,-1,0.4658,0.6707,0.205,"['542317719_ed4dd95dc2.jpg', '3164415865_612f9fd8bc.jpg', '111537222_07e56d5a30.jpg']","[0.6707, 0.6487, 0.6145]"
912,a man donning an orange helmet is climbing up a white glacier,2327088022_478dbd2c17.jpg,-1,0.3769,0.74,0.363,"['111537222_07e56d5a30.jpg', '2888732432_7e907a3df1.jpg', '561179884_8b6b925ef9.jpg']","[0.74, 0.6366, 0.6305]"
913,a man climbing an icy glacier with the assistance of a pick,2327088022_478dbd2c17.jpg,-1,0.2905,0.599,0.3085,"['432167214_c17fcc1a2d.jpg', '310728631_155c3bbeea.jpg', '2244551043_21b8cca866.jpg']","[0.599, 0.5976, 0.5877]"
914,a man is chiseling into ice,2327088022_478dbd2c17.jpg,-1,0.245,0.6106,0.3656,"['1298866571_b4c496b71c.jpg', '3519815055_304dc8e8d6.jpg', '2991575785_bd4868e215.jpg']","[0.6106, 0.6031, 0.5879]"
915,a man in a hoodie is looking at a pad of paper outside a window,2328104318_5a43ca170c.jpg,-1,0.254,0.7808,0.5268,"['1057210460_09c6f4c6c1.jpg', '432167214_c17fcc1a2d.jpg', '1225443522_1633e7121f.jpg']","[0.7808, 0.7575, 0.7354]"
916,a man is standing beside a grip stand writing on a note pad,2328104318_5a43ca170c.jpg,-1,0.1689,0.7827,0.6138,"['432167214_c17fcc1a2d.jpg', '2437266971_b91a8f9a00.jpg', '251958970_fa6b423f23.jpg']","[0.7827, 0.7577, 0.7538]"
917,a man wearing a blue sweatshirt stands outside and writes in a notebook,2328104318_5a43ca170c.jpg,-1,0.3331,0.7131,0.38,"['1429723917_6af585e4c0.jpg', '1418019748_51c7d59c11.jpg', '1057210460_09c6f4c6c1.jpg']","[0.7131, 0.6777, 0.6569]"
918,a man wearing glasses is drawing,2328104318_5a43ca170c.jpg,-1,0.306,0.7845,0.4785,"['3412249548_00820fc4ca.jpg', '1418019748_51c7d59c11.jpg', '358607894_5abb1250d3.jpg']","[0.7845, 0.6924, 0.6308]"
919,a man writing something down behind a bush,2328104318_5a43ca170c.jpg,9,0.5352,0.6812,0.1461,"['3495490064_8db40a83af.jpg', '2490365757_b869282cb3.jpg', '2565350330_c7f305e7f7.jpg']","[0.6812, 0.6649, 0.578]"
920,a woman wearing a cowboy hat and carrying luggage,2328616978_fb21be2b87.jpg,3,0.5943,0.6983,0.104,"['2533076864_d799996433.jpg', '2527163162_d0fb802992.jpg', '2328616978_fb21be2b87.jpg']","[0.6983, 0.686, 0.5943]"
921,a woman stands in a black dress pulling a cart in front of two men seated on a park bench,2328616978_fb21be2b87.jpg,-1,0.2448,0.7429,0.4981,"['2229179070_dc8ea8582e.jpg', '219730733_6a55382dd2.jpg', '2610447973_89227ff978.jpg']","[0.7429, 0.7042, 0.6848]"
922,a lady with a cowboy hat and holding a cross looking at some men on a bench,2328616978_fb21be2b87.jpg,-1,0.3161,0.6934,0.3773,"['3091962081_194f2f3bd4.jpg', '2557972410_6925fe695c.jpg', '942399470_6132d3e5d2.jpg']","[0.6934, 0.6003, 0.5875]"
923,a lady wearing a black dress carrying a white cross,2328616978_fb21be2b87.jpg,-1,0.4825,0.6692,0.1867,"['502884177_25939ac000.jpg', '2525270674_4ab536e7ec.jpg', '2504277798_936a09c74d.jpg']","[0.6692, 0.6658, 0.6232]"
924,a woman in the park is talking to a few men,2328616978_fb21be2b87.jpg,-1,0.1561,0.7589,0.6028,"['454686980_7517fe0c2e.jpg', '617038406_4092ee91dd.jpg', '2443380641_7b38d18f5b.jpg']","[0.7589, 0.716, 0.6623]"
925,the skateboarder is performing a trick off a ramp,2332540384_4cf26406a9.jpg,8,0.6118,0.8771,0.2653,"['2876494009_9f96d7eaf2.jpg', '3323988406_e3c8fce690.jpg', '3446762868_06e9d9d899.jpg']","[0.8771, 0.7522, 0.751]"
927,a skateboarder doing a trick on a ramp,2332540384_4cf26406a9.jpg,4,0.6756,0.8274,0.1518,"['3576741633_671340544c.jpg', '2876494009_9f96d7eaf2.jpg', '3323988406_e3c8fce690.jpg']","[0.8274, 0.7723, 0.725]"
928,a skateboard rides up the ramp and does a trick in midair,2332540384_4cf26406a9.jpg,-1,0.5662,0.7701,0.2039,"['3531811969_49af4c22f0.jpg', '2876494009_9f96d7eaf2.jpg', '3724113279_99b6e5bf41.jpg']","[0.7701, 0.7138, 0.6877]"
929,the skateboarder launches off a quarter pipe,2332540384_4cf26406a9.jpg,-1,0.5623,0.8199,0.2576,"['3323988406_e3c8fce690.jpg', '2876494009_9f96d7eaf2.jpg', '3576741633_671340544c.jpg']","[0.8199, 0.7652, 0.751]"
930,several children and jumping on a trampoline in the snow,2335428699_4eba9b6245.jpg,9,0.5969,0.6873,0.0904,"['2257294002_0073263c54.jpg', '72218201_e0e9c7d65b.jpg', '2061144717_5b3a1864f0.jpg']","[0.6873, 0.6868, 0.6553]"
931,five children jump on a large trampoline while the snow outside melts,2335428699_4eba9b6245.jpg,2,0.6718,0.7127,0.0409,"['2257294002_0073263c54.jpg', '2335428699_4eba9b6245.jpg', '2061144717_5b3a1864f0.jpg']","[0.7127, 0.6718, 0.6662]"
932,four children on a trampoline in a snow covered area,2335428699_4eba9b6245.jpg,-1,0.5438,0.696,0.1522,"['2538477523_1da77eb11c.jpg', '2301867590_98c0ecb0cb.jpg', '2061144717_5b3a1864f0.jpg']","[0.696, 0.6705, 0.651]"
933,children jumping on a trampoline,2335428699_4eba9b6245.jpg,3,0.6771,0.6979,0.0208,"['210126070_0d43b300b9.jpg', '2687328779_b4356dab16.jpg', '2335428699_4eba9b6245.jpg']","[0.6979, 0.689, 0.6771]"
934,children are playing on a trampoline in the snow,2335428699_4eba9b6245.jpg,-1,0.5173,0.7388,0.2215,"['2538477523_1da77eb11c.jpg', '72218201_e0e9c7d65b.jpg', '2301867590_98c0ecb0cb.jpg']","[0.7388, 0.7311, 0.7107]"
940,a boy and girl are placing a red blindfold over a woman s eyes,2337809114_899ba61330.jpg,5,0.5836,0.7028,0.1192,"['3351667846_ac43118ae5.jpg', '3437315443_ba2263f92e.jpg', '3289817083_4e78e1c05a.jpg']","[0.7028, 0.6637, 0.6473]"
941,a girl is blindfolded by a young boy and girl,2337809114_899ba61330.jpg,7,0.529,0.7057,0.1767,"['3437315443_ba2263f92e.jpg', '2102732029_9ae520914d.jpg', '2516317118_10ae66b87a.jpg']","[0.7057, 0.6847, 0.6151]"
942,a person being blindfolded by a girl and a boy,2337809114_899ba61330.jpg,-1,0.4065,0.754,0.3475,"['3437315443_ba2263f92e.jpg', '2102732029_9ae520914d.jpg', '278002800_3817135105.jpg']","[0.754, 0.7494, 0.6307]"
943,three kids play one is blindfolded,2337809114_899ba61330.jpg,-1,0.1119,0.6693,0.5574,"['3515451715_ac5ac04efa.jpg', '3656104088_a0d1642fa9.jpg', '3480052428_c034b98a08.jpg']","[0.6693, 0.6556, 0.6261]"
944,two young children are playing with a teenage girl who is blindfolded,2337809114_899ba61330.jpg,2,0.6851,0.6868,0.0017,"['3318995586_c2bc50b92e.jpg', '2337809114_899ba61330.jpg', '3661072592_2e693cd5a0.jpg']","[0.6868, 0.6851, 0.6445]"
945,a woman wearing a yellow jacket traversing on skis,2339140905_9f625f140a.jpg,3,0.6361,0.6593,0.0232,"['454709143_9c513f095c.jpg', '2194494220_bb2178832c.jpg', '2339140905_9f625f140a.jpg']","[0.6593, 0.6416, 0.6361]"
950,a brown dog is swimming in the water,2339946012_06bd480ab8.jpg,7,0.8023,0.9033,0.101,"['443430496_3fea95a07d.jpg', '431410325_f4916b5460.jpg', '2613209320_edf6a2b7e9.jpg']","[0.9033, 0.8927, 0.8862]"
951,a brown dog swimming for a stick in the water,2339946012_06bd480ab8.jpg,8,0.7422,0.9155,0.1734,"['443430496_3fea95a07d.jpg', '431410325_f4916b5460.jpg', '2613209320_edf6a2b7e9.jpg']","[0.9155, 0.8671, 0.8528]"
952,a dog swims in the water,2339946012_06bd480ab8.jpg,3,0.8237,0.8923,0.0686,"['2369248869_0266760c4a.jpg', '3712742641_641282803e.jpg', '2339946012_06bd480ab8.jpg']","[0.8923, 0.8719, 0.8237]"
953,a dog swims toward a stick,2339946012_06bd480ab8.jpg,4,0.7021,0.7382,0.0361,"['2209496328_2a34fd201d.jpg', '3695949492_27ca3892fd.jpg', '3712742641_641282803e.jpg']","[0.7382, 0.7199, 0.7116]"
954,the large brown dog is paddling in the water,2339946012_06bd480ab8.jpg,9,0.6329,0.8146,0.1818,"['2220175999_081aa9cce8.jpg', '443430496_3fea95a07d.jpg', '431410325_f4916b5460.jpg']","[0.8146, 0.7486, 0.7318]"
955,a running dog and a standing man on a dry field of grass,2340919359_f56787d307.jpg,3,0.6368,0.7163,0.0795,"['433855742_c2a6fda763.jpg', '3025334206_76888792e5.jpg', '2340919359_f56787d307.jpg']","[0.7163, 0.6542, 0.6368]"
956,an attack dog is working with his trainer,2340919359_f56787d307.jpg,6,0.6409,0.8537,0.2128,"['3228069008_edb2961fc4.jpg', '1348947380_14f0fc1237.jpg', '1975531316_8b00eeaaf7.jpg']","[0.8537, 0.815, 0.7965]"
957,a man wearing a black and white shirt jumping on a dog s back,2340919359_f56787d307.jpg,7,0.6903,0.8328,0.1425,"['2839807428_efe42423f2.jpg', '3618932839_acd7d2c2ea.jpg', '2970183443_accd597e0a.jpg']","[0.8328, 0.7983, 0.7468]"
958,a man is sitting on a black and brown dog,2340919359_f56787d307.jpg,2,0.7969,0.8004,0.0035,"['1348947380_14f0fc1237.jpg', '2340919359_f56787d307.jpg', '1975531316_8b00eeaaf7.jpg']","[0.8004, 0.7969, 0.7717]"
960,a boy in a green shirt is jumping with his arms in the air at the end of a bowling alley,2341254813_c53a5ef27a.jpg,3,0.6597,0.7863,0.1265,"['520491467_54cbc0a866.jpg', '693785581_68bec8312a.jpg', '2341254813_c53a5ef27a.jpg']","[0.7863, 0.7046, 0.6597]"
961,a boy wearing a green shirt is jumping in front of a lane at a bowling alley,2341254813_c53a5ef27a.jpg,4,0.6872,0.7124,0.0253,"['3396043950_12783c5147.jpg', '3701226275_952547ba0f.jpg', '2915183095_4ed4aa4f37.jpg']","[0.7124, 0.7108, 0.6923]"
962,a child jumps in the air at a bowling alley,2341254813_c53a5ef27a.jpg,9,0.6317,0.7894,0.1577,"['520491467_54cbc0a866.jpg', '693785581_68bec8312a.jpg', '1309330801_aeeb23f1ee.jpg']","[0.7894, 0.7001, 0.687]"
963,a young boy with a mohawk and green shirt is excited about bowling,2341254813_c53a5ef27a.jpg,-1,0.3677,0.7662,0.3985,"['1860543210_47e94cf652.jpg', '3741827382_71e93298d0.jpg', '3494394662_3edfd4a34c.jpg']","[0.7662, 0.7453, 0.6942]"
964,a young boy with a mohawk jumping at a bowling alley,2341254813_c53a5ef27a.jpg,6,0.598,0.7008,0.1028,"['3701226275_952547ba0f.jpg', '693785581_68bec8312a.jpg', '3396043950_12783c5147.jpg']","[0.7008, 0.6659, 0.6197]"
965,the man in the red cap is rollerskating on a path in front of the white building,2344412916_9a5a9b1c82.jpg,2,0.6108,0.672,0.0612,"['2868575889_2c030aa8ae.jpg', '2344412916_9a5a9b1c82.jpg', '2973638173_0dc21fd443.jpg']","[0.672, 0.6108, 0.5863]"
966,a man rollerblades in a park,2344412916_9a5a9b1c82.jpg,-1,0.4846,0.8439,0.3593,"['2968135512_51fbb56e3e.jpg', '232193739_ed5f348c7a.jpg', '2891961886_b7a2f0b0fd.jpg']","[0.8439, 0.8122, 0.7369]"
967,the man is rollerblading in a red hat blue shirt and tan pants,2344412916_9a5a9b1c82.jpg,6,0.6614,0.7081,0.0467,"['206087108_d4557d38ee.jpg', '3530087422_7eb2b2c289.jpg', '2557972410_6925fe695c.jpg']","[0.7081, 0.7036, 0.6871]"
968,a man on rollerblades glides down a park path,2344412916_9a5a9b1c82.jpg,3,0.692,0.7173,0.0253,"['232193739_ed5f348c7a.jpg', '2973638173_0dc21fd443.jpg', '2344412916_9a5a9b1c82.jpg']","[0.7173, 0.7139, 0.692]"
969,a man rollerblading down a path through an active community,2344412916_9a5a9b1c82.jpg,2,0.6198,0.6788,0.059,"['3215108916_0473007b47.jpg', '2344412916_9a5a9b1c82.jpg', '3435035138_af32890a4c.jpg']","[0.6788, 0.6198, 0.6047]"
970,an adult is attending to child on a crowded path surrounding a body of water,2346772831_b2748ba1f0.jpg,-1,0.4846,0.6483,0.1636,"['3572346664_e1e6c77f11.jpg', '3437315443_ba2263f92e.jpg', '3178489390_13a6ae7524.jpg']","[0.6483, 0.5779, 0.5678]"
971,a woman bends over to attend to her child in a yellow jacket,2346772831_b2748ba1f0.jpg,-1,0.3261,0.6428,0.3166,"['3437315443_ba2263f92e.jpg', '3289817083_4e78e1c05a.jpg', '2102732029_9ae520914d.jpg']","[0.6428, 0.6278, 0.6175]"
972,a woman wearing a backpack leans down to speak with a young child,2346772831_b2748ba1f0.jpg,-1,0.3201,0.7345,0.4144,"['2102732029_9ae520914d.jpg', '3640241166_b1ab7a8e7a.jpg', '503090187_8758ab5680.jpg']","[0.7345, 0.6718, 0.6634]"
973,children at the park with their parents,2346772831_b2748ba1f0.jpg,-1,0.1005,0.7037,0.6032,"['3694093650_547259731e.jpg', '3661072592_2e693cd5a0.jpg', '2868324804_5cc8030484.jpg']","[0.7037, 0.6754, 0.6627]"
974,woman in yellow shirt bending over boy crouching on the ground,2346772831_b2748ba1f0.jpg,-1,0.4546,0.7249,0.2703,"['2707873672_15e6b5d54b.jpg', '2102732029_9ae520914d.jpg', '3630332976_fdba22c50b.jpg']","[0.7249, 0.6809, 0.618]"
975,two dogs play together on the bed,2347921097_f2e35753c0.jpg,10,0.5335,0.8655,0.332,"['3086523890_fd9394af8b.jpg', '351876121_c7c0221928.jpg', '2981372647_2061278c60.jpg']","[0.8655, 0.8182, 0.6345]"
976,the dogs are playing on the bed,2347921097_f2e35753c0.jpg,-1,0.5471,0.9078,0.3607,"['3086523890_fd9394af8b.jpg', '351876121_c7c0221928.jpg', '2545192257_142fe9e2de.jpg']","[0.9078, 0.8263, 0.7477]"
977,a brown and black dog sits on a bed and looks at a gray and white dog,2347921097_f2e35753c0.jpg,4,0.7443,0.8424,0.0981,"['351876121_c7c0221928.jpg', '2545192257_142fe9e2de.jpg', '3086523890_fd9394af8b.jpg']","[0.8424, 0.7777, 0.7493]"
978,a grey and white puddle fighting next to another black and brown dog on a bed,2347921097_f2e35753c0.jpg,4,0.7561,0.8897,0.1337,"['351876121_c7c0221928.jpg', '2545192257_142fe9e2de.jpg', '3086523890_fd9394af8b.jpg']","[0.8897, 0.8669, 0.7891]"
979,brown and white dog with brown and black dog on gray sheet,2347921097_f2e35753c0.jpg,3,0.6316,0.8452,0.2136,"['351876121_c7c0221928.jpg', '2419221084_01a14176b4.jpg', '2347921097_f2e35753c0.jpg']","[0.8452, 0.6482, 0.6316]"
980,a boy wearing blue shorts is doing a back flip in the air under a tree,2351479551_e8820a1ff3.jpg,7,0.5863,0.7776,0.1913,"['2061354254_faa5bd294b.jpg', '3686924335_3c51e8834a.jpg', '762947607_2001ee4c72.jpg']","[0.7776, 0.6455, 0.641]"
981,a man in midair doing a flip,2351479551_e8820a1ff3.jpg,-1,0.6187,0.8302,0.2114,"['2700147489_f1664f2b61.jpg', '3446762868_06e9d9d899.jpg', '3179336562_c3d0c0a3bd.jpg']","[0.8302, 0.7415, 0.7277]"
982,a young man jumping a back flip off of a concrete wall,2351479551_e8820a1ff3.jpg,6,0.6855,0.7826,0.097,"['3029472296_d429b1586c.jpg', '2922512807_d382528a93.jpg', '3472066410_065b4f99d3.jpg']","[0.7826, 0.7705, 0.7446]"
983,man with blue pants flipping in the air,2351479551_e8820a1ff3.jpg,6,0.695,0.7941,0.0991,"['2061354254_faa5bd294b.jpg', '3446762868_06e9d9d899.jpg', '3564385317_1bf5094068.jpg']","[0.7941, 0.7567, 0.7407]"
984,the boy wearing blue pants is in the midst of a back flip,2351479551_e8820a1ff3.jpg,-1,0.4759,0.6402,0.1644,"['693785581_68bec8312a.jpg', '350443876_c9769f5734.jpg', '3630332976_fdba22c50b.jpg']","[0.6402, 0.6376, 0.6209]"
985,boy wearing safety gear rides green bike through suburban streets,2355819665_39021ff642.jpg,3,0.6277,0.7157,0.088,"['3484820303_7be0e914b4.jpg', '2834103050_512e5b330a.jpg', '2355819665_39021ff642.jpg']","[0.7157, 0.6743, 0.6277]"
986,the kid rides his green and black bike down the street,2355819665_39021ff642.jpg,4,0.609,0.738,0.129,"['3484820303_7be0e914b4.jpg', '2192411521_9c7e488c5e.jpg', '2372572028_53b76104a9.jpg']","[0.738, 0.6982, 0.6487]"
987,a child rides a bicycle in a sunny neighborhood,2355819665_39021ff642.jpg,3,0.697,0.8371,0.1401,"['3484820303_7be0e914b4.jpg', '2192411521_9c7e488c5e.jpg', '2355819665_39021ff642.jpg']","[0.8371, 0.8117, 0.697]"
988,a boy on a bike rides around the neighborhood,2355819665_39021ff642.jpg,6,0.5929,0.7955,0.2026,"['3484820303_7be0e914b4.jpg', '2988244398_5da7012fce.jpg', '2192411521_9c7e488c5e.jpg']","[0.7955, 0.6124, 0.6084]"
989,a child is riding a green bike and wearing an orange shirt and red helmet,2355819665_39021ff642.jpg,7,0.6236,0.6714,0.0478,"['3484820303_7be0e914b4.jpg', '2192411521_9c7e488c5e.jpg', '2372572028_53b76104a9.jpg']","[0.6714, 0.6571, 0.6433]"
990,a child is happily playing on the slide,2358554995_54ed3baa83.jpg,5,0.7541,0.911,0.1569,"['2597737483_6518a230e4.jpg', '2988244398_5da7012fce.jpg', '640409060_6af18fdd54.jpg']","[0.911, 0.8218, 0.7855]"
992,a child is preparing to slide down a piece of playground equipment,2358554995_54ed3baa83.jpg,2,0.8308,0.8675,0.0368,"['2597737483_6518a230e4.jpg', '2358554995_54ed3baa83.jpg', '640409060_6af18fdd54.jpg']","[0.8675, 0.8308, 0.7901]"
995,brown and white dog playing in the grass,2358898017_24496b80e8.jpg,-1,0.5115,0.9189,0.4075,"['2584412512_6767593f24.jpg', '2886411666_72d8b12ce4.jpg', '2620113705_a8fa89b8f6.jpg']","[0.9189, 0.8213, 0.7811]"
996,a tan and white dog is competing in an agility test,2358898017_24496b80e8.jpg,6,0.672,0.772,0.0999,"['3619630328_2d0865b6f4.jpg', '2677614492_792023b928.jpg', '2831672255_d779807c14.jpg']","[0.772, 0.7226, 0.6999]"
997,a dog races along the grassy track,2358898017_24496b80e8.jpg,-1,0.4692,0.836,0.3668,"['3036596725_541bbe0955.jpg', '512101751_05a6d93e19.jpg', '3271084924_4778d556cc.jpg']","[0.836, 0.6669, 0.6612]"
998,a brown and white dog lays down in a grassy field,2358898017_24496b80e8.jpg,-1,0.3742,0.7435,0.3693,"['2584412512_6767593f24.jpg', '763577068_4b96ed768b.jpg', '2546959333_23b957988f.jpg']","[0.7435, 0.696, 0.6923]"
999,a dog is crouching on the grass near a hurdle,2358898017_24496b80e8.jpg,-1,0.4933,0.8242,0.331,"['3076928208_5763e9eb8c.jpg', '3271468462_701eb88d3b.jpg', '2229179070_dc8ea8582e.jpg']","[0.8242, 0.7923, 0.6586]"
1000,a boy rock climbs,236095031_5cb17dc54a.jpg,-1,0.5708,0.7903,0.2195,"['425088533_a460dc4617.jpg', '950273886_88c324e663.jpg', '860928274_744d14f198.jpg']","[0.7903, 0.7079, 0.6584]"
1001,a man is rock climbing without a shirt,236095031_5cb17dc54a.jpg,2,0.7767,0.9536,0.1769,"['415793623_6c1225ae27.jpg', '236095031_5cb17dc54a.jpg', '950273886_88c324e663.jpg']","[0.9536, 0.7767, 0.7355]"
1002,a young boy rock climbing,236095031_5cb17dc54a.jpg,9,0.5801,0.7511,0.1709,"['425088533_a460dc4617.jpg', '542317719_ed4dd95dc2.jpg', '860928274_744d14f198.jpg']","[0.7511, 0.6872, 0.6847]"
1003,the boy looked down as he climbed the steep rock face,236095031_5cb17dc54a.jpg,-1,0.503,0.7228,0.2197,"['425088533_a460dc4617.jpg', '950273886_88c324e663.jpg', '2480832276_fa55480ecb.jpg']","[0.7228, 0.6292, 0.6187]"
1004,the climber is hanging off a vertical cliff with gear but no shirt,236095031_5cb17dc54a.jpg,4,0.617,0.7636,0.1466,"['466956675_a2fb6bf901.jpg', '136639119_6040b00946.jpg', '3391924827_53b31542ce.jpg']","[0.7636, 0.6815, 0.6194]"
1005,the small child is leaning back in a child swing,2362481035_a7600875d0.jpg,3,0.8235,0.9226,0.0991,"['2458269558_277012780d.jpg', '3396036947_0af6c3aab7.jpg', '2362481035_a7600875d0.jpg']","[0.9226, 0.8673, 0.8235]"
1006,a young child smiling while on a swing at a playground,2362481035_a7600875d0.jpg,2,0.8282,0.8669,0.0388,"['3396036947_0af6c3aab7.jpg', '2362481035_a7600875d0.jpg', '2855417531_521bf47b50.jpg']","[0.8669, 0.8282, 0.8237]"
1007,toddler boy smiling while in a swing,2362481035_a7600875d0.jpg,6,0.7304,0.8091,0.0786,"['3396036947_0af6c3aab7.jpg', '2458269558_277012780d.jpg', '964197865_0133acaeb4.jpg']","[0.8091, 0.7715, 0.7353]"
1008,a blonde boy in green is on a swing,2362481035_a7600875d0.jpg,5,0.7491,0.871,0.1219,"['3396036947_0af6c3aab7.jpg', '2855417531_521bf47b50.jpg', '2458269558_277012780d.jpg']","[0.871, 0.8431, 0.8134]"
1009,a little girl with blond hair is smiling and sitting in a swing,2362481035_a7600875d0.jpg,2,0.8317,0.8357,0.0041,"['2458269558_277012780d.jpg', '2362481035_a7600875d0.jpg', '2884252132_5d8e776893.jpg']","[0.8357, 0.8317, 0.75]"
1010,a brown and black dog running through a river,2369248869_0266760c4a.jpg,-1,0.5761,0.8318,0.2557,"['247778426_fd59734130.jpg', '2417745327_a2c2705043.jpg', '2574230252_f5a1382dd4.jpg']","[0.8318, 0.7685, 0.7589]"
1011,a dog is running through some water,2369248869_0266760c4a.jpg,4,0.7109,0.809,0.0981,"['3401902253_cd27e6d0fe.jpg', '2270483627_16fe41b063.jpg', '2051194177_fbeee211e3.jpg']","[0.809, 0.7588, 0.7317]"
1012,a dog running through the water right toward the camera,2369248869_0266760c4a.jpg,8,0.7404,0.866,0.1257,"['2270483627_16fe41b063.jpg', '3401902253_cd27e6d0fe.jpg', '2051194177_fbeee211e3.jpg']","[0.866, 0.7956, 0.7954]"
1013,a large black and white dog is running through the water,2369248869_0266760c4a.jpg,3,0.7162,0.9035,0.1873,"['3401902253_cd27e6d0fe.jpg', '3257277774_aba333a94c.jpg', '2369248869_0266760c4a.jpg']","[0.9035, 0.7351, 0.7162]"
1014,there is a black dog running in a shallow river,2369248869_0266760c4a.jpg,-1,0.5805,0.8478,0.2673,"['247778426_fd59734130.jpg', '2756636539_cc1eacbf4a.jpg', '527968666_1fcddf81ab.jpg']","[0.8478, 0.8306, 0.7691]"
1015,a boy climbs into his toy car,2372572028_53b76104a9.jpg,6,0.6307,0.8256,0.195,"['2750867389_4b815f793a.jpg', '2988244398_5da7012fce.jpg', '3703413486_3c682732a0.jpg']","[0.8256, 0.6842, 0.6671]"
1016,a child climbs into a gokart,2372572028_53b76104a9.jpg,-1,0.3497,0.6971,0.3474,"['860928274_744d14f198.jpg', '350443876_c9769f5734.jpg', '2046222127_a6f300e202.jpg']","[0.6971, 0.6557, 0.6556]"
1017,a little boy in a blue coat is climbing into a red play truck,2372572028_53b76104a9.jpg,3,0.6619,0.7326,0.0708,"['2750867389_4b815f793a.jpg', '2381613738_d8d2012e3c.jpg', '2372572028_53b76104a9.jpg']","[0.7326, 0.726, 0.6619]"
1018,a small boy in a blue jacket climbs into a power wheels vehicle,2372572028_53b76104a9.jpg,2,0.7374,0.8021,0.0647,"['2750867389_4b815f793a.jpg', '2372572028_53b76104a9.jpg', '2894850774_2d530040a1.jpg']","[0.8021, 0.7374, 0.6892]"
1019,a small child wearing a blue coat climbing into a red toy car,2372572028_53b76104a9.jpg,-1,0.5368,0.6619,0.1251,"['964197865_0133acaeb4.jpg', '3751594676_edfbfa0688.jpg', '2381613738_d8d2012e3c.jpg']","[0.6619, 0.6405, 0.6387]"
1020,a child rides a wooden horse,2374247382_023a86b9ca.jpg,-1,0.1658,0.8427,0.6769,"['1234293791_6566284bcd.jpg', '2656987333_80dcc82c05.jpg', '3138562460_44227a35cf.jpg']","[0.8427, 0.8295, 0.7181]"
1021,a small boy rides a wooden toy and smiles,2374247382_023a86b9ca.jpg,-1,0.5013,0.8409,0.3396,"['964197865_0133acaeb4.jpg', '2358554995_54ed3baa83.jpg', '2648165716_02e2e74fd6.jpg']","[0.8409, 0.7104, 0.6154]"
1022,a toddler is sitting on a wooden horse and smiling,2374247382_023a86b9ca.jpg,-1,0.3773,0.7484,0.371,"['2358554995_54ed3baa83.jpg', '964197865_0133acaeb4.jpg', '2362481035_a7600875d0.jpg']","[0.7484, 0.7276, 0.6707]"
1023,a young blond boy sitting on a wooden rocky horse,2374247382_023a86b9ca.jpg,-1,0.2059,0.7267,0.5208,"['2358554995_54ed3baa83.jpg', '2362481035_a7600875d0.jpg', '468918320_9c275b877f.jpg']","[0.7267, 0.6588, 0.6235]"
1024,the child is on a wooden rocking horse,2374247382_023a86b9ca.jpg,-1,0.1512,0.8437,0.6925,"['1234293791_6566284bcd.jpg', '2656987333_80dcc82c05.jpg', '109202756_b97fcdc62c.jpg']","[0.8437, 0.8035, 0.7257]"
1025,there is a black dog jumping across sand,2378127945_8dc9da82d7.jpg,2,0.7511,0.7982,0.0471,"['2090997177_76d482b158.jpg', '2378127945_8dc9da82d7.jpg', '254527963_3f5824b0e8.jpg']","[0.7982, 0.7511, 0.7038]"
1027,a little dog is leaping through the air over a snowy field,2378127945_8dc9da82d7.jpg,-1,0.4502,0.7829,0.3328,"['3257277774_aba333a94c.jpg', '2095078658_c14ba89bc2.jpg', '421808539_57abee6d55.jpg']","[0.7829, 0.6905, 0.6202]"
1028,a dog is jumping through the air in an open snow covered field,2378127945_8dc9da82d7.jpg,4,0.6088,0.7102,0.1014,"['3257277774_aba333a94c.jpg', '2095078658_c14ba89bc2.jpg', '421808539_57abee6d55.jpg']","[0.7102, 0.6908, 0.6128]"
1029,a dog jumps over the sand,2378127945_8dc9da82d7.jpg,-1,0.219,0.719,0.5,"['1526325728_74eb4153d8.jpg', '240583223_e26e17ee96.jpg', '460478198_83039f2593.jpg']","[0.719, 0.6841, 0.6676]"
1030,a group of people sitting at a table,2380464803_a64f05bfa9.jpg,9,0.5817,0.853,0.2712,"['2602258549_7401a3cdae.jpg', '3319338707_892ae2a660.jpg', '3066338314_2c3fb731d1.jpg']","[0.853, 0.8187, 0.7516]"
1031,a man and a woman sit at a desk another man stands behind the first man,2380464803_a64f05bfa9.jpg,2,0.7484,0.782,0.0336,"['2891240104_6755281868.jpg', '2380464803_a64f05bfa9.jpg', '3066338314_2c3fb731d1.jpg']","[0.782, 0.7484, 0.7155]"
1032,three adults at work,2380464803_a64f05bfa9.jpg,-1,0.3692,0.6569,0.2877,"['3351667846_ac43118ae5.jpg', '3501083764_cf592292a6.jpg', '251958970_fa6b423f23.jpg']","[0.6569, 0.6446, 0.6104]"
1033,two men and a woman in an office,2380464803_a64f05bfa9.jpg,4,0.752,0.8045,0.0524,"['3400385314_a5bc062e97.jpg', '3199895624_4f01798c6f.jpg', '3210419174_d083a16f77.jpg']","[0.8045, 0.7972, 0.7937]"
1034,two men wearing black smile while a seated woman behind them looks tired,2380464803_a64f05bfa9.jpg,2,0.8245,0.8333,0.0087,"['3199895624_4f01798c6f.jpg', '2380464803_a64f05bfa9.jpg', '3210419174_d083a16f77.jpg']","[0.8333, 0.8245, 0.7335]"
1040,a bald policeman is walking with a german shepherd dog by a metal crowd control barrier,239453674_0df7767208.jpg,-1,0.4808,0.7827,0.3019,"['242324909_06d5a6c44b.jpg', '3353278454_2f3a4d0bbc.jpg', '522486784_978021d537.jpg']","[0.7827, 0.6641, 0.6599]"
1041,an officer and dog are walking in front of a queue of people,239453674_0df7767208.jpg,-1,0.5095,0.6499,0.1405,"['2194494220_bb2178832c.jpg', '3072782873_3278f3b3a7.jpg', '256444892_efcb3bd824.jpg']","[0.6499, 0.6396, 0.6341]"
1042,a policeman is next to his german shepherd,239453674_0df7767208.jpg,-1,0.1613,0.7109,0.5496,"['2340919359_f56787d307.jpg', '1396703063_e8c3687afe.jpg', '3138562460_44227a35cf.jpg']","[0.7109, 0.6468, 0.6243]"
1043,a policeman walks away from a gate with a large brown and black dog,239453674_0df7767208.jpg,-1,0.3155,0.7455,0.43,"['2718376488_3c62f7642c.jpg', '256444892_efcb3bd824.jpg', '2344412916_9a5a9b1c82.jpg']","[0.7455, 0.6929, 0.6907]"
1044,the policeman walks with his german shepherd,239453674_0df7767208.jpg,-1,0.2709,0.7142,0.4433,"['2340919359_f56787d307.jpg', '268365231_a0acecdc45.jpg', '697582336_601462e052.jpg']","[0.7142, 0.6296, 0.6245]"
1045,two cows stand nearby while a dog races past both of them,2403544744_cba152f5c1.jpg,10,0.5613,0.7297,0.1684,"['536721406_884ab8fece.jpg', '435739506_2daf7f4887.jpg', '2500567791_101d5ddee3.jpg']","[0.7297, 0.6622, 0.6463]"
1047,dog herding cows,2403544744_cba152f5c1.jpg,3,0.8086,0.8278,0.0192,"['2176874361_2b4149010b.jpg', '536721406_884ab8fece.jpg', '2403544744_cba152f5c1.jpg']","[0.8278, 0.8099, 0.8086]"
1048,a dog runs by two cows,2403544744_cba152f5c1.jpg,4,0.6584,0.755,0.0966,"['435739506_2daf7f4887.jpg', '536721406_884ab8fece.jpg', '2428275562_4bde2bc5ea.jpg']","[0.755, 0.7018, 0.7003]"
1053,the dog runs through the field,2404520067_87798dbaee.jpg,-1,0.5839,0.766,0.1822,"['2730994020_64ac1d18be.jpg', '459814265_d48ba48978.jpg', '3396817186_b299ee0531.jpg']","[0.766, 0.7636, 0.7275]"
1054,the speckled dog runs through the marsh,2404520067_87798dbaee.jpg,-1,0.3415,0.7711,0.4296,"['3435035138_af32890a4c.jpg', '2411824767_4eb1fae823.jpg', '2051194177_fbeee211e3.jpg']","[0.7711, 0.7387, 0.7006]"
1055,white dog chasing a yellow toy,2404692474_37da774368.jpg,-1,0.4616,0.7765,0.3149,"['3368671163_0171259581.jpg', '512101751_05a6d93e19.jpg', '2358898017_24496b80e8.jpg']","[0.7765, 0.7504, 0.6747]"
1056,the light colored dog is chasing after a toy outdoors,2404692474_37da774368.jpg,2,0.7864,0.787,0.0006,"['535529555_583d89b7f2.jpg', '2404692474_37da774368.jpg', '3368671163_0171259581.jpg']","[0.787, 0.7864, 0.7817]"
1057,a dog chasing a toy duck,2404692474_37da774368.jpg,5,0.5854,0.7048,0.1194,"['2358898017_24496b80e8.jpg', '496971341_22782195f0.jpg', '535529555_583d89b7f2.jpg']","[0.7048, 0.6999, 0.6538]"
1058,a dog runs across the grass to get his toy,2404692474_37da774368.jpg,-1,0.6181,0.7776,0.1594,"['512101751_05a6d93e19.jpg', '2584487952_f70e5aa9bf.jpg', '1346529555_e916816cfe.jpg']","[0.7776, 0.7583, 0.7575]"
1059,the dog barks at the toy,2404692474_37da774368.jpg,-1,0.4403,0.6799,0.2396,"['535529555_583d89b7f2.jpg', '2119660490_ce0d4d1f73.jpg', '1026685415_0431cbf574.jpg']","[0.6799, 0.6797, 0.6785]"
1060,a brown dog is running on a dirt path,240583223_e26e17ee96.jpg,2,0.672,0.7462,0.0741,"['2632366677_43dee456a5.jpg', '240583223_e26e17ee96.jpg', '3435035138_af32890a4c.jpg']","[0.7462, 0.672, 0.6586]"
1061,a dog is running down a dirt path,240583223_e26e17ee96.jpg,5,0.6089,0.7868,0.1779,"['3435035138_af32890a4c.jpg', '2935703360_4f794f7f09.jpg', '1932161768_996eadac87.jpg']","[0.7868, 0.6642, 0.641]"
1062,a running golden retriever,240583223_e26e17ee96.jpg,-1,0.0654,0.7033,0.638,"['3224578187_749882c17f.jpg', '3435035138_af32890a4c.jpg', '1969573381_5ecfae4c80.jpg']","[0.7033, 0.5962, 0.5954]"
1063,a yellow dog running down a sandy path,240583223_e26e17ee96.jpg,3,0.6875,0.7083,0.0208,"['3435035138_af32890a4c.jpg', '2632366677_43dee456a5.jpg', '240583223_e26e17ee96.jpg']","[0.7083, 0.7025, 0.6875]"
1064,the yellow dog is running on the dirt road,240583223_e26e17ee96.jpg,5,0.6053,0.7805,0.1753,"['3435035138_af32890a4c.jpg', '2632366677_43dee456a5.jpg', '1969573381_5ecfae4c80.jpg']","[0.7805, 0.6793, 0.6193]"
1065,a small black and white dog running on the beach with several people in the background,2407470303_6fd5e3600d.jpg,8,0.6735,0.8325,0.1591,"['3562282690_cd2a95fe9e.jpg', '1799271536_6e69c8f1dc.jpg', '339350939_6643bfb270.jpg']","[0.8325, 0.818, 0.8115]"
1066,dog in foreground with three people in background,2407470303_6fd5e3600d.jpg,-1,0.2312,0.7577,0.5264,"['245252561_4f20f1c89e.jpg', '397547349_1fd14b95af.jpg', '2555535057_007501dae5.jpg']","[0.7577, 0.7324, 0.6354]"
1067,a shaggy dog runs in front of three people on the beach,2407470303_6fd5e3600d.jpg,4,0.7528,0.8109,0.0581,"['1799271536_6e69c8f1dc.jpg', '140430106_2978fda105.jpg', '3532194771_07faf20d76.jpg']","[0.8109, 0.7968, 0.7715]"
1068,a family is playing on the beach with their dog,2407470303_6fd5e3600d.jpg,4,0.6947,0.8274,0.1328,"['489773343_a8aecf7db3.jpg', '2759211664_d21393b668.jpg', '3070031806_3d587c2a66.jpg']","[0.8274, 0.7982, 0.704]"
1069,a fluffy blackandwhite dog runs from three people on a sandy beach,2407470303_6fd5e3600d.jpg,3,0.7592,0.8192,0.0601,"['2714220101_c31db50b10.jpg', '3562282690_cd2a95fe9e.jpg', '2407470303_6fd5e3600d.jpg']","[0.8192, 0.784, 0.7592]"
1070,a man is in a truck that is lying on its side during a truck event,2410153942_ba4a136358.jpg,2,0.7522,0.8029,0.0507,"['2088460083_42ee8a595a.jpg', '2410153942_ba4a136358.jpg', '2750867389_4b815f793a.jpg']","[0.8029, 0.7522, 0.7197]"
1071,a red and white car is overturned on a dirt track,2410153942_ba4a136358.jpg,-1,0.3484,0.8866,0.5382,"['2522540026_6ee8ab4c6a.jpg', '3578068665_87bdacef6a.jpg', '2714220101_c31db50b10.jpg']","[0.8866, 0.8329, 0.7148]"
1072,a red car has rolled over on a dirt track,2410153942_ba4a136358.jpg,-1,0.3952,0.884,0.4888,"['2522540026_6ee8ab4c6a.jpg', '3578068665_87bdacef6a.jpg', '2943023421_e297f05e11.jpg']","[0.884, 0.8411, 0.8166]"
1073,the vehicle is lying on its side with the driver inside,2410153942_ba4a136358.jpg,5,0.6918,0.7987,0.1069,"['2750867389_4b815f793a.jpg', '397601572_9587a39291.jpg', '3682428916_69ce66d375.jpg']","[0.7987, 0.7697, 0.7114]"
1074,this offroading driver has tipped his truck,2410153942_ba4a136358.jpg,3,0.7491,0.8427,0.0936,"['2750867389_4b815f793a.jpg', '210625425_fb1ef5d23b.jpg', '2410153942_ba4a136358.jpg']","[0.8427, 0.7674, 0.7491]"
1075,the dog is wearing a purple cape,241046599_28b0ca7b9f.jpg,-1,0.2327,0.6619,0.4293,"['2525270674_4ab536e7ec.jpg', '440184957_267f3f3a2b.jpg', '337647771_3b819feaba.jpg']","[0.6619, 0.6575, 0.6382]"
1076,brown dog with green and purple cape runs on grass,241046599_28b0ca7b9f.jpg,4,0.7514,0.826,0.0746,"['2584487952_f70e5aa9bf.jpg', '2764732789_1392e962d0.jpg', '2404692474_37da774368.jpg']","[0.826, 0.8041, 0.753]"
1077,a small dog wearing a purple and green cape,241046599_28b0ca7b9f.jpg,-1,0.2198,0.6584,0.4386,"['2555535057_007501dae5.jpg', '3336361161_c06cdd160e.jpg', '397547349_1fd14b95af.jpg']","[0.6584, 0.6573, 0.6472]"
1078,a miniature dachshund has an apron on its back,241046599_28b0ca7b9f.jpg,-1,0.0754,0.7022,0.6267,"['264141937_585320617a.jpg', '2525270674_4ab536e7ec.jpg', '281754914_bc8119a0ed.jpg']","[0.7022, 0.6664, 0.6412]"
1079,a small brown dog is running across the grass wearing a purple and green coat,241046599_28b0ca7b9f.jpg,-1,0.5748,0.8089,0.2341,"['2764732789_1392e962d0.jpg', '2942133798_e57c862a90.jpg', '2886411666_72d8b12ce4.jpg']","[0.8089, 0.745, 0.7289]"
1081,a boy wearing a red jersey is running in the street,2410618963_fb78307d18.jpg,8,0.5837,0.7046,0.1209,"['3111208043_dbe8e87fa1.jpg', '2497074804_b4f3e7fd90.jpg', '1104133405_c04a00707f.jpg']","[0.7046, 0.6828, 0.6786]"
1082,a young boy in an orange shirt is smiling as he runs in a city scene,2410618963_fb78307d18.jpg,7,0.5891,0.8423,0.2532,"['2021671653_567395c7cf.jpg', '543264612_c53cc163b4.jpg', '3494394662_3edfd4a34c.jpg']","[0.8423, 0.7517, 0.7504]"
1084,a young man running on a sidewalk with graffiti in the background,2410618963_fb78307d18.jpg,6,0.6429,0.7346,0.0917,"['3111208043_dbe8e87fa1.jpg', '2497074804_b4f3e7fd90.jpg', '2021671653_567395c7cf.jpg']","[0.7346, 0.7285, 0.7242]"
1085,a small brown and white dog is jumping over bushels of hay,2411824767_4eb1fae823.jpg,-1,0.3937,0.7796,0.3859,"['3682038869_585075b5ff.jpg', '3301754574_465af5bf6d.jpg', '3330935489_9cb67ca36b.jpg']","[0.7796, 0.7062, 0.6854]"
1086,a dog jumps over hay,2411824767_4eb1fae823.jpg,-1,0.2829,0.7529,0.4699,"['3682038869_585075b5ff.jpg', '3374384485_751f719be4.jpg', '2480832276_fa55480ecb.jpg']","[0.7529, 0.698, 0.6472]"
1087,a brown dog is jumping over a grassy mound near to a lake,2411824767_4eb1fae823.jpg,-1,0.4173,0.6518,0.2345,"['967719295_3257695095.jpg', '1526325728_74eb4153d8.jpg', '3690425778_3b390b3ea5.jpg']","[0.6518, 0.633, 0.6112]"
1088,a brown and white dog leaps,2411824767_4eb1fae823.jpg,-1,0.3495,0.7488,0.3993,"['3485599424_94de8ede51.jpg', '2922512807_d382528a93.jpg', '3696246123_99d4d10140.jpg']","[0.7488, 0.6391, 0.6309]"
1089,a corgi jumps off a bale of hay m water and buildings behind it,2411824767_4eb1fae823.jpg,-1,0.4378,0.6887,0.2509,"['3315110972_1090d11728.jpg', '3282634762_2650d0088a.jpg', '3295680663_af21ea648b.jpg']","[0.6887, 0.6818, 0.675]"
1090,a boy in a red jacket points at red tulips,2412390588_a89cab30f4.jpg,4,0.6791,0.7383,0.0592,"['2131762850_5293a288d9.jpg', '3208074567_ac44aeb3f3.jpg', '1235580648_7eebaed9bc.jpg']","[0.7383, 0.7061, 0.7056]"
1091,a boy in red is pointing to a red tulip,2412390588_a89cab30f4.jpg,9,0.5962,0.6735,0.0773,"['3131160589_dc73c209b7.jpg', '3630332976_fdba22c50b.jpg', '2131762850_5293a288d9.jpg']","[0.6735, 0.6519, 0.6443]"
1093,a child in a red longsleeve shirt is pointing at the red tulips,2412390588_a89cab30f4.jpg,2,0.6382,0.7582,0.12,"['3437315443_ba2263f92e.jpg', '2412390588_a89cab30f4.jpg', '3470303255_fbb41b8dd0.jpg']","[0.7582, 0.6382, 0.6123]"
1095,a horse mascot gives high fives to some football fans,241346215_037e18403a.jpg,-1,0.2702,0.8869,0.6167,"['3138562460_44227a35cf.jpg', '2656987333_80dcc82c05.jpg', '3541962817_78bcd3835b.jpg']","[0.8869, 0.7511, 0.7496]"
1096,a horse mascot stands in front of several kids,241346215_037e18403a.jpg,-1,0.4266,0.8492,0.4226,"['3138562460_44227a35cf.jpg', '2656987333_80dcc82c05.jpg', '109202756_b97fcdc62c.jpg']","[0.8492, 0.8357, 0.7885]"
1097,a mascot at a sporting event waves to the crowd,241346215_037e18403a.jpg,-1,0.4179,0.7486,0.3307,"['1425919702_ddb761aeec.jpg', '241347271_a39a5a0070.jpg', '2417745327_a2c2705043.jpg']","[0.7486, 0.6175, 0.5847]"
1098,a team mascot raising its hands toward people,241346215_037e18403a.jpg,-1,0.2797,0.774,0.4943,"['3535056297_e16f014cb7.jpg', '3195188609_01afbe46e6.jpg', '3242718240_3358f2d6e6.jpg']","[0.774, 0.7125, 0.712]"
1099,oklahoma horse mascot in a sea of red fans,241346215_037e18403a.jpg,-1,0.2833,0.723,0.4396,"['1663454406_5e2cf8c5bb.jpg', '3138562460_44227a35cf.jpg', '2500567791_101d5ddee3.jpg']","[0.723, 0.7128, 0.6395]"
1100,two football teams compete,241347271_a39a5a0070.jpg,3,0.8415,0.9055,0.064,"['241347803_afb04b12c4.jpg', '241347547_902725b9f8.jpg', '241347271_a39a5a0070.jpg']","[0.9055, 0.8606, 0.8415]"
1101,men play football as a crowd watches,241347271_a39a5a0070.jpg,-1,0.4574,0.8367,0.3793,"['3195188609_01afbe46e6.jpg', '269986132_91b71e8aaa.jpg', '3539840291_1c3eed701d.jpg']","[0.8367, 0.6881, 0.6728]"
1103,a football game in progress,241347271_a39a5a0070.jpg,2,0.7645,0.7968,0.0323,"['241347547_902725b9f8.jpg', '241347271_a39a5a0070.jpg', '241347803_afb04b12c4.jpg']","[0.7968, 0.7645, 0.7448]"
1104,football players are on the field,241347271_a39a5a0070.jpg,4,0.741,0.8781,0.1371,"['241347547_902725b9f8.jpg', '241347803_afb04b12c4.jpg', '2003663004_5b70920a98.jpg']","[0.8781, 0.8229, 0.7976]"
1105,a football coach standing with his players behind him,241347547_902725b9f8.jpg,8,0.6005,0.8903,0.2899,"['241347635_e691395c2f.jpg', '1396703063_e8c3687afe.jpg', '2939371251_f923569a72.jpg']","[0.8903, 0.7277, 0.6837]"
1106,a group of football players in gold helmets stand around a man in a purple shirt,241347547_902725b9f8.jpg,4,0.7741,0.8447,0.0705,"['2003663004_5b70920a98.jpg', '2939371251_f923569a72.jpg', '241347803_afb04b12c4.jpg']","[0.8447, 0.814, 0.7911]"
1107,a group of footballs players is standing behind a coaching official,241347547_902725b9f8.jpg,-1,0.1254,0.6802,0.5549,"['3195188609_01afbe46e6.jpg', '3539840291_1c3eed701d.jpg', '3640109324_3ce89e4d1a.jpg']","[0.6802, 0.6762, 0.6183]"
1109,a man surrounded by football players,241347547_902725b9f8.jpg,2,0.8539,0.8558,0.0019,"['241347271_a39a5a0070.jpg', '241347547_902725b9f8.jpg', '241347803_afb04b12c4.jpg']","[0.8558, 0.8539, 0.8181]"
1110,a man is walking along a field,241347635_e691395c2f.jpg,-1,0.4745,0.7307,0.2562,"['762947607_2001ee4c72.jpg', '2681215810_00b0642f7b.jpg', '2845845721_d0bc113ff7.jpg']","[0.7307, 0.7235, 0.6829]"
1111,a man in sunglasses blue shirt and beige pants walks across an athletic field,241347635_e691395c2f.jpg,-1,0.4211,0.7129,0.2918,"['1514957266_a19827c538.jpg', '2673148534_8daf0de833.jpg', '109823397_e35154645f.jpg']","[0.7129, 0.6779, 0.6595]"
1112,a man walks down a field with a crowd in the stands behind him,241347635_e691395c2f.jpg,10,0.5635,0.6516,0.0881,"['2460823604_7f6f786b1c.jpg', '436013859_793d870b6f.jpg', '2845845721_d0bc113ff7.jpg']","[0.6516, 0.6457, 0.6347]"
1113,the head coach is walking out on the field,241347635_e691395c2f.jpg,4,0.6421,0.7698,0.1277,"['2460823604_7f6f786b1c.jpg', '2472574160_8ce233f396.jpg', '3290105461_7590f23371.jpg']","[0.7698, 0.6485, 0.6435]"
1114,the man with the white pants and blue nike shirt has a whistle around his neck,241347635_e691395c2f.jpg,-1,0.3067,0.8574,0.5507,"['2856700531_312528eea4.jpg', '3412249548_00820fc4ca.jpg', '2219959872_988e6d498e.jpg']","[0.8574, 0.6856, 0.6806]"
1115,a man in a red football uniform and helmet looks to the left,241347803_afb04b12c4.jpg,6,0.6497,0.8621,0.2124,"['3230101918_7d81cb0fc8.jpg', '241347547_902725b9f8.jpg', '3131160589_dc73c209b7.jpg']","[0.8621, 0.7301, 0.7058]"
1116,the oklahoma football player watches the game from the sidelines,241347803_afb04b12c4.jpg,2,0.799,0.8712,0.0721,"['241347271_a39a5a0070.jpg', '241347803_afb04b12c4.jpg', '241347547_902725b9f8.jpg']","[0.8712, 0.799, 0.7914]"
1118,a large football player in a red uniform,241347803_afb04b12c4.jpg,3,0.8257,0.9051,0.0794,"['2837799692_2f1c50722a.jpg', '241347271_a39a5a0070.jpg', '241347803_afb04b12c4.jpg']","[0.9051, 0.8802, 0.8257]"
1119,this football team wears red shirts and red helmets,241347803_afb04b12c4.jpg,2,0.7782,0.8273,0.0491,"['241347547_902725b9f8.jpg', '241347803_afb04b12c4.jpg', '2003663004_5b70920a98.jpg']","[0.8273, 0.7782, 0.7488]"
1121,a dog is running through the ocean,2417745327_a2c2705043.jpg,7,0.6705,0.8946,0.2241,"['3401902253_cd27e6d0fe.jpg', '3257277774_aba333a94c.jpg', '3673165148_67f217064f.jpg']","[0.8946, 0.7191, 0.7165]"
1126,two dogs are outside near patio furniture,2419221084_01a14176b4.jpg,4,0.6122,0.7529,0.1407,"['460935487_75b2da7854.jpg', '2702506716_17a7fb3ba4.jpg', '909808296_23c427022d.jpg']","[0.7529, 0.7256, 0.6478]"
1127,two small brown and white dogs standing beside some white chairs,2419221084_01a14176b4.jpg,4,0.6502,0.6721,0.022,"['460935487_75b2da7854.jpg', '1084040636_97d9633581.jpg', '2702506716_17a7fb3ba4.jpg']","[0.6721, 0.6533, 0.6521]"
1130,a young asian girl wearing flip flops and a flowered sundress runs down the street,2422018883_336519b5c6.jpg,3,0.6256,0.6621,0.0365,"['537359971_6e28f5e66e.jpg', '3484820303_7be0e914b4.jpg', '2422018883_336519b5c6.jpg']","[0.6621, 0.6361, 0.6256]"
1132,a small toddler girl in a white dress walking,2422018883_336519b5c6.jpg,4,0.6411,0.7401,0.0991,"['2592019072_a6c0090da4.jpg', '3555231025_73fa54fa29.jpg', '3286222970_1fa445e38f.jpg']","[0.7401, 0.6691, 0.665]"
1133,a little girl wears a white dress and pink flip flops,2422018883_336519b5c6.jpg,9,0.5641,0.6457,0.0816,"['3431101934_99a6c55914.jpg', '3286222970_1fa445e38f.jpg', '2951092164_4940b9a517.jpg']","[0.6457, 0.6093, 0.6092]"
1134,a baby in a white and pink dress walks outside,2422018883_336519b5c6.jpg,4,0.6435,0.6645,0.021,"['341430859_4519802e8f.jpg', '2259203920_6b93b721ce.jpg', '635444010_bd81c89ab7.jpg']","[0.6645, 0.6494, 0.6485]"
1135,a dachshund going for a walk,242324909_06d5a6c44b.jpg,-1,0.3248,0.6905,0.3657,"['256444892_efcb3bd824.jpg', '2344412916_9a5a9b1c82.jpg', '3393446245_37dd3f3b59.jpg']","[0.6905, 0.6666, 0.6452]"
1136,a little brown dog walks on the sidewalk with its tongue sticking out,242324909_06d5a6c44b.jpg,5,0.5919,0.8103,0.2184,"['3435035138_af32890a4c.jpg', '2555535057_007501dae5.jpg', '245252561_4f20f1c89e.jpg']","[0.8103, 0.6229, 0.6179]"
1137,a little brown dog with a blue collar is being walked along a path,242324909_06d5a6c44b.jpg,-1,0.5224,0.7257,0.2033,"['3435035138_af32890a4c.jpg', '359082432_c1fd5aa2d6.jpg', '1969573381_5ecfae4c80.jpg']","[0.7257, 0.705, 0.626]"
1138,a small brown dog is pulling on its blue and white leash while on a walk,242324909_06d5a6c44b.jpg,9,0.5887,0.761,0.1724,"['3228069008_edb2961fc4.jpg', '1975531316_8b00eeaaf7.jpg', '2518219912_f47214aa16.jpg']","[0.761, 0.7498, 0.7183]"
1139,a small brown dog on a leash,242324909_06d5a6c44b.jpg,-1,0.5834,0.7682,0.1847,"['3228069008_edb2961fc4.jpg', '2518219912_f47214aa16.jpg', '1975531316_8b00eeaaf7.jpg']","[0.7682, 0.711, 0.6632]"
1140,two dogs pass each other near some water,2427558437_3e839056d7.jpg,2,0.7129,0.748,0.0351,"['2632381125_de32bdfdf6.jpg', '2427558437_3e839056d7.jpg', '2244024374_54d7e88c2b.jpg']","[0.748, 0.7129, 0.6932]"
1141,two brown dogs together standing on the bank of a lake,2427558437_3e839056d7.jpg,3,0.7821,0.8085,0.0264,"['2220175999_081aa9cce8.jpg', '2632381125_de32bdfdf6.jpg', '2427558437_3e839056d7.jpg']","[0.8085, 0.7928, 0.7821]"
1144,the two dogs are walking past each other on a beach,2427558437_3e839056d7.jpg,-1,0.6284,0.8473,0.2188,"['566921157_07c18a41e2.jpg', '496555371_3e1ee0d97d.jpg', '3070031806_3d587c2a66.jpg']","[0.8473, 0.7987, 0.7734]"
1145,a,2428275562_4bde2bc5ea.jpg,-1,0.169,0.706,0.537,"['3098714492_19939e3b19.jpg', '3012513414_86180c44cb.jpg', '319870744_0e0138d205.jpg']","[0.706, 0.6625, 0.6523]"
1147,a black and white dog is sliding down a sandy hill,2428275562_4bde2bc5ea.jpg,5,0.6273,0.8136,0.1863,"['3562282690_cd2a95fe9e.jpg', '2407470303_6fd5e3600d.jpg', '3415809168_af9dabdba5.jpg']","[0.8136, 0.7884, 0.6977]"
1148,a black and white dog wearing a red collar is digging in the dirt,2428275562_4bde2bc5ea.jpg,4,0.5937,0.7511,0.1575,"['467858872_f3431df682.jpg', '3264678536_46601d25f0.jpg', '3229898555_16877f5180.jpg']","[0.7511, 0.6517, 0.6507]"
1149,a black dog running on a sand mound,2428275562_4bde2bc5ea.jpg,-1,0.5651,0.8954,0.3304,"['2090997177_76d482b158.jpg', '254527963_3f5824b0e8.jpg', '2378127945_8dc9da82d7.jpg']","[0.8954, 0.8543, 0.7021]"
1150,two dogs running through sand,2434006663_207a284cec.jpg,3,0.8374,0.8685,0.0312,"['496555371_3e1ee0d97d.jpg', '566921157_07c18a41e2.jpg', '2434006663_207a284cec.jpg']","[0.8685, 0.8615, 0.8374]"
1152,a dog holding a stick running in the sand chased by a grey dog,2434006663_207a284cec.jpg,-1,0.4376,0.7306,0.293,"['240583223_e26e17ee96.jpg', '2090997177_76d482b158.jpg', '1526325728_74eb4153d8.jpg']","[0.7306, 0.6777, 0.6609]"
1153,two dogs fetch sticks in the snow next to the tree line,2434006663_207a284cec.jpg,-1,0.5742,0.79,0.2158,"['412101267_7257e6d8c0.jpg', '400562847_e15aba0aac.jpg', '2148916767_644ea6a7fa.jpg']","[0.79, 0.7507, 0.7234]"
1154,two dogs running near a line of tall trees,2434006663_207a284cec.jpg,-1,0.317,0.723,0.406,"['2567035103_3511020c8f.jpg', '435739506_2daf7f4887.jpg', '1403414927_5f80281505.jpg']","[0.723, 0.7208, 0.7193]"
1155,a man in a button up shirt and tie is wearing a smiling mask,2437266971_b91a8f9a00.jpg,4,0.7106,0.7837,0.0731,"['3412249548_00820fc4ca.jpg', '862187579_9faf4a51e0.jpg', '2924884899_f512c84332.jpg']","[0.7837, 0.7502, 0.7478]"
1156,a masked man in blue shirt and a tie holding papers in front of him,2437266971_b91a8f9a00.jpg,-1,0.3922,0.7718,0.3796,"['1418019748_51c7d59c11.jpg', '2551344688_17a12a6948.jpg', '3495490064_8db40a83af.jpg']","[0.7718, 0.7339, 0.7065]"
1157,a man hands out fliers while wearing a mask,2437266971_b91a8f9a00.jpg,7,0.6962,0.7317,0.0355,"['70995350_75d0698839.jpg', '1418019748_51c7d59c11.jpg', '862187579_9faf4a51e0.jpg']","[0.7317, 0.7315, 0.7248]"
1158,a man in a blue shirt and tie is wearing a white mask whilst handing out papers,2437266971_b91a8f9a00.jpg,-1,0.5451,0.7999,0.2547,"['70995350_75d0698839.jpg', '1418019748_51c7d59c11.jpg', '2551344688_17a12a6948.jpg']","[0.7999, 0.7895, 0.7395]"
1159,man in business attire with guy fawkes mask holding paper at protest,2437266971_b91a8f9a00.jpg,3,0.7137,0.7661,0.0523,"['251958970_fa6b423f23.jpg', '1425919702_ddb761aeec.jpg', '2437266971_b91a8f9a00.jpg']","[0.7661, 0.7151, 0.7137]"
1161,a young man wearing a yellow shirt and baseball helemt swinging a bat,2443380641_7b38d18f5b.jpg,-1,0.5372,0.6712,0.134,"['2460823604_7f6f786b1c.jpg', '2448393373_80c011d301.jpg', '2856700531_312528eea4.jpg']","[0.6712, 0.6583, 0.6431]"
1162,a young boy is getting ready to hit a baseball,2443380641_7b38d18f5b.jpg,2,0.7529,0.7763,0.0234,"['1104133405_c04a00707f.jpg', '2443380641_7b38d18f5b.jpg', '2460823604_7f6f786b1c.jpg']","[0.7763, 0.7529, 0.6286]"
1165,a blurry dog inside on a carpet,244399048_8332bb3270.jpg,6,0.6784,0.8248,0.1464,"['2550109269_bc4262bd27.jpg', '1084040636_97d9633581.jpg', '3439982121_0afc6d5973.jpg']","[0.8248, 0.7212, 0.7129]"
1166,a dog is jumping up in the air to catch a toy,244399048_8332bb3270.jpg,-1,0.3355,0.7262,0.3907,"['3696246123_99d4d10140.jpg', '2880051254_e0ca96b6be.jpg', '3544673666_ffc7483c96.jpg']","[0.7262, 0.6524, 0.65]"
1167,a dog standing up on two legs with something in his mouth,244399048_8332bb3270.jpg,4,0.6523,0.7253,0.073,"['2311690895_0d6efe11c8.jpg', '2641288004_30ce961211.jpg', '3155390408_8e1a81efb2.jpg']","[0.7253, 0.6956, 0.6532]"
1168,dog jumping up with something in its mouth,244399048_8332bb3270.jpg,-1,0.5213,0.6906,0.1692,"['3544673666_ffc7483c96.jpg', '3696246123_99d4d10140.jpg', '3223224391_be50bf4f43.jpg']","[0.6906, 0.6635, 0.6367]"
1169,the furry brown and white dog is jumping around near a door,244399048_8332bb3270.jpg,-1,0.5303,0.8355,0.3052,"['2550109269_bc4262bd27.jpg', '3415165462_e1cb536d08.jpg', '2525270674_4ab536e7ec.jpg']","[0.8355, 0.6961, 0.6726]"
1170,a group of muzzled greyhound dogs jumping over a wall,2444134813_20895c640c.jpg,-1,0.5019,0.6798,0.1779,"['2216695423_1362cb25f3.jpg', '2768021570_46bc6325e3.jpg', '2876494009_9f96d7eaf2.jpg']","[0.6798, 0.6743, 0.5954]"
1171,four dogs jumping over a hurdle,2444134813_20895c640c.jpg,7,0.6028,0.7559,0.1531,"['2768021570_46bc6325e3.jpg', '3474999131_788cbf253f.jpg', '2216695423_1362cb25f3.jpg']","[0.7559, 0.6882, 0.6667]"
1172,many dogs jump over a fence,2444134813_20895c640c.jpg,-1,0.5307,0.7555,0.2248,"['2176874361_2b4149010b.jpg', '2768021570_46bc6325e3.jpg', '2500567791_101d5ddee3.jpg']","[0.7555, 0.7201, 0.7176]"
1174,the dogs jump over an obstacle at an event,2444134813_20895c640c.jpg,4,0.657,0.8136,0.1567,"['2768021570_46bc6325e3.jpg', '2176874361_2b4149010b.jpg', '2216695423_1362cb25f3.jpg']","[0.8136, 0.6711, 0.6681]"
1175,a white dog with a black patch goes through an obstacle,2444339090_bf7b3211f4.jpg,7,0.6344,0.7764,0.142,"['3336361161_c06cdd160e.jpg', '2946016853_ceca4f5a07.jpg', '3439982121_0afc6d5973.jpg']","[0.7764, 0.757, 0.7058]"
1176,a white dog moving through red and white checkered poles,2444339090_bf7b3211f4.jpg,6,0.6677,0.7907,0.1231,"['2677614492_792023b928.jpg', '2555535057_007501dae5.jpg', '2946016853_ceca4f5a07.jpg']","[0.7907, 0.7692, 0.739]"
1177,the white dog is running through white posts on an obstacle course,2444339090_bf7b3211f4.jpg,9,0.6402,0.8473,0.2071,"['2946016853_ceca4f5a07.jpg', '2677614492_792023b928.jpg', '557601144_50b8c40393.jpg']","[0.8473, 0.8075, 0.6855]"
1178,a black and white dog running through some red and white poles,2444339090_bf7b3211f4.jpg,6,0.6607,0.7117,0.0509,"['2946016853_ceca4f5a07.jpg', '251056963_c8b67f0107.jpg', '2677614492_792023b928.jpg']","[0.7117, 0.703, 0.6947]"
1179,a black and white dog runs through pole obstacles,2444339090_bf7b3211f4.jpg,8,0.6771,0.8278,0.1506,"['251056963_c8b67f0107.jpg', '2677614492_792023b928.jpg', '2555535057_007501dae5.jpg']","[0.8278, 0.7741, 0.7399]"
1180,a dog nose to the ground walks in a grassy field,2445783904_e6c38a3a3d.jpg,-1,0.5856,0.7631,0.1776,"['2986716822_e220754d32.jpg', '2066241589_b80e9f676c.jpg', '2198964806_c57b0534d3.jpg']","[0.7631, 0.7571, 0.7529]"
1181,a dog with a red collar is walked on a field,2445783904_e6c38a3a3d.jpg,4,0.7498,0.7906,0.0408,"['333973142_abcd151002.jpg', '689776124_07f560a920.jpg', '283428775_a3665bee7c.jpg']","[0.7906, 0.7729, 0.7561]"
1182,a grey dog walking on a leash in some grass,2445783904_e6c38a3a3d.jpg,6,0.6618,0.761,0.0992,"['2066241589_b80e9f676c.jpg', '333973142_abcd151002.jpg', '2986716822_e220754d32.jpg']","[0.761, 0.7558, 0.6905]"
1183,brown dog on a leash is sniffing the ground in a field of grass,2445783904_e6c38a3a3d.jpg,-1,0.4851,0.812,0.3269,"['1659358141_0433c9bf99.jpg', '1745110280_0cbff5e273.jpg', '2986716822_e220754d32.jpg']","[0.812, 0.7917, 0.7427]"
1184,the large brown dog with the red collar is in the grass,2445783904_e6c38a3a3d.jpg,-1,0.4321,0.9001,0.468,"['1659358141_0433c9bf99.jpg', '241046599_28b0ca7b9f.jpg', '1745110280_0cbff5e273.jpg']","[0.9001, 0.7969, 0.7208]"
1185,a young boy wearing blue is holding a blue baseball bat and holding a white ball in his hand,2448393373_80c011d301.jpg,9,0.5575,0.6911,0.1336,"['1104133405_c04a00707f.jpg', '2443380641_7b38d18f5b.jpg', '3701226275_952547ba0f.jpg']","[0.6911, 0.6373, 0.6062]"
1186,a small boy playing in the grass with a blue bat and a ball,2448393373_80c011d301.jpg,-1,0.5906,0.8161,0.2255,"['1104133405_c04a00707f.jpg', '2460823604_7f6f786b1c.jpg', '3177298173_78cea31d64.jpg']","[0.8161, 0.7299, 0.6742]"
1187,a little boy plays baseball with himself,2448393373_80c011d301.jpg,7,0.5487,0.6016,0.0529,"['2856700531_312528eea4.jpg', '3612249030_e2829ffa31.jpg', '2443380641_7b38d18f5b.jpg']","[0.6016, 0.5989, 0.5789]"
1188,a boy plays baseball,2448393373_80c011d301.jpg,5,0.6026,0.7062,0.1036,"['2443380641_7b38d18f5b.jpg', '1104133405_c04a00707f.jpg', '2460823604_7f6f786b1c.jpg']","[0.7062, 0.6813, 0.6625]"
1189,a boy with a plastic bat looking skyward about to throw a ball,2448393373_80c011d301.jpg,5,0.6335,0.806,0.1725,"['2460823604_7f6f786b1c.jpg', '1104133405_c04a00707f.jpg', '3177298173_78cea31d64.jpg']","[0.806, 0.7879, 0.6974]"
1190,a man in a wheelchair riding to the park,2449552677_ee78f01bae.jpg,7,0.5965,0.8107,0.2142,"['2877159456_ea4a46b0d2.jpg', '2894850774_2d530040a1.jpg', '2372572028_53b76104a9.jpg']","[0.8107, 0.7952, 0.6825]"
1191,a person in a wheelchair is on a sidewalk,2449552677_ee78f01bae.jpg,3,0.6969,0.8522,0.1553,"['3347500603_13670ee6bf.jpg', '3499720588_c32590108e.jpg', '2449552677_ee78f01bae.jpg']","[0.8522, 0.7274, 0.6969]"
1192,a person wearing a knit cap riding in a wheelchair along a seidwalk outside of a building,2449552677_ee78f01bae.jpg,2,0.7338,0.7454,0.0115,"['3347500603_13670ee6bf.jpg', '2449552677_ee78f01bae.jpg', '2533076864_d799996433.jpg']","[0.7454, 0.7338, 0.6857]"
1193,a person with a brown hat and black jacket is in a wheelchair crossing in front of a sign that says park,2449552677_ee78f01bae.jpg,5,0.6692,0.7742,0.105,"['3499720588_c32590108e.jpg', '2877159456_ea4a46b0d2.jpg', '3347500603_13670ee6bf.jpg']","[0.7742, 0.7735, 0.7169]"
1194,the handicapped man wheels past the parking lot,2449552677_ee78f01bae.jpg,-1,0.2653,0.7268,0.4615,"['495055747_a75872762a.jpg', '3353278454_2f3a4d0bbc.jpg', '2497074804_b4f3e7fd90.jpg']","[0.7268, 0.6781, 0.6211]"
1195,a black shaggy haired dog is playing with a brown and white fluffy dog on the gravel,245252561_4f20f1c89e.jpg,-1,0.2836,0.7948,0.5112,"['453756106_711c20471a.jpg', '1067790824_f3cc97239b.jpg', '2419221084_01a14176b4.jpg']","[0.7948, 0.7261, 0.7188]"
1196,a black dog and a white dog play in the street together,245252561_4f20f1c89e.jpg,-1,0.54,0.7158,0.1758,"['2347921097_f2e35753c0.jpg', '460935487_75b2da7854.jpg', '2095444126_201ff9f222.jpg']","[0.7158, 0.6678, 0.6658]"
1197,two dogs are playing together on the pavement,245252561_4f20f1c89e.jpg,-1,-0.0414,0.8129,0.8543,"['351876121_c7c0221928.jpg', '2768972186_92787cd523.jpg', '3383491811_fd9d3a891d.jpg']","[0.8129, 0.6876, 0.6761]"
1198,a black animal and a white animal in motion in close quarters,245252561_4f20f1c89e.jpg,-1,0.3139,0.7086,0.3947,"['467858872_f3431df682.jpg', '791338571_7f38510bf7.jpg', '333973142_abcd151002.jpg']","[0.7086, 0.701, 0.6826]"
1199,a black dog and a white dog playing in the street,245252561_4f20f1c89e.jpg,9,0.6429,0.8043,0.1614,"['909808296_23c427022d.jpg', '460935487_75b2da7854.jpg', '2347921097_f2e35753c0.jpg']","[0.8043, 0.7576, 0.7244]"
1200,a beautiful waterfall with two people walking on the road beside it,2452686995_621878f561.jpg,6,0.5805,0.6673,0.0869,"['506882688_b37d549593.jpg', '1248357227_2b4175fc39.jpg', '3229821595_77ace81c6b.jpg']","[0.6673, 0.6279, 0.6239]"
1202,a waterfall cascades into a shallow pool,2452686995_621878f561.jpg,-1,0.4155,0.6537,0.2382,"['431410325_f4916b5460.jpg', '1808370027_2088394eb4.jpg', '1236964638_1808784a3c.jpg']","[0.6537, 0.6437, 0.6433]"
1203,a waterfall splashes into a pool at the bottom of a steep grassy hill,2452686995_621878f561.jpg,-1,0.5476,0.7597,0.2121,"['1808370027_2088394eb4.jpg', '2753531542_ace2c870b7.jpg', '2270483627_16fe41b063.jpg']","[0.7597, 0.7062, 0.7043]"
1204,two people travel down a path going though a woods with a giant waterfall,2452686995_621878f561.jpg,7,0.6353,0.7017,0.0664,"['697778778_b52090709d.jpg', '561179884_8b6b925ef9.jpg', '3637013_c675de7705.jpg']","[0.7017, 0.6923, 0.6626]"
1206,a young girl picks her nose,2456030728_d3d147e774.jpg,3,0.6406,0.7391,0.0986,"['3426144752_28d63615ca.jpg', '3517362674_0f5296de19.jpg', '2456030728_d3d147e774.jpg']","[0.7391, 0.6724, 0.6406]"
1207,a little girl with a blue bow holding a plushie while picking her nose,2456030728_d3d147e774.jpg,2,0.7326,0.8268,0.0942,"['3426144752_28d63615ca.jpg', '2456030728_d3d147e774.jpg', '3517362674_0f5296de19.jpg']","[0.8268, 0.7326, 0.6777]"
1208,a little girl with a ribbon in her hair is picking her nose,2456030728_d3d147e774.jpg,2,0.689,0.7704,0.0814,"['3426144752_28d63615ca.jpg', '2456030728_d3d147e774.jpg', '3517362674_0f5296de19.jpg']","[0.7704, 0.689, 0.6475]"
1209,an asian girl with a finger up her nose,2456030728_d3d147e774.jpg,-1,0.5835,0.7146,0.1311,"['2721656220_5f4cda8bc1.jpg', '3155501473_510f9c9f6b.jpg', '3426144752_28d63615ca.jpg']","[0.7146, 0.6952, 0.6864]"
1210,a man is docking a boat,2456907314_49bc4591c4.jpg,-1,0.5143,0.8115,0.2971,"['2125216241_5b265a2fbc.jpg', '361183669_52be9662b9.jpg', '3037558954_20115165e3.jpg']","[0.8115, 0.738, 0.7376]"
1211,a man is using a long pole to push two boats apart,2456907314_49bc4591c4.jpg,3,0.639,0.7328,0.0939,"['95783195_e1ba3f57ca.jpg', '1248357227_2b4175fc39.jpg', '2456907314_49bc4591c4.jpg']","[0.7328, 0.6531, 0.639]"
1212,a man on a boat is using a large stick to push another boat away,2456907314_49bc4591c4.jpg,-1,0.4643,0.7034,0.2391,"['3037558954_20115165e3.jpg', '493542985_c85ad29ebe.jpg', '2125216241_5b265a2fbc.jpg']","[0.7034, 0.7009, 0.6765]"
1213,a man on a fishing boat pushing a wooden pole into the water,2456907314_49bc4591c4.jpg,2,0.8177,0.8367,0.019,"['361183669_52be9662b9.jpg', '2456907314_49bc4591c4.jpg', '2125216241_5b265a2fbc.jpg']","[0.8367, 0.8177, 0.7538]"
1214,a man standing on a boat is pulling another boat close by with a bamboo stick,2456907314_49bc4591c4.jpg,3,0.6693,0.7796,0.1103,"['361183669_52be9662b9.jpg', '2125216241_5b265a2fbc.jpg', '2456907314_49bc4591c4.jpg']","[0.7796, 0.7027, 0.6693]"
1215,a little boy swings at the playground,2458269558_277012780d.jpg,6,0.6792,0.7891,0.1098,"['3396036947_0af6c3aab7.jpg', '2362481035_a7600875d0.jpg', '964197865_0133acaeb4.jpg']","[0.7891, 0.7886, 0.7739]"
1217,a child is smiling while being on a swing,2458269558_277012780d.jpg,3,0.8671,0.8729,0.0058,"['3396036947_0af6c3aab7.jpg', '2855417531_521bf47b50.jpg', '2458269558_277012780d.jpg']","[0.8729, 0.8696, 0.8671]"
1218,a blonde boy in a white and orange tshirt is playing on a swing,2458269558_277012780d.jpg,3,0.7542,0.8176,0.0635,"['2855417531_521bf47b50.jpg', '3396036947_0af6c3aab7.jpg', '2458269558_277012780d.jpg']","[0.8176, 0.7997, 0.7542]"
1219,a boy in a surfing shirt is swinging on a swing,2458269558_277012780d.jpg,3,0.8071,0.907,0.0999,"['2855417531_521bf47b50.jpg', '3396036947_0af6c3aab7.jpg', '2458269558_277012780d.jpg']","[0.907, 0.866, 0.8071]"
1221,a boy chasing a baseball,2460823604_7f6f786b1c.jpg,3,0.6709,0.7697,0.0988,"['2443380641_7b38d18f5b.jpg', '1104133405_c04a00707f.jpg', '2460823604_7f6f786b1c.jpg']","[0.7697, 0.7317, 0.6709]"
1222,a little boy playing baseball goes for the ball on the ground,2460823604_7f6f786b1c.jpg,3,0.6889,0.7414,0.0526,"['1104133405_c04a00707f.jpg', '2443380641_7b38d18f5b.jpg', '2460823604_7f6f786b1c.jpg']","[0.7414, 0.6905, 0.6889]"
1223,a young boy dives to catch the ball during a baseball game,2460823604_7f6f786b1c.jpg,4,0.6815,0.7888,0.1072,"['2443380641_7b38d18f5b.jpg', '2736508369_fd9ff0b42f.jpg', '1104133405_c04a00707f.jpg']","[0.7888, 0.6989, 0.6984]"
1224,the boy in the green and yellow shirt has a glove on and is going towards the ball,2460823604_7f6f786b1c.jpg,2,0.7846,0.8269,0.0423,"['1104133405_c04a00707f.jpg', '2460823604_7f6f786b1c.jpg', '1269470943_ba7fc49b4d.jpg']","[0.8269, 0.7846, 0.6115]"
1226,a smiling child dives into a pool,2461616306_3ee7ac1b4b.jpg,2,0.8566,0.8852,0.0286,"['1236964638_1808784a3c.jpg', '2461616306_3ee7ac1b4b.jpg', '3009018821_ba47396e24.jpg']","[0.8852, 0.8566, 0.8031]"
1228,a boy is diving through the air into a swimming pool,2461616306_3ee7ac1b4b.jpg,2,0.8842,0.885,0.0008,"['1236964638_1808784a3c.jpg', '2461616306_3ee7ac1b4b.jpg', '3009018821_ba47396e24.jpg']","[0.885, 0.8842, 0.8764]"
1230,a boy in a black shirt punches a yellow punching bag while a boy in a blue sweatshirt holds the bag,2470486377_c3a39ccb7b.jpg,8,0.5706,0.7294,0.1588,"['343662720_39e4067cd1.jpg', '350443876_c9769f5734.jpg', '2046222127_a6f300e202.jpg']","[0.7294, 0.717, 0.6604]"
1231,many children playing outside in the grass practicing punching,2470486377_c3a39ccb7b.jpg,10,0.6654,0.7949,0.1295,"['2856080862_95d793fa9d.jpg', '154871781_ae77696b77.jpg', '2868324804_5cc8030484.jpg']","[0.7949, 0.7595, 0.7365]"
1232,some kids play outside on a nice day,2470486377_c3a39ccb7b.jpg,-1,0.6135,0.7513,0.1378,"['2856080862_95d793fa9d.jpg', '154871781_ae77696b77.jpg', '3515451715_ac5ac04efa.jpg']","[0.7513, 0.7149, 0.7112]"
1234,two boys talk on a field near palm trees,2470486377_c3a39ccb7b.jpg,8,0.6048,0.7141,0.1094,"['2681215810_00b0642f7b.jpg', '3515451715_ac5ac04efa.jpg', '3608849440_e7d2bed29f.jpg']","[0.7141, 0.6972, 0.6628]"
1238,a man in a gray shirt sitting in a field of flowers,2472574160_8ce233f396.jpg,2,0.7235,0.8247,0.1012,"['2490365757_b869282cb3.jpg', '2472574160_8ce233f396.jpg', '3495490064_8db40a83af.jpg']","[0.8247, 0.7235, 0.7171]"
1239,a man in camouflage clothing hides in a bed of roses and other flowers,2472574160_8ce233f396.jpg,6,0.5934,0.7421,0.1487,"['3495490064_8db40a83af.jpg', '2565350330_c7f305e7f7.jpg', '2490365757_b869282cb3.jpg']","[0.7421, 0.7058, 0.6814]"
1240,a dog plays in water,247778426_fd59734130.jpg,-1,0.6988,0.8478,0.149,"['2369248869_0266760c4a.jpg', '1131800850_89c7ffd477.jpg', '3712742641_641282803e.jpg']","[0.8478, 0.8406, 0.8105]"
1241,the brown dog splashes through the water,247778426_fd59734130.jpg,-1,0.5945,0.8908,0.2963,"['3571675421_7e07ac07c5.jpg', '2417745327_a2c2705043.jpg', '2051194177_fbeee211e3.jpg']","[0.8908, 0.8862, 0.8848]"
1242,a big brown dog running through the water,247778426_fd59734130.jpg,-1,0.5729,0.8452,0.2722,"['2051194177_fbeee211e3.jpg', '2417745327_a2c2705043.jpg', '3571675421_7e07ac07c5.jpg']","[0.8452, 0.8366, 0.8231]"
1243,a brown dog running through a pond,247778426_fd59734130.jpg,-1,0.611,0.8397,0.2287,"['2270483627_16fe41b063.jpg', '2613209320_edf6a2b7e9.jpg', '1130401779_8c30182e3e.jpg']","[0.8397, 0.7843, 0.7836]"
1244,the dog is swimming,247778426_fd59734130.jpg,-1,0.4386,0.8979,0.4593,"['2369248869_0266760c4a.jpg', '3712742641_641282803e.jpg', '2339946012_06bd480ab8.jpg']","[0.8979, 0.8022, 0.7966]"
1245,the boy in the red shirt climbs a large rock,2480832276_fa55480ecb.jpg,10,0.5927,0.7278,0.1351,"['415793623_6c1225ae27.jpg', '950273886_88c324e663.jpg', '236095031_5cb17dc54a.jpg']","[0.7278, 0.7026, 0.7003]"
1247,a person jumping in a rock and treefilled area,2480832276_fa55480ecb.jpg,-1,0.4794,0.6451,0.1658,"['2797438951_88a3ed7541.jpg', '136639119_6040b00946.jpg', '2884252132_5d8e776893.jpg']","[0.6451, 0.6258, 0.5715]"
1248,a person climbing a boulder behind a tree,2480832276_fa55480ecb.jpg,3,0.7113,0.7776,0.0663,"['466956675_a2fb6bf901.jpg', '136639119_6040b00946.jpg', '2480832276_fa55480ecb.jpg']","[0.7776, 0.7569, 0.7113]"
1249,a man in a red shirt climbs a rock in the background a tree in the foreground,2480832276_fa55480ecb.jpg,-1,0.5697,0.7948,0.2252,"['415793623_6c1225ae27.jpg', '2623560640_0445c9a138.jpg', '236095031_5cb17dc54a.jpg']","[0.7948, 0.7382, 0.6899]"
1250,a man is kneeling next to a tripod and a feild of tulips,2490365757_b869282cb3.jpg,2,0.7399,0.761,0.0212,"['1418019748_51c7d59c11.jpg', '2490365757_b869282cb3.jpg', '3495490064_8db40a83af.jpg']","[0.761, 0.7399, 0.7169]"
1251,a man is taking photographs of a large garden of white and orange tulips,2490365757_b869282cb3.jpg,4,0.6738,0.8451,0.1713,"['2472574160_8ce233f396.jpg', '3273091032_98f724b36b.jpg', '1418019748_51c7d59c11.jpg']","[0.8451, 0.717, 0.7096]"
1252,a man photographing tulips,2490365757_b869282cb3.jpg,5,0.6701,0.7763,0.1062,"['3030962048_f71948226c.jpg', '146577646_9e64b8c2dc.jpg', '482088914_e6ea4501e9.jpg']","[0.7763, 0.6927, 0.6834]"
1253,a man takes pictures of white and yellow tulips,2490365757_b869282cb3.jpg,3,0.6703,0.7347,0.0644,"['2472574160_8ce233f396.jpg', '1418019748_51c7d59c11.jpg', '2490365757_b869282cb3.jpg']","[0.7347, 0.6775, 0.6703]"
1254,a photographer eyes his next subject in a garden of tulips,2490365757_b869282cb3.jpg,2,0.8072,0.8199,0.0127,"['2472574160_8ce233f396.jpg', '2490365757_b869282cb3.jpg', '3231880001_193a579b97.jpg']","[0.8199, 0.8072, 0.6786]"
1255,a man in a white tshirt is standing outside on a busy street,2497074804_b4f3e7fd90.jpg,2,0.7864,0.7913,0.0049,"['495055747_a75872762a.jpg', '2497074804_b4f3e7fd90.jpg', '862187579_9faf4a51e0.jpg']","[0.7913, 0.7864, 0.6884]"
1258,man poses on street corner,2497074804_b4f3e7fd90.jpg,6,0.6412,0.8293,0.1881,"['495055747_a75872762a.jpg', '862187579_9faf4a51e0.jpg', '2437266971_b91a8f9a00.jpg']","[0.8293, 0.817, 0.728]"
1259,man with white shirt and green shorts poses for a picture,2497074804_b4f3e7fd90.jpg,-1,0.3417,0.7033,0.3615,"['2681215810_00b0642f7b.jpg', '1414820925_3504c394e1.jpg', '415793623_6c1225ae27.jpg']","[0.7033, 0.6842, 0.6434]"
1261,a brown and black bull runs from a small black dog,2500567791_101d5ddee3.jpg,2,0.7326,0.828,0.0954,"['536721406_884ab8fece.jpg', '2500567791_101d5ddee3.jpg', '2176874361_2b4149010b.jpg']","[0.828, 0.7326, 0.7094]"
1263,a black cow and a brown cow being chased by a dog,2500567791_101d5ddee3.jpg,2,0.7976,0.8195,0.0219,"['536721406_884ab8fece.jpg', '2500567791_101d5ddee3.jpg', '2403544744_cba152f5c1.jpg']","[0.8195, 0.7976, 0.7934]"
1264,a black cow and a brown cow being chased by a dog,2500567791_101d5ddee3.jpg,2,0.7976,0.8195,0.0219,"['536721406_884ab8fece.jpg', '2500567791_101d5ddee3.jpg', '2403544744_cba152f5c1.jpg']","[0.8195, 0.7976, 0.7934]"
1265,a woman practicing shooting her gun at a shooting range,2504277798_936a09c74d.jpg,-1,0.4225,0.7121,0.2896,"['2909875716_25c8652614.jpg', '3572346664_e1e6c77f11.jpg', '1115565519_d976d4b1f1.jpg']","[0.7121, 0.6438, 0.6368]"
1266,a woman shoots at target practice,2504277798_936a09c74d.jpg,-1,0.3648,0.6196,0.2548,"['281754914_bc8119a0ed.jpg', '514222303_cb98584536.jpg', '3357416302_fcfcdd7b86.jpg']","[0.6196, 0.5743, 0.5688]"
1267,a woman wearing ear protection is firing a gun at an indoor shooting range,2504277798_936a09c74d.jpg,-1,0.3846,0.7261,0.3415,"['2119660490_ce0d4d1f73.jpg', '1798209205_77dbf525b0.jpg', '2978236380_fb24c43f1e.jpg']","[0.7261, 0.688, 0.6512]"
1268,a young woman shoots a gun at a target,2504277798_936a09c74d.jpg,-1,0.3482,0.6758,0.3277,"['2909875716_25c8652614.jpg', '3572346664_e1e6c77f11.jpg', '281754914_bc8119a0ed.jpg']","[0.6758, 0.6708, 0.6021]"
1269,girl in pink shirt fires at the target at a firing range,2504277798_936a09c74d.jpg,-1,0.4459,0.7508,0.3049,"['514222303_cb98584536.jpg', '2903617548_d3e38d7f88.jpg', '3672940355_47f30e2b28.jpg']","[0.7508, 0.7312, 0.6589]"
1270,two people walk toward a potato chip truck,2504991916_dc61e59e49.jpg,-1,0.5993,0.735,0.1357,"['2894850774_2d530040a1.jpg', '791338571_7f38510bf7.jpg', '2660480624_45f88b3022.jpg']","[0.735, 0.729, 0.7012]"
1271,two people are walking towards a lays truck,2504991916_dc61e59e49.jpg,-1,0.5872,0.7868,0.1996,"['492341908_1ef53be265.jpg', '2894850774_2d530040a1.jpg', '791338571_7f38510bf7.jpg']","[0.7868, 0.7812, 0.7699]"
1272,a woman in a tank top checks out the trailer decorated with potato chips,2504991916_dc61e59e49.jpg,-1,0.4773,0.7498,0.2725,"['3342272425_804316cb3d.jpg', '440184957_267f3f3a2b.jpg', '3451344589_6787bd06ef.jpg']","[0.7498, 0.694, 0.6878]"
1273,a lay s potato chip truck at the end of a path and two people walking,2504991916_dc61e59e49.jpg,-1,0.3056,0.7698,0.4641,"['210625425_fb1ef5d23b.jpg', '2088460083_42ee8a595a.jpg', '3638374272_444f5e0457.jpg']","[0.7698, 0.7629, 0.7301]"
1274,a woman has her arm around a man and they are walking towards a potato chip truck,2504991916_dc61e59e49.jpg,-1,0.4008,0.7547,0.3539,"['2877159456_ea4a46b0d2.jpg', '2222559267_6fd31e3941.jpg', '2894850774_2d530040a1.jpg']","[0.7547, 0.7421, 0.7317]"
1275,a daschund with an open mouth appears to bark at a bubble making machine in the grass,2505360288_c972bd29c4.jpg,-1,0.4727,0.6002,0.1276,"['539750844_02a07ec524.jpg', '3042380610_c5ea61eef8.jpg', '281754914_bc8119a0ed.jpg']","[0.6002, 0.5642, 0.547]"
1276,a dog trying to catch bubbles from a bubble machine in the grass,2505360288_c972bd29c4.jpg,4,0.6041,0.7818,0.1778,"['724702877_f2a938766b.jpg', '539750844_02a07ec524.jpg', '3494345896_dd6b32cfa3.jpg']","[0.7818, 0.6685, 0.6398]"
1279,a wiener dog bites at bubbles made by a bubble blowing machine,2505360288_c972bd29c4.jpg,-1,0.5299,0.6855,0.1556,"['3338291921_fe7ae0c8f8.jpg', '724702877_f2a938766b.jpg', '516214924_c2a4364cb3.jpg']","[0.6855, 0.6685, 0.6525]"
1282,a dog walks across a tall ladder,251056963_c8b67f0107.jpg,-1,0.4559,0.6838,0.2279,"['1659358133_95cd1027bd.jpg', '2935703360_4f794f7f09.jpg', '268654674_d29e00b3d0.jpg']","[0.6838, 0.6442, 0.6391]"
1285,a little boy is putting some cutout letters on the wall,2516317118_10ae66b87a.jpg,-1,0.5605,0.6794,0.1189,"['343662720_39e4067cd1.jpg', '2212472643_80238475b5.jpg', '2911919938_6bb6587a36.jpg']","[0.6794, 0.6561, 0.6226]"
1287,a toddler sticks paper p letters to a wood paneled wall,2516317118_10ae66b87a.jpg,6,0.5772,0.7016,0.1244,"['2911919938_6bb6587a36.jpg', '3503011427_a4ee547c77.jpg', '2449552677_ee78f01bae.jpg']","[0.7016, 0.692, 0.6133]"
1288,the child is sticking paper letters to a wooden wall,2516317118_10ae66b87a.jpg,-1,0.5763,0.7514,0.1752,"['540604040_bec822c144.jpg', '350443876_c9769f5734.jpg', '2911919938_6bb6587a36.jpg']","[0.7514, 0.7201, 0.7147]"
1291,the dog is drinking the water being squirted from the hose by the little girl,2518219912_f47214aa16.jpg,-1,0.4817,0.6437,0.1619,"['1348947380_14f0fc1237.jpg', '3595643050_d312e4b652.jpg', '3052196390_c59dd24ca8.jpg']","[0.6437, 0.6295, 0.6205]"
1292,a little girl holds the water hose for the dog to drink from,2518219912_f47214aa16.jpg,2,0.6546,0.6837,0.0291,"['2759211664_d21393b668.jpg', '2518219912_f47214aa16.jpg', '2374247382_023a86b9ca.jpg']","[0.6837, 0.6546, 0.629]"
1293,a little girl is holding up a yellow water hose and water is pouring out and the big brown dog is drinking the water,2518219912_f47214aa16.jpg,-1,0.4927,0.6237,0.1309,"['1308472581_9961782889.jpg', '2505360288_c972bd29c4.jpg', '1299459550_1fd5594fa2.jpg']","[0.6237, 0.6191, 0.6074]"
1294,a young girl holds a running water hose from which a brown dog next to her is drinking,2518219912_f47214aa16.jpg,9,0.5851,0.6651,0.08,"['2505360288_c972bd29c4.jpg', '2592019072_a6c0090da4.jpg', '2960033435_c20cc7399a.jpg']","[0.6651, 0.624, 0.6129]"
1295,a man holding a sign with people walking around in the background,251958970_fa6b423f23.jpg,5,0.6304,0.8074,0.177,"['432167214_c17fcc1a2d.jpg', '2815256108_fc1302117d.jpg', '3451344589_6787bd06ef.jpg']","[0.8074, 0.7717, 0.6562]"
1297,a man stands by an animal rights sign at an outdoor event,251958970_fa6b423f23.jpg,2,0.5683,0.5719,0.0036,"['1429723917_6af585e4c0.jpg', '251958970_fa6b423f23.jpg', '2815256108_fc1302117d.jpg']","[0.5719, 0.5683, 0.5573]"
1298,a man stands near a crowd holding a protest sign,251958970_fa6b423f23.jpg,2,0.7354,0.767,0.0316,"['432167214_c17fcc1a2d.jpg', '251958970_fa6b423f23.jpg', '3535879138_9281dc83d5.jpg']","[0.767, 0.7354, 0.7092]"
1299,man with tan cap suit jacket and plaid shirt behind a picture in an outdoor scene with other people in the background,251958970_fa6b423f23.jpg,-1,0.2087,0.8209,0.6122,"['3242007318_01e82171aa.jpg', '445861800_75fc6a8c16.jpg', '3627676364_1dc9294ec5.jpg']","[0.8209, 0.7855, 0.7378]"
1301,man and dog standing on rocks next to water,2521983429_33218366bd.jpg,2,0.7518,0.8566,0.1048,"['1348947380_14f0fc1237.jpg', '2521983429_33218366bd.jpg', '2162564553_96de62c7e6.jpg']","[0.8566, 0.7518, 0.6555]"
1302,a man and dog on a rocky seashore,2521983429_33218366bd.jpg,4,0.6474,0.848,0.2006,"['1348947380_14f0fc1237.jpg', '1975531316_8b00eeaaf7.jpg', '3228069008_edb2961fc4.jpg']","[0.848, 0.6772, 0.6765]"
1303,a dog and his owner at a rocky beach,2521983429_33218366bd.jpg,6,0.6777,0.7131,0.0354,"['1799271536_6e69c8f1dc.jpg', '1348947380_14f0fc1237.jpg', '2281006675_fde04e93dd.jpg']","[0.7131, 0.7044, 0.7042]"
1304,a man and a dog on rocks on a beach,2521983429_33218366bd.jpg,3,0.6632,0.8303,0.1672,"['1348947380_14f0fc1237.jpg', '2759211664_d21393b668.jpg', '2521983429_33218366bd.jpg']","[0.8303, 0.7202, 0.6632]"
1306,a girl in a red skirt with some hula hoops,2522467011_cc825d89ac.jpg,8,0.5957,0.6637,0.068,"['2903617548_d3e38d7f88.jpg', '2542662402_d781dd7f7c.jpg', '3688839836_ba5e4c24fc.jpg']","[0.6637, 0.6475, 0.6358]"
1308,a little girl in a long red skirt is hula hooping with four brightly colored hula hoops,2522467011_cc825d89ac.jpg,4,0.6295,0.6908,0.0613,"['2903617548_d3e38d7f88.jpg', '2542662402_d781dd7f7c.jpg', '219730733_6a55382dd2.jpg']","[0.6908, 0.6791, 0.6678]"
1309,the small girl in the red skirt played with the hula hoops,2522467011_cc825d89ac.jpg,9,0.5695,0.7715,0.202,"['2903617548_d3e38d7f88.jpg', '1093737381_b313cd49ff.jpg', '3286222970_1fa445e38f.jpg']","[0.7715, 0.6719, 0.6571]"
1311,blue and silver car going around curve being watched by people standing in grass,2522540026_6ee8ab4c6a.jpg,3,0.7498,0.7685,0.0187,"['3578068665_87bdacef6a.jpg', '2943023421_e297f05e11.jpg', '2522540026_6ee8ab4c6a.jpg']","[0.7685, 0.7621, 0.7498]"
1312,a silver and blue rally car is passing two spectators who are standing at the roadside,2522540026_6ee8ab4c6a.jpg,2,0.8111,0.8693,0.0582,"['3578068665_87bdacef6a.jpg', '2522540026_6ee8ab4c6a.jpg', '1643915227_9f48068772.jpg']","[0.8693, 0.8111, 0.7848]"
1314,a race car numbered 104 is rounding a bend as two people watch and take pictures,2522540026_6ee8ab4c6a.jpg,2,0.876,0.8842,0.0082,"['3578068665_87bdacef6a.jpg', '2522540026_6ee8ab4c6a.jpg', '245252561_4f20f1c89e.jpg']","[0.8842, 0.876, 0.7667]"
1315,a brown and white dog with a frisbee in his mouth,2525270674_4ab536e7ec.jpg,4,0.6286,0.7061,0.0775,"['512101751_05a6d93e19.jpg', '2857609295_16aaa85293.jpg', '3396817186_b299ee0531.jpg']","[0.7061, 0.6495, 0.6293]"
1316,a dog with his front paws off the ground holds a white frisbee in his mouth in an rv campground,2525270674_4ab536e7ec.jpg,6,0.5972,0.7471,0.15,"['3595643050_d312e4b652.jpg', '3290105461_7590f23371.jpg', '3608400551_d6f7965308.jpg']","[0.7471, 0.7458, 0.6818]"
1317,a white and brown dog jumps up for a white frisbee,2525270674_4ab536e7ec.jpg,-1,0.5876,0.7245,0.1369,"['3686924335_3c51e8834a.jpg', '2857609295_16aaa85293.jpg', '3608400551_d6f7965308.jpg']","[0.7245, 0.6981, 0.6761]"
1318,dog catching frisbee,2525270674_4ab536e7ec.jpg,-1,0.5104,0.7358,0.2254,"['433855742_c2a6fda763.jpg', '2839807428_efe42423f2.jpg', '3290105461_7590f23371.jpg']","[0.7358, 0.6977, 0.656]"
1319,the brown and white dog is catching a frisbee in his mouth,2525270674_4ab536e7ec.jpg,6,0.6234,0.6765,0.0531,"['2857609295_16aaa85293.jpg', '512101751_05a6d93e19.jpg', '3290105461_7590f23371.jpg']","[0.6765, 0.6636, 0.6385]"
1320,five people are sitting on benches waiting for the bus,2525666287_638ab5e784.jpg,2,0.6232,0.6693,0.0461,"['255091927_2eb643beb2.jpg', '2525666287_638ab5e784.jpg', '3497234632_6ec740fc1e.jpg']","[0.6693, 0.6232, 0.6157]"
1324,a man and a woman are waiting for a train ignoring each other,2525666287_638ab5e784.jpg,-1,0.3302,0.6543,0.3241,"['2222559267_6fd31e3941.jpg', '1332208215_fa824f6659.jpg', '465859490_b077219424.jpg']","[0.6543, 0.6419, 0.6235]"
1325,a group of men in a yellow boat with their dogs,2526585002_10987a63f3.jpg,2,0.6845,0.8173,0.1328,"['3207264553_8cd4dcde53.jpg', '2526585002_10987a63f3.jpg', '2744330402_824240184c.jpg']","[0.8173, 0.6845, 0.6565]"
1326,the men shake hands while another man and dogs look on,2526585002_10987a63f3.jpg,-1,0.458,0.7119,0.2538,"['3640109324_3ce89e4d1a.jpg', '3105929913_94a6882e25.jpg', '3155400369_69e3d6d70f.jpg']","[0.7119, 0.6928, 0.6596]"
1327,the three men and three dogs floated in the yellow boat,2526585002_10987a63f3.jpg,2,0.72,0.7392,0.0191,"['3155400369_69e3d6d70f.jpg', '2526585002_10987a63f3.jpg', '2865376471_43c5e6b941.jpg']","[0.7392, 0.72, 0.6618]"
1328,three men in team uniforms are surrounding a yellow dog in a boat,2526585002_10987a63f3.jpg,2,0.7426,0.7938,0.0512,"['3207264553_8cd4dcde53.jpg', '2526585002_10987a63f3.jpg', '2906802485_dfebf09173.jpg']","[0.7938, 0.7426, 0.6482]"
1329,two men huddle around a dog,2526585002_10987a63f3.jpg,-1,0.4167,0.6124,0.1957,"['1348947380_14f0fc1237.jpg', '1562392511_522a26063b.jpg', '2970183443_accd597e0a.jpg']","[0.6124, 0.598, 0.5831]"
1331,a boy wearing a scottish kilt holding a large stick,2527163162_d0fb802992.jpg,-1,0.4088,0.7103,0.3016,"['3495490064_8db40a83af.jpg', '3640241166_b1ab7a8e7a.jpg', '2472574160_8ce233f396.jpg']","[0.7103, 0.6963, 0.6801]"
1332,a child is holding a rod while standing on a bridge near a grassy area,2527163162_d0fb802992.jpg,-1,0.4224,0.8226,0.4002,"['2107838729_a527e434bd.jpg', '745966757_6d16dfad8f.jpg', '3698944019_825ef54f2f.jpg']","[0.8226, 0.7076, 0.6815]"
1333,a little boy in a kilt is fishing with a stick,2527163162_d0fb802992.jpg,-1,0.2967,0.7183,0.4216,"['2271468944_3264d29208.jpg', '2107838729_a527e434bd.jpg', '1308472581_9961782889.jpg']","[0.7183, 0.7019, 0.6609]"
1334,a young girl dressed in a uniform is holding a very long stick,2527163162_d0fb802992.jpg,10,0.5545,0.7353,0.1808,"['2909875716_25c8652614.jpg', '2412390588_a89cab30f4.jpg', '3555231025_73fa54fa29.jpg']","[0.7353, 0.7197, 0.6836]"
1335,a lady digs through a garbage can looking to add to the shopping cart beside her,2533076864_d799996433.jpg,2,0.7546,0.7676,0.013,"['3342272425_804316cb3d.jpg', '2533076864_d799996433.jpg', '3673970325_4e025069e9.jpg']","[0.7676, 0.7546, 0.6732]"
1336,an elderly woman collects recyclable trash,2533076864_d799996433.jpg,-1,0.4447,0.7239,0.2792,"['1527297882_dededc7891.jpg', '2676184321_858eff416b.jpg', '3106340185_80d0cb770a.jpg']","[0.7239, 0.6331, 0.6081]"
1337,a woman searching for cans in the trash to put in her grocery cart,2533076864_d799996433.jpg,2,0.6781,0.6801,0.002,"['533713001_2d36e93509.jpg', '2533076864_d799996433.jpg', '3342272425_804316cb3d.jpg']","[0.6801, 0.6781, 0.6545]"
1338,a woman with a shopping cart is rummaging through a trashcan,2533076864_d799996433.jpg,3,0.6698,0.6776,0.0078,"['3655964639_21e76383d0.jpg', '3342272425_804316cb3d.jpg', '2533076864_d799996433.jpg']","[0.6776, 0.6742, 0.6698]"
1339,bag lady going through the trash,2533076864_d799996433.jpg,7,0.5852,0.6467,0.0615,"['3217291172_10ef70af88.jpg', '536537638_f5ee42410b.jpg', '440184957_267f3f3a2b.jpg']","[0.6467, 0.6285, 0.6207]"
1340,man in maroon shirt running behind a running girl wearing a red white and blue tutu,2538477523_1da77eb11c.jpg,-1,0.1205,0.8217,0.7013,"['613900608_2e49415772.jpg', '3111208043_dbe8e87fa1.jpg', '2845845721_d0bc113ff7.jpg']","[0.8217, 0.818, 0.7098]"
1341,a man chasing a young girl wearing a red white and blue skirt,2538477523_1da77eb11c.jpg,-1,0.3917,0.8524,0.4606,"['1432342377_3e41603f26.jpg', '3415228562_4efa9c9b70.jpg', '961611340_251081fcb8.jpg']","[0.8524, 0.8052, 0.7381]"
1342,a man chases a little girl in a flowery dress down a paved trail,2538477523_1da77eb11c.jpg,-1,0.509,0.6827,0.1737,"['255330891_86d65dfdbf.jpg', '2798651021_2566f2a47e.jpg', '2648310638_d6c576b5e4.jpg']","[0.6827, 0.6709, 0.6393]"
1343,a girl in a dress runs followed by a man in jeans,2538477523_1da77eb11c.jpg,-1,0.1932,0.8195,0.6263,"['3415228562_4efa9c9b70.jpg', '3503011427_a4ee547c77.jpg', '3286222970_1fa445e38f.jpg']","[0.8195, 0.7883, 0.7729]"
1344,a man and a little girl are running on a walkway,2538477523_1da77eb11c.jpg,-1,0.5875,0.7438,0.1564,"['3415228562_4efa9c9b70.jpg', '2335428699_4eba9b6245.jpg', '2672588619_3849930e99.jpg']","[0.7438, 0.7323, 0.687]"
1345,a man and woman walk away from the camera as a redheaded man walks in the other direction,2540751930_d71c7f5622.jpg,-1,0.184,0.8146,0.6306,"['445861800_75fc6a8c16.jpg', '3072782873_3278f3b3a7.jpg', '454686980_7517fe0c2e.jpg']","[0.8146, 0.7482, 0.7013]"
1346,pedestrians walk on a sidewalk next to a grassy wooded field,2540751930_d71c7f5622.jpg,-1,0.1369,0.7379,0.601,"['3347500603_13670ee6bf.jpg', '3707283973_5cdaa39340.jpg', '256444892_efcb3bd824.jpg']","[0.7379, 0.7155, 0.7012]"
1347,people are walking around a park area,2540751930_d71c7f5622.jpg,-1,0.4437,0.7333,0.2896,"['1350811702_2ce7cfd0c5.jpg', '3415228562_4efa9c9b70.jpg', '2672588619_3849930e99.jpg']","[0.7333, 0.7302, 0.699]"
1348,people meandering around in a grassy area with trees,2540751930_d71c7f5622.jpg,-1,0.4864,0.6916,0.2052,"['3694219419_a7a83d4886.jpg', '3229913073_e7857a5966.jpg', '3694093650_547259731e.jpg']","[0.6916, 0.6662, 0.6553]"
1349,young adults dressed casually walk around in a field,2540751930_d71c7f5622.jpg,-1,0.4711,0.6614,0.1903,"['3718007650_e5930b4509.jpg', '3242718240_3358f2d6e6.jpg', '3694093650_547259731e.jpg']","[0.6614, 0.6165, 0.6148]"
1350,a young boy smiles at the bottom of the slide,2542037086_58c833699c.jpg,6,0.6737,0.7773,0.1036,"['2332540384_4cf26406a9.jpg', '2358554995_54ed3baa83.jpg', '542317719_ed4dd95dc2.jpg']","[0.7773, 0.7521, 0.7262]"
1351,a little girl sliding on her belly down a slide,2542037086_58c833699c.jpg,7,0.6342,0.908,0.2738,"['640409060_6af18fdd54.jpg', '2597737483_6518a230e4.jpg', '2576878141_87f25a10f0.jpg']","[0.908, 0.8121, 0.7846]"
1352,a child laying on their stomach at the bottom of a slide looks up,2542037086_58c833699c.jpg,8,0.6313,0.7191,0.0877,"['2576878141_87f25a10f0.jpg', '2358554995_54ed3baa83.jpg', '542317719_ed4dd95dc2.jpg']","[0.7191, 0.7066, 0.6826]"
1353,a blonde haired boy is at the bottom of a slide,2542037086_58c833699c.jpg,4,0.6885,0.7693,0.0808,"['2332540384_4cf26406a9.jpg', '2358554995_54ed3baa83.jpg', '2988244398_5da7012fce.jpg']","[0.7693, 0.7574, 0.6952]"
1354,a child on a red slide,2542037086_58c833699c.jpg,4,0.7892,0.9039,0.1147,"['2988244398_5da7012fce.jpg', '2597737483_6518a230e4.jpg', '2576878141_87f25a10f0.jpg']","[0.9039, 0.8677, 0.8024]"
1358,a woman walking with a sheltie through a competition obstacle course,2542662402_d781dd7f7c.jpg,5,0.6238,0.7218,0.0979,"['1952896009_cee8147c90.jpg', '613900608_2e49415772.jpg', '2527163162_d0fb802992.jpg']","[0.7218, 0.6902, 0.6725]"
1359,the dog is jumping over the hurdles beside a woman,2542662402_d781dd7f7c.jpg,3,0.691,0.8299,0.139,"['251056963_c8b67f0107.jpg', '3474999131_788cbf253f.jpg', '2542662402_d781dd7f7c.jpg']","[0.8299, 0.7574, 0.691]"
1361,a white dog with a collar and leash is about to chew on a stick,2543247940_083f1b7969.jpg,2,0.6434,0.6829,0.0395,"['1932161768_996eadac87.jpg', '2543247940_083f1b7969.jpg', '359082432_c1fd5aa2d6.jpg']","[0.6829, 0.6434, 0.6358]"
1362,a white dog wearing a leash laying down and chewing on the end of a stick,2543247940_083f1b7969.jpg,7,0.5861,0.704,0.1179,"['1932161768_996eadac87.jpg', '3439982121_0afc6d5973.jpg', '359082432_c1fd5aa2d6.jpg']","[0.704, 0.6872, 0.6788]"
1363,a large white dog is playing with a large stick,2543247940_083f1b7969.jpg,10,0.5878,0.7379,0.15,"['1932161768_996eadac87.jpg', '359082432_c1fd5aa2d6.jpg', '3330935489_9cb67ca36b.jpg']","[0.7379, 0.723, 0.7212]"
1365,a black and white dog hopes a toy is thrown his way after a gray and white one receives one,2545192257_142fe9e2de.jpg,-1,0.4231,0.7289,0.3057,"['2857609295_16aaa85293.jpg', '3696246123_99d4d10140.jpg', '3415809168_af9dabdba5.jpg']","[0.7289, 0.6096, 0.5684]"
1367,two big dogs play in a room in a house,2545192257_142fe9e2de.jpg,3,0.6813,0.7261,0.0448,"['351876121_c7c0221928.jpg', '3086523890_fd9394af8b.jpg', '2545192257_142fe9e2de.jpg']","[0.7261, 0.7038, 0.6813]"
1368,two dogs are on the carpet in front of a cardboard box,2545192257_142fe9e2de.jpg,3,0.6289,0.7307,0.1018,"['2702506716_17a7fb3ba4.jpg', '3383491811_fd9d3a891d.jpg', '2545192257_142fe9e2de.jpg']","[0.7307, 0.6939, 0.6289]"
1369,two dogs in a house playing with toys,2545192257_142fe9e2de.jpg,-1,0.5395,0.779,0.2395,"['3086523890_fd9394af8b.jpg', '3494345896_dd6b32cfa3.jpg', '535529555_583d89b7f2.jpg']","[0.779, 0.7537, 0.694]"
1370,a large black dog is running in the sand on the beach,254527963_3f5824b0e8.jpg,2,0.8597,0.8763,0.0165,"['2090997177_76d482b158.jpg', '254527963_3f5824b0e8.jpg', '339350939_6643bfb270.jpg']","[0.8763, 0.8597, 0.7791]"
1371,a dog walking away at the beach,254527963_3f5824b0e8.jpg,4,0.7213,0.8419,0.1206,"['2281006675_fde04e93dd.jpg', '140430106_2978fda105.jpg', '1799271536_6e69c8f1dc.jpg']","[0.8419, 0.7822, 0.7712]"
1375,a dog nipping at the feet of a cow,2546959333_23b957988f.jpg,8,0.6376,0.8854,0.2479,"['3271468462_701eb88d3b.jpg', '536721406_884ab8fece.jpg', '2403544744_cba152f5c1.jpg']","[0.8854, 0.8354, 0.8172]"
1376,a dog pounces on the grass,2546959333_23b957988f.jpg,-1,0.4644,0.7249,0.2605,"['1659358141_0433c9bf99.jpg', '3076928208_5763e9eb8c.jpg', '535529555_583d89b7f2.jpg']","[0.7249, 0.7084, 0.6605]"
1377,the dog is running after the bull,2546959333_23b957988f.jpg,-1,0.3799,0.9306,0.5507,"['536721406_884ab8fece.jpg', '3383545083_1d7c95b003.jpg', '2176874361_2b4149010b.jpg']","[0.9306, 0.7569, 0.7458]"
1378,the large brown dog is playing in the grass with a brown cow,2546959333_23b957988f.jpg,2,0.7491,0.8623,0.1132,"['3271468462_701eb88d3b.jpg', '2546959333_23b957988f.jpg', '2656987333_80dcc82c05.jpg']","[0.8623, 0.7491, 0.7088]"
1379,two dogs outside on green grass,2546959333_23b957988f.jpg,9,0.5538,0.7715,0.2177,"['2314722788_6262c3aa40.jpg', '2567035103_3511020c8f.jpg', '2449552677_ee78f01bae.jpg']","[0.7715, 0.6271, 0.619]"
1380,a dog jumps on bed covered in pink with hopes of playing with the ball in its mouth,2550109269_bc4262bd27.jpg,-1,0.4832,0.7395,0.2562,"['539750844_02a07ec524.jpg', '3155390408_8e1a81efb2.jpg', '3544673666_ffc7483c96.jpg']","[0.7395, 0.7253, 0.6926]"
1381,blonde scottish terrier with ball in mouth standing on blanket,2550109269_bc4262bd27.jpg,-1,0.183,0.6474,0.4645,"['2616561200_ea079f285a.jpg', '496971341_22782195f0.jpg', '3224578187_749882c17f.jpg']","[0.6474, 0.6151, 0.5764]"
1382,a dog is on the bed holding a toy soccer ball,2550109269_bc4262bd27.jpg,-1,0.4813,0.7552,0.2739,"['2374247382_023a86b9ca.jpg', '3494345896_dd6b32cfa3.jpg', '535529555_583d89b7f2.jpg']","[0.7552, 0.7384, 0.7279]"
1383,a brown dog with a tiny soccer ball in its mouth is standing on a blanket,2550109269_bc4262bd27.jpg,-1,-0.0435,0.7221,0.7656,"['724702877_f2a938766b.jpg', '2505360288_c972bd29c4.jpg', '2404692474_37da774368.jpg']","[0.7221, 0.7044, 0.6416]"
1384,a dog is bringing a little soccer ball onto a human bed,2550109269_bc4262bd27.jpg,8,0.5772,0.7632,0.1859,"['539750844_02a07ec524.jpg', '3155390408_8e1a81efb2.jpg', '2374247382_023a86b9ca.jpg']","[0.7632, 0.7311, 0.6762]"
1385,people laying in massage chairs,255091927_2eb643beb2.jpg,-1,0.5319,0.7075,0.1757,"['469617651_278e586e46.jpg', '3319338707_892ae2a660.jpg', '403678611_73978faed7.jpg']","[0.7075, 0.644, 0.6265]"
1386,three people are enjoying vibrating massage chairs,255091927_2eb643beb2.jpg,-1,0.4869,0.6592,0.1723,"['3084018061_df66d98325.jpg', '2380464803_a64f05bfa9.jpg', '2602258549_7401a3cdae.jpg']","[0.6592, 0.613, 0.608]"
1387,three people recline in massage chairs,255091927_2eb643beb2.jpg,-1,0.4486,0.6253,0.1768,"['3319338707_892ae2a660.jpg', '3084018061_df66d98325.jpg', '2525666287_638ab5e784.jpg']","[0.6253, 0.5855, 0.5793]"
1388,two asian men and asian woman sit in black massage chairs,255091927_2eb643beb2.jpg,-1,0.4499,0.713,0.2631,"['3210419174_d083a16f77.jpg', '3199895624_4f01798c6f.jpg', '2380464803_a64f05bfa9.jpg']","[0.713, 0.6966, 0.6401]"
1389,two asian men and a woman are relaxing in massage chairs,255091927_2eb643beb2.jpg,-1,0.3962,0.7658,0.3696,"['3210419174_d083a16f77.jpg', '3199895624_4f01798c6f.jpg', '2380464803_a64f05bfa9.jpg']","[0.7658, 0.729, 0.6854]"
1391,man with white beard and glasses gives a thumbs up,2551344688_17a12a6948.jpg,10,0.5475,0.7178,0.1703,"['3412249548_00820fc4ca.jpg', '544257613_d9a1fea3f7.jpg', '3155501473_510f9c9f6b.jpg']","[0.7178, 0.6906, 0.666]"
1392,an old man with a whitehaired beard and a blue cap gives a thumbsup sign with his right hand,2551344688_17a12a6948.jpg,7,0.5962,0.7761,0.1798,"['2924884899_f512c84332.jpg', '1396703063_e8c3687afe.jpg', '358607894_5abb1250d3.jpg']","[0.7761, 0.774, 0.7297]"
1393,a man with a denim hat and white beard gives a thumbs up,2551344688_17a12a6948.jpg,2,0.7395,0.824,0.0845,"['3412249548_00820fc4ca.jpg', '2551344688_17a12a6948.jpg', '2925737498_57585a7ed9.jpg']","[0.824, 0.7395, 0.6737]"
1394,a man with a gray beard and denim hat gives a thumbs up sign with his hand,2551344688_17a12a6948.jpg,4,0.6922,0.7588,0.0666,"['2924884899_f512c84332.jpg', '1396703063_e8c3687afe.jpg', '862187579_9faf4a51e0.jpg']","[0.7588, 0.747, 0.7105]"
1395,a couple walking a white dog down a paved street,255330891_86d65dfdbf.jpg,3,0.7144,0.7746,0.0601,"['245252561_4f20f1c89e.jpg', '397547349_1fd14b95af.jpg', '255330891_86d65dfdbf.jpg']","[0.7746, 0.7592, 0.7144]"
1397,a man walking a dog puts his arm around the shoulder of a woman with pink pants,255330891_86d65dfdbf.jpg,-1,0.54,0.8235,0.2835,"['3415646718_f9f4e23a66.jpg', '397547349_1fd14b95af.jpg', '1975531316_8b00eeaaf7.jpg']","[0.8235, 0.7367, 0.7324]"
1398,a man woman and dog walk down a paved road,255330891_86d65dfdbf.jpg,5,0.6477,0.8017,0.154,"['397547349_1fd14b95af.jpg', '1975531316_8b00eeaaf7.jpg', '245252561_4f20f1c89e.jpg']","[0.8017, 0.7982, 0.7145]"
1399,the man is walking a white dog with one hand whilst resting his other hand on the shoulder of the woman with the pink backpack,255330891_86d65dfdbf.jpg,-1,0.4839,0.7014,0.2175,"['3608400551_d6f7965308.jpg', '3439982121_0afc6d5973.jpg', '1975531316_8b00eeaaf7.jpg']","[0.7014, 0.5623, 0.5549]"
1400,a puppy running along a street,2555535057_007501dae5.jpg,2,0.7909,0.838,0.047,"['3435035138_af32890a4c.jpg', '2555535057_007501dae5.jpg', '245252561_4f20f1c89e.jpg']","[0.838, 0.7909, 0.7801]"
1403,a beige white and black little dog is bounding towards the camera from the street onto the green grass,2555535057_007501dae5.jpg,3,0.7693,0.8082,0.0389,"['426920445_d07d1fd0f7.jpg', '557601144_50b8c40393.jpg', '2555535057_007501dae5.jpg']","[0.8082, 0.7952, 0.7693]"
1404,a dog is running along the grass,2555535057_007501dae5.jpg,-1,0.541,0.8942,0.3532,"['2764732789_1392e962d0.jpg', '2886411666_72d8b12ce4.jpg', '2942133798_e57c862a90.jpg']","[0.8942, 0.8288, 0.8074]"
1405,a boy in a robe sits in a chair,2556392380_ee57514233.jpg,10,0.5995,0.7639,0.1644,"['403678611_73978faed7.jpg', '2882483779_73c171ac19.jpg', '2516317118_10ae66b87a.jpg']","[0.7639, 0.6936, 0.6803]"
1406,a little darkhaired boy on a chair in his white bathrobe,2556392380_ee57514233.jpg,7,0.6297,0.8292,0.1994,"['2516317118_10ae66b87a.jpg', '2212472643_80238475b5.jpg', '860928274_744d14f198.jpg']","[0.8292, 0.7559, 0.7355]"
1408,little boy in a robe sits in a chair posing for the camera,2556392380_ee57514233.jpg,3,0.6898,0.7623,0.0725,"['2212472643_80238475b5.jpg', '542317719_ed4dd95dc2.jpg', '2556392380_ee57514233.jpg']","[0.7623, 0.7068, 0.6898]"
1409,there is a little boy sitting in a chair,2556392380_ee57514233.jpg,3,0.7051,0.7588,0.0537,"['2212472643_80238475b5.jpg', '403678611_73978faed7.jpg', '2556392380_ee57514233.jpg']","[0.7588, 0.7517, 0.7051]"
1410,two children play street hockey in front of a goal,2557972410_6925fe695c.jpg,-1,0.1951,0.8169,0.6218,"['3437781040_82b06facb3.jpg', '3231751379_10ebf7150c.jpg', '2247192427_5e106f24a9.jpg']","[0.8169, 0.8052, 0.6293]"
1411,several players playing a game of hockey outside on the road,2557972410_6925fe695c.jpg,-1,0.1077,0.8308,0.7232,"['3437781040_82b06facb3.jpg', '3231751379_10ebf7150c.jpg', '3613027188_1645ca1976.jpg']","[0.8308, 0.7454, 0.7436]"
1412,some children play hockey outside,2557972410_6925fe695c.jpg,-1,0.1392,0.7412,0.602,"['3437781040_82b06facb3.jpg', '3318995586_c2bc50b92e.jpg', '3231751379_10ebf7150c.jpg']","[0.7412, 0.6762, 0.6757]"
1413,a goalie is guarding the goal,2557972410_6925fe695c.jpg,-1,0.1306,0.6188,0.4882,"['3179336562_c3d0c0a3bd.jpg', '3363836972_c87b58c948.jpg', '2773011586_6f4cd41e84.jpg']","[0.6188, 0.5932, 0.5923]"
1414,kids in helmets play hockey outside,2557972410_6925fe695c.jpg,-1,0.1977,0.7935,0.5958,"['3437781040_82b06facb3.jpg', '3231751379_10ebf7150c.jpg', '3434452829_62cee280bc.jpg']","[0.7935, 0.7628, 0.6954]"
1417,a young barefooted girl leaps in the air while playing a toy guitar,2561319255_ce5ede291e.jpg,3,0.6058,0.6957,0.0899,"['3672940355_47f30e2b28.jpg', '724702877_f2a938766b.jpg', '2561319255_ce5ede291e.jpg']","[0.6957, 0.6239, 0.6058]"
1421,a man plays with his dog making him jump for food,2561334141_0aacefa5e7.jpg,8,0.6376,0.7782,0.1406,"['3415646718_f9f4e23a66.jpg', '2960033435_c20cc7399a.jpg', '2340919359_f56787d307.jpg']","[0.7782, 0.7556, 0.6961]"
1423,a man in jeans plays with a white and brown dog at the beach,2561334141_0aacefa5e7.jpg,4,0.6339,0.6559,0.022,"['1348947380_14f0fc1237.jpg', '2759211664_d21393b668.jpg', '2978236380_fb24c43f1e.jpg']","[0.6559, 0.6481, 0.6476]"
1425,a couple walking down the street,256444892_efcb3bd824.jpg,7,0.6433,0.7941,0.1508,"['2222559267_6fd31e3941.jpg', '3072782873_3278f3b3a7.jpg', '3242007318_01e82171aa.jpg']","[0.7941, 0.7427, 0.7365]"
1426,a man and a woman walk along the sidewalk,256444892_efcb3bd824.jpg,-1,0.4882,0.801,0.3128,"['3415228562_4efa9c9b70.jpg', '2222559267_6fd31e3941.jpg', '454686980_7517fe0c2e.jpg']","[0.801, 0.747, 0.7442]"
1427,a man and a woman walking down a city street,256444892_efcb3bd824.jpg,2,0.7816,0.7994,0.0177,"['2222559267_6fd31e3941.jpg', '256444892_efcb3bd824.jpg', '445861800_75fc6a8c16.jpg']","[0.7994, 0.7816, 0.763]"
1428,a man and woman stand on the sidewalk of a busy street,256444892_efcb3bd824.jpg,-1,0.482,0.8402,0.3582,"['2222559267_6fd31e3941.jpg', '617038406_4092ee91dd.jpg', '3655964639_21e76383d0.jpg']","[0.8402, 0.6713, 0.6683]"
1429,people are walking through a crowded street,256444892_efcb3bd824.jpg,-1,0.4418,0.8316,0.3898,"['3072782873_3278f3b3a7.jpg', '3433470650_a8b1c27173.jpg', '3535879138_9281dc83d5.jpg']","[0.8316, 0.8214, 0.7764]"
1435,three black dogs retrieving an item from a body of water,2565685680_c30972455d.jpg,2,0.7702,0.8211,0.0509,"['2089350172_dc2cf9fcf6.jpg', '2565685680_c30972455d.jpg', '3655773435_c234e94820.jpg']","[0.8211, 0.7702, 0.7377]"
1436,a black animal or two are in the water,2565685680_c30972455d.jpg,5,0.7524,0.8521,0.0997,"['2089350172_dc2cf9fcf6.jpg', '3587009091_37188fd07e.jpg', '2756636539_cc1eacbf4a.jpg']","[0.8521, 0.8293, 0.7707]"
1437,a black dog plays around in water,2565685680_c30972455d.jpg,3,0.8542,0.9036,0.0494,"['2756636539_cc1eacbf4a.jpg', '1470132731_fa416b7504.jpg', '2565685680_c30972455d.jpg']","[0.9036, 0.8693, 0.8542]"
1438,an animal with black fur splashing about in relatively deep water,2565685680_c30972455d.jpg,6,0.7019,0.783,0.0811,"['2696394827_7342ced36f.jpg', '2633201394_ee4a7666ed.jpg', '2089350172_dc2cf9fcf6.jpg']","[0.783, 0.7755, 0.7583]"
1439,the three black dogs are swimming very close to each other,2565685680_c30972455d.jpg,2,0.7125,0.824,0.1115,"['2089350172_dc2cf9fcf6.jpg', '2565685680_c30972455d.jpg', '3655773435_c234e94820.jpg']","[0.824, 0.7125, 0.7115]"
1441,two dogs are running and barking at each other,2567035103_3511020c8f.jpg,-1,0.3982,0.7031,0.3049,"['78984436_ad96eaa802.jpg', '3203707977_cc9448fecb.jpg', '412101267_7257e6d8c0.jpg']","[0.7031, 0.6601, 0.5996]"
1442,two dogs are playing in the grass,2567035103_3511020c8f.jpg,9,0.6132,0.8824,0.2692,"['2314722788_6262c3aa40.jpg', '424506167_01f365726b.jpg', '2546959333_23b957988f.jpg']","[0.8824, 0.7912, 0.7573]"
1443,a black and white dog is playing or fighting with a brown dog in grass,2567035103_3511020c8f.jpg,2,0.6772,0.7201,0.043,"['3526018344_450c517a72.jpg', '2567035103_3511020c8f.jpg', '3415809168_af9dabdba5.jpg']","[0.7201, 0.6772, 0.6733]"
1444,a brown dog runs in a field with a black and white dog,2567035103_3511020c8f.jpg,2,0.6965,0.8181,0.1216,"['78984436_ad96eaa802.jpg', '2567035103_3511020c8f.jpg', '2314722788_6262c3aa40.jpg']","[0.8181, 0.6965, 0.6809]"
1445,a black dog splashes through greenish water,2574230252_f5a1382dd4.jpg,-1,0.5715,0.8887,0.3172,"['3640020134_367941f5ec.jpg', '2756636539_cc1eacbf4a.jpg', '247778426_fd59734130.jpg']","[0.8887, 0.8199, 0.81]"
1446,a black dog walking through splashing water in a rocky creek,2574230252_f5a1382dd4.jpg,-1,0.5455,0.8127,0.2673,"['527968666_1fcddf81ab.jpg', '2756636539_cc1eacbf4a.jpg', '3640020134_367941f5ec.jpg']","[0.8127, 0.7799, 0.749]"
1447,a brown dog walks through a shallow stream,2574230252_f5a1382dd4.jpg,-1,0.5675,0.7415,0.174,"['431410325_f4916b5460.jpg', '3695949492_27ca3892fd.jpg', '2220175999_081aa9cce8.jpg']","[0.7415, 0.7339, 0.7006]"
1448,a greenish dog runs through the water by several large rocks,2574230252_f5a1382dd4.jpg,-1,0.4489,0.7641,0.3153,"['2051194177_fbeee211e3.jpg', '3401902253_cd27e6d0fe.jpg', '3712742641_641282803e.jpg']","[0.7641, 0.7501, 0.7388]"
1449,the dog walks in the shallow water,2574230252_f5a1382dd4.jpg,-1,0.3356,0.8179,0.4823,"['2051194177_fbeee211e3.jpg', '2115849046_2aa9fa8d13.jpg', '2952141476_fc9a48a60a.jpg']","[0.8179, 0.7882, 0.7727]"
1450,a toddler in a light blue overall sits at the top of a red plastic slide,2576878141_87f25a10f0.jpg,3,0.819,0.8324,0.0134,"['2988244398_5da7012fce.jpg', '2358554995_54ed3baa83.jpg', '2576878141_87f25a10f0.jpg']","[0.8324, 0.8204, 0.819]"
1451,a small baby boy sitting on a slide,2576878141_87f25a10f0.jpg,3,0.7324,0.8181,0.0857,"['2988244398_5da7012fce.jpg', '2358554995_54ed3baa83.jpg', '2576878141_87f25a10f0.jpg']","[0.8181, 0.7401, 0.7324]"
1453,a baby in blue pants is sitting on a red slide,2576878141_87f25a10f0.jpg,2,0.8383,0.8526,0.0143,"['2988244398_5da7012fce.jpg', '2576878141_87f25a10f0.jpg', '2358554995_54ed3baa83.jpg']","[0.8526, 0.8383, 0.7533]"
1454,a little boy in a blue jumper is playing on a red plastic toy that looks like a slide,2576878141_87f25a10f0.jpg,8,0.6062,0.7103,0.1042,"['964197865_0133acaeb4.jpg', '2988244398_5da7012fce.jpg', '2381613738_d8d2012e3c.jpg']","[0.7103, 0.706, 0.6475]"
1456,a spotted dog butting a white dog with his head,2584412512_6767593f24.jpg,-1,0.4617,0.7806,0.3189,"['3132619510_7dfc947d25.jpg', '2428275562_4bde2bc5ea.jpg', '2095444126_201ff9f222.jpg']","[0.7806, 0.7429, 0.7211]"
1457,a white dog and a white and brown puppy playing,2584412512_6767593f24.jpg,2,0.7431,0.7627,0.0196,"['2419221084_01a14176b4.jpg', '2584412512_6767593f24.jpg', '1084040636_97d9633581.jpg']","[0.7627, 0.7431, 0.7206]"
1458,two dogs are playing together,2584412512_6767593f24.jpg,-1,0.413,0.7438,0.3309,"['424506167_01f365726b.jpg', '3086523890_fd9394af8b.jpg', '2981372647_2061278c60.jpg']","[0.7438, 0.6678, 0.6397]"
1459,two dogs play with one another on the lawn,2584412512_6767593f24.jpg,-1,0.2833,0.7727,0.4894,"['424506167_01f365726b.jpg', '684375286_09cc1aa778.jpg', '2314722788_6262c3aa40.jpg']","[0.7727, 0.7269, 0.6917]"
1460,a red dog jumping up in a field of tall grass,2584487952_f70e5aa9bf.jpg,8,0.5966,0.6871,0.0905,"['3396817186_b299ee0531.jpg', '2673148534_8daf0de833.jpg', '327415627_6313d32a64.jpg']","[0.6871, 0.6826, 0.6795]"
1461,a dog is jumping in the air in a field of grass,2584487952_f70e5aa9bf.jpg,9,0.6374,0.7775,0.1401,"['2673148534_8daf0de833.jpg', '3396817186_b299ee0531.jpg', '3559781965_d4ec00e506.jpg']","[0.7775, 0.6971, 0.6885]"
1462,a brown dog jumps high on a field of grass,2584487952_f70e5aa9bf.jpg,9,0.5589,0.6958,0.1368,"['436013859_793d870b6f.jpg', '2673148534_8daf0de833.jpg', '3559781965_d4ec00e506.jpg']","[0.6958, 0.6824, 0.6792]"
1463,a brown dog jumps high in the grass,2584487952_f70e5aa9bf.jpg,9,0.5639,0.7134,0.1495,"['3559781965_d4ec00e506.jpg', '427936315_0b8f7b8d23.jpg', '2198964806_c57b0534d3.jpg']","[0.7134, 0.7007, 0.6835]"
1464,a brown dog jumps into the grass,2584487952_f70e5aa9bf.jpg,8,0.603,0.7803,0.1773,"['436013859_793d870b6f.jpg', '3559781965_d4ec00e506.jpg', '427936315_0b8f7b8d23.jpg']","[0.7803, 0.6926, 0.6628]"
1469,the asian girl is running across the grass,2592019072_a6c0090da4.jpg,4,0.7489,0.8004,0.0515,"['3555231025_73fa54fa29.jpg', '762947607_2001ee4c72.jpg', '1316247213_1d2c726dd5.jpg']","[0.8004, 0.7939, 0.7515]"
1475,a boy and a girl at the beach throwing sand,2597308074_acacc12e1b.jpg,4,0.6735,0.7873,0.1138,"['3518755601_cebf11e515.jpg', '2759211664_d21393b668.jpg', '2277081067_d2b4c98bce.jpg']","[0.7873, 0.7289, 0.6836]"
1476,a boy flings sand at a girl,2597308074_acacc12e1b.jpg,-1,0.4422,0.7799,0.3377,"['3518755601_cebf11e515.jpg', '2759211664_d21393b668.jpg', '3711664623_ef87105ea7.jpg']","[0.7799, 0.7351, 0.6476]"
1477,a boy with an orange tool on the shore is spraying a girl standing in shallow water with mud,2597308074_acacc12e1b.jpg,4,0.7178,0.7903,0.0726,"['2271468944_3264d29208.jpg', '3041689520_c481bdb20e.jpg', '2911245290_b2c79f328a.jpg']","[0.7903, 0.7702, 0.7211]"
1478,boy flings mud at girl,2597308074_acacc12e1b.jpg,7,0.5549,0.7294,0.1745,"['2271468944_3264d29208.jpg', '3041689520_c481bdb20e.jpg', '2759211664_d21393b668.jpg']","[0.7294, 0.679, 0.6665]"
1479,the young boy flings mud at the barefoot girl in the pond,2597308074_acacc12e1b.jpg,6,0.6374,0.751,0.1136,"['2271468944_3264d29208.jpg', '2759211664_d21393b668.jpg', '3041689520_c481bdb20e.jpg']","[0.751, 0.7005, 0.6863]"
1480,the kid is sliding down a tan plastic slide,2597737483_6518a230e4.jpg,2,0.7756,0.8383,0.0627,"['2988244398_5da7012fce.jpg', '2597737483_6518a230e4.jpg', '2576878141_87f25a10f0.jpg']","[0.8383, 0.7756, 0.748]"
1481,boy sliding down the slide with outstretched arms,2597737483_6518a230e4.jpg,6,0.625,0.741,0.116,"['425088533_a460dc4617.jpg', '542317719_ed4dd95dc2.jpg', '2332540384_4cf26406a9.jpg']","[0.741, 0.7087, 0.6677]"
1482,a smiling boy goes down a brown slide,2597737483_6518a230e4.jpg,-1,0.5231,0.82,0.2969,"['542317719_ed4dd95dc2.jpg', '2988244398_5da7012fce.jpg', '2332540384_4cf26406a9.jpg']","[0.82, 0.7092, 0.6869]"
1483,a boy goes down a slide,2597737483_6518a230e4.jpg,8,0.5966,0.8051,0.2085,"['542317719_ed4dd95dc2.jpg', '425088533_a460dc4617.jpg', '3741827382_71e93298d0.jpg']","[0.8051, 0.7089, 0.6963]"
1484,a boy wearing a tshirt with the american flag goes down a slide with his arms flung out,2597737483_6518a230e4.jpg,-1,0.3987,0.7479,0.3491,"['542317719_ed4dd95dc2.jpg', '2212472643_80238475b5.jpg', '3741827382_71e93298d0.jpg']","[0.7479, 0.6511, 0.6505]"
1486,two girls enjoy themselves whilst wind blows through their hair,2599131872_65789d86d5.jpg,-1,0.5776,0.7626,0.185,"['3534824784_7133119316.jpg', '3396153660_f729d9f9b9.jpg', '3661072592_2e693cd5a0.jpg']","[0.7626, 0.7606, 0.7595]"
1487,two girls with long hair jumping on a trampoline,2599131872_65789d86d5.jpg,3,0.6563,0.7438,0.0876,"['2979914158_5906470b8f.jpg', '3415287719_3c776f370e.jpg', '2599131872_65789d86d5.jpg']","[0.7438, 0.6582, 0.6563]"
1488,two little blonde girls twirl their hair,2599131872_65789d86d5.jpg,7,0.6824,0.7831,0.1007,"['3534824784_7133119316.jpg', '1248734482_3038218f3b.jpg', '3661072592_2e693cd5a0.jpg']","[0.7831, 0.776, 0.7561]"
1489,two little girls are playing on a trampoline,2599131872_65789d86d5.jpg,2,0.7382,0.7554,0.0172,"['3431101934_99a6c55914.jpg', '2599131872_65789d86d5.jpg', '2687328779_b4356dab16.jpg']","[0.7554, 0.7382, 0.6815]"
1490,a couple in a restaurant are holding hands,2602258549_7401a3cdae.jpg,-1,0.5576,0.7068,0.1491,"['1417295167_5299df6db8.jpg', '3351667846_ac43118ae5.jpg', '3084018061_df66d98325.jpg']","[0.7068, 0.6842, 0.6705]"
1491,a couple holding hands across a table,2602258549_7401a3cdae.jpg,6,0.6311,0.7059,0.0749,"['3084018061_df66d98325.jpg', '2380464803_a64f05bfa9.jpg', '3199895624_4f01798c6f.jpg']","[0.7059, 0.6618, 0.6608]"
1492,a couple is sitting in a restaurant holding hands,2602258549_7401a3cdae.jpg,2,0.696,0.7069,0.0109,"['3351667846_ac43118ae5.jpg', '2602258549_7401a3cdae.jpg', '3084018061_df66d98325.jpg']","[0.7069, 0.696, 0.6736]"
1493,a dimly lit room with several individuals including a young man and woman holding hands across a table,2602258549_7401a3cdae.jpg,2,0.7793,0.8813,0.102,"['3084018061_df66d98325.jpg', '2602258549_7401a3cdae.jpg', '3066338314_2c3fb731d1.jpg']","[0.8813, 0.7793, 0.7761]"
1494,a man and woman are sitting at a restaurant table holding hands,2602258549_7401a3cdae.jpg,3,0.6668,0.7379,0.0711,"['3066338314_2c3fb731d1.jpg', '3351667846_ac43118ae5.jpg', '2602258549_7401a3cdae.jpg']","[0.7379, 0.6903, 0.6668]"
1495,a bunch of people on the beach at sunset,2603792708_18a97bac97.jpg,9,0.6563,0.7524,0.0962,"['3189002057_3ef61b803e.jpg', '339350939_6643bfb270.jpg', '3229821595_77ace81c6b.jpg']","[0.7524, 0.7408, 0.7338]"
1496,two people are walking towards a group of people on the beach at sunset,2603792708_18a97bac97.jpg,2,0.7511,0.8522,0.1011,"['3189002057_3ef61b803e.jpg', '2603792708_18a97bac97.jpg', '530661899_94655d7d0e.jpg']","[0.8522, 0.7511, 0.7294]"
1497,two people walking along the beach at sunset towarn a group of people,2603792708_18a97bac97.jpg,5,0.6718,0.8672,0.1953,"['3189002057_3ef61b803e.jpg', '2277081067_d2b4c98bce.jpg', '3446347599_0ecc49a9d5.jpg']","[0.8672, 0.7316, 0.6948]"
1498,two people walking along the shore at sunset,2603792708_18a97bac97.jpg,4,0.6895,0.7864,0.0968,"['3189002057_3ef61b803e.jpg', '530661899_94655d7d0e.jpg', '2277081067_d2b4c98bce.jpg']","[0.7864, 0.7696, 0.7047]"
1499,two people walking on the beach at sunset,2603792708_18a97bac97.jpg,3,0.7031,0.8503,0.1473,"['3189002057_3ef61b803e.jpg', '2843695880_eeea6c67db.jpg', '2603792708_18a97bac97.jpg']","[0.8503, 0.7093, 0.7031]"
1500,young girl posing with crowd in the background,2609847254_0ec40c1cce.jpg,6,0.5869,0.6568,0.0699,"['1539166395_0cdc0accee.jpg', '2721656220_5f4cda8bc1.jpg', '1303727066_23d0f6ed43.jpg']","[0.6568, 0.635, 0.6203]"
1501,a young smiling girl wearing yellow in a crowd,2609847254_0ec40c1cce.jpg,-1,0.399,0.6902,0.2912,"['2648165716_02e2e74fd6.jpg', '1539166395_0cdc0accee.jpg', '2422018883_336519b5c6.jpg']","[0.6902, 0.6712, 0.627]"
1502,a young girl smiling for the camera,2609847254_0ec40c1cce.jpg,-1,0.5254,0.8583,0.333,"['2456030728_d3d147e774.jpg', '3627011534_485f667b10.jpg', '1539166395_0cdc0accee.jpg']","[0.8583, 0.8147, 0.7753]"
1503,a girl is smiling at the camera with a crowd of people behind her,2609847254_0ec40c1cce.jpg,4,0.7748,0.8199,0.0451,"['2721656220_5f4cda8bc1.jpg', '2204550058_2707d92338.jpg', '954987350_a0c608b467.jpg']","[0.8199, 0.7766, 0.7751]"
1504,a girl with long dark hair wearing a yellow and white shirt is smiling,2609847254_0ec40c1cce.jpg,-1,0.5293,0.8203,0.291,"['3627011534_485f667b10.jpg', '2695085862_2ed62df354.jpg', '2721656220_5f4cda8bc1.jpg']","[0.8203, 0.8145, 0.8041]"
1505,people sit near a fire outside,2610447973_89227ff978.jpg,2,0.7391,0.8199,0.0808,"['2652155912_8ba5426790.jpg', '2610447973_89227ff978.jpg', '3119903318_d032141839.jpg']","[0.8199, 0.7391, 0.6344]"
1508,two people sit around a large fire,2610447973_89227ff978.jpg,3,0.7316,0.7468,0.0152,"['2652155912_8ba5426790.jpg', '3119903318_d032141839.jpg', '2610447973_89227ff978.jpg']","[0.7468, 0.7427, 0.7316]"
1509,two people sitting in the dark near a blazing fire,2610447973_89227ff978.jpg,6,0.5732,0.7747,0.2015,"['2652155912_8ba5426790.jpg', '3119903318_d032141839.jpg', '2843695880_eeea6c67db.jpg']","[0.7747, 0.7103, 0.6322]"
1510,a wet dog walks out of the water,2613209320_edf6a2b7e9.jpg,-1,0.6515,0.9067,0.2553,"['2051194177_fbeee211e3.jpg', '2417745327_a2c2705043.jpg', '1131800850_89c7ffd477.jpg']","[0.9067, 0.7573, 0.7549]"
1511,a very wet brown dog is emerging from the water,2613209320_edf6a2b7e9.jpg,5,0.817,0.8904,0.0734,"['431410325_f4916b5460.jpg', '443430496_3fea95a07d.jpg', '1131800850_89c7ffd477.jpg']","[0.8904, 0.852, 0.8474]"
1512,a dog walks out of the water,2613209320_edf6a2b7e9.jpg,-1,0.508,0.7712,0.2632,"['2051194177_fbeee211e3.jpg', '2115849046_2aa9fa8d13.jpg', '2281006675_fde04e93dd.jpg']","[0.7712, 0.768, 0.7674]"
1513,a brown dog is soaked and is walking out of the water,2613209320_edf6a2b7e9.jpg,4,0.8226,0.91,0.0874,"['2051194177_fbeee211e3.jpg', '431410325_f4916b5460.jpg', '443430496_3fea95a07d.jpg']","[0.91, 0.8301, 0.8279]"
1514,a long brown haired dog walking through a river,2613209320_edf6a2b7e9.jpg,6,0.6478,0.7459,0.0981,"['2220175999_081aa9cce8.jpg', '2452686995_621878f561.jpg', '3695949492_27ca3892fd.jpg']","[0.7459, 0.7177, 0.7118]"
1515,a dog chases a ball,2616561200_ea079f285a.jpg,4,0.64,0.7991,0.1591,"['496971341_22782195f0.jpg', '2404692474_37da774368.jpg', '3363836972_c87b58c948.jpg']","[0.7991, 0.674, 0.6461]"
1519,the brown and white dog is chasing the ball,2616561200_ea079f285a.jpg,8,0.5554,0.6959,0.1405,"['2942133798_e57c862a90.jpg', '2764732789_1392e962d0.jpg', '496971341_22782195f0.jpg']","[0.6959, 0.6527, 0.6355]"
1520,the white dog is sitting in the grass,2620113705_a8fa89b8f6.jpg,3,0.6972,0.8208,0.1236,"['2584412512_6767593f24.jpg', '2543247940_083f1b7969.jpg', '2620113705_a8fa89b8f6.jpg']","[0.8208, 0.8022, 0.6972]"
1521,a white dog sits on a rocky lawn,2620113705_a8fa89b8f6.jpg,5,0.6275,0.7498,0.1223,"['359082432_c1fd5aa2d6.jpg', '1932161768_996eadac87.jpg', '1084040636_97d9633581.jpg']","[0.7498, 0.7235, 0.6998]"
1524,a white and brown dog sitting in the grass,2620113705_a8fa89b8f6.jpg,3,0.6973,0.8928,0.1955,"['2584412512_6767593f24.jpg', '2543247940_083f1b7969.jpg', '2620113705_a8fa89b8f6.jpg']","[0.8928, 0.7852, 0.6973]"
1525,a crowd of people are standing behind a railing watching something in the distance,2621771656_09a620da6d.jpg,-1,0.5648,0.7997,0.2348,"['2930622766_fa8f84deb1.jpg', '3114944484_28b5bb9842.jpg', '3404870997_7b0cd755de.jpg']","[0.7997, 0.7429, 0.7215]"
1526,a group of people wait behind a barricade and look toward the right,2621771656_09a620da6d.jpg,6,0.6927,0.7924,0.0997,"['2930622766_fa8f84deb1.jpg', '3718007650_e5930b4509.jpg', '3627676364_1dc9294ec5.jpg']","[0.7924, 0.7441, 0.7078]"
1527,a group of people wait behind a metal fence,2621771656_09a620da6d.jpg,-1,0.5025,0.6768,0.1743,"['2180356743_b3a3c9a7f6.jpg', '2930622766_fa8f84deb1.jpg', '3638374272_444f5e0457.jpg']","[0.6768, 0.632, 0.6302]"
1528,a group of people waiting outside a fenced in area,2621771656_09a620da6d.jpg,-1,0.4005,0.7792,0.3786,"['2718376488_3c62f7642c.jpg', '3433470650_a8b1c27173.jpg', '445861800_75fc6a8c16.jpg']","[0.7792, 0.7312, 0.7303]"
1529,a group of spectators enjoying an event,2621771656_09a620da6d.jpg,3,0.7363,0.7697,0.0334,"['3535056297_e16f014cb7.jpg', '3197891333_b1b0fd1702.jpg', '2621771656_09a620da6d.jpg']","[0.7697, 0.7432, 0.7363]"
1530,the little boy bends down to look at an animal,2622517932_57c52c376f.jpg,-1,0.3248,0.7019,0.3771,"['2516317118_10ae66b87a.jpg', '2381613738_d8d2012e3c.jpg', '3321516504_5ee97771cb.jpg']","[0.7019, 0.5984, 0.5709]"
1531,a young child is kneeling and looking at a small creature inside a glass case,2622517932_57c52c376f.jpg,-1,0.4773,0.7011,0.2238,"['343662720_39e4067cd1.jpg', '2244551043_21b8cca866.jpg', '1798209205_77dbf525b0.jpg']","[0.7011, 0.692, 0.6684]"
1532,a boy in a white shirt is looking through the glass at a little creature,2622517932_57c52c376f.jpg,-1,0.2806,0.7816,0.501,"['3673970325_4e025069e9.jpg', '2244551043_21b8cca866.jpg', '3437315443_ba2263f92e.jpg']","[0.7816, 0.7348, 0.6588]"
1533,a child looks at rodents in a glass display,2622517932_57c52c376f.jpg,-1,0.2315,0.7401,0.5086,"['2244551043_21b8cca866.jpg', '3673970325_4e025069e9.jpg', '3572346664_e1e6c77f11.jpg']","[0.7401, 0.7349, 0.6079]"
1534,a young boy looks through the glass at an aquarium at a stingray,2622517932_57c52c376f.jpg,-1,0.2855,0.7375,0.452,"['2244551043_21b8cca866.jpg', '3673970325_4e025069e9.jpg', '343662720_39e4067cd1.jpg']","[0.7375, 0.7141, 0.684]"
1535,a man in a blue and fuchsia sweater holds his hands as if to catch something while standing in a crowd of people,2622971954_59f192922d.jpg,-1,0.5384,0.7389,0.2005,"['3535056297_e16f014cb7.jpg', '576920249_df1bdc2068.jpg', '3433470650_a8b1c27173.jpg']","[0.7389, 0.724, 0.6969]"
1536,a man in a crowd extends his hands emphatically,2622971954_59f192922d.jpg,-1,0.4608,0.7228,0.262,"['3225037367_a71fa86319.jpg', '576920249_df1bdc2068.jpg', '3535056297_e16f014cb7.jpg']","[0.7228, 0.6696, 0.6583]"
1537,a man in a crowd is expressing his opinion,2622971954_59f192922d.jpg,-1,0.4829,0.7668,0.2839,"['3433470650_a8b1c27173.jpg', '3535879138_9281dc83d5.jpg', '3225037367_a71fa86319.jpg']","[0.7668, 0.7329, 0.7145]"
1538,a man in a crowd raises his arms pleadingly,2622971954_59f192922d.jpg,-1,0.3842,0.677,0.2928,"['576920249_df1bdc2068.jpg', '2497074804_b4f3e7fd90.jpg', '1303727066_23d0f6ed43.jpg']","[0.677, 0.6579, 0.656]"
1539,a man raises his hands from within a crowd of people,2622971954_59f192922d.jpg,-1,0.5955,0.9081,0.3126,"['576920249_df1bdc2068.jpg', '325005410_e1ff5041b5.jpg', '3535056297_e16f014cb7.jpg']","[0.9081, 0.7662, 0.7398]"
1540,two guys at a bar one dark skinned and one light skinned,2623247254_3bfc795121.jpg,-1,0.3654,0.624,0.2586,"['3666537170_c4ecda4be8.jpg', '3009018821_ba47396e24.jpg', '3426789838_8771f0ed56.jpg']","[0.624, 0.6191, 0.6106]"
1541,two men are sitting next to each other near to a vending machine,2623247254_3bfc795121.jpg,-1,0.0271,0.7302,0.7032,"['2525666287_638ab5e784.jpg', '2891240104_6755281868.jpg', '403678611_73978faed7.jpg']","[0.7302, 0.6746, 0.6598]"
1542,a young man lights a lighter while another looks on,2623247254_3bfc795121.jpg,-1,0.4283,0.6741,0.2458,"['1418019748_51c7d59c11.jpg', '3726700898_c50494b8bd.jpg', '1429723917_6af585e4c0.jpg']","[0.6741, 0.6477, 0.6287]"
1543,a guy talks and does something with his hand while others sit near him,2623247254_3bfc795121.jpg,-1,0.1409,0.7337,0.5928,"['3091962081_194f2f3bd4.jpg', '3631474374_e40764d153.jpg', '241346215_037e18403a.jpg']","[0.7337, 0.6414, 0.587]"
1544,a young blond man sitting at a table with a brick wall in the background,2623247254_3bfc795121.jpg,10,0.525,0.8161,0.2911,"['3066338314_2c3fb731d1.jpg', '358607894_5abb1250d3.jpg', '343662720_39e4067cd1.jpg']","[0.8161, 0.7067, 0.6471]"
1545,a man and young girl and standing under a large redwood tree,2623560640_0445c9a138.jpg,5,0.5882,0.7948,0.2066,"['534056823_0752303702.jpg', '3698944019_825ef54f2f.jpg', '454709143_9c513f095c.jpg']","[0.7948, 0.6486, 0.5981]"
1546,a man hugging a boy in a tunnel made in the trunk of a tree,2623560640_0445c9a138.jpg,-1,0.4579,0.6813,0.2233,"['2788628994_61123c03d2.jpg', '425088533_a460dc4617.jpg', '111537222_07e56d5a30.jpg']","[0.6813, 0.6553, 0.6351]"
1547,an older boy with his arm around a younger kid under a sequoia tree,2623560640_0445c9a138.jpg,-1,0.4225,0.7592,0.3368,"['3229913073_e7857a5966.jpg', '3041645937_ff7591d134.jpg', '425088533_a460dc4617.jpg']","[0.7592, 0.6812, 0.6631]"
1548,two boys stand in a cutting underneath a giant tree,2623560640_0445c9a138.jpg,-1,0.5429,0.8217,0.2788,"['534056823_0752303702.jpg', '3698944019_825ef54f2f.jpg', '3480052428_c034b98a08.jpg']","[0.8217, 0.6965, 0.6751]"
1549,two kids stand under an area carved in a large tree,2623560640_0445c9a138.jpg,-1,0.574,0.8049,0.2309,"['534056823_0752303702.jpg', '3698944019_825ef54f2f.jpg', '510510783_b2cf5d57bb.jpg']","[0.8049, 0.7247, 0.6686]"
1550,the attack dog is biting the cloth the officer with the police baton is holding on to,2629346153_155ba73ae9.jpg,-1,0.3179,0.7879,0.4701,"['2949353587_64c54e9589.jpg', '337647771_3b819feaba.jpg', '2325258180_6217dd17eb.jpg']","[0.7879, 0.6678, 0.6502]"
1551,a man trains an attack dog,2629346153_155ba73ae9.jpg,8,0.6588,0.8064,0.1476,"['1348947380_14f0fc1237.jpg', '2340919359_f56787d307.jpg', '1562392511_522a26063b.jpg']","[0.8064, 0.7699, 0.7263]"
1552,a german shepherd bites the arm of a man who has on protective gear,2629346153_155ba73ae9.jpg,-1,0.5382,0.7182,0.18,"['2949353587_64c54e9589.jpg', '3264678536_46601d25f0.jpg', '3383545083_1d7c95b003.jpg']","[0.7182, 0.6635, 0.6306]"
1553,a brown and black attack dog being trained by a man holding a stick,2629346153_155ba73ae9.jpg,7,0.6433,0.7928,0.1495,"['3228069008_edb2961fc4.jpg', '1348947380_14f0fc1237.jpg', '1975531316_8b00eeaaf7.jpg']","[0.7928, 0.7584, 0.7189]"
1554,a dog attacking a man wearing protective gear,2629346153_155ba73ae9.jpg,2,0.6913,0.7491,0.0579,"['2340919359_f56787d307.jpg', '2629346153_155ba73ae9.jpg', '433855742_c2a6fda763.jpg']","[0.7491, 0.6913, 0.68]"
1555,a brown dog next to a stone bench,2632366677_43dee456a5.jpg,8,0.5438,0.7485,0.2047,"['3383491811_fd9d3a891d.jpg', '1745110280_0cbff5e273.jpg', '3526805681_38461c0d5d.jpg']","[0.7485, 0.713, 0.6373]"
1556,a small dog sits under a bench,2632366677_43dee456a5.jpg,-1,0.298,0.6802,0.3822,"['460935487_75b2da7854.jpg', '557601144_50b8c40393.jpg', '2550109269_bc4262bd27.jpg']","[0.6802, 0.6338, 0.6337]"
1557,a small dog wearing a collar sits next to a concrete bench,2632366677_43dee456a5.jpg,-1,0.3281,0.7128,0.3847,"['2550109269_bc4262bd27.jpg', '403678611_73978faed7.jpg', '460935487_75b2da7854.jpg']","[0.7128, 0.6405, 0.6052]"
1558,a tan dog sits in the sand by a beach looking sad,2632366677_43dee456a5.jpg,5,0.7097,0.7602,0.0505,"['2281006675_fde04e93dd.jpg', '1526325728_74eb4153d8.jpg', '3235746553_a40416c00e.jpg']","[0.7602, 0.7228, 0.7226]"
1559,the small dog is wearing a red collar and sits in the sand behind a stone object,2632366677_43dee456a5.jpg,-1,0.4226,0.6569,0.2343,"['2374247382_023a86b9ca.jpg', '426191845_1e979e9345.jpg', '2714220101_c31db50b10.jpg']","[0.6569, 0.6401, 0.6151]"
1560,two large dogs fighting over a frisbee in the water,2632381125_de32bdfdf6.jpg,4,0.7183,0.8591,0.1407,"['1129704496_4a61441f2c.jpg', '3585488964_1467945775.jpg', '1130401779_8c30182e3e.jpg']","[0.8591, 0.7842, 0.7262]"
1561,two dogs play tug of war with a disc in kneehigh water,2632381125_de32bdfdf6.jpg,3,0.6983,0.7748,0.0766,"['1129704496_4a61441f2c.jpg', '2696394827_7342ced36f.jpg', '2632381125_de32bdfdf6.jpg']","[0.7748, 0.744, 0.6983]"
1562,two brown dogs play with a frisbee in the water,2632381125_de32bdfdf6.jpg,3,0.7619,0.8436,0.0817,"['1130401779_8c30182e3e.jpg', '1129704496_4a61441f2c.jpg', '2632381125_de32bdfdf6.jpg']","[0.8436, 0.8426, 0.7619]"
1563,two dogs biting on a frisbee in the pond,2632381125_de32bdfdf6.jpg,3,0.819,0.8984,0.0793,"['1129704496_4a61441f2c.jpg', '2696394827_7342ced36f.jpg', '2632381125_de32bdfdf6.jpg']","[0.8984, 0.8367, 0.819]"
1564,two dogs both fighting for control of a frisbee while in a lake,2632381125_de32bdfdf6.jpg,-1,0.4689,0.6043,0.1354,"['2434006663_207a284cec.jpg', '3621717946_d96f8a6012.jpg', '3119903318_d032141839.jpg']","[0.6043, 0.5714, 0.5651]"
1565,a brown dog swims and carries a brown object,2633201394_ee4a7666ed.jpg,9,0.6973,0.8287,0.1314,"['3496028495_431cfdc042.jpg', '2613209320_edf6a2b7e9.jpg', '2696394827_7342ced36f.jpg']","[0.8287, 0.7958, 0.7868]"
1566,a dog swims through the water while holding a stick in its mouth,2633201394_ee4a7666ed.jpg,-1,0.66,0.8944,0.2344,"['2209496328_2a34fd201d.jpg', '2339946012_06bd480ab8.jpg', '3695949492_27ca3892fd.jpg']","[0.8944, 0.86, 0.8052]"
1567,a german shephard carries a small log in the water,2633201394_ee4a7666ed.jpg,4,0.6863,0.7121,0.0258,"['2986716822_e220754d32.jpg', '2066241589_b80e9f676c.jpg', '2574230252_f5a1382dd4.jpg']","[0.7121, 0.6967, 0.6874]"
1568,dog is swimming through water with a piece of wood in its mouth,2633201394_ee4a7666ed.jpg,6,0.7431,0.8395,0.0964,"['2209496328_2a34fd201d.jpg', '2339946012_06bd480ab8.jpg', '2369248869_0266760c4a.jpg']","[0.8395, 0.7851, 0.7791]"
1569,german shepherd retrieving large stick from water,2633201394_ee4a7666ed.jpg,2,0.6907,0.8411,0.1504,"['2574230252_f5a1382dd4.jpg', '2633201394_ee4a7666ed.jpg', '247778426_fd59734130.jpg']","[0.8411, 0.6907, 0.6775]"
1570,the wide eyed little boy is eating a red popsicle,2635938723_11b85e6763.jpg,3,0.6706,0.7489,0.0783,"['2181724497_dbb7fcb0a9.jpg', '3321516504_5ee97771cb.jpg', '2635938723_11b85e6763.jpg']","[0.7489, 0.6992, 0.6706]"
1571,dark haired child eating a frozen treat,2635938723_11b85e6763.jpg,-1,0.5055,0.7154,0.2098,"['3426144752_28d63615ca.jpg', '3517362674_0f5296de19.jpg', '2181724497_dbb7fcb0a9.jpg']","[0.7154, 0.7081, 0.68]"
1572,little boy eating a red popsicle,2635938723_11b85e6763.jpg,4,0.6485,0.7221,0.0737,"['2181724497_dbb7fcb0a9.jpg', '3751594676_edfbfa0688.jpg', '3426144752_28d63615ca.jpg']","[0.7221, 0.697, 0.6932]"
1573,a darkheaded boy is eating a large red popsicle,2635938723_11b85e6763.jpg,3,0.6479,0.7445,0.0966,"['2181724497_dbb7fcb0a9.jpg', '3426144752_28d63615ca.jpg', '2635938723_11b85e6763.jpg']","[0.7445, 0.6542, 0.6479]"
1574,a little boy is eating a red popsicle,2635938723_11b85e6763.jpg,4,0.6499,0.7421,0.0923,"['2181724497_dbb7fcb0a9.jpg', '3426144752_28d63615ca.jpg', '3751594676_edfbfa0688.jpg']","[0.7421, 0.7013, 0.6553]"
1575,a border collie jumps over a bed with a tennis ball in its mouth,2641288004_30ce961211.jpg,-1,0.5268,0.7822,0.2554,"['539750844_02a07ec524.jpg', '3155390408_8e1a81efb2.jpg', '2880051254_e0ca96b6be.jpg']","[0.7822, 0.7567, 0.7425]"
1576,a dog jumping with a ball in its mouth,2641288004_30ce961211.jpg,-1,0.2421,0.7652,0.5231,"['3696246123_99d4d10140.jpg', '2857609295_16aaa85293.jpg', '459814265_d48ba48978.jpg']","[0.7652, 0.7129, 0.6792]"
1577,a dog jumps on a bed and catches a green toy,2641288004_30ce961211.jpg,-1,0.5034,0.7106,0.2072,"['2687328779_b4356dab16.jpg', '3485599424_94de8ede51.jpg', '3544673666_ffc7483c96.jpg']","[0.7106, 0.7066, 0.6943]"
1578,border collie jumps in the air and catches a tennis ball,2641288004_30ce961211.jpg,-1,0.3419,0.7747,0.4328,"['3696246123_99d4d10140.jpg', '3415809168_af9dabdba5.jpg', '2857609295_16aaa85293.jpg']","[0.7747, 0.7028, 0.6905]"
1579,the black and white dog jumps with a tennis ball in its mouth,2641288004_30ce961211.jpg,-1,0.3562,0.7793,0.4231,"['3696246123_99d4d10140.jpg', '2857609295_16aaa85293.jpg', '2880051254_e0ca96b6be.jpg']","[0.7793, 0.725, 0.6585]"
1580,a woman wearing dollar sign glasses holding a dollar bill stands with a suitcase that says lucky that is overflowing with cash,264141937_585320617a.jpg,-1,0.4911,0.7484,0.2573,"['2695085862_2ed62df354.jpg', '1527297882_dededc7891.jpg', '2721656220_5f4cda8bc1.jpg']","[0.7484, 0.7319, 0.7107]"
1581,a woman wearing a money themed costume stands on the street,264141937_585320617a.jpg,-1,0.2568,0.7322,0.4754,"['536537638_f5ee42410b.jpg', '440184957_267f3f3a2b.jpg', '656260720_a7db4ce48b.jpg']","[0.7322, 0.7022, 0.6756]"
1582,a woman wearing a suitcase full of money,264141937_585320617a.jpg,-1,0.4844,0.7136,0.2292,"['251958970_fa6b423f23.jpg', '3451344589_6787bd06ef.jpg', '656260720_a7db4ce48b.jpg']","[0.7136, 0.682, 0.6393]"
1583,a woman is holding a white satchel that is full of dollar bills,264141937_585320617a.jpg,-1,0.3961,0.6546,0.2586,"['281754914_bc8119a0ed.jpg', '353180303_6a24179c50.jpg', '2525270674_4ab536e7ec.jpg']","[0.6546, 0.6478, 0.6354]"
1584,a woman poses with sunglasses shaped like dollar signs and a silver suitcase labelled lucky full of bills,264141937_585320617a.jpg,-1,0.3718,0.7606,0.3888,"['656260720_a7db4ce48b.jpg', '1343426964_cde3fb54e8.jpg', '2695085862_2ed62df354.jpg']","[0.7606, 0.745, 0.7111]"
1585,a child puts dirt into his mouth,2647049174_0fb47cee2e.jpg,-1,0.395,0.757,0.362,"['2181724497_dbb7fcb0a9.jpg', '2635938723_11b85e6763.jpg', '3612249030_e2829ffa31.jpg']","[0.757, 0.6833, 0.6381]"
1586,a little boy who is playing outdoors is tasting dirt,2647049174_0fb47cee2e.jpg,-1,0.3799,0.7038,0.3239,"['3405942945_f4af2934a6.jpg', '1269470943_ba7fc49b4d.jpg', '1104133405_c04a00707f.jpg']","[0.7038, 0.5929, 0.5697]"
1587,a small child squats and puts dirt into his mouth,2647049174_0fb47cee2e.jpg,-1,0.4889,0.6834,0.1945,"['2181724497_dbb7fcb0a9.jpg', '3751594676_edfbfa0688.jpg', '2374247382_023a86b9ca.jpg']","[0.6834, 0.6786, 0.6653]"
1588,a toddler eats dirt,2647049174_0fb47cee2e.jpg,-1,0.3949,0.6145,0.2197,"['3751594676_edfbfa0688.jpg', '2181724497_dbb7fcb0a9.jpg', '3517362674_0f5296de19.jpg']","[0.6145, 0.6026, 0.6024]"
1589,the little boy wearing the blue shirt is putting dirt in his mouth,2647049174_0fb47cee2e.jpg,-1,0.5254,0.6804,0.155,"['3751594676_edfbfa0688.jpg', '2181724497_dbb7fcb0a9.jpg', '2456030728_d3d147e774.jpg']","[0.6804, 0.6371, 0.6056]"
1590,a little boy holds a bat in the air waiting on the ball,2648165716_02e2e74fd6.jpg,-1,0.4932,0.7805,0.2873,"['3701226275_952547ba0f.jpg', '2448393373_80c011d301.jpg', '1104133405_c04a00707f.jpg']","[0.7805, 0.6698, 0.6039]"
1591,a small child swings back a red baseball bat,2648165716_02e2e74fd6.jpg,3,0.6208,0.6663,0.0455,"['2443380641_7b38d18f5b.jpg', '964197865_0133acaeb4.jpg', '2648165716_02e2e74fd6.jpg']","[0.6663, 0.665, 0.6208]"
1592,a little boy in a winnie the pooh tshirt is waiting to swing his red bat,2648165716_02e2e74fd6.jpg,6,0.5847,0.6983,0.1136,"['964197865_0133acaeb4.jpg', '2381613738_d8d2012e3c.jpg', '3230101918_7d81cb0fc8.jpg']","[0.6983, 0.6165, 0.6019]"
1593,a little blonde boy in a winnie the pool tshirt holds up a red plastic bat,2648165716_02e2e74fd6.jpg,-1,0.5169,0.7046,0.1877,"['2212472643_80238475b5.jpg', '2842849030_89548af61c.jpg', '543264612_c53cc163b4.jpg']","[0.7046, 0.6561, 0.6442]"
1594,a boy swings a plastic bat,2648165716_02e2e74fd6.jpg,-1,0.4441,0.6503,0.2062,"['964197865_0133acaeb4.jpg', '2443380641_7b38d18f5b.jpg', '2855417531_521bf47b50.jpg']","[0.6503, 0.6219, 0.6189]"
1595,a woman in a blue tank top and shorts is jogging down an asphalt road,2648310638_d6c576b5e4.jpg,2,0.8048,0.8587,0.0538,"['3111208043_dbe8e87fa1.jpg', '2648310638_d6c576b5e4.jpg', '613900608_2e49415772.jpg']","[0.8587, 0.8048, 0.7553]"
1599,the woman in the white hat and blue shorts is jogging in the bicycle lane on a mountain road,2648310638_d6c576b5e4.jpg,2,0.7062,0.7534,0.0472,"['2192411521_9c7e488c5e.jpg', '2648310638_d6c576b5e4.jpg', '3671933270_d124e9a1a4.jpg']","[0.7534, 0.7062, 0.6972]"
1600,flames at gas pumps engulf a red car,2652155912_8ba5426790.jpg,-1,0.3402,0.735,0.3949,"['2750867389_4b815f793a.jpg', '210625425_fb1ef5d23b.jpg', '1643915227_9f48068772.jpg']","[0.735, 0.695, 0.6781]"
1601,a red car is leaping through a ball of fire,2652155912_8ba5426790.jpg,-1,0.5332,0.8324,0.2992,"['3363836972_c87b58c948.jpg', '3538021517_b930dc76fc.jpg', '3578068665_87bdacef6a.jpg']","[0.8324, 0.6768, 0.6738]"
1602,a gas station and a car on fire,2652155912_8ba5426790.jpg,-1,0.5874,0.7308,0.1433,"['2088460083_42ee8a595a.jpg', '3578068665_87bdacef6a.jpg', '2522540026_6ee8ab4c6a.jpg']","[0.7308, 0.6899, 0.6768]"
1603,a large explosion occured near a red car at a gas station,2652155912_8ba5426790.jpg,-1,0.2301,0.8195,0.5894,"['1643915227_9f48068772.jpg', '2750867389_4b815f793a.jpg', '2943023421_e297f05e11.jpg']","[0.8195, 0.7019, 0.6886]"
1604,a red car is caught in an explosion,2652155912_8ba5426790.jpg,-1,0.1804,0.8166,0.6362,"['2943023421_e297f05e11.jpg', '3578068665_87bdacef6a.jpg', '2522540026_6ee8ab4c6a.jpg']","[0.8166, 0.7966, 0.7453]"
1605,a cowboy covers his head as a jumping horse tramples him,2656987333_80dcc82c05.jpg,3,0.6769,0.789,0.1121,"['3541962817_78bcd3835b.jpg', '3138562460_44227a35cf.jpg', '2656987333_80dcc82c05.jpg']","[0.789, 0.6831, 0.6769]"
1608,man with white cowboy hat on the ground behind a brown horse with both front legs off the ground,2656987333_80dcc82c05.jpg,2,0.8401,0.8492,0.0091,"['3138562460_44227a35cf.jpg', '2656987333_80dcc82c05.jpg', '3541962817_78bcd3835b.jpg']","[0.8492, 0.8401, 0.7382]"
1610,two girls are standing in front of a car that is advertising red bull,2660480624_45f88b3022.jpg,-1,0.4906,0.7445,0.2539,"['791338571_7f38510bf7.jpg', '492341908_1ef53be265.jpg', '3637966641_1b108a35ba.jpg']","[0.7445, 0.6703, 0.6626]"
1611,two ladies pose in front of the red bull energy drink vehicle,2660480624_45f88b3022.jpg,8,0.584,0.7783,0.1942,"['3534952095_975cca0056.jpg', '492341908_1ef53be265.jpg', '2557972410_6925fe695c.jpg']","[0.7783, 0.6918, 0.6695]"
1614,two young women stand by a red bull car,2660480624_45f88b3022.jpg,5,0.685,0.7204,0.0354,"['492341908_1ef53be265.jpg', '791338571_7f38510bf7.jpg', '3534952095_975cca0056.jpg']","[0.7204, 0.7118, 0.7058]"
1615,the man crouched down as he held onto the parachute that was caught in the breeze,2664103423_c539f61016.jpg,-1,0.1801,0.7278,0.5477,"['3241965735_8742782a70.jpg', '3240351042_5d29c94b0e.jpg', '3564385317_1bf5094068.jpg']","[0.7278, 0.7273, 0.693]"
1616,man trying to guide a kit in the desert,2664103423_c539f61016.jpg,-1,0.0503,0.7642,0.7139,"['58368365_03ed3e5bdf.jpg', '2561334141_0aacefa5e7.jpg', '3290105461_7590f23371.jpg']","[0.7642, 0.6533, 0.6153]"
1617,the man slides in the sand while holding on to his hang glider,2664103423_c539f61016.jpg,-1,0.3022,0.6932,0.391,"['2629346153_155ba73ae9.jpg', '3556598205_86c180769d.jpg', '3043501068_be58ac47e1.jpg']","[0.6932, 0.6634, 0.6141]"
1618,a man bracing himself against the pull of a large kite,2664103423_c539f61016.jpg,-1,-0.0067,0.7528,0.7595,"['3495490064_8db40a83af.jpg', '2328104318_5a43ca170c.jpg', '3526805681_38461c0d5d.jpg']","[0.7528, 0.641, 0.6305]"
1619,a man holds his parachute,2664103423_c539f61016.jpg,-1,0.2751,0.6718,0.3967,"['186890601_8a6b0f1769.jpg', '3625519177_4c2bb9e7f0.jpg', '58368365_03ed3e5bdf.jpg']","[0.6718, 0.665, 0.6306]"
1624,three kids one holding a closed umbrella run around on a sidewalk next to a river,2672588619_3849930e99.jpg,2,0.6993,0.7273,0.028,"['3637013_c675de7705.jpg', '2672588619_3849930e99.jpg', '2410618963_fb78307d18.jpg']","[0.7273, 0.6993, 0.6846]"
1625,the gray dog is running on a green field,2673148534_8daf0de833.jpg,-1,0.4843,0.8288,0.3445,"['1514957266_a19827c538.jpg', '459814265_d48ba48978.jpg', '2584487952_f70e5aa9bf.jpg']","[0.8288, 0.773, 0.7449]"
1627,a dog runs past an empty chair and a tripod between stretched strings marking a path through a grassy field,2673148534_8daf0de833.jpg,-1,0.3818,0.7204,0.3386,"['2358898017_24496b80e8.jpg', '3619630328_2d0865b6f4.jpg', '2449552677_ee78f01bae.jpg']","[0.7204, 0.6953, 0.6795]"
1628,a black dog runs paralell to a wire fence in a grassy medow,2673148534_8daf0de833.jpg,5,0.6788,0.7531,0.0743,"['472860064_a96a228796.jpg', '2276314067_7ee246f859.jpg', '689776124_07f560a920.jpg']","[0.7531, 0.707, 0.6984]"
1629,a brown dog is running along a grassy stretch divided by strings,2673148534_8daf0de833.jpg,-1,0.4895,0.8836,0.3942,"['1324816249_86600a6759.jpg', '2198964806_c57b0534d3.jpg', '3559781965_d4ec00e506.jpg']","[0.8836, 0.7054, 0.6959]"
1630,a girl in a hate with ear flaps and a sweater,2676184321_858eff416b.jpg,3,0.6634,0.7518,0.0884,"['1449692616_60507875fb.jpg', '2721656220_5f4cda8bc1.jpg', '2676184321_858eff416b.jpg']","[0.7518, 0.6796, 0.6634]"
1631,a teenage girl is wearing a brown hat and a jacket with hearts on,2676184321_858eff416b.jpg,3,0.6654,0.7062,0.0408,"['1527297882_dededc7891.jpg', '3134585858_a8c3493ca5.jpg', '2676184321_858eff416b.jpg']","[0.7062, 0.6762, 0.6654]"
1632,a woman stands in front of a mountain in the winter,2676184321_858eff416b.jpg,-1,0.3422,0.7815,0.4392,"['2098174172_e57d86ea03.jpg', '3166578139_33500f7e8a.jpg', '530888330_a18343e38d.jpg']","[0.7815, 0.7709, 0.7083]"
1634,the girl stands outside in the cold wearing a warm hat and looking off into the distance,2676184321_858eff416b.jpg,2,0.6479,0.6796,0.0317,"['1527297882_dededc7891.jpg', '2676184321_858eff416b.jpg', '2527163162_d0fb802992.jpg']","[0.6796, 0.6479, 0.6098]"
1635,this woman is sitting in a lawnchair on the sand,2676648667_cb055b4fc6.jpg,-1,-0.2325,0.798,1.0305,"['1115565519_d976d4b1f1.jpg', '424869823_7aec015d87.jpg', '2610447973_89227ff978.jpg']","[0.798, 0.7683, 0.6051]"
1636,the elderly african woman is sitting on a blue chair in front of a rough brick wall,2676648667_cb055b4fc6.jpg,-1,0.3702,0.7739,0.4037,"['3106340185_80d0cb770a.jpg', '2837640996_0183db8d93.jpg', '486917990_72bd4069af.jpg']","[0.7739, 0.6084, 0.5868]"
1637,woman in grey shirt and dark skirt sitting in blue chair with white stars in front of a brick wall,2676648667_cb055b4fc6.jpg,-1,0.4325,0.8829,0.4504,"['3106340185_80d0cb770a.jpg', '2504277798_936a09c74d.jpg', '540604040_bec822c144.jpg']","[0.8829, 0.7141, 0.6337]"
1638,a woman is sitting in a chair near a brick building,2676648667_cb055b4fc6.jpg,-1,0.4157,0.7532,0.3375,"['3106340185_80d0cb770a.jpg', '2328104318_5a43ca170c.jpg', '403678611_73978faed7.jpg']","[0.7532, 0.7017, 0.6047]"
1639,a woman sits in a blue chair outside a brick house,2676648667_cb055b4fc6.jpg,-1,0.4582,0.7904,0.3322,"['3106340185_80d0cb770a.jpg', '2328104318_5a43ca170c.jpg', '486917990_72bd4069af.jpg']","[0.7904, 0.6502, 0.5805]"
1641,a brown and white dog jumping over a red and yellow pole,2677614492_792023b928.jpg,2,0.831,0.8467,0.0157,"['2542662402_d781dd7f7c.jpg', '2677614492_792023b928.jpg', '2102581664_5ea50f85c6.jpg']","[0.8467, 0.831, 0.8165]"
1642,a brown and white dog is jumping a red and yellow pole,2677614492_792023b928.jpg,2,0.8335,0.8472,0.0137,"['2542662402_d781dd7f7c.jpg', '2677614492_792023b928.jpg', '2102581664_5ea50f85c6.jpg']","[0.8472, 0.8335, 0.7578]"
1643,a brown and white dog is jumping over an obstacle,2677614492_792023b928.jpg,3,0.8032,0.8842,0.0811,"['2102581664_5ea50f85c6.jpg', '3619630328_2d0865b6f4.jpg', '2677614492_792023b928.jpg']","[0.8842, 0.8389, 0.8032]"
1646,a dog in a swimming pool swims toward sombody we cannot see,2677656448_6b7e7702af.jpg,6,0.7043,0.7595,0.0553,"['3712742641_641282803e.jpg', '443430496_3fea95a07d.jpg', '431410325_f4916b5460.jpg']","[0.7595, 0.7553, 0.7462]"
1650,a man with no shirt and wearing sunglasses is holding a football,2681215810_00b0642f7b.jpg,10,0.5562,0.7425,0.1863,"['2856700531_312528eea4.jpg', '2267819545_446c5a3e18.jpg', '862187579_9faf4a51e0.jpg']","[0.7425, 0.65, 0.6487]"
1651,a man with no shirt on is holding a football,2681215810_00b0642f7b.jpg,3,0.646,0.7573,0.1113,"['2856700531_312528eea4.jpg', '2676648667_cb055b4fc6.jpg', '2681215810_00b0642f7b.jpg']","[0.7573, 0.6482, 0.646]"
1652,a shirtless man catches a football,2681215810_00b0642f7b.jpg,4,0.6565,0.7327,0.0762,"['2856700531_312528eea4.jpg', '3177298173_78cea31d64.jpg', '2061354254_faa5bd294b.jpg']","[0.7327, 0.6703, 0.6678]"
1653,a shirtless man playing football on a lawn,2681215810_00b0642f7b.jpg,3,0.6738,0.7506,0.0768,"['2328104318_5a43ca170c.jpg', '762947607_2001ee4c72.jpg', '2681215810_00b0642f7b.jpg']","[0.7506, 0.6941, 0.6738]"
1654,a young topless man wearing sunglasses and shorts is holding a football,2681215810_00b0642f7b.jpg,-1,0.5324,0.7225,0.1901,"['2856700531_312528eea4.jpg', '1104133405_c04a00707f.jpg', '2676648667_cb055b4fc6.jpg']","[0.7225, 0.6549, 0.6459]"
1655,man and woman wearing black walk with arms around each other,268365231_a0acecdc45.jpg,-1,0.347,0.6734,0.3264,"['3400385314_a5bc062e97.jpg', '319869052_08b000e4af.jpg', '3203707977_cc9448fecb.jpg']","[0.6734, 0.6232, 0.6133]"
1656,a man and a woman walk away with their arms around each other,268365231_a0acecdc45.jpg,-1,0.2883,0.66,0.3717,"['3242007318_01e82171aa.jpg', '3474265683_43b1033d94.jpg', '3400385314_a5bc062e97.jpg']","[0.66, 0.6432, 0.6199]"
1657,two people dressed in black are leaving,268365231_a0acecdc45.jpg,-1,0.2246,0.7064,0.4817,"['2272823323_3b7291cd47.jpg', '3264650118_be7df266e7.jpg', '536537638_f5ee42410b.jpg']","[0.7064, 0.6925, 0.6741]"
1658,a couple in black clothes are walking towards a white gate,268365231_a0acecdc45.jpg,-1,0.599,0.8252,0.2262,"['445861800_75fc6a8c16.jpg', '3072782873_3278f3b3a7.jpg', '2222559267_6fd31e3941.jpg']","[0.8252, 0.7821, 0.6925]"
1659,a man and a woman dressed in black walk towards a gate near a wooded area,268365231_a0acecdc45.jpg,4,0.6944,0.8014,0.107,"['3125158798_0743dae56e.jpg', '2344412916_9a5a9b1c82.jpg', '3242007318_01e82171aa.jpg']","[0.8014, 0.7407, 0.734]"
1662,a man wearing a blue shirt and hat jumping on one wheel on a fountain ledge,2685752892_9d5cd7f274.jpg,3,0.7241,0.7996,0.0755,"['3208032657_27b9d6c4f3.jpg', '1095476286_87d4f8664e.jpg', '2685752892_9d5cd7f274.jpg']","[0.7996, 0.7254, 0.7241]"
1665,two mothers are pushing baby strollers as the dogs run down,268654674_d29e00b3d0.jpg,-1,-0.1192,0.6449,0.7641,"['2165461920_1a4144eb2b.jpg', '557601144_50b8c40393.jpg', '2557972410_6925fe695c.jpg']","[0.6449, 0.6271, 0.6168]"
1666,the couple pushed the strollers across the wood bridge and the dogs followed,268654674_d29e00b3d0.jpg,2,0.6679,0.7687,0.1008,"['255330891_86d65dfdbf.jpg', '268654674_d29e00b3d0.jpg', '2061144717_5b3a1864f0.jpg']","[0.7687, 0.6679, 0.6411]"
1667,dog and women with baby strollers crossing a bridge in rural area,268654674_d29e00b3d0.jpg,3,0.6836,0.7119,0.0283,"['2935703360_4f794f7f09.jpg', '1403414927_5f80281505.jpg', '268654674_d29e00b3d0.jpg']","[0.7119, 0.7009, 0.6836]"
1670,while one white dog is outside the pool another white dog with a black spot on its back is jumping into a plastic swimming pool while getting sprayed by a garden hose,2687328779_b4356dab16.jpg,2,0.7309,0.7819,0.0509,"['2677656448_6b7e7702af.jpg', '2687328779_b4356dab16.jpg', '477254932_56b48d775d.jpg']","[0.7819, 0.7309, 0.7047]"
1671,a dog is being squirted with a hose as it jumps into a paddling pool,2687328779_b4356dab16.jpg,9,0.7041,0.9138,0.2096,"['1178705300_c224d9a4f1.jpg', '3224578187_749882c17f.jpg', '2461616306_3ee7ac1b4b.jpg']","[0.9138, 0.8236, 0.7681]"
1672,a dog is hosed as it jumps into a kiddie pool,2687328779_b4356dab16.jpg,6,0.7364,0.8901,0.1537,"['1178705300_c224d9a4f1.jpg', '3224578187_749882c17f.jpg', '2831672255_d779807c14.jpg']","[0.8901, 0.8206, 0.8001]"
1673,a terrier is sprayed by a hose while jumping in a pool,2687328779_b4356dab16.jpg,6,0.6682,0.8063,0.1381,"['1178705300_c224d9a4f1.jpg', '2461616306_3ee7ac1b4b.jpg', '3224578187_749882c17f.jpg']","[0.8063, 0.7357, 0.7339]"
1674,a white dog with black patches runs jumps through a spray from a hose into a blue plastic wading pool,2687328779_b4356dab16.jpg,4,0.7591,0.8107,0.0516,"['2461616306_3ee7ac1b4b.jpg', '1178705300_c224d9a4f1.jpg', '2677656448_6b7e7702af.jpg']","[0.8107, 0.7983, 0.7837]"
1675,a man with a pompadour haircut and beard wearing a bandanna around his neck,2695085862_2ed62df354.jpg,-1,0.5068,0.7834,0.2766,"['2551344688_17a12a6948.jpg', '3412249548_00820fc4ca.jpg', '3030962048_f71948226c.jpg']","[0.7834, 0.7704, 0.7607]"
1676,the man has a black and white scarf around his neck,2695085862_2ed62df354.jpg,-1,0.2557,0.8167,0.561,"['2551344688_17a12a6948.jpg', '1418019748_51c7d59c11.jpg', '2924884899_f512c84332.jpg']","[0.8167, 0.7306, 0.7187]"
1677,a man with a pierced ear is wearing a black shirt,2695085862_2ed62df354.jpg,-1,0.5423,0.7804,0.2381,"['3412249548_00820fc4ca.jpg', '2437266971_b91a8f9a00.jpg', '1418019748_51c7d59c11.jpg']","[0.7804, 0.7269, 0.7249]"
1678,a man with a hankerchief on his next and pierced ears looks off into the distance,2695085862_2ed62df354.jpg,-1,0.4616,0.7147,0.2531,"['2551344688_17a12a6948.jpg', '3134585858_a8c3493ca5.jpg', '862187579_9faf4a51e0.jpg']","[0.7147, 0.6758, 0.6684]"
1679,a bearded man with a mohawk and skull bandanna,2695085862_2ed62df354.jpg,-1,0.5146,0.782,0.2674,"['3412249548_00820fc4ca.jpg', '2856700531_312528eea4.jpg', '3183519385_311555d5f5.jpg']","[0.782, 0.6695, 0.6417]"
1680,a bird is splashing in the water next to the swimming dog wearing the blue collar,2696394827_7342ced36f.jpg,-1,0.5922,0.908,0.3158,"['3282634762_2650d0088a.jpg', '358875403_f357f03713.jpg', '3587009091_37188fd07e.jpg']","[0.908, 0.7977, 0.7927]"
1681,a dog chases a bird in the water,2696394827_7342ced36f.jpg,-1,0.4731,0.766,0.2929,"['3497234632_6ec740fc1e.jpg', '3712742641_641282803e.jpg', '3621717946_d96f8a6012.jpg']","[0.766, 0.6013, 0.5964]"
1682,a dog swims in a body of water while slightly ahead a black duck takes flight,2696394827_7342ced36f.jpg,-1,0.5217,0.9395,0.4178,"['3712742641_641282803e.jpg', '2369248869_0266760c4a.jpg', '2339946012_06bd480ab8.jpg']","[0.9395, 0.8626, 0.8469]"
1683,dog and bird together in water,2696394827_7342ced36f.jpg,7,0.7149,0.8198,0.1049,"['2089350172_dc2cf9fcf6.jpg', '3587009091_37188fd07e.jpg', '2369248869_0266760c4a.jpg']","[0.8198, 0.8154, 0.7609]"
1684,the retriever is swimming out to the goose who is about to get away,2696394827_7342ced36f.jpg,-1,0.5326,0.8115,0.2789,"['3712742641_641282803e.jpg', '2339946012_06bd480ab8.jpg', '431410325_f4916b5460.jpg']","[0.8115, 0.8017, 0.7913]"
1686,two men are jumping into the air to catch the football,2698487246_e827404cac.jpg,7,0.5552,0.7336,0.1784,"['2939371251_f923569a72.jpg', '3155451946_c0862c70cb.jpg', '2944952557_8484f0da8f.jpg']","[0.7336, 0.6922, 0.6903]"
1687,three rugby players trying to catch the ball,2698487246_e827404cac.jpg,-1,0.3987,0.8705,0.4718,"['3539840291_1c3eed701d.jpg', '3105929913_94a6882e25.jpg', '269986132_91b71e8aaa.jpg']","[0.8705, 0.7211, 0.6972]"
1688,people playing a sport with a referee looking on,2698487246_e827404cac.jpg,-1,0.4106,0.773,0.3624,"['2698614194_b4e6e11dff.jpg', '3262386960_14f5d857db.jpg', '3195188609_01afbe46e6.jpg']","[0.773, 0.65, 0.6143]"
1689,a man in a black and white jersey is leaping to get a ball from a player in a blue and yellow jersey,2698487246_e827404cac.jpg,2,0.6818,0.6863,0.0045,"['3517124784_4b4eb62a7a.jpg', '2698487246_e827404cac.jpg', '2061354254_faa5bd294b.jpg']","[0.6863, 0.6818, 0.673]"
1690,five men play football,2698614194_b4e6e11dff.jpg,5,0.6709,0.9232,0.2523,"['3539840291_1c3eed701d.jpg', '3195188609_01afbe46e6.jpg', '2194495372_bdac7d9e71.jpg']","[0.9232, 0.7395, 0.6914]"
1691,five young men playing rugby,2698614194_b4e6e11dff.jpg,8,0.6058,0.9316,0.3258,"['3539840291_1c3eed701d.jpg', '2194495372_bdac7d9e71.jpg', '3712923460_1b20ebb131.jpg']","[0.9316, 0.6639, 0.6502]"
1692,the player wearing the black and white jersey jumps for the ball amidst two players from the other team as his two teammates run to help him,2698614194_b4e6e11dff.jpg,-1,0.5581,0.8115,0.2534,"['2944952557_8484f0da8f.jpg', '3155451946_c0862c70cb.jpg', '3613027188_1645ca1976.jpg']","[0.8115, 0.7682, 0.76]"
1693,the three men leaped in the air in an effort to grab the ball,2698614194_b4e6e11dff.jpg,5,0.6408,0.7039,0.0631,"['3539840291_1c3eed701d.jpg', '3155451946_c0862c70cb.jpg', '3262386960_14f5d857db.jpg']","[0.7039, 0.6831, 0.6591]"
1694,three rugby players all trying to catch a ball,2698614194_b4e6e11dff.jpg,9,0.5724,0.8496,0.2772,"['3539840291_1c3eed701d.jpg', '3105929913_94a6882e25.jpg', '269986132_91b71e8aaa.jpg']","[0.8496, 0.7337, 0.7026]"
1696,two teams of soccer players playing a game on a field,269986132_91b71e8aaa.jpg,2,0.8644,0.9409,0.0765,"['2194495372_bdac7d9e71.jpg', '269986132_91b71e8aaa.jpg', '3195188609_01afbe46e6.jpg']","[0.9409, 0.8644, 0.8275]"
1697,a soccer game between the red team and the blue team,269986132_91b71e8aaa.jpg,2,0.8555,0.8769,0.0213,"['3347701468_bb0001b035.jpg', '269986132_91b71e8aaa.jpg', '3195188609_01afbe46e6.jpg']","[0.8769, 0.8555, 0.8008]"
1698,a group of soccer players after a ball,269986132_91b71e8aaa.jpg,2,0.8235,0.8306,0.0071,"['3380072636_4cd59385fd.jpg', '269986132_91b71e8aaa.jpg', '3195188609_01afbe46e6.jpg']","[0.8306, 0.8235, 0.8132]"
1699,a soccer game is in progress,269986132_91b71e8aaa.jpg,5,0.7979,0.8852,0.0874,"['2194495372_bdac7d9e71.jpg', '3522749949_fb615cee47.jpg', '3380072636_4cd59385fd.jpg']","[0.8852, 0.8339, 0.8326]"
1700,a guy skateboarding on a basketball court,2700147489_f1664f2b61.jpg,-1,0.4576,0.7645,0.3069,"['3154709407_9b0778cbeb.jpg', '2461616306_3ee7ac1b4b.jpg', '3348208268_6d97d951eb.jpg']","[0.7645, 0.6947, 0.6934]"
1701,a man jumps in the air while performing a stunt on his skateboard,2700147489_f1664f2b61.jpg,2,0.7423,0.779,0.0367,"['3446762868_06e9d9d899.jpg', '2700147489_f1664f2b61.jpg', '3550763985_800cfee7e4.jpg']","[0.779, 0.7423, 0.7232]"
1702,a skateboarder ollies,2700147489_f1664f2b61.jpg,2,0.6639,0.7041,0.0402,"['2922512807_d382528a93.jpg', '2700147489_f1664f2b61.jpg', '2461616306_3ee7ac1b4b.jpg']","[0.7041, 0.6639, 0.648]"
1703,man with beard doing skateboarding stunt,2700147489_f1664f2b61.jpg,3,0.7249,0.8169,0.0921,"['3446762868_06e9d9d899.jpg', '3240351042_5d29c94b0e.jpg', '2700147489_f1664f2b61.jpg']","[0.8169, 0.7402, 0.7249]"
1704,the guy in gray pants is completing a jump on his skateboard,2700147489_f1664f2b61.jpg,-1,0.5352,0.7321,0.197,"['2272750492_91e8f67328.jpg', '3348811097_0e09baa26f.jpg', '3446762868_06e9d9d899.jpg']","[0.7321, 0.6959, 0.6928]"
1705,a young boy with a blue body board,2701487024_e866eb4550.jpg,-1,0.6134,0.8342,0.2208,"['897621891_efb1e00d1d.jpg', '2842849030_89548af61c.jpg', '3666537170_c4ecda4be8.jpg']","[0.8342, 0.7699, 0.7651]"
1706,a young boy holds his boogie board in shallow ocean water,2701487024_e866eb4550.jpg,3,0.7097,0.7742,0.0644,"['3666537170_c4ecda4be8.jpg', '2842849030_89548af61c.jpg', '2701487024_e866eb4550.jpg']","[0.7742, 0.7193, 0.7097]"
1708,a boy plays in the ocean with a boogie board,2701487024_e866eb4550.jpg,6,0.6601,0.8162,0.156,"['3666537170_c4ecda4be8.jpg', '3183519385_311555d5f5.jpg', '2978409165_acc4f29a40.jpg']","[0.8162, 0.718, 0.7095]"
1709,an excited boy playing in the surf with a body board,2701487024_e866eb4550.jpg,7,0.6185,0.8495,0.231,"['3666537170_c4ecda4be8.jpg', '3183519385_311555d5f5.jpg', '3627679667_0e3de9fc90.jpg']","[0.8495, 0.7218, 0.7144]"
1710,a beagle is climbing through some grey stairs,2702506716_17a7fb3ba4.jpg,2,0.6821,0.7469,0.0649,"['3288274849_07ff76ee93.jpg', '2702506716_17a7fb3ba4.jpg', '2533076864_d799996433.jpg']","[0.7469, 0.6821, 0.6368]"
1711,a dog attempts to squeeze between two gray steps,2702506716_17a7fb3ba4.jpg,3,0.6816,0.7712,0.0896,"['557601144_50b8c40393.jpg', '460935487_75b2da7854.jpg', '2702506716_17a7fb3ba4.jpg']","[0.7712, 0.724, 0.6816]"
1718,a girl is shaking the water out of her hair,2704934519_457dc38986.jpg,4,0.6347,0.7754,0.1407,"['911795495_342bb15b97.jpg', '2830869109_c4e403eae6.jpg', '3372251830_baa3665928.jpg']","[0.7754, 0.7029, 0.6612]"
1721,two boys with red hair and glasses stand on a table and fight,2707873672_15e6b5d54b.jpg,-1,0.1934,0.6666,0.4732,"['799431781_65dc312afc.jpg', '3619232550_0b1e1fd4e4.jpg', '2337809114_899ba61330.jpg']","[0.6666, 0.6515, 0.6125]"
1722,two redheaded boys in brown shirts stand on a table and are fighting with sticks,2707873672_15e6b5d54b.jpg,-1,0.3882,0.6424,0.2542,"['3318995586_c2bc50b92e.jpg', '799431781_65dc312afc.jpg', '3619232550_0b1e1fd4e4.jpg']","[0.6424, 0.6321, 0.6303]"
1723,two redheaded boys with glasses stand on bench play swordfight with sticks,2707873672_15e6b5d54b.jpg,-1,0.4063,0.7248,0.3185,"['3041689520_c481bdb20e.jpg', '2759211664_d21393b668.jpg', '3130064588_6d1d3fa2dd.jpg']","[0.7248, 0.6168, 0.6113]"
1724,two twin preteen boys dueling with sticks,2707873672_15e6b5d54b.jpg,-1,0.3258,0.7173,0.3915,"['3041689520_c481bdb20e.jpg', '1177994172_10d143cb8d.jpg', '3318995586_c2bc50b92e.jpg']","[0.7173, 0.681, 0.6085]"
1725,a little white dog running through the sand,2714220101_c31db50b10.jpg,2,0.7366,0.7551,0.0185,"['2407470303_6fd5e3600d.jpg', '2714220101_c31db50b10.jpg', '3562282690_cd2a95fe9e.jpg']","[0.7551, 0.7366, 0.7163]"
1726,a west highland terrier runs across the dirt,2714220101_c31db50b10.jpg,8,0.59,0.7017,0.1117,"['240583223_e26e17ee96.jpg', '3248408149_41a8dd90d3.jpg', '2259203920_6b93b721ce.jpg']","[0.7017, 0.6795, 0.639]"
1727,a white dog running on sand,2714220101_c31db50b10.jpg,4,0.6922,0.7325,0.0404,"['3562282690_cd2a95fe9e.jpg', '3488087117_2719647989.jpg', '2407470303_6fd5e3600d.jpg']","[0.7325, 0.7244, 0.7007]"
1728,a white dog runs on the beach,2714220101_c31db50b10.jpg,2,0.7937,0.8187,0.025,"['3562282690_cd2a95fe9e.jpg', '2714220101_c31db50b10.jpg', '2407470303_6fd5e3600d.jpg']","[0.8187, 0.7937, 0.7291]"
1729,a white dog runs on the sand,2714220101_c31db50b10.jpg,3,0.693,0.7656,0.0726,"['2407470303_6fd5e3600d.jpg', '3562282690_cd2a95fe9e.jpg', '2714220101_c31db50b10.jpg']","[0.7656, 0.7508, 0.693]"
1730,a boy wearing sunglasses looks straight ahead,2716457668_187a6d2b1c.jpg,6,0.6017,0.7454,0.1437,"['3612249030_e2829ffa31.jpg', '3494394662_3edfd4a34c.jpg', '2925737498_57585a7ed9.jpg']","[0.7454, 0.6727, 0.6412]"
1731,a boy with a mohawk and sunglasses,2716457668_187a6d2b1c.jpg,-1,0.5684,0.7746,0.2062,"['3412249548_00820fc4ca.jpg', '3494394662_3edfd4a34c.jpg', '2131762850_5293a288d9.jpg']","[0.7746, 0.7386, 0.7238]"
1732,a child with a mohawk is wearing dark sunglasses,2716457668_187a6d2b1c.jpg,7,0.627,0.7731,0.1462,"['2131762850_5293a288d9.jpg', '3494394662_3edfd4a34c.jpg', '656260720_a7db4ce48b.jpg']","[0.7731, 0.689, 0.6811]"
1733,a young boy wearing glasses has his hair set to stand up,2716457668_187a6d2b1c.jpg,-1,0.3868,0.6831,0.2963,"['3494394662_3edfd4a34c.jpg', '2267819545_446c5a3e18.jpg', '343662720_39e4067cd1.jpg']","[0.6831, 0.6808, 0.6669]"
1734,the head of a child with dark glasses is in focus,2716457668_187a6d2b1c.jpg,-1,0.4685,0.7851,0.3165,"['3494394662_3edfd4a34c.jpg', '3426144752_28d63615ca.jpg', '3612249030_e2829ffa31.jpg']","[0.7851, 0.7305, 0.6731]"
1735,the bulls are coming down the street with people to the right of them and a building behind them,2718376488_3c62f7642c.jpg,4,0.6881,0.7456,0.0575,"['1643915227_9f48068772.jpg', '3433470650_a8b1c27173.jpg', '380527679_574749123d.jpg']","[0.7456, 0.6974, 0.6881]"
1736,the bulls are chasing the runners,2718376488_3c62f7642c.jpg,-1,0.3723,0.6797,0.3075,"['3347701468_bb0001b035.jpg', '613900608_2e49415772.jpg', '2302747917_aa0300eb68.jpg']","[0.6797, 0.6452, 0.5991]"
1737,hundreds of people watch as people partake in the bullrun,2718376488_3c62f7642c.jpg,-1,0.4204,0.7799,0.3595,"['3114944484_28b5bb9842.jpg', '3280052365_c4644bf0a5.jpg', '3404870997_7b0cd755de.jpg']","[0.7799, 0.7798, 0.7587]"
1738,a group of bulls are running down a street as people run and others watch,2718376488_3c62f7642c.jpg,-1,0.6041,0.7791,0.175,"['3463268965_f22884fc69.jpg', '2986671935_0c60bbb3fa.jpg', '2302747917_aa0300eb68.jpg']","[0.7791, 0.734, 0.687]"
1739,cows and people running down street,2718376488_3c62f7642c.jpg,8,0.6684,0.7469,0.0785,"['1952896009_cee8147c90.jpg', '2344412916_9a5a9b1c82.jpg', '256444892_efcb3bd824.jpg']","[0.7469, 0.7372, 0.7351]"
1740,a lady holds a beverage,2721656220_5f4cda8bc1.jpg,-1,0.5744,0.759,0.1846,"['374124237_51f62b6937.jpg', '3155501473_510f9c9f6b.jpg', '3139160252_75109e9e05.jpg']","[0.759, 0.6898, 0.6792]"
1741,an attractive brunette woman smiles and holds a beverage in front of her,2721656220_5f4cda8bc1.jpg,7,0.6478,0.725,0.0772,"['3134341610_3c55e373a7.jpg', '3139160252_75109e9e05.jpg', '374124237_51f62b6937.jpg']","[0.725, 0.7083, 0.6973]"
1742,a woman holding a drink and smiling,2721656220_5f4cda8bc1.jpg,3,0.7133,0.8023,0.0889,"['2695085862_2ed62df354.jpg', '1527297882_dededc7891.jpg', '2721656220_5f4cda8bc1.jpg']","[0.8023, 0.7551, 0.7133]"
1743,a woman holds a drink and smiles,2721656220_5f4cda8bc1.jpg,5,0.6143,0.7991,0.1848,"['374124237_51f62b6937.jpg', '3437273677_47d4462974.jpg', '1798209205_77dbf525b0.jpg']","[0.7991, 0.7255, 0.7213]"
1744,this woman is wearing a white tshirt and holding a cup,2721656220_5f4cda8bc1.jpg,2,0.7778,0.8362,0.0585,"['2695085862_2ed62df354.jpg', '2721656220_5f4cda8bc1.jpg', '544257613_d9a1fea3f7.jpg']","[0.8362, 0.7778, 0.7584]"
1745,this girl dressed in a bikini is leaving the water,2726262796_03bd63a155.jpg,5,0.6624,0.7266,0.0642,"['911795495_342bb15b97.jpg', '2704934519_457dc38986.jpg', '2830869109_c4e403eae6.jpg']","[0.7266, 0.6985, 0.687]"
1746,a young girl wearing a blue bathing suit plays in the waves at the beach,2726262796_03bd63a155.jpg,2,0.7965,0.8217,0.0253,"['3229282764_a4a515f4e2.jpg', '2726262796_03bd63a155.jpg', '2277081067_d2b4c98bce.jpg']","[0.8217, 0.7965, 0.7458]"
1752,a group of women hugging each other,2728276857_3f83757ef2.jpg,5,0.7632,0.8459,0.0827,"['3396153660_f729d9f9b9.jpg', '3319058642_885d756295.jpg', '1454841725_4b6e6199e2.jpg']","[0.8459, 0.8384, 0.824]"
1753,a group of women pose for a picture as a man plays guitar behind them,2728276857_3f83757ef2.jpg,9,0.5584,0.66,0.1017,"['3280052365_c4644bf0a5.jpg', '3262386960_14f5d857db.jpg', '3210419174_d083a16f77.jpg']","[0.66, 0.6141, 0.6104]"
1755,the brown and white dog is running through a field,2730994020_64ac1d18be.jpg,2,0.778,0.8022,0.0243,"['2764732789_1392e962d0.jpg', '2730994020_64ac1d18be.jpg', '426920445_d07d1fd0f7.jpg']","[0.8022, 0.778, 0.7175]"
1756,a dog sprints across a grassy field,2730994020_64ac1d18be.jpg,-1,0.5514,0.7975,0.246,"['2584487952_f70e5aa9bf.jpg', '2764732789_1392e962d0.jpg', '512101751_05a6d93e19.jpg']","[0.7975, 0.7814, 0.7567]"
1757,a black and white shorthair dog runs across brown and green grass,2730994020_64ac1d18be.jpg,2,0.8814,0.8955,0.0141,"['426920445_d07d1fd0f7.jpg', '2730994020_64ac1d18be.jpg', '3036033157_522a43a550.jpg']","[0.8955, 0.8814, 0.8166]"
1758,a black and white dog is running in the grass,2730994020_64ac1d18be.jpg,2,0.8577,0.887,0.0293,"['426920445_d07d1fd0f7.jpg', '2730994020_64ac1d18be.jpg', '3036033157_522a43a550.jpg']","[0.887, 0.8577, 0.8041]"
1759,a black and white dog running away across the grass,2730994020_64ac1d18be.jpg,2,0.842,0.8917,0.0497,"['426920445_d07d1fd0f7.jpg', '2730994020_64ac1d18be.jpg', '3036033157_522a43a550.jpg']","[0.8917, 0.842, 0.7646]"
1760,a child gets squirted while squirting a water gun,2735792721_b8fe85e803.jpg,-1,0.3284,0.7397,0.4112,"['2271468944_3264d29208.jpg', '2911919938_6bb6587a36.jpg', '1308472581_9961782889.jpg']","[0.7397, 0.6691, 0.6377]"
1761,a child with a squirt gun,2735792721_b8fe85e803.jpg,-1,0.4233,0.7788,0.3554,"['3426144752_28d63615ca.jpg', '3572346664_e1e6c77f11.jpg', '2648165716_02e2e74fd6.jpg']","[0.7788, 0.6916, 0.6524]"
1762,a child with a water gun being sprayed with water,2735792721_b8fe85e803.jpg,-1,0.5486,0.726,0.1774,"['3517362674_0f5296de19.jpg', '3767841911_6678052eb6.jpg', '2911919938_6bb6587a36.jpg']","[0.726, 0.7127, 0.6725]"
1763,a laughing child is holding a water gun and getting sprayed with water,2735792721_b8fe85e803.jpg,-1,0.4542,0.7933,0.3391,"['3517362674_0f5296de19.jpg', '3572346664_e1e6c77f11.jpg', '2911919938_6bb6587a36.jpg']","[0.7933, 0.6834, 0.6811]"
1764,there is a kid spraying a water gun,2735792721_b8fe85e803.jpg,-1,0.4875,0.7074,0.2198,"['3767841911_6678052eb6.jpg', '1308472581_9961782889.jpg', '2271468944_3264d29208.jpg']","[0.7074, 0.6684, 0.6621]"
1765,two fielder are defending the base as a member of the batting team slide towards it,2736508369_fd9ff0b42f.jpg,-1,0.3866,0.796,0.4094,"['2981372647_2061278c60.jpg', '2216695423_1362cb25f3.jpg', '3656104088_a0d1642fa9.jpg']","[0.796, 0.7154, 0.6399]"
1769,a man in a grey uniform sliding into a base,2736508369_fd9ff0b42f.jpg,3,0.6545,0.7879,0.1333,"['2629346153_155ba73ae9.jpg', '97731718_eb7ba71fd3.jpg', '2736508369_fd9ff0b42f.jpg']","[0.7879, 0.6659, 0.6545]"
1770,a boat with people and their belongings is in the water,2744330402_824240184c.jpg,2,0.8219,0.8297,0.0078,"['2843695880_eeea6c67db.jpg', '2744330402_824240184c.jpg', '3315033940_e91f87b7f2.jpg']","[0.8297, 0.8219, 0.8102]"
1771,a brown boat is packed with goods and people,2744330402_824240184c.jpg,2,0.7413,0.7804,0.0391,"['2115849046_2aa9fa8d13.jpg', '2744330402_824240184c.jpg', '2125216241_5b265a2fbc.jpg']","[0.7804, 0.7413, 0.7136]"
1773,a lot of men and motorcycles float on a canoe,2744330402_824240184c.jpg,3,0.7824,0.8283,0.0459,"['3207264553_8cd4dcde53.jpg', '2906802485_dfebf09173.jpg', '2744330402_824240184c.jpg']","[0.8283, 0.7884, 0.7824]"
1774,people are riding in a boat with oars,2744330402_824240184c.jpg,3,0.7721,0.8034,0.0313,"['1998457059_c9ac9a1e1a.jpg', '3315033940_e91f87b7f2.jpg', '2744330402_824240184c.jpg']","[0.8034, 0.8024, 0.7721]"
1775,a pack of bicyclists taking a turn during a race,2744600462_5804577296.jpg,2,0.8234,0.9506,0.1272,"['2986671935_0c60bbb3fa.jpg', '2744600462_5804577296.jpg', '3726025663_e7d35d23f6.jpg']","[0.9506, 0.8234, 0.8192]"
1777,a pack of bicycle road racers lean through a curve,2744600462_5804577296.jpg,2,0.854,0.879,0.0251,"['2986671935_0c60bbb3fa.jpg', '2744600462_5804577296.jpg', '3726025663_e7d35d23f6.jpg']","[0.879, 0.854, 0.8277]"
1778,a cyclist donning blue and white is leading a pack of cyclists,2744600462_5804577296.jpg,4,0.6424,0.6908,0.0484,"['3079073247_97e88e2eb7.jpg', '1425919702_ddb761aeec.jpg', '161669933_3e7d8c7e2c.jpg']","[0.6908, 0.6673, 0.6612]"
1779,a large column of bicyclists is cycling down a road,2744600462_5804577296.jpg,5,0.5869,0.7385,0.1516,"['2986671935_0c60bbb3fa.jpg', '3726025663_e7d35d23f6.jpg', '3435035138_af32890a4c.jpg']","[0.7385, 0.6716, 0.6292]"
1780,a girl in a yellow shirt plays in the water,2747714500_49476225c6.jpg,-1,0.4396,0.82,0.3803,"['2704934519_457dc38986.jpg', '2594459477_8ca0121a9a.jpg', '2270483627_16fe41b063.jpg']","[0.82, 0.7708, 0.6671]"
1781,a girl wearing a yellow dress is playing in water while others are watching,2747714500_49476225c6.jpg,4,0.6307,0.7338,0.1031,"['2594459477_8ca0121a9a.jpg', '2704934519_457dc38986.jpg', '2909875716_25c8652614.jpg']","[0.7338, 0.6621, 0.6354]"
1782,a little girl dressed in yellow splashes in a shallow pool,2747714500_49476225c6.jpg,-1,0.5445,0.7364,0.1919,"['3030566410_393c36a6c5.jpg', '1299459550_1fd5594fa2.jpg', '701816897_221bbe761a.jpg']","[0.7364, 0.7078, 0.6812]"
1783,a little girl in a yellow shirt runs through a fountain in a busy park,2747714500_49476225c6.jpg,6,0.6666,0.7961,0.1295,"['2594459477_8ca0121a9a.jpg', '1095476286_87d4f8664e.jpg', '3052196390_c59dd24ca8.jpg']","[0.7961, 0.7263, 0.7082]"
1784,young girl in wading pool with onlooker in red shirt and backpack standing on the side,2747714500_49476225c6.jpg,4,0.6735,0.7351,0.0616,"['2951092164_4940b9a517.jpg', '1299459550_1fd5594fa2.jpg', '701816897_221bbe761a.jpg']","[0.7351, 0.7229, 0.7228]"
1786,man and little boy driving a large brown suv,2750867389_4b815f793a.jpg,-1,0.3923,0.6666,0.2744,"['492341908_1ef53be265.jpg', '2557972410_6925fe695c.jpg', '435827376_4384c3005a.jpg']","[0.6666, 0.6602, 0.6395]"
1787,a man drives a vehicle with a child on his lap,2750867389_4b815f793a.jpg,4,0.6773,0.8021,0.1248,"['397601572_9587a39291.jpg', '2863180332_372510aa49.jpg', '2372572028_53b76104a9.jpg']","[0.8021, 0.7158, 0.6929]"
1789,a man drives a truck while a child sits on his lap and steers,2750867389_4b815f793a.jpg,2,0.7882,0.8103,0.0221,"['397601572_9587a39291.jpg', '2750867389_4b815f793a.jpg', '492341908_1ef53be265.jpg']","[0.8103, 0.7882, 0.7464]"
1790,a man sits in a camping chair near the edge of a rock face over a body of water,2752331711_cb18abba5a.jpg,-1,0.5054,0.7331,0.2277,"['3565655045_8eb00b7423.jpg', '3495490064_8db40a83af.jpg', '2685752892_9d5cd7f274.jpg']","[0.7331, 0.6436, 0.6003]"
1791,a man sits in a chair while holding a large pole,2752331711_cb18abba5a.jpg,-1,0.1788,0.7147,0.5359,"['358607894_5abb1250d3.jpg', '469617651_278e586e46.jpg', '3057497487_57ecc60ff1.jpg']","[0.7147, 0.7078, 0.6655]"
1792,a man sits on a folding chair on big block of ice holding on to a rope,2752331711_cb18abba5a.jpg,-1,0.4445,0.695,0.2505,"['2046222127_a6f300e202.jpg', '469617651_278e586e46.jpg', '2542037086_58c833699c.jpg']","[0.695, 0.6625, 0.6538]"
1793,man sits on chair near edge of cliff fishing,2752331711_cb18abba5a.jpg,9,0.5327,0.801,0.2684,"['3565655045_8eb00b7423.jpg', '3108378861_d2214d971e.jpg', '2521983429_33218366bd.jpg']","[0.801, 0.6993, 0.6648]"
1794,the man hold a pole in the air while sitting close to the cliffs edge,2752331711_cb18abba5a.jpg,-1,0.4023,0.7217,0.3193,"['2561334141_0aacefa5e7.jpg', '3564385317_1bf5094068.jpg', '58368365_03ed3e5bdf.jpg']","[0.7217, 0.6977, 0.634]"
1797,a boy jumps from a high rock cliff to the water below,2753531542_ace2c870b7.jpg,7,0.6258,0.764,0.1381,"['3690425778_3b390b3ea5.jpg', '2797438951_88a3ed7541.jpg', '3582066525_e9d6377f56.jpg']","[0.764, 0.7351, 0.7068]"
1798,a man in red swim trunks is in midair above the people in the water below,2753531542_ace2c870b7.jpg,4,0.6971,0.7799,0.0828,"['2797438951_88a3ed7541.jpg', '1159574340_99ba8c3c59.jpg', '3613005134_bb7f304da1.jpg']","[0.7799, 0.7788, 0.7036]"
1799,a man wearing orange swim trunks in jumping from a high rock into the water,2753531542_ace2c870b7.jpg,2,0.7528,0.7832,0.0304,"['2797438951_88a3ed7541.jpg', '2753531542_ace2c870b7.jpg', '3690425778_3b390b3ea5.jpg']","[0.7832, 0.7528, 0.7293]"
1800,a big black dog with fluffy fur runs in the surf of a rocky shore,2756636539_cc1eacbf4a.jpg,10,0.5956,0.8146,0.2191,"['3640020134_367941f5ec.jpg', '254527963_3f5824b0e8.jpg', '339350939_6643bfb270.jpg']","[0.8146, 0.7537, 0.7355]"
1801,a black dog jumps through the water,2756636539_cc1eacbf4a.jpg,6,0.7314,0.8753,0.1439,"['3640020134_367941f5ec.jpg', '2378127945_8dc9da82d7.jpg', '2565685680_c30972455d.jpg']","[0.8753, 0.821, 0.7821]"
1803,the black dog is in the water on the shore,2756636539_cc1eacbf4a.jpg,2,0.8302,0.8809,0.0507,"['3640020134_367941f5ec.jpg', '2756636539_cc1eacbf4a.jpg', '527968666_1fcddf81ab.jpg']","[0.8809, 0.8302, 0.8292]"
1804,the black dog is running through the water,2756636539_cc1eacbf4a.jpg,5,0.7945,0.8614,0.0669,"['3640020134_367941f5ec.jpg', '2565685680_c30972455d.jpg', '247778426_fd59734130.jpg']","[0.8614, 0.8226, 0.7995]"
1805,the blonde girl is watching the boy run barefoot on the ground,2759211664_d21393b668.jpg,-1,0.4946,0.8032,0.3086,"['2915183095_4ed4aa4f37.jpg', '3415228562_4efa9c9b70.jpg', '221973402_ecb1cd51f1.jpg']","[0.8032, 0.6752, 0.6692]"
1806,a boy wearing a red shirt is running through the sand,2759211664_d21393b668.jpg,-1,0.3319,0.7155,0.3836,"['3518755601_cebf11e515.jpg', '2407470303_6fd5e3600d.jpg', '3649224118_abe73c672c.jpg']","[0.7155, 0.7107, 0.6683]"
1807,a boy in a red shirt and white shorts is standing in the sand,2759211664_d21393b668.jpg,-1,0.4699,0.6761,0.2062,"['3612249030_e2829ffa31.jpg', '3532194771_07faf20d76.jpg', '3518755601_cebf11e515.jpg']","[0.6761, 0.6633, 0.6497]"
1808,a boy runs along a beach while a group of young girls watch,2759211664_d21393b668.jpg,-1,0.4519,0.754,0.3021,"['3178489390_13a6ae7524.jpg', '3649224118_abe73c672c.jpg', '3229282764_a4a515f4e2.jpg']","[0.754, 0.6912, 0.6761]"
1809,a boy sprints across the sand,2759211664_d21393b668.jpg,-1,0.4354,0.7261,0.2907,"['2407470303_6fd5e3600d.jpg', '3532194771_07faf20d76.jpg', '3518755601_cebf11e515.jpg']","[0.7261, 0.6879, 0.6745]"
1810,a man walking while holding a hat on a stick,2760715910_87c7bdeb87.jpg,-1,0.339,0.7425,0.4035,"['2681215810_00b0642f7b.jpg', '3495490064_8db40a83af.jpg', '2856700531_312528eea4.jpg']","[0.7425, 0.692, 0.6737]"
1811,an asian man balancing a hat on a stick,2760715910_87c7bdeb87.jpg,-1,0.1926,0.7267,0.5341,"['942399470_6132d3e5d2.jpg', '358607894_5abb1250d3.jpg', '2856700531_312528eea4.jpg']","[0.7267, 0.6572, 0.6504]"
1812,a person holds a very small umbrella,2760715910_87c7bdeb87.jpg,-1,-0.0093,0.664,0.6733,"['2472574160_8ce233f396.jpg', '3342272425_804316cb3d.jpg', '2946016853_ceca4f5a07.jpg']","[0.664, 0.622, 0.5623]"
1813,older man holds a baseball hat above his head with a pole,2760715910_87c7bdeb87.jpg,-1,0.3592,0.7078,0.3486,"['1396703063_e8c3687afe.jpg', '2924884899_f512c84332.jpg', '358607894_5abb1250d3.jpg']","[0.7078, 0.6913, 0.6715]"
1814,the man in the glasses holds something on a stick,2760715910_87c7bdeb87.jpg,-1,0.1244,0.745,0.6206,"['3495490064_8db40a83af.jpg', '2856700531_312528eea4.jpg', '3412249548_00820fc4ca.jpg']","[0.745, 0.738, 0.7015]"
1815,a dog with floppy ears runs in a dry field,2764732789_1392e962d0.jpg,8,0.6334,0.8324,0.1989,"['426920445_d07d1fd0f7.jpg', '2730994020_64ac1d18be.jpg', '3724718895_bd03f4a4dc.jpg']","[0.8324, 0.8215, 0.7408]"
1816,a longeared dog running in the grass,2764732789_1392e962d0.jpg,2,0.7874,0.8042,0.0168,"['2584487952_f70e5aa9bf.jpg', '2764732789_1392e962d0.jpg', '2942133798_e57c862a90.jpg']","[0.8042, 0.7874, 0.7581]"
1817,a dog runs in a field of brown grass,2764732789_1392e962d0.jpg,5,0.739,0.8045,0.0654,"['459814265_d48ba48978.jpg', '2584487952_f70e5aa9bf.jpg', '3518675890_2f65e23ff9.jpg']","[0.8045, 0.7943, 0.7539]"
1818,a brown and white dog wearing a red harness is running through a dry field ears flapping,2764732789_1392e962d0.jpg,4,0.636,0.7018,0.0657,"['2730994020_64ac1d18be.jpg', '426920445_d07d1fd0f7.jpg', '3025334206_76888792e5.jpg']","[0.7018, 0.6798, 0.6421]"
1819,a dog bounds across the brown grass,2764732789_1392e962d0.jpg,4,0.6723,0.7135,0.0411,"['3518675890_2f65e23ff9.jpg', '78984436_ad96eaa802.jpg', '2584487952_f70e5aa9bf.jpg']","[0.7135, 0.6958, 0.6882]"
1820,a black and white dog is staring at two brown lambs,2768021570_46bc6325e3.jpg,-1,0.282,0.765,0.483,"['909808296_23c427022d.jpg', '2095444126_201ff9f222.jpg', '467858872_f3431df682.jpg']","[0.765, 0.759, 0.7443]"
1821,a cowboy stands near two sheep and a dog at a rodeo,2768021570_46bc6325e3.jpg,3,0.7898,0.8611,0.0713,"['536721406_884ab8fece.jpg', '2176874361_2b4149010b.jpg', '2768021570_46bc6325e3.jpg']","[0.8611, 0.8314, 0.7898]"
1822,a man in a pink shirt herding goats in a ring,2768021570_46bc6325e3.jpg,-1,0.0479,0.7798,0.7318,"['3649307685_60c1294d2a.jpg', '3442978981_53bf1f45f3.jpg', '3613005134_bb7f304da1.jpg']","[0.7798, 0.766, 0.757]"
1823,a man uses two sticks to control two tan goats in a pen while a black and white dog watches,2768021570_46bc6325e3.jpg,-1,0.4601,0.6296,0.1695,"['1562392511_522a26063b.jpg', '2865376471_43c5e6b941.jpg', '2970183443_accd597e0a.jpg']","[0.6296, 0.6185, 0.6164]"
1824,the dog is herding sheep into a pen,2768021570_46bc6325e3.jpg,2,0.7717,0.8172,0.0455,"['2176874361_2b4149010b.jpg', '2768021570_46bc6325e3.jpg', '536721406_884ab8fece.jpg']","[0.8172, 0.7717, 0.7391]"
1825,the large brown dog is sniffing a small white dog,2768972186_92787cd523.jpg,4,0.6478,0.6953,0.0475,"['2902486045_6298eb22ef.jpg', '2419221084_01a14176b4.jpg', '3086523890_fd9394af8b.jpg']","[0.6953, 0.6832, 0.674]"
1826,a large brown dog trying to catch a small white puppy from behind,2768972186_92787cd523.jpg,8,0.6309,0.7879,0.157,"['3494345896_dd6b32cfa3.jpg', '535529555_583d89b7f2.jpg', '2119660490_ce0d4d1f73.jpg']","[0.7879, 0.7381, 0.703]"
1827,a large brown dog sniffs a small white dog s behind,2768972186_92787cd523.jpg,10,0.5372,0.7132,0.1759,"['2902486045_6298eb22ef.jpg', '2419221084_01a14176b4.jpg', '3494345896_dd6b32cfa3.jpg']","[0.7132, 0.6715, 0.6147]"
1829,a dog bites the tail of another dog,2768972186_92787cd523.jpg,8,0.5539,0.7467,0.1928,"['3086523890_fd9394af8b.jpg', '351876121_c7c0221928.jpg', '2545192257_142fe9e2de.jpg']","[0.7467, 0.661, 0.636]"
1830,people are riding on a ride at a theme park or carnival,2773011586_6f4cd41e84.jpg,-1,0.4373,0.6448,0.2074,"['219730733_6a55382dd2.jpg', '2504991916_dc61e59e49.jpg', '2557972410_6925fe695c.jpg']","[0.6448, 0.6105, 0.5986]"
1831,riders in the log ride throw their arms in the air in enjoyment as they prepare for the watery descent,2773011586_6f4cd41e84.jpg,-1,-0.0322,0.7538,0.786,"['3335370208_460fc19bfa.jpg', '3538686658_30afc75f02.jpg', '2888732432_7e907a3df1.jpg']","[0.7538, 0.7476, 0.6626]"
1832,two people are riding down a log flume in a theme park,2773011586_6f4cd41e84.jpg,-1,-0.0853,0.7534,0.8387,"['2289096282_4ef120f189.jpg', '2788628994_61123c03d2.jpg', '2272823323_3b7291cd47.jpg']","[0.7534, 0.7459, 0.6625]"
1833,two people raise up their arms in a rollercoaster ride,2773011586_6f4cd41e84.jpg,-1,0.1072,0.7943,0.687,"['2346772831_b2748ba1f0.jpg', '3690159129_93ba49ea18.jpg', '3630332976_fdba22c50b.jpg']","[0.7943, 0.6862, 0.651]"
1834,water log amusement park ride with people in it at night,2773011586_6f4cd41e84.jpg,-1,0.6048,0.8175,0.2127,"['3057497487_57ecc60ff1.jpg', '469617651_278e586e46.jpg', '3179336562_c3d0c0a3bd.jpg']","[0.8175, 0.805, 0.7923]"
1835,a man in black is eating a baked good near two elderly men,278002800_3817135105.jpg,-1,0.5203,0.7423,0.222,"['3098707588_5096d20397.jpg', '2978236380_fb24c43f1e.jpg', '3105929913_94a6882e25.jpg']","[0.7423, 0.6773, 0.6402]"
1836,a man in a black jacket is eating a pastry while standing next to two other men,278002800_3817135105.jpg,3,0.6644,0.7371,0.0727,"['2925737498_57585a7ed9.jpg', '3098707588_5096d20397.jpg', '278002800_3817135105.jpg']","[0.7371, 0.6937, 0.6644]"
1837,a guy in black jacket eating,278002800_3817135105.jpg,-1,0.4688,0.6928,0.2239,"['1298866571_b4c496b71c.jpg', '1860543210_47e94cf652.jpg', '1418019748_51c7d59c11.jpg']","[0.6928, 0.6893, 0.6576]"
1838,a man eats a pastry,278002800_3817135105.jpg,-1,0.4016,0.7656,0.364,"['1418019748_51c7d59c11.jpg', '1075881101_d55c46bece.jpg', '3030962048_f71948226c.jpg']","[0.7656, 0.7588, 0.699]"
1839,a man in a black coat eats a doughnut while other men look out of frame,278002800_3817135105.jpg,4,0.6402,0.6907,0.0505,"['3305767464_d64a336f60.jpg', '3042380610_c5ea61eef8.jpg', '3631474374_e40764d153.jpg']","[0.6907, 0.6706, 0.6642]"
1840,a girl in a green field plays soccer,278608022_4175813019.jpg,5,0.6589,0.777,0.1181,"['3538021517_b930dc76fc.jpg', '3506607642_40037b3fbf.jpg', '3363836972_c87b58c948.jpg']","[0.777, 0.6779, 0.6767]"
1841,a girl is about to kick a soccer ball in the grass,278608022_4175813019.jpg,2,0.7685,0.8675,0.099,"['3538021517_b930dc76fc.jpg', '278608022_4175813019.jpg', '3506607642_40037b3fbf.jpg']","[0.8675, 0.7685, 0.7632]"
1842,a girl prepares to kick a soccer ball while a boy looks on,278608022_4175813019.jpg,4,0.7942,0.89,0.0958,"['3506607642_40037b3fbf.jpg', '2962977152_9d6958fdd5.jpg', '3538021517_b930dc76fc.jpg']","[0.89, 0.815, 0.7979]"
1843,a male watches a young female playing soccer,278608022_4175813019.jpg,3,0.7235,0.7614,0.0379,"['3538021517_b930dc76fc.jpg', '3380072636_4cd59385fd.jpg', '278608022_4175813019.jpg']","[0.7614, 0.7578, 0.7235]"
1845,the biker is riding through the woods,2788628994_61123c03d2.jpg,8,0.6612,0.7994,0.1383,"['2308108566_2cba6bca53.jpg', '3474985008_0a827cd340.jpg', '3476451861_5b9c9ce191.jpg']","[0.7994, 0.7635, 0.6989]"
1846,tall trees reach to the horizon as a cyclist navigates the way through the tangled roots,2788628994_61123c03d2.jpg,-1,0.3428,0.7193,0.3765,"['2834103050_512e5b330a.jpg', '3638374272_444f5e0457.jpg', '3655964639_21e76383d0.jpg']","[0.7193, 0.7003, 0.6845]"
1847,a person on a bike rides through a wooded area,2788628994_61123c03d2.jpg,2,0.7591,0.8298,0.0706,"['2308108566_2cba6bca53.jpg', '2788628994_61123c03d2.jpg', '111537222_07e56d5a30.jpg']","[0.8298, 0.7591, 0.6917]"
1848,a man in a blue jacket bikes down a forest path,2788628994_61123c03d2.jpg,3,0.5607,0.6862,0.1255,"['2308108566_2cba6bca53.jpg', '95728660_d47de66544.jpg', '2788628994_61123c03d2.jpg']","[0.6862, 0.6461, 0.5607]"
1849,a man rides a bike down a trail in a pine forest,2788628994_61123c03d2.jpg,2,0.7161,0.8409,0.1249,"['2308108566_2cba6bca53.jpg', '2788628994_61123c03d2.jpg', '3538686658_30afc75f02.jpg']","[0.8409, 0.7161, 0.6733]"
1850,a girl in a green bathing suit jumps off a building into a lake,2797438951_88a3ed7541.jpg,2,0.7694,0.8148,0.0454,"['3690425778_3b390b3ea5.jpg', '2797438951_88a3ed7541.jpg', '2979914158_5906470b8f.jpg']","[0.8148, 0.7694, 0.6861]"
1852,a woman in a blue bathing suit is jumping off a dock into a lake,2797438951_88a3ed7541.jpg,2,0.7775,0.8766,0.0991,"['3690425778_3b390b3ea5.jpg', '2797438951_88a3ed7541.jpg', '2830869109_c4e403eae6.jpg']","[0.8766, 0.7775, 0.746]"
1854,the girl is leaping into the lake,2797438951_88a3ed7541.jpg,2,0.8143,0.8483,0.034,"['3690425778_3b390b3ea5.jpg', '2797438951_88a3ed7541.jpg', '186890601_8a6b0f1769.jpg']","[0.8483, 0.8143, 0.7614]"
1855,older man playing accordion on a street,2798651021_2566f2a47e.jpg,-1,0.2234,0.6373,0.4139,"['3526805681_38461c0d5d.jpg', '2340919359_f56787d307.jpg', '2681215810_00b0642f7b.jpg']","[0.6373, 0.6135, 0.6101]"
1856,a man with an accordion sitting alongside a path,2798651021_2566f2a47e.jpg,-1,0.4012,0.7521,0.3509,"['3495490064_8db40a83af.jpg', '2681215810_00b0642f7b.jpg', '2565350330_c7f305e7f7.jpg']","[0.7521, 0.6832, 0.6476]"
1857,a guy sitting on the side of the road playing an accordion,2798651021_2566f2a47e.jpg,-1,0.1515,0.6317,0.4802,"['2894850774_2d530040a1.jpg', '3495490064_8db40a83af.jpg', '2681215810_00b0642f7b.jpg']","[0.6317, 0.5728, 0.5704]"
1858,a man is playing the accordion in an empty park,2798651021_2566f2a47e.jpg,-1,-0.142,0.6466,0.7886,"['3584406900_039f30b34c.jpg', '2681215810_00b0642f7b.jpg', '2855417531_521bf47b50.jpg']","[0.6466, 0.6366, 0.589]"
1859,a man sits by a driveway in front of a white building playing an accordion,2798651021_2566f2a47e.jpg,-1,0.2164,0.7439,0.5275,"['2894850774_2d530040a1.jpg', '3495490064_8db40a83af.jpg', '2328104318_5a43ca170c.jpg']","[0.7439, 0.6211, 0.6139]"
1864,two men talking by a red box and a poster,2815256108_fc1302117d.jpg,2,0.7327,0.9087,0.176,"['2891240104_6755281868.jpg', '2815256108_fc1302117d.jpg', '251958970_fa6b423f23.jpg']","[0.9087, 0.7327, 0.7161]"
1865,a boy in a yellow polo standing in tall grass,281754914_bc8119a0ed.jpg,-1,0.2675,0.7598,0.4923,"['2472574160_8ce233f396.jpg', '2412390588_a89cab30f4.jpg', '3495490064_8db40a83af.jpg']","[0.7598, 0.7251, 0.7037]"
1866,a kid hides from the camera in the overgrown bushes,281754914_bc8119a0ed.jpg,-1,0.1637,0.6625,0.4989,"['3682038869_585075b5ff.jpg', '3426144752_28d63615ca.jpg', '3494394662_3edfd4a34c.jpg']","[0.6625, 0.6499, 0.6076]"
1867,a little boy standing in very tall green grass,281754914_bc8119a0ed.jpg,-1,0.2045,0.7741,0.5697,"['762947607_2001ee4c72.jpg', '3405942945_f4af2934a6.jpg', '2681215810_00b0642f7b.jpg']","[0.7741, 0.7538, 0.745]"
1868,boy in striped shirt standing among the tall grasses,281754914_bc8119a0ed.jpg,-1,0.183,0.6818,0.4988,"['3405942945_f4af2934a6.jpg', '3698944019_825ef54f2f.jpg', '762947607_2001ee4c72.jpg']","[0.6818, 0.6528, 0.6321]"
1869,the little boy in a yellow striped shirt stands in some tall grass,281754914_bc8119a0ed.jpg,-1,0.1371,0.7661,0.6291,"['3405942945_f4af2934a6.jpg', '3229913073_e7857a5966.jpg', '762947607_2001ee4c72.jpg']","[0.7661, 0.7082, 0.7071]"
1871,many dogs are running the same way in a field,2818735880_68b3dfe1f5.jpg,2,0.7043,0.7381,0.0337,"['2165461920_1a4144eb2b.jpg', '2818735880_68b3dfe1f5.jpg', '3656104088_a0d1642fa9.jpg']","[0.7381, 0.7043, 0.6934]"
1872,a pack of dogs are running away down a trail,2818735880_68b3dfe1f5.jpg,2,0.7295,0.7419,0.0124,"['3014080715_f4f0dbb56e.jpg', '2818735880_68b3dfe1f5.jpg', '1403414927_5f80281505.jpg']","[0.7419, 0.7295, 0.7105]"
1873,a group of dogs runs down a path through dry grass and bushes,2818735880_68b3dfe1f5.jpg,2,0.7394,0.818,0.0786,"['1403414927_5f80281505.jpg', '2818735880_68b3dfe1f5.jpg', '3195040792_a03954a19f.jpg']","[0.818, 0.7394, 0.63]"
1875,a boy and girl playing with buckets in a lawn sprinkler,2830869109_c4e403eae6.jpg,-1,0.313,0.7297,0.4167,"['3052196390_c59dd24ca8.jpg', '3767841911_6678052eb6.jpg', '1269470943_ba7fc49b4d.jpg']","[0.7297, 0.6588, 0.6324]"
1876,a girl and boy are playing with buckets of water in the garden overlooking a lake,2830869109_c4e403eae6.jpg,-1,0.5077,0.7136,0.2059,"['1248357227_2b4175fc39.jpg', '2030781555_b7ff7be28f.jpg', '3217893350_57be430d06.jpg']","[0.7136, 0.6682, 0.6656]"
1877,a girl with a bucket of water is being chased by a boy with a bucket of water,2830869109_c4e403eae6.jpg,-1,0.4832,0.7149,0.2317,"['2271468944_3264d29208.jpg', '2704934519_457dc38986.jpg', '1299459550_1fd5594fa2.jpg']","[0.7149, 0.6791, 0.666]"
1878,a young girl and young boy are playing with pails of water with the ocean in the background,2830869109_c4e403eae6.jpg,-1,0.3958,0.7696,0.3739,"['2271468944_3264d29208.jpg', '2747714500_49476225c6.jpg', '3229282764_a4a515f4e2.jpg']","[0.7696, 0.7251, 0.7224]"
1879,children play in a sprinkler near a beach,2830869109_c4e403eae6.jpg,-1,0.3271,0.7721,0.445,"['2747714500_49476225c6.jpg', '3229282764_a4a515f4e2.jpg', '2257294002_0073263c54.jpg']","[0.7721, 0.7342, 0.6943]"
1880,the dog runs down the wooden ramp,2831672255_d779807c14.jpg,2,0.6907,0.712,0.0213,"['2102581664_5ea50f85c6.jpg', '2831672255_d779807c14.jpg', '967719295_3257695095.jpg']","[0.712, 0.6907, 0.6622]"
1881,a light brown dog is walking down a blue and yellow ramp,2831672255_d779807c14.jpg,2,0.7154,0.7575,0.0421,"['242324909_06d5a6c44b.jpg', '2831672255_d779807c14.jpg', '2632366677_43dee456a5.jpg']","[0.7575, 0.7154, 0.7065]"
1882,a dog running down a ramp during a dog show,2831672255_d779807c14.jpg,2,0.7369,0.7629,0.0259,"['2102581664_5ea50f85c6.jpg', '2831672255_d779807c14.jpg', '337647771_3b819feaba.jpg']","[0.7629, 0.7369, 0.7153]"
1883,a dog at a competition runs down a ramp,2831672255_d779807c14.jpg,4,0.7361,0.7925,0.0564,"['2102581664_5ea50f85c6.jpg', '337647771_3b819feaba.jpg', '3474999131_788cbf253f.jpg']","[0.7925, 0.7607, 0.7456]"
1885,a beach with people standing on the sand,2834103050_512e5b330a.jpg,-1,-0.239,0.8451,1.0841,"['2407470303_6fd5e3600d.jpg', '3518755601_cebf11e515.jpg', '3532194771_07faf20d76.jpg']","[0.8451, 0.7952, 0.7934]"
1886,a woman with a green sunshade is passing a sales merchant on the beach,2834103050_512e5b330a.jpg,-1,0.2287,0.7376,0.5089,"['3705688385_47651205d3.jpg', '3572346664_e1e6c77f11.jpg', '2903617548_d3e38d7f88.jpg']","[0.7376, 0.723, 0.6791]"
1887,many people are walking along the beach on a clear day,2834103050_512e5b330a.jpg,-1,0.1593,0.7256,0.5663,"['2193980605_4221c6474d.jpg', '3189002057_3ef61b803e.jpg', '3649224118_abe73c672c.jpg']","[0.7256, 0.7149, 0.7066]"
1888,people dressed in bathing suits dresses and shorts are on the beach near an exhibit,2834103050_512e5b330a.jpg,-1,0.2064,0.7752,0.5688,"['3229821595_77ace81c6b.jpg', '2193980605_4221c6474d.jpg', '2603792708_18a97bac97.jpg']","[0.7752, 0.7696, 0.7349]"
1889,people standing on a beach one under a green umbrella,2834103050_512e5b330a.jpg,-1,0.3558,0.7784,0.4226,"['3697378565_7060d9281a.jpg', '219730733_6a55382dd2.jpg', '2843695880_eeea6c67db.jpg']","[0.7784, 0.7752, 0.7011]"
1890,the black dog catches a toy in its mouth while running in the field,283428775_a3665bee7c.jpg,2,0.7036,0.8644,0.1607,"['1026685415_0431cbf574.jpg', '283428775_a3665bee7c.jpg', '428796930_476a3d6395.jpg']","[0.8644, 0.7036, 0.6767]"
1891,black retriever plays with a multicolored toy in dry grass,283428775_a3665bee7c.jpg,7,0.5986,0.8507,0.2521,"['1026685415_0431cbf574.jpg', '3383545083_1d7c95b003.jpg', '428796930_476a3d6395.jpg']","[0.8507, 0.6755, 0.6303]"
1892,a dog catching a toy in a field,283428775_a3665bee7c.jpg,5,0.6353,0.7558,0.1205,"['1026685415_0431cbf574.jpg', '2445783904_e6c38a3a3d.jpg', '2673148534_8daf0de833.jpg']","[0.7558, 0.6742, 0.6632]"
1893,a black dog is running through long grass with a colorful toy in its mouth,283428775_a3665bee7c.jpg,3,0.6886,0.906,0.2174,"['1026685415_0431cbf574.jpg', '428796930_476a3d6395.jpg', '283428775_a3665bee7c.jpg']","[0.906, 0.7743, 0.6886]"
1894,a black dog in a grassy field fetching a colourful toy,283428775_a3665bee7c.jpg,2,0.7968,0.9015,0.1047,"['1026685415_0431cbf574.jpg', '283428775_a3665bee7c.jpg', '2445783904_e6c38a3a3d.jpg']","[0.9015, 0.7968, 0.7252]"
1896,a man wearing a green tshirt sits with his legs on a ledge and talks on the phone,2837640996_0183db8d93.jpg,7,0.6004,0.7327,0.1323,"['543264612_c53cc163b4.jpg', '2647049174_0fb47cee2e.jpg', '2856700531_312528eea4.jpg']","[0.7327, 0.7121, 0.633]"
1897,a man with his feet up using a telephone,2837640996_0183db8d93.jpg,-1,0.5362,0.7238,0.1876,"['2046222127_a6f300e202.jpg', '3495490064_8db40a83af.jpg', '950273886_88c324e663.jpg']","[0.7238, 0.692, 0.6823]"
1898,seated man with red hat and green shirt is talking on the phone,2837640996_0183db8d93.jpg,2,0.6612,0.7717,0.1105,"['1396703063_e8c3687afe.jpg', '2837640996_0183db8d93.jpg', '2924884899_f512c84332.jpg']","[0.7717, 0.6612, 0.6584]"
1899,the man in the green tshirt has his feet up whilst talking on a cellphone,2837640996_0183db8d93.jpg,-1,0.5222,0.6573,0.1351,"['374103842_17873ce505.jpg', '2856700531_312528eea4.jpg', '2676648667_cb055b4fc6.jpg']","[0.6573, 0.6519, 0.6142]"
1901,a university of miami football player 25,2837799692_2f1c50722a.jpg,2,0.888,0.8939,0.0059,"['241347271_a39a5a0070.jpg', '2837799692_2f1c50722a.jpg', '241347547_902725b9f8.jpg']","[0.8939, 0.888, 0.7892]"
1903,a football player his helmet half off looking at the ground,2837799692_2f1c50722a.jpg,4,0.7858,0.8859,0.1001,"['241347271_a39a5a0070.jpg', '241347547_902725b9f8.jpg', '241347803_afb04b12c4.jpg']","[0.8859, 0.8438, 0.7995]"
1905,a collie catches a white frisbee at an obedience competition,2839807428_efe42423f2.jpg,4,0.6066,0.6783,0.0717,"['3290105461_7590f23371.jpg', '2525270674_4ab536e7ec.jpg', '2542662402_d781dd7f7c.jpg']","[0.6783, 0.6364, 0.6159]"
1908,black dog jumping into the air to catch a frisbee,2839807428_efe42423f2.jpg,3,0.7356,0.7428,0.0072,"['3544673666_ffc7483c96.jpg', '2673148534_8daf0de833.jpg', '2839807428_efe42423f2.jpg']","[0.7428, 0.7358, 0.7356]"
1909,dog jumping high in the air to catch a frisbee,2839807428_efe42423f2.jpg,5,0.6431,0.6953,0.0522,"['3241965735_8742782a70.jpg', '3485599424_94de8ede51.jpg', '3619630328_2d0865b6f4.jpg']","[0.6953, 0.6945, 0.6683]"
1915,two boys stand in an ocean as the sun sets,2843695880_eeea6c67db.jpg,7,0.6286,0.7261,0.0975,"['2277081067_d2b4c98bce.jpg', '2271468944_3264d29208.jpg', '3189002057_3ef61b803e.jpg']","[0.7261, 0.6865, 0.6838]"
1916,two people are wading in the water as the sun cascades off of the water,2843695880_eeea6c67db.jpg,-1,0.5797,0.8398,0.2601,"['1248357227_2b4175fc39.jpg', '3637013_c675de7705.jpg', '2852982055_8112d0964f.jpg']","[0.8398, 0.781, 0.6728]"
1917,two people in water,2843695880_eeea6c67db.jpg,-1,0.365,0.6829,0.3178,"['2911245290_b2c79f328a.jpg', '2852982055_8112d0964f.jpg', '1129704496_4a61441f2c.jpg']","[0.6829, 0.6627, 0.6544]"
1920,two people in a field looking offcamera,2845845721_d0bc113ff7.jpg,9,0.5476,0.667,0.1193,"['530661899_94655d7d0e.jpg', '3025334206_76888792e5.jpg', '3340575518_137ce2695f.jpg']","[0.667, 0.6644, 0.5917]"
1922,a woman stands in a field with her hands on her hips while a man runs up behind her,2845845721_d0bc113ff7.jpg,2,0.6583,0.6711,0.0128,"['3415228562_4efa9c9b70.jpg', '2845845721_d0bc113ff7.jpg', '617038406_4092ee91dd.jpg']","[0.6711, 0.6583, 0.6325]"
1924,a man in jeans is playing with a ball while a woman in jeans stands nearby looking away,2845845721_d0bc113ff7.jpg,-1,0.3243,0.6448,0.3206,"['2970183443_accd597e0a.jpg', '539750844_02a07ec524.jpg', '374103842_17873ce505.jpg']","[0.6448, 0.6102, 0.6101]"
1925,a woman is looking away from two small children playing in a fountain,2852982055_8112d0964f.jpg,3,0.6919,0.7966,0.1047,"['3052196390_c59dd24ca8.jpg', '2747714500_49476225c6.jpg', '2852982055_8112d0964f.jpg']","[0.7966, 0.7837, 0.6919]"
1926,two children and an adult are near the fountain,2852982055_8112d0964f.jpg,9,0.5983,0.7936,0.1953,"['2030781555_b7ff7be28f.jpg', '3217893350_57be430d06.jpg', '2747714500_49476225c6.jpg']","[0.7936, 0.6679, 0.6553]"
1927,two children and a woman are playing in a water fountain,2852982055_8112d0964f.jpg,3,0.8203,0.8508,0.0305,"['3052196390_c59dd24ca8.jpg', '2747714500_49476225c6.jpg', '2852982055_8112d0964f.jpg']","[0.8508, 0.8303, 0.8203]"
1928,two children playing in public fountains,2852982055_8112d0964f.jpg,7,0.6489,0.8935,0.2446,"['2747714500_49476225c6.jpg', '3052196390_c59dd24ca8.jpg', '2594459477_8ca0121a9a.jpg']","[0.8935, 0.7294, 0.7226]"
1929,woman with two children playing in outdoor fountain,2852982055_8112d0964f.jpg,3,0.7087,0.8223,0.1136,"['3052196390_c59dd24ca8.jpg', '2747714500_49476225c6.jpg', '2852982055_8112d0964f.jpg']","[0.8223, 0.7954, 0.7087]"
1930,a child on a swingtype ride,2855417531_521bf47b50.jpg,-1,0.549,0.7712,0.2222,"['3339586622_a7676b30e1.jpg', '2372572028_53b76104a9.jpg', '1007320043_627395c3d8.jpg']","[0.7712, 0.6989, 0.6912]"
1931,a boy wearing a white tshirt and a long sleeve plaid shirt is smiling while swinging,2855417531_521bf47b50.jpg,3,0.8442,0.8625,0.0184,"['2458269558_277012780d.jpg', '3396036947_0af6c3aab7.jpg', '2855417531_521bf47b50.jpg']","[0.8625, 0.8599, 0.8442]"
1938,four dogs run on field,2855667597_bf6ceaef8e.jpg,-1,0.5515,0.8718,0.3203,"['2216695423_1362cb25f3.jpg', '3271084924_4778d556cc.jpg', '2165461920_1a4144eb2b.jpg']","[0.8718, 0.786, 0.7795]"
1940,nine men are playing a game in the park shirts versus skins,2856080862_95d793fa9d.jpg,-1,0.4511,0.7323,0.2811,"['2194495372_bdac7d9e71.jpg', '3195188609_01afbe46e6.jpg', '2219959872_988e6d498e.jpg']","[0.7323, 0.7008, 0.6993]"
1941,men standing on a grass field with trees in the background,2856080862_95d793fa9d.jpg,-1,0.5583,0.7391,0.1808,"['3608849440_e7d2bed29f.jpg', '2219959872_988e6d498e.jpg', '2845845721_d0bc113ff7.jpg']","[0.7391, 0.692, 0.6745]"
1942,men playing soccer in a field,2856080862_95d793fa9d.jpg,-1,0.5156,0.8829,0.3673,"['2194495372_bdac7d9e71.jpg', '3380072636_4cd59385fd.jpg', '3522749949_fb615cee47.jpg']","[0.8829, 0.8375, 0.829]"
1943,men in the park,2856080862_95d793fa9d.jpg,-1,0.5333,0.7462,0.213,"['3712923460_1b20ebb131.jpg', '3608849440_e7d2bed29f.jpg', '2219959872_988e6d498e.jpg']","[0.7462, 0.7427, 0.7362]"
1944,a group of men are standing around during a sports game in a park,2856080862_95d793fa9d.jpg,-1,0.5418,0.8088,0.267,"['3195188609_01afbe46e6.jpg', '2194495372_bdac7d9e71.jpg', '2698487246_e827404cac.jpg']","[0.8088, 0.7743, 0.7301]"
1945,a man in a black jacket with a black beard stares pensively,2856700531_312528eea4.jpg,-1,0.4562,0.6644,0.2083,"['2925737498_57585a7ed9.jpg', '3134585858_a8c3493ca5.jpg', '2437266971_b91a8f9a00.jpg']","[0.6644, 0.6502, 0.6284]"
1946,a man in a jacket looks out,2856700531_312528eea4.jpg,-1,0.3834,0.7784,0.395,"['2925737498_57585a7ed9.jpg', '3134585858_a8c3493ca5.jpg', '3494394662_3edfd4a34c.jpg']","[0.7784, 0.7564, 0.6794]"
1947,a man sits and rubs his chin,2856700531_312528eea4.jpg,10,0.5788,0.7745,0.1957,"['358607894_5abb1250d3.jpg', '2837640996_0183db8d93.jpg', '3066338314_2c3fb731d1.jpg']","[0.7745, 0.7586, 0.7091]"
1948,a man with a mohawk and beard with his hand on his chin looking off into the distance,2856700531_312528eea4.jpg,2,0.7796,0.913,0.1334,"['3412249548_00820fc4ca.jpg', '2856700531_312528eea4.jpg', '1860543210_47e94cf652.jpg']","[0.913, 0.7796, 0.737]"
1949,an asian man thinks to himself,2856700531_312528eea4.jpg,5,0.6447,0.7368,0.0921,"['2676648667_cb055b4fc6.jpg', '1414820925_3504c394e1.jpg', '2328104318_5a43ca170c.jpg']","[0.7368, 0.7155, 0.6828]"
1950,two people jetskiing on a blue jet ski,2856923934_6eb8832c9a.jpg,-1,0.5285,0.6917,0.1631,"['3690159129_93ba49ea18.jpg', '2272823323_3b7291cd47.jpg', '3351493005_6e5030f596.jpg']","[0.6917, 0.649, 0.6482]"
1951,two people are driving a blue jet ski leaving a trail of water in the air,2856923934_6eb8832c9a.jpg,-1,0.4602,0.7036,0.2434,"['3442978981_53bf1f45f3.jpg', '186890601_8a6b0f1769.jpg', '3625519177_4c2bb9e7f0.jpg']","[0.7036, 0.6928, 0.6055]"
1952,a man steers a speeding jet ski through a turn,2856923934_6eb8832c9a.jpg,3,0.6894,0.7133,0.0239,"['3442978981_53bf1f45f3.jpg', '3351493005_6e5030f596.jpg', '2856923934_6eb8832c9a.jpg']","[0.7133, 0.6958, 0.6894]"
1953,two men are in a blue and white speed boat,2856923934_6eb8832c9a.jpg,2,0.7847,0.8233,0.0386,"['2526585002_10987a63f3.jpg', '2856923934_6eb8832c9a.jpg', '3640329164_20cb245fd5.jpg']","[0.8233, 0.7847, 0.7487]"
1954,two men are riding a blue and white jet ski,2856923934_6eb8832c9a.jpg,8,0.596,0.7,0.1041,"['3690159129_93ba49ea18.jpg', '3442978981_53bf1f45f3.jpg', '2272823323_3b7291cd47.jpg']","[0.7, 0.6988, 0.6353]"
1955,a dog catching a frisbee with onlookers in the background,2857609295_16aaa85293.jpg,3,0.7176,0.8137,0.0961,"['2839807428_efe42423f2.jpg', '433855742_c2a6fda763.jpg', '2857609295_16aaa85293.jpg']","[0.8137, 0.7959, 0.7176]"
1956,a dog jumping to catch a frisbee while people watch,2857609295_16aaa85293.jpg,-1,0.4739,0.8556,0.3817,"['2839807428_efe42423f2.jpg', '433855742_c2a6fda763.jpg', '436013859_793d870b6f.jpg']","[0.8556, 0.7466, 0.7322]"
1957,a jack russel terrier catching a frisbee in midair,2857609295_16aaa85293.jpg,2,0.6902,0.714,0.0239,"['3608400551_d6f7965308.jpg', '2857609295_16aaa85293.jpg', '3488087117_2719647989.jpg']","[0.714, 0.6902, 0.6788]"
1958,a small brown and white dog catching a frisbee at a competition,2857609295_16aaa85293.jpg,-1,0.5408,0.7368,0.196,"['2839807428_efe42423f2.jpg', '2542662402_d781dd7f7c.jpg', '433855742_c2a6fda763.jpg']","[0.7368, 0.6672, 0.6188]"
1959,dog catching a frisbee on a field in front of an audience,2857609295_16aaa85293.jpg,-1,0.495,0.7542,0.2592,"['2839807428_efe42423f2.jpg', '433855742_c2a6fda763.jpg', '436013859_793d870b6f.jpg']","[0.7542, 0.7136, 0.6838]"
1960,a girl takes a picture of her friend who is leaning on a picnic table,2858903676_6278f07ee3.jpg,5,0.5809,0.681,0.1001,"['468918320_9c275b877f.jpg', '2707873672_15e6b5d54b.jpg', '2102732029_9ae520914d.jpg']","[0.681, 0.6223, 0.6003]"
1961,one girl is taking a picture of another girl outside,2858903676_6278f07ee3.jpg,-1,0.2353,0.7899,0.5545,"['2102732029_9ae520914d.jpg', '617038406_4092ee91dd.jpg', '3231880001_193a579b97.jpg']","[0.7899, 0.6726, 0.6679]"
1962,one woman taking a picture of a second woman as she leans on a table,2858903676_6278f07ee3.jpg,-1,0.3079,0.7451,0.4373,"['1798209205_77dbf525b0.jpg', '2602258549_7401a3cdae.jpg', '374124237_51f62b6937.jpg']","[0.7451, 0.7199, 0.7174]"
1963,the girls playfully pose for photos for each other in the park,2858903676_6278f07ee3.jpg,-1,0.1381,0.6873,0.5492,"['3534824784_7133119316.jpg', '3661072592_2e693cd5a0.jpg', '1248734482_3038218f3b.jpg']","[0.6873, 0.6629, 0.6215]"
1964,two women next to a picnic table,2858903676_6278f07ee3.jpg,6,0.5708,0.6552,0.0844,"['3217893350_57be430d06.jpg', '1332208215_fa824f6659.jpg', '3130064588_6d1d3fa2dd.jpg']","[0.6552, 0.636, 0.6122]"
1965,people in helmets racing down the street on skateboards,2863180332_372510aa49.jpg,-1,0.5432,0.8113,0.2681,"['3726025663_e7d35d23f6.jpg', '2744600462_5804577296.jpg', '2986671935_0c60bbb3fa.jpg']","[0.8113, 0.7507, 0.7351]"
1966,a person wearing a helmet begins to ride a skateboard down a street hill,2863180332_372510aa49.jpg,-1,0.3654,0.7324,0.3669,"['3530087422_7eb2b2c289.jpg', '3688839836_ba5e4c24fc.jpg', '2084217208_7bd9bc85e5.jpg']","[0.7324, 0.7214, 0.6219]"
1967,people ride skateboards on a road,2863180332_372510aa49.jpg,-1,0.5518,0.6964,0.1446,"['3538686658_30afc75f02.jpg', '3726025663_e7d35d23f6.jpg', '3530087422_7eb2b2c289.jpg']","[0.6964, 0.6833, 0.6366]"
1968,a person on a downhill skateboard,2863180332_372510aa49.jpg,-1,-0.0285,0.7633,0.7918,"['2272750492_91e8f67328.jpg', '3348811097_0e09baa26f.jpg', '3170551725_1276644eab.jpg']","[0.7633, 0.7176, 0.6557]"
1969,a person wearing a helmet and red and silver jumpsuit is kneeling on a skateboard,2863180332_372510aa49.jpg,-1,0.1831,0.6862,0.5031,"['3576741633_671340544c.jpg', '3527926597_45af299eee.jpg', '2084217208_7bd9bc85e5.jpg']","[0.6862, 0.6715, 0.6563]"
1970,a brown dog is sniffing a white dog in front of 2 women,2865376471_43c5e6b941.jpg,-1,0.5935,0.6616,0.0682,"['1084040636_97d9633581.jpg', '3383491811_fd9d3a891d.jpg', '2768972186_92787cd523.jpg']","[0.6616, 0.6604, 0.6389]"
1971,a large golden dog sniffing the butt of a white dog,2865376471_43c5e6b941.jpg,9,0.5121,0.7628,0.2507,"['3383491811_fd9d3a891d.jpg', '3086523890_fd9394af8b.jpg', '2550109269_bc4262bd27.jpg']","[0.7628, 0.633, 0.5982]"
1972,two dogs are being led into a building on leashes,2865376471_43c5e6b941.jpg,7,0.568,0.6419,0.0739,"['460935487_75b2da7854.jpg', '2419221084_01a14176b4.jpg', '1659358133_95cd1027bd.jpg']","[0.6419, 0.6401, 0.617]"
1973,two dogs one white and another tan are on leash with two women at an open doorway,2865376471_43c5e6b941.jpg,-1,0.5011,0.6803,0.1792,"['3086523890_fd9394af8b.jpg', '351876121_c7c0221928.jpg', '2419221084_01a14176b4.jpg']","[0.6803, 0.6592, 0.6362]"
1974,two large dogs greet other while their owners watch,2865376471_43c5e6b941.jpg,-1,0.4947,0.7038,0.2091,"['3155400369_69e3d6d70f.jpg', '2768021570_46bc6325e3.jpg', '3119903318_d032141839.jpg']","[0.7038, 0.6465, 0.6132]"
1980,three dark haired little girls running across a field,2868324804_5cc8030484.jpg,6,0.6532,0.7901,0.1369,"['154871781_ae77696b77.jpg', '3415287719_3c776f370e.jpg', '3515451715_ac5ac04efa.jpg']","[0.7901, 0.7464, 0.7043]"
1981,three girls are running on a field in front of a fence,2868324804_5cc8030484.jpg,6,0.6043,0.8877,0.2833,"['3415287719_3c776f370e.jpg', '154871781_ae77696b77.jpg', '3415228562_4efa9c9b70.jpg']","[0.8877, 0.7525, 0.691]"
1982,three girls run in a field outside,2868324804_5cc8030484.jpg,5,0.64,0.8237,0.1837,"['3415287719_3c776f370e.jpg', '154871781_ae77696b77.jpg', '2672588619_3849930e99.jpg']","[0.8237, 0.7779, 0.6997]"
1983,three girls run on a grassy field with a building in the background,2868324804_5cc8030484.jpg,4,0.691,0.8595,0.1685,"['3415287719_3c776f370e.jpg', '154871781_ae77696b77.jpg', '2856080862_95d793fa9d.jpg']","[0.8595, 0.8277, 0.7649]"
1986,a skateboarder in the air above his board on a residential street,2868575889_2c030aa8ae.jpg,4,0.6544,0.7039,0.0495,"['3550763985_800cfee7e4.jpg', '2461616306_3ee7ac1b4b.jpg', '2974501005_346f74e5d8.jpg']","[0.7039, 0.6739, 0.6604]"
1987,the guy is wearing a red shirt and doing a aerial flip with his skateboard,2868575889_2c030aa8ae.jpg,-1,0.4893,0.6305,0.1412,"['523692399_d2e261a302.jpg', '613900608_2e49415772.jpg', '3527926597_45af299eee.jpg']","[0.6305, 0.6193, 0.6076]"
1988,a man in an orange shirt flips his skateboard on a suburban street,2868575889_2c030aa8ae.jpg,2,0.6474,0.7022,0.0548,"['2974501005_346f74e5d8.jpg', '2868575889_2c030aa8ae.jpg', '2902844125_4186bf3ab6.jpg']","[0.7022, 0.6474, 0.6291]"
1990,a rollerblader is in midair on a ramp,2876494009_9f96d7eaf2.jpg,2,0.7356,0.7963,0.0607,"['3323988406_e3c8fce690.jpg', '2876494009_9f96d7eaf2.jpg', '3179336562_c3d0c0a3bd.jpg']","[0.7963, 0.7356, 0.7267]"
1992,skateboarder in black on ramps in midair pose,2876494009_9f96d7eaf2.jpg,8,0.6196,0.7787,0.1591,"['3446762868_06e9d9d899.jpg', '2700147489_f1664f2b61.jpg', '3438858409_136345fa07.jpg']","[0.7787, 0.7249, 0.6652]"
1993,skateboarder jumping from one quarterpipe to another,2876494009_9f96d7eaf2.jpg,-1,0.5047,0.8471,0.3424,"['2922512807_d382528a93.jpg', '3029472296_d429b1586c.jpg', '3446762868_06e9d9d899.jpg']","[0.8471, 0.8081, 0.7551]"
1994,three young boys are skateboarding on a ramp,2876494009_9f96d7eaf2.jpg,4,0.6552,0.779,0.1238,"['3576741633_671340544c.jpg', '3029472296_d429b1586c.jpg', '523692399_d2e261a302.jpg']","[0.779, 0.679, 0.6642]"
1995,two bike riders standing with 3 bikes parked at the car,2877159456_ea4a46b0d2.jpg,2,0.8255,0.8319,0.0064,"['3726120436_740bda8416.jpg', '2877159456_ea4a46b0d2.jpg', '492341908_1ef53be265.jpg']","[0.8319, 0.8255, 0.734]"
1996,two bicyclists stand by a silver car with three bikes,2877159456_ea4a46b0d2.jpg,3,0.7897,0.8029,0.0132,"['2660480624_45f88b3022.jpg', '3726120436_740bda8416.jpg', '2877159456_ea4a46b0d2.jpg']","[0.8029, 0.7986, 0.7897]"
1997,a man and a woman with three bikes and a silver car,2877159456_ea4a46b0d2.jpg,2,0.7327,0.7904,0.0577,"['3726120436_740bda8416.jpg', '2877159456_ea4a46b0d2.jpg', '1461329041_c623b06e5b.jpg']","[0.7904, 0.7327, 0.6668]"
1998,a man and woman with bicycles stand by a silver car,2877159456_ea4a46b0d2.jpg,2,0.789,0.854,0.065,"['3726120436_740bda8416.jpg', '2877159456_ea4a46b0d2.jpg', '2660480624_45f88b3022.jpg']","[0.854, 0.789, 0.7348]"
1999,a man woman and three bicycles are resting by a silver car,2877159456_ea4a46b0d2.jpg,5,0.6659,0.8515,0.1856,"['3726120436_740bda8416.jpg', '1461329041_c623b06e5b.jpg', '2525666287_638ab5e784.jpg']","[0.8515, 0.7085, 0.6941]"
2000,a black and white dog runs towards the camera,2880051254_e0ca96b6be.jpg,-1,0.5879,0.8812,0.2933,"['426920445_d07d1fd0f7.jpg', '2730994020_64ac1d18be.jpg', '3223224391_be50bf4f43.jpg']","[0.8812, 0.8579, 0.712]"
2001,a white and black dog runs on the grass,2880051254_e0ca96b6be.jpg,2,0.8458,0.868,0.0222,"['426920445_d07d1fd0f7.jpg', '2880051254_e0ca96b6be.jpg', '2867699650_e6ddb540de.jpg']","[0.868, 0.8458, 0.837]"
2002,a white dog jumping towards the camera,2880051254_e0ca96b6be.jpg,10,0.6167,0.8487,0.232,"['3488087117_2719647989.jpg', '2867699650_e6ddb540de.jpg', '1932161768_996eadac87.jpg']","[0.8487, 0.8486, 0.769]"
2003,black and white dog running outside,2880051254_e0ca96b6be.jpg,-1,0.5549,0.8761,0.3212,"['426920445_d07d1fd0f7.jpg', '2730994020_64ac1d18be.jpg', '3401902253_cd27e6d0fe.jpg']","[0.8761, 0.8587, 0.7019]"
2004,the white and black dog is on the grass,2880051254_e0ca96b6be.jpg,2,0.7846,0.8307,0.0461,"['2584412512_6767593f24.jpg', '2880051254_e0ca96b6be.jpg', '2543247940_083f1b7969.jpg']","[0.8307, 0.7846, 0.7537]"
2005,big black dog and kitten curiously looking at the wooden weave basket,2882483779_73c171ac19.jpg,10,0.5902,0.7562,0.166,"['2088460083_42ee8a595a.jpg', '3543378438_47e2712486.jpg', '2325258180_6217dd17eb.jpg']","[0.7562, 0.7361, 0.7143]"
2006,the pets play in the apartment,2882483779_73c171ac19.jpg,-1,0.0903,0.7471,0.6568,"['2381613738_d8d2012e3c.jpg', '2410153942_ba4a136358.jpg', '3396036947_0af6c3aab7.jpg']","[0.7471, 0.5788, 0.5683]"
2007,a tawny cat is playing with a basket while a black dog watches,2882483779_73c171ac19.jpg,2,0.7662,0.7897,0.0235,"['2347921097_f2e35753c0.jpg', '2882483779_73c171ac19.jpg', '2325258180_6217dd17eb.jpg']","[0.7897, 0.7662, 0.7404]"
2009,a dog and cat sit by a table with toys on it,2882483779_73c171ac19.jpg,3,0.6728,0.7214,0.0486,"['2325258180_6217dd17eb.jpg', '3439982121_0afc6d5973.jpg', '2882483779_73c171ac19.jpg']","[0.7214, 0.6923, 0.6728]"
2011,a small girl in a toddler swing,2884252132_5d8e776893.jpg,3,0.7561,0.8488,0.0927,"['2458269558_277012780d.jpg', '2362481035_a7600875d0.jpg', '2884252132_5d8e776893.jpg']","[0.8488, 0.805, 0.7561]"
2012,a young girl is smiling while swinging,2884252132_5d8e776893.jpg,2,0.8286,0.8756,0.047,"['2458269558_277012780d.jpg', '2884252132_5d8e776893.jpg', '911795495_342bb15b97.jpg']","[0.8756, 0.8286, 0.8065]"
2013,blonde girl in pink and white dress swinging,2884252132_5d8e776893.jpg,6,0.6298,0.7919,0.1622,"['911795495_342bb15b97.jpg', '2086678529_b3301c2d71.jpg', '3672940355_47f30e2b28.jpg']","[0.7919, 0.705, 0.6909]"
2016,person s foot resting on fluffy black dog,288508162_1727873924.jpg,8,0.5989,0.8198,0.2208,"['1975531316_8b00eeaaf7.jpg', '791338571_7f38510bf7.jpg', '255330891_86d65dfdbf.jpg']","[0.8198, 0.6573, 0.6443]"
2017,black puppy sniffing a human s bare foot,288508162_1727873924.jpg,3,0.7491,0.7554,0.0063,"['2641288004_30ce961211.jpg', '2347921097_f2e35753c0.jpg', '288508162_1727873924.jpg']","[0.7554, 0.7542, 0.7491]"
2018,a puppy sniffs a human foot that is resting on his face,288508162_1727873924.jpg,-1,0.5347,0.8107,0.276,"['3336361161_c06cdd160e.jpg', '2550109269_bc4262bd27.jpg', '909808296_23c427022d.jpg']","[0.8107, 0.7258, 0.7147]"
2019,black fuzzy dog with a humans foot in front of it,288508162_1727873924.jpg,-1,0.589,0.7988,0.2098,"['689776124_07f560a920.jpg', '428796930_476a3d6395.jpg', '472860064_a96a228796.jpg']","[0.7988, 0.7751, 0.7628]"
2020,a black brown and white dog is running beside a green fence in a grassy garden,2886411666_72d8b12ce4.jpg,3,0.6751,0.7358,0.0607,"['2935703360_4f794f7f09.jpg', '3036033157_522a43a550.jpg', '2886411666_72d8b12ce4.jpg']","[0.7358, 0.6871, 0.6751]"
2021,a dog is galloping through the grass,2886411666_72d8b12ce4.jpg,-1,0.6499,0.8219,0.1719,"['763577068_4b96ed768b.jpg', '1346529555_e916816cfe.jpg', '2584487952_f70e5aa9bf.jpg']","[0.8219, 0.7683, 0.7645]"
2022,a dog runs through a lush green lawn,2886411666_72d8b12ce4.jpg,8,0.6713,0.8038,0.1326,"['2358898017_24496b80e8.jpg', '2584487952_f70e5aa9bf.jpg', '1514957266_a19827c538.jpg']","[0.8038, 0.7631, 0.7312]"
2024,dog running through grass in fenced in area,2886411666_72d8b12ce4.jpg,10,0.6234,0.8454,0.222,"['1514957266_a19827c538.jpg', '3396817186_b299ee0531.jpg', '2584487952_f70e5aa9bf.jpg']","[0.8454, 0.7679, 0.7456]"
2025,blonde young boy rides a zip line in the woods,2888732432_7e907a3df1.jpg,-1,0.3535,0.7563,0.4028,"['2372572028_53b76104a9.jpg', '2788628994_61123c03d2.jpg', '111537222_07e56d5a30.jpg']","[0.7563, 0.6913, 0.6103]"
2026,a young boy on a zip line with a red ladder in the background,2888732432_7e907a3df1.jpg,-1,0.362,0.7004,0.3384,"['2372572028_53b76104a9.jpg', '3038941104_17ee91fc03.jpg', '3527926597_45af299eee.jpg']","[0.7004, 0.6402, 0.6287]"
2027,a young boy is holding on and riding a zip line down a hill,2888732432_7e907a3df1.jpg,-1,0.2641,0.696,0.4319,"['3472449219_eb927f05b8.jpg', '2372572028_53b76104a9.jpg', '3405942945_f4af2934a6.jpg']","[0.696, 0.6137, 0.6051]"
2028,a little boy in black shorts and no shirt is holding on to handles as he flies down a rope,2888732432_7e907a3df1.jpg,-1,0.2316,0.7528,0.5212,"['2973638173_0dc21fd443.jpg', '425088533_a460dc4617.jpg', '3741827382_71e93298d0.jpg']","[0.7528, 0.7254, 0.662]"
2029,a child holding onto handles sliding across a rope,2888732432_7e907a3df1.jpg,-1,0.3458,0.7396,0.3938,"['2381613738_d8d2012e3c.jpg', '2752331711_cb18abba5a.jpg', '2362481035_a7600875d0.jpg']","[0.7396, 0.7123, 0.6689]"
2030,a group of workers are posing for a picture,2891240104_6755281868.jpg,-1,0.5913,0.8018,0.2105,"['3535056297_e16f014cb7.jpg', '3210419174_d083a16f77.jpg', '3002448718_a478c64fb4.jpg']","[0.8018, 0.7603, 0.7293]"
2031,four men are posing behind a cash register,2891240104_6755281868.jpg,-1,0.495,0.7173,0.2223,"['3640109324_3ce89e4d1a.jpg', '3254817653_632e840423.jpg', '3105929913_94a6882e25.jpg']","[0.7173, 0.6969, 0.685]"
2032,four men are standing behind a counter that has a cash register and tips jar on it,2891240104_6755281868.jpg,7,0.616,0.7019,0.0859,"['3392019836_c7aeebca1c.jpg', '3497234632_6ec740fc1e.jpg', '2244551043_21b8cca866.jpg']","[0.7019, 0.6787, 0.6772]"
2033,four men standing behind cash register and tip jar,2891240104_6755281868.jpg,2,0.7241,0.8825,0.1584,"['3640109324_3ce89e4d1a.jpg', '2891240104_6755281868.jpg', '3716277216_c04002be81.jpg']","[0.8825, 0.7241, 0.5837]"
2034,three men in tshirts advertising hot dogs stand at a store counter,2891240104_6755281868.jpg,-1,0.4181,0.6406,0.2225,"['1287931016_fb015e2e10.jpg', '3497234632_6ec740fc1e.jpg', '2545192257_142fe9e2de.jpg']","[0.6406, 0.6024, 0.5849]"
2035,a man on a motorized bike rides across a dirt road,2891617125_f939f604c7.jpg,-1,0.5345,0.754,0.2194,"['95728660_d47de66544.jpg', '2308108566_2cba6bca53.jpg', '143552829_72b6ba49d4.jpg']","[0.754, 0.7456, 0.7077]"
2037,a person on a dirt bike is riding up a sandy hill,2891617125_f939f604c7.jpg,3,0.8111,0.8565,0.0454,"['3472449219_eb927f05b8.jpg', '3556598205_86c180769d.jpg', '2891617125_f939f604c7.jpg']","[0.8565, 0.8213, 0.8111]"
2040,man skates along cement wall,2891961886_b7a2f0b0fd.jpg,2,0.7607,0.8034,0.0427,"['3244734844_c318c29c23.jpg', '2891961886_b7a2f0b0fd.jpg', '3348811097_0e09baa26f.jpg']","[0.8034, 0.7607, 0.689]"
2041,a man on rollerblades grinds a wall,2891961886_b7a2f0b0fd.jpg,5,0.6263,0.7118,0.0855,"['2046222127_a6f300e202.jpg', '3244734844_c318c29c23.jpg', '232193739_ed5f348c7a.jpg']","[0.7118, 0.7045, 0.6497]"
2042,the man is standing on the white wall in front of the building,2891961886_b7a2f0b0fd.jpg,10,0.6104,0.8367,0.2263,"['3394586927_eae7732b64.jpg', '1414820925_3504c394e1.jpg', '1057210460_09c6f4c6c1.jpg']","[0.8367, 0.7964, 0.7408]"
2043,a boy skateboards on a cement wall,2891961886_b7a2f0b0fd.jpg,9,0.5895,0.8237,0.2343,"['3244734844_c318c29c23.jpg', '425088533_a460dc4617.jpg', '3029472296_d429b1586c.jpg']","[0.8237, 0.7413, 0.7212]"
2044,a man doing a trick on skateboard,2891961886_b7a2f0b0fd.jpg,-1,0.3295,0.6955,0.366,"['3348811097_0e09baa26f.jpg', '2968135512_51fbb56e3e.jpg', '3729405438_6e79077ab2.jpg']","[0.6955, 0.6722, 0.6506]"
2045,two elderly women can be seen from a car talking next to a wall,2894850774_2d530040a1.jpg,-1,0.3096,0.7854,0.4758,"['3726120436_740bda8416.jpg', '2660480624_45f88b3022.jpg', '1332208215_fa824f6659.jpg']","[0.7854, 0.758, 0.6281]"
2046,two grayhaired women holding bags talk on the sidewalk near a road,2894850774_2d530040a1.jpg,-1,0.1557,0.6958,0.5401,"['3655964639_21e76383d0.jpg', '617038406_4092ee91dd.jpg', '537359971_6e28f5e66e.jpg']","[0.6958, 0.6915, 0.6626]"
2047,two older women conversing near a wall as seen from the driver s seat of a parked vehicle,2894850774_2d530040a1.jpg,-1,0.383,0.7676,0.3846,"['2660480624_45f88b3022.jpg', '3726120436_740bda8416.jpg', '1332208215_fa824f6659.jpg']","[0.7676, 0.7675, 0.7328]"
2048,two older women stand outdoors with their bags and talk,2894850774_2d530040a1.jpg,-1,-0.0219,0.7086,0.7305,"['1389264266_8170bc1c54.jpg', '1859726819_9a793b3b44.jpg', '2222559267_6fd31e3941.jpg']","[0.7086, 0.7043, 0.6048]"
2049,two women carrying bags stand outside next to a wall,2894850774_2d530040a1.jpg,-1,0.2487,0.6708,0.4222,"['2222559267_6fd31e3941.jpg', '1389264266_8170bc1c54.jpg', '1332722096_1e3de8ae70.jpg']","[0.6708, 0.6588, 0.6491]"
2050,two dogs urinating on a red fire hydrant,2902486045_6298eb22ef.jpg,7,0.5509,0.6888,0.1379,"['2652155912_8ba5426790.jpg', '3494345896_dd6b32cfa3.jpg', '3119903318_d032141839.jpg']","[0.6888, 0.6657, 0.6329]"
2051,two dogs pee on the fire hydrant,2902486045_6298eb22ef.jpg,9,0.5435,0.6996,0.1562,"['3494345896_dd6b32cfa3.jpg', '2220175999_081aa9cce8.jpg', '2652155912_8ba5426790.jpg']","[0.6996, 0.6053, 0.6035]"
2052,two dogs peeing on a fire hydrant,2902486045_6298eb22ef.jpg,7,0.5706,0.6594,0.0888,"['2652155912_8ba5426790.jpg', '3494345896_dd6b32cfa3.jpg', '2220175999_081aa9cce8.jpg']","[0.6594, 0.6433, 0.6067]"
2053,two dogs are peeing at a red fire hydrant,2902486045_6298eb22ef.jpg,-1,0.5317,0.8121,0.2804,"['2652155912_8ba5426790.jpg', '3119903318_d032141839.jpg', '2403544744_cba152f5c1.jpg']","[0.8121, 0.6462, 0.6304]"
2054,two dogs are urinating on the red fire hydrant,2902486045_6298eb22ef.jpg,10,0.5257,0.743,0.2173,"['2652155912_8ba5426790.jpg', '3494345896_dd6b32cfa3.jpg', '3119903318_d032141839.jpg']","[0.743, 0.6672, 0.6562]"
2057,a teenage boy grinds across a bar on his skateboard,2902844125_4186bf3ab6.jpg,3,0.7453,0.7888,0.0434,"['3527926597_45af299eee.jpg', '3576741633_671340544c.jpg', '2902844125_4186bf3ab6.jpg']","[0.7888, 0.757, 0.7453]"
2058,a young man skateboards off a pink railing,2902844125_4186bf3ab6.jpg,6,0.6776,0.8111,0.1335,"['3412822878_5d961492e5.jpg', '2061144717_5b3a1864f0.jpg', '3708743823_3e3e0554d1.jpg']","[0.8111, 0.7388, 0.6857]"
2059,the boy in the yellow shirt is riding a skateboard along a red bar,2902844125_4186bf3ab6.jpg,2,0.7888,0.8246,0.0359,"['3527926597_45af299eee.jpg', '2902844125_4186bf3ab6.jpg', '2868575889_2c030aa8ae.jpg']","[0.8246, 0.7888, 0.7335]"
2060,the kid is in front of a car with a put and a ball,2903617548_d3e38d7f88.jpg,-1,0.491,0.6692,0.1782,"['2522540026_6ee8ab4c6a.jpg', '2962977152_9d6958fdd5.jpg', '3578068665_87bdacef6a.jpg']","[0.6692, 0.6639, 0.6603]"
2061,the child is playing croquette by the truck,2903617548_d3e38d7f88.jpg,-1,0.3486,0.8128,0.4642,"['2750867389_4b815f793a.jpg', '210625425_fb1ef5d23b.jpg', '2381613738_d8d2012e3c.jpg']","[0.8128, 0.7129, 0.6794]"
2062,the little boy is playing with a croquet hammer and ball beside the car,2903617548_d3e38d7f88.jpg,-1,0.4521,0.7193,0.2672,"['543264612_c53cc163b4.jpg', '2212472643_80238475b5.jpg', '2374247382_023a86b9ca.jpg']","[0.7193, 0.7048, 0.6773]"
2063,a little baby plays croquet,2903617548_d3e38d7f88.jpg,-1,0.4063,0.7923,0.3859,"['2374247382_023a86b9ca.jpg', '2516317118_10ae66b87a.jpg', '2325258180_6217dd17eb.jpg']","[0.7923, 0.7446, 0.7217]"
2064,a little girl plays croquet next to a truck,2903617548_d3e38d7f88.jpg,4,0.6026,0.6727,0.0701,"['782401952_5bc5d3413a.jpg', '3345025842_bc2082a509.jpg', '533713001_2d36e93509.jpg']","[0.6727, 0.6305, 0.6272]"
2065,four kayakers and canoers near a rock wall,2906802485_dfebf09173.jpg,2,0.6779,0.7199,0.042,"['2744330402_824240184c.jpg', '2906802485_dfebf09173.jpg', '3295680663_af21ea648b.jpg']","[0.7199, 0.6779, 0.6135]"
2067,four kayakers paddle through the water,2906802485_dfebf09173.jpg,2,0.8187,0.8745,0.0557,"['3207264553_8cd4dcde53.jpg', '2906802485_dfebf09173.jpg', '3692746368_ab7d97ab31.jpg']","[0.8745, 0.8187, 0.8101]"
2068,four people are kayaking in a river,2906802485_dfebf09173.jpg,2,0.8482,0.8675,0.0193,"['3207264553_8cd4dcde53.jpg', '2906802485_dfebf09173.jpg', '3692746368_ab7d97ab31.jpg']","[0.8675, 0.8482, 0.7484]"
2069,four people in colorful kayaks are on the water on a sunny day,2906802485_dfebf09173.jpg,6,0.655,0.7919,0.137,"['2744330402_824240184c.jpg', '3207264553_8cd4dcde53.jpg', '3229821595_77ace81c6b.jpg']","[0.7919, 0.6847, 0.6774]"
2072,a girl in a field with a yellow scarf,2909875716_25c8652614.jpg,2,0.7017,0.7872,0.0855,"['3555231025_73fa54fa29.jpg', '2909875716_25c8652614.jpg', '2676184321_858eff416b.jpg']","[0.7872, 0.7017, 0.68]"
2073,a girl in along grass field is spinning some yellow material around her,2909875716_25c8652614.jpg,6,0.7241,0.8801,0.1561,"['2592019072_a6c0090da4.jpg', '3555231025_73fa54fa29.jpg', '3672940355_47f30e2b28.jpg']","[0.8801, 0.7968, 0.7924]"
2074,a woman in a field enjoys her clothing being blown by the wind,2909875716_25c8652614.jpg,-1,0.5095,0.7442,0.2347,"['2721656220_5f4cda8bc1.jpg', '954987350_a0c608b467.jpg', '2204550058_2707d92338.jpg']","[0.7442, 0.7209, 0.7134]"
2075,a man and a child going down a water slide,2911245290_b2c79f328a.jpg,10,0.5504,0.6365,0.086,"['493542985_c85ad29ebe.jpg', '2346772831_b2748ba1f0.jpg', '989754491_7e53fb4586.jpg']","[0.6365, 0.5905, 0.5896]"
2076,a man carries a little boy down a water slide and makes a big splash,2911245290_b2c79f328a.jpg,-1,0.4331,0.6347,0.2016,"['1159574340_99ba8c3c59.jpg', '2842849030_89548af61c.jpg', '493542985_c85ad29ebe.jpg']","[0.6347, 0.6301, 0.5953]"
2077,a man holding a boy on a raft,2911245290_b2c79f328a.jpg,-1,0.4611,0.7085,0.2474,"['3690159129_93ba49ea18.jpg', '493542985_c85ad29ebe.jpg', '2978409165_acc4f29a40.jpg']","[0.7085, 0.708, 0.6879]"
2078,a man holds up a child while sitting in a pool of water situated on a tarp and grassy field,2911245290_b2c79f328a.jpg,3,0.6664,0.7107,0.0443,"['3666537170_c4ecda4be8.jpg', '1177994172_10d143cb8d.jpg', '2911245290_b2c79f328a.jpg']","[0.7107, 0.6709, 0.6664]"
2079,two people go down a water slide on a raft,2911245290_b2c79f328a.jpg,-1,0.3804,0.6507,0.2703,"['493542985_c85ad29ebe.jpg', '2906802485_dfebf09173.jpg', '2526585002_10987a63f3.jpg']","[0.6507, 0.604, 0.5874]"
2080,a man takes a shower outdoors and looks up to stick out his tongue,2911919938_6bb6587a36.jpg,-1,0.2034,0.6678,0.4644,"['3495490064_8db40a83af.jpg', '3640241166_b1ab7a8e7a.jpg', '2681215810_00b0642f7b.jpg']","[0.6678, 0.6159, 0.5815]"
2081,the man is standing under a shower with his tongue sticking out,2911919938_6bb6587a36.jpg,-1,0.3976,0.7261,0.3285,"['1414820925_3504c394e1.jpg', '1418019748_51c7d59c11.jpg', '1057210460_09c6f4c6c1.jpg']","[0.7261, 0.6799, 0.6478]"
2082,a man sticks his tongue out in an outdoor shower,2911919938_6bb6587a36.jpg,-1,0.5628,0.7114,0.1486,"['1414820925_3504c394e1.jpg', '1057210460_09c6f4c6c1.jpg', '454709143_9c513f095c.jpg']","[0.7114, 0.6686, 0.6647]"
2083,a boy getting a shower,2911919938_6bb6587a36.jpg,-1,0.4375,0.6301,0.1926,"['3701226275_952547ba0f.jpg', '3208074567_ac44aeb3f3.jpg', '2735792721_b8fe85e803.jpg']","[0.6301, 0.6283, 0.6265]"
2084,a man is taking a shower,2911919938_6bb6587a36.jpg,-1,0.2743,0.686,0.4118,"['3625519177_4c2bb9e7f0.jpg', '3613005134_bb7f304da1.jpg', '1414820925_3504c394e1.jpg']","[0.686, 0.6444, 0.6382]"
2090,three teens watching a basketball in the air,2915183095_4ed4aa4f37.jpg,-1,0.491,0.7857,0.2948,"['3155451946_c0862c70cb.jpg', '3497234632_6ec740fc1e.jpg', '3368569524_a9df2fc312.jpg']","[0.7857, 0.7333, 0.7311]"
2091,three teen boys playing basketball outside,2915183095_4ed4aa4f37.jpg,2,0.6688,0.7234,0.0546,"['2021602343_03023e1fd1.jpg', '2915183095_4ed4aa4f37.jpg', '3434452829_62cee280bc.jpg']","[0.7234, 0.6688, 0.636]"
2092,three people stand on a basketball court as a ball flies through the air,2915183095_4ed4aa4f37.jpg,-1,0.6449,0.765,0.1201,"['3497234632_6ec740fc1e.jpg', '2247192427_5e106f24a9.jpg', '3154709407_9b0778cbeb.jpg']","[0.765, 0.7362, 0.7209]"
2093,people playing basketball ball in air,2915183095_4ed4aa4f37.jpg,-1,0.4475,0.8221,0.3745,"['3368569524_a9df2fc312.jpg', '3155451946_c0862c70cb.jpg', '3154709407_9b0778cbeb.jpg']","[0.8221, 0.7851, 0.775]"
2096,a shirtless young rides his skateboard over steps,2922512807_d382528a93.jpg,-1,0.5477,0.7746,0.2269,"['3244734844_c318c29c23.jpg', '3348811097_0e09baa26f.jpg', '3576741633_671340544c.jpg']","[0.7746, 0.672, 0.6437]"
2097,a topless man is airborne on a skateboard in front of a white building,2922512807_d382528a93.jpg,7,0.6219,0.6783,0.0564,"['523692399_d2e261a302.jpg', '2868575889_2c030aa8ae.jpg', '3244734844_c318c29c23.jpg']","[0.6783, 0.6586, 0.6532]"
2101,a man with a blue sport hat and white sport jacket is staring with crowd nearby,2924884899_f512c84332.jpg,3,0.7099,0.7857,0.0758,"['3433470650_a8b1c27173.jpg', '2497074804_b4f3e7fd90.jpg', '2924884899_f512c84332.jpg']","[0.7857, 0.7535, 0.7099]"
2102,the man is wearing a blue hat,2924884899_f512c84332.jpg,2,0.6929,0.8558,0.1629,"['1396703063_e8c3687afe.jpg', '2924884899_f512c84332.jpg', '3503623999_bbd5dcfb18.jpg']","[0.8558, 0.6929, 0.6687]"
2105,a boy in a denim jacket is smiling,2925737498_57585a7ed9.jpg,6,0.6198,0.8525,0.2327,"['3494394662_3edfd4a34c.jpg', '1860543210_47e94cf652.jpg', '425088533_a460dc4617.jpg']","[0.8525, 0.7303, 0.697]"
2106,a man is dressed in denim and is smiling off camera,2925737498_57585a7ed9.jpg,-1,0.5689,0.8623,0.2934,"['3412249548_00820fc4ca.jpg', '1418019748_51c7d59c11.jpg', '2551344688_17a12a6948.jpg']","[0.8623, 0.764, 0.7545]"
2107,a man smiles outdoors,2925737498_57585a7ed9.jpg,-1,0.4549,0.7957,0.3408,"['2856700531_312528eea4.jpg', '2681215810_00b0642f7b.jpg', '862187579_9faf4a51e0.jpg']","[0.7957, 0.6364, 0.6208]"
2109,a young man is standing outside wearing a black denim jacket,2925737498_57585a7ed9.jpg,2,0.6903,0.7278,0.0375,"['3134585858_a8c3493ca5.jpg', '2925737498_57585a7ed9.jpg', '3394586927_eae7732b64.jpg']","[0.7278, 0.6903, 0.6781]"
2111,a crowd is looking at a shrine while holding their hands in the air,2928835996_88b9f9503d.jpg,-1,0.4414,0.7792,0.3378,"['3694219419_a7a83d4886.jpg', '576920249_df1bdc2068.jpg', '3652150541_8fb5a3a5d1.jpg']","[0.7792, 0.6823, 0.599]"
2112,a large crowd raises their hands in unison,2928835996_88b9f9503d.jpg,-1,0.5695,0.7705,0.201,"['3225037367_a71fa86319.jpg', '325005410_e1ff5041b5.jpg', '576920249_df1bdc2068.jpg']","[0.7705, 0.7342, 0.7203]"
2113,a room full of worshippers bows toward an extravagant display in the center of the crowd,2928835996_88b9f9503d.jpg,2,0.7124,0.8717,0.1593,"['3392019836_c7aeebca1c.jpg', '2928835996_88b9f9503d.jpg', '3697378565_7060d9281a.jpg']","[0.8717, 0.7124, 0.6583]"
2114,many people stand with their hands raised,2928835996_88b9f9503d.jpg,-1,0.4225,0.7214,0.2989,"['576920249_df1bdc2068.jpg', '3694219419_a7a83d4886.jpg', '2991575785_bd4868e215.jpg']","[0.7214, 0.65, 0.6394]"
2115,a darkhaired greysuited man is leaning on a silver pole,2930622766_fa8f84deb1.jpg,-1,-0.0148,0.7065,0.7213,"['2456907314_49bc4591c4.jpg', '3726700898_c50494b8bd.jpg', '3613005134_bb7f304da1.jpg']","[0.7065, 0.6741, 0.6734]"
2116,a man leaning against a pole surrounded by people,2930622766_fa8f84deb1.jpg,-1,0.4372,0.7179,0.2807,"['2180356743_b3a3c9a7f6.jpg', '1057210460_09c6f4c6c1.jpg', '506882688_b37d549593.jpg']","[0.7179, 0.701, 0.6805]"
2117,a man leans against a metal pole,2930622766_fa8f84deb1.jpg,-1,0.2446,0.6552,0.4106,"['2456907314_49bc4591c4.jpg', '518789868_8895ef8792.jpg', '3726700898_c50494b8bd.jpg']","[0.6552, 0.6498, 0.6492]"
2118,a middle eastern man is standing with his back against a lamp post near to other people who are waiting around,2930622766_fa8f84deb1.jpg,-1,0.4856,0.6632,0.1776,"['2180356743_b3a3c9a7f6.jpg', '2991575785_bd4868e215.jpg', '3608849440_e7d2bed29f.jpg']","[0.6632, 0.6384, 0.6234]"
2119,several people are standing on a sidewalk near a man leaning against a pole,2930622766_fa8f84deb1.jpg,-1,0.461,0.8504,0.3894,"['2180356743_b3a3c9a7f6.jpg', '2845845721_d0bc113ff7.jpg', '2991575785_bd4868e215.jpg']","[0.8504, 0.6572, 0.6515]"
2120,dog in field with yellow posts,2935703360_4f794f7f09.jpg,-1,0.0572,0.8231,0.7659,"['3559781965_d4ec00e506.jpg', '3518675890_2f65e23ff9.jpg', '2764732789_1392e962d0.jpg']","[0.8231, 0.7231, 0.7197]"
2121,a little dog running between yellow poles,2935703360_4f794f7f09.jpg,-1,0.5642,0.8145,0.2503,"['2555535057_007501dae5.jpg', '2677614492_792023b928.jpg', '1346529555_e916816cfe.jpg']","[0.8145, 0.7404, 0.6982]"
2122,a dog is running in and out of a line of posts on an obstacle course,2935703360_4f794f7f09.jpg,-1,0.6751,0.772,0.0968,"['2677614492_792023b928.jpg', '337647771_3b819feaba.jpg', '3619630328_2d0865b6f4.jpg']","[0.772, 0.7643, 0.7386]"
2123,a black and white dog is running between yellow poles,2935703360_4f794f7f09.jpg,-1,0.4799,0.807,0.3271,"['2444339090_bf7b3211f4.jpg', '2555535057_007501dae5.jpg', '2677614492_792023b928.jpg']","[0.807, 0.7875, 0.7609]"
2124,a black dog running through yellow cones,2935703360_4f794f7f09.jpg,-1,0.3424,0.6496,0.3071,"['613900608_2e49415772.jpg', '3111208043_dbe8e87fa1.jpg', '251056963_c8b67f0107.jpg']","[0.6496, 0.6225, 0.6151]"
2125,a guy on a waterskiing board is doing a stunt,2937697444_2367ff0e28.jpg,-1,-0.1122,0.8013,0.9135,"['3467510271_0f57e52768.jpg', '3037558954_20115165e3.jpg', '3357416302_fcfcdd7b86.jpg']","[0.8013, 0.7355, 0.7174]"
2126,a man on a wakeboard is jumping over the wake and trying to grab the board with one hand,2937697444_2367ff0e28.jpg,-1,0.3176,0.7114,0.3938,"['3613005134_bb7f304da1.jpg', '2700147489_f1664f2b61.jpg', '3037558954_20115165e3.jpg']","[0.7114, 0.6903, 0.6681]"
2127,a man performs a wakeboarding trick,2937697444_2367ff0e28.jpg,-1,0.0562,0.742,0.6858,"['2332540384_4cf26406a9.jpg', '3038941104_17ee91fc03.jpg', '3357416302_fcfcdd7b86.jpg']","[0.742, 0.725, 0.6861]"
2128,a waterskier flying slighty in the air over a wave,2937697444_2367ff0e28.jpg,-1,0.0497,0.9273,0.8776,"['3467510271_0f57e52768.jpg', '3625519177_4c2bb9e7f0.jpg', '70995350_75d0698839.jpg']","[0.9273, 0.8062, 0.7683]"
2129,a waterskier flies into the air,2937697444_2367ff0e28.jpg,-1,0.1102,0.8646,0.7544,"['3467510271_0f57e52768.jpg', '3625519177_4c2bb9e7f0.jpg', '3179336562_c3d0c0a3bd.jpg']","[0.8646, 0.8347, 0.7436]"
2130,two teams compete in football,2939371251_f923569a72.jpg,4,0.6849,0.7822,0.0973,"['2944952557_8484f0da8f.jpg', '269986132_91b71e8aaa.jpg', '2003663004_5b70920a98.jpg']","[0.7822, 0.7278, 0.6984]"
2132,a running back running with the football,2939371251_f923569a72.jpg,-1,0.3619,0.838,0.4761,"['2837799692_2f1c50722a.jpg', '241347271_a39a5a0070.jpg', '241347803_afb04b12c4.jpg']","[0.838, 0.7664, 0.6823]"
2133,a football player runs with the ball chased by members of the opposing team,2939371251_f923569a72.jpg,-1,0.2349,0.7115,0.4766,"['2837799692_2f1c50722a.jpg', '1104133405_c04a00707f.jpg', '241347635_e691395c2f.jpg']","[0.7115, 0.6335, 0.5826]"
2134,many football players are running on the grassy field,2939371251_f923569a72.jpg,8,0.6225,0.7825,0.1601,"['241347547_902725b9f8.jpg', '241347803_afb04b12c4.jpg', '2003663004_5b70920a98.jpg']","[0.7825, 0.7005, 0.6979]"
2135,a brown and white dog is running with a yellow frisbee,2942133798_e57c862a90.jpg,3,0.6632,0.756,0.0928,"['512101751_05a6d93e19.jpg', '2764732789_1392e962d0.jpg', '2942133798_e57c862a90.jpg']","[0.756, 0.7465, 0.6632]"
2137,one dog is sniffing the ground by the wooden fence whist another dog is carrying a frisbee in its mouth,2942133798_e57c862a90.jpg,3,0.6306,0.6983,0.0677,"['535529555_583d89b7f2.jpg', '3404978479_8a81843e17.jpg', '2942133798_e57c862a90.jpg']","[0.6983, 0.6914, 0.6306]"
2138,there is a dog carrying a frisbee,2942133798_e57c862a90.jpg,-1,0.4367,0.6553,0.2186,"['1346529555_e916816cfe.jpg', '2648165716_02e2e74fd6.jpg', '3036596725_541bbe0955.jpg']","[0.6553, 0.5744, 0.5629]"
2139,two dogs one with a frisbee,2942133798_e57c862a90.jpg,-1,0.4961,0.6046,0.1085,"['3415809168_af9dabdba5.jpg', '3503623999_bbd5dcfb18.jpg', '3271084924_4778d556cc.jpg']","[0.6046, 0.5656, 0.5604]"
2140,there is a blue car on a road in the roads splashing through a puddle,2943023421_e297f05e11.jpg,2,0.7882,0.7938,0.0056,"['2522540026_6ee8ab4c6a.jpg', '2943023421_e297f05e11.jpg', '3578068665_87bdacef6a.jpg']","[0.7938, 0.7882, 0.7814]"
2142,a blueish green car on a dirt road splashing water on the left,2943023421_e297f05e11.jpg,3,0.786,0.8201,0.0341,"['2522540026_6ee8ab4c6a.jpg', '3578068665_87bdacef6a.jpg', '2943023421_e297f05e11.jpg']","[0.8201, 0.8114, 0.786]"
2143,a black mitsubishi is driving through a muddy puddle and spraying water,2943023421_e297f05e11.jpg,10,0.5772,0.7451,0.168,"['210625425_fb1ef5d23b.jpg', '2404520067_87798dbaee.jpg', '247778426_fd59734130.jpg']","[0.7451, 0.6757, 0.6652]"
2145,a dirt biker stands in the sunset,2943334864_6bab479a3e.jpg,4,0.5961,0.7103,0.1142,"['479807833_85eed6899c.jpg', '143552829_72b6ba49d4.jpg', '2891617125_f939f604c7.jpg']","[0.7103, 0.6275, 0.6195]"
2146,a man on a motorcycle is silhouetted by the sunset,2943334864_6bab479a3e.jpg,2,0.6379,0.6815,0.0437,"['95734035_84732a92c1.jpg', '2943334864_6bab479a3e.jpg', '3530502404_f8c3a3f61c.jpg']","[0.6815, 0.6379, 0.6373]"
2147,a man sitting on a motorcycle with a sunset directly behind him,2943334864_6bab479a3e.jpg,4,0.5826,0.6295,0.0468,"['3530502404_f8c3a3f61c.jpg', '95734035_84732a92c1.jpg', '3534952095_975cca0056.jpg']","[0.6295, 0.5882, 0.5848]"
2148,the man is on a bike and sitting in front of the sunset,2943334864_6bab479a3e.jpg,5,0.6244,0.7576,0.1333,"['3119696225_b289efaec8.jpg', '95728660_d47de66544.jpg', '3565655045_8eb00b7423.jpg']","[0.7576, 0.698, 0.6406]"
2149,the man sat on the dirt bike as the sun sets in the distance,2943334864_6bab479a3e.jpg,-1,0.5095,0.7682,0.2588,"['3556598205_86c180769d.jpg', '3215315009_47577bf8f7.jpg', '1526325728_74eb4153d8.jpg']","[0.7682, 0.6808, 0.6659]"
2150,two people playing ball on a field,2944952557_8484f0da8f.jpg,4,0.6495,0.6864,0.0369,"['278608022_4175813019.jpg', '3637966641_1b108a35ba.jpg', '3380072636_4cd59385fd.jpg']","[0.6864, 0.6807, 0.6543]"
2151,girl in blue tries to get a base runner number 11 out during softball game,2944952557_8484f0da8f.jpg,2,0.7454,0.7762,0.0308,"['2736508369_fd9ff0b42f.jpg', '2944952557_8484f0da8f.jpg', '2443380641_7b38d18f5b.jpg']","[0.7762, 0.7454, 0.718]"
2153,a girl is catching a baseball before an opponent touches base,2944952557_8484f0da8f.jpg,8,0.552,0.7159,0.1639,"['3518755601_cebf11e515.jpg', '2443380641_7b38d18f5b.jpg', '2736508369_fd9ff0b42f.jpg']","[0.7159, 0.7076, 0.6423]"
2154,a woman in blue has a yellow ball in her mitt,2944952557_8484f0da8f.jpg,-1,0.105,0.7212,0.6162,"['3163563871_cef3cf33ea.jpg', '2269795781_46a296aa21.jpg', '3672940355_47f30e2b28.jpg']","[0.7212, 0.6941, 0.6644]"
2155,a dog rounds a corner with his tail up after exiting a yellow and orange tube,2946016853_ceca4f5a07.jpg,-1,0.5361,0.6885,0.1524,"['3526805681_38461c0d5d.jpg', '3224578187_749882c17f.jpg', '3695949492_27ca3892fd.jpg']","[0.6885, 0.6276, 0.6048]"
2159,a white and black dog rushes out of an orange tunnel,2946016853_ceca4f5a07.jpg,2,0.7857,0.7979,0.0122,"['3682428916_69ce66d375.jpg', '2946016853_ceca4f5a07.jpg', '460935487_75b2da7854.jpg']","[0.7979, 0.7857, 0.7572]"
2160,a dark brown dog chews on something white and fluffy,2949353587_64c54e9589.jpg,9,0.5549,0.7948,0.2398,"['3228069008_edb2961fc4.jpg', '2311690895_0d6efe11c8.jpg', '333973142_abcd151002.jpg']","[0.7948, 0.682, 0.6696]"
2161,a dog tugs on a piece of fabric,2949353587_64c54e9589.jpg,-1,0.526,0.8276,0.3016,"['3228069008_edb2961fc4.jpg', '2311690895_0d6efe11c8.jpg', '3336361161_c06cdd160e.jpg']","[0.8276, 0.6898, 0.6407]"
2162,a brown dog with a white covering in its mouth,2949353587_64c54e9589.jpg,-1,0.4175,0.8734,0.4559,"['516214924_c2a4364cb3.jpg', '2311690895_0d6efe11c8.jpg', '1659358141_0433c9bf99.jpg']","[0.8734, 0.7574, 0.6885]"
2163,a brown dog is chewing on a white rug whilst standing on a red carpet next to a checkered floor,2949353587_64c54e9589.jpg,5,0.7262,0.7728,0.0465,"['2119660490_ce0d4d1f73.jpg', '2525270674_4ab536e7ec.jpg', '337647771_3b819feaba.jpg']","[0.7728, 0.7727, 0.7602]"
2164,a brown dog is playing with a white fluffy stuffed animal,2949353587_64c54e9589.jpg,4,0.7397,0.8627,0.123,"['2119660490_ce0d4d1f73.jpg', '535529555_583d89b7f2.jpg', '516214924_c2a4364cb3.jpg']","[0.8627, 0.7793, 0.772]"
2165,a boy and girl in swimwear and arm floaters,2951092164_4940b9a517.jpg,-1,0.1625,0.746,0.5835,"['3437315443_ba2263f92e.jpg', '3318995586_c2bc50b92e.jpg', '3480052428_c034b98a08.jpg']","[0.746, 0.6937, 0.638]"
2166,a little boy and a little girl wearing water wings are running on a path beside a black fence,2951092164_4940b9a517.jpg,-1,0.4487,0.8255,0.3768,"['2672588619_3849930e99.jpg', '2538477523_1da77eb11c.jpg', '255330891_86d65dfdbf.jpg']","[0.8255, 0.7681, 0.6713]"
2167,a little boy and girl in their swimsuits wearing arm floats,2951092164_4940b9a517.jpg,-1,0.2908,0.8368,0.546,"['2337809114_899ba61330.jpg', '1177994172_10d143cb8d.jpg', '389643437_9a9830a3ba.jpg']","[0.8368, 0.6685, 0.6346]"
2168,the boy and girl are playing with arm floats on,2951092164_4940b9a517.jpg,-1,0.14,0.7861,0.6461,"['3318995586_c2bc50b92e.jpg', '2470486377_c3a39ccb7b.jpg', '3035118753_69287079dc.jpg']","[0.7861, 0.6465, 0.6172]"
2169,young boy and girl running with water wings on,2951092164_4940b9a517.jpg,-1,0.5702,0.7688,0.1985,"['2747714500_49476225c6.jpg', '3041689520_c481bdb20e.jpg', '2277081067_d2b4c98bce.jpg']","[0.7688, 0.7582, 0.7402]"
2170,the surfer lost his board and is about to fall into the sea,2952141476_fc9a48a60a.jpg,-1,0.0465,0.7671,0.7207,"['3627679667_0e3de9fc90.jpg', '3613005134_bb7f304da1.jpg', '2984174290_a915748d77.jpg']","[0.7671, 0.7512, 0.7045]"
2171,a person is out in the water at the beach while the sun sets,2952141476_fc9a48a60a.jpg,9,0.6293,0.8114,0.182,"['3572346664_e1e6c77f11.jpg', '3705688385_47651205d3.jpg', '2843695880_eeea6c67db.jpg']","[0.8114, 0.7057, 0.7021]"
2172,a person above their surfboard on the water,2952141476_fc9a48a60a.jpg,-1,0.3398,0.8153,0.4755,"['2984174290_a915748d77.jpg', '3037558954_20115165e3.jpg', '3707990914_843e8f15f1.jpg']","[0.8153, 0.7831, 0.7746]"
2173,a man floating in the ocean,2952141476_fc9a48a60a.jpg,-1,0.1281,0.8544,0.7263,"['2984174290_a915748d77.jpg', '3037558954_20115165e3.jpg', '2856923934_6eb8832c9a.jpg']","[0.8544, 0.8258, 0.7682]"
2174,a man has jumped from a surfboard up into the air,2952141476_fc9a48a60a.jpg,-1,0.2261,0.6624,0.4363,"['3467510271_0f57e52768.jpg', '3241965735_8742782a70.jpg', '3391924827_53b31542ce.jpg']","[0.6624, 0.6236, 0.6192]"
2177,a woman is holding a stick in the air while a dog jumps up,2960033435_c20cc7399a.jpg,4,0.6929,0.7322,0.0393,"['2839807428_efe42423f2.jpg', '3415646718_f9f4e23a66.jpg', '3608400551_d6f7965308.jpg']","[0.7322, 0.7267, 0.7106]"
2178,a woman prepares to throw a stick to a leaping dog,2960033435_c20cc7399a.jpg,8,0.6461,0.7569,0.1108,"['3415646718_f9f4e23a66.jpg', '3608400551_d6f7965308.jpg', '1975531316_8b00eeaaf7.jpg']","[0.7569, 0.7112, 0.7047]"
2179,a woman with a stick is playing with a dog in a red collar,2960033435_c20cc7399a.jpg,-1,0.402,0.7282,0.3262,"['1975531316_8b00eeaaf7.jpg', '2518219912_f47214aa16.jpg', '359082432_c1fd5aa2d6.jpg']","[0.7282, 0.6311, 0.6253]"
2180,two soccer players fighting for the ball,2962977152_9d6958fdd5.jpg,4,0.74,0.8856,0.1457,"['269986132_91b71e8aaa.jpg', '3522749949_fb615cee47.jpg', '3380072636_4cd59385fd.jpg']","[0.8856, 0.8362, 0.7945]"
2181,two players hustle during a soccer game,2962977152_9d6958fdd5.jpg,8,0.6586,0.8245,0.1659,"['269986132_91b71e8aaa.jpg', '3522749949_fb615cee47.jpg', '2194495372_bdac7d9e71.jpg']","[0.8245, 0.8242, 0.7852]"
2182,two soccer players rush to kick the ball,2962977152_9d6958fdd5.jpg,5,0.7339,0.8816,0.1477,"['3522749949_fb615cee47.jpg', '269986132_91b71e8aaa.jpg', '3380072636_4cd59385fd.jpg']","[0.8816, 0.872, 0.8344]"
2183,a man in a white shirt and blue shorts and a man in a red shirt and white shorts playing soccer,2962977152_9d6958fdd5.jpg,9,0.6356,0.8308,0.1951,"['3522749949_fb615cee47.jpg', '278608022_4175813019.jpg', '3268443910_b36dbc1e5c.jpg']","[0.8308, 0.7406, 0.7226]"
2184,two men fighting for control of a soccer ball as fans watch,2962977152_9d6958fdd5.jpg,9,0.6601,0.8222,0.1622,"['3380072636_4cd59385fd.jpg', '3522749949_fb615cee47.jpg', '269986132_91b71e8aaa.jpg']","[0.8222, 0.8125, 0.7398]"
2185,a boy in a white tshirt does skateboard tricks,2968135512_51fbb56e3e.jpg,-1,0.5681,0.7849,0.2168,"['2868575889_2c030aa8ae.jpg', '3244734844_c318c29c23.jpg', '3741827382_71e93298d0.jpg']","[0.7849, 0.7611, 0.7046]"
2186,a boy in tshirt jeans and knit cap jumps up with his skating board arms flung out,2968135512_51fbb56e3e.jpg,5,0.6757,0.7824,0.1067,"['3244734844_c318c29c23.jpg', '2868575889_2c030aa8ae.jpg', '3741827382_71e93298d0.jpg']","[0.7824, 0.7657, 0.7373]"
2187,a man performs a skateboarding trick on a cement monument in a city park,2968135512_51fbb56e3e.jpg,3,0.7599,0.8231,0.0632,"['3348811097_0e09baa26f.jpg', '2922512807_d382528a93.jpg', '2968135512_51fbb56e3e.jpg']","[0.8231, 0.7648, 0.7599]"
2188,a skateboarder is airborne in a city green space,2968135512_51fbb56e3e.jpg,9,0.5353,0.6499,0.1146,"['2922512807_d382528a93.jpg', '3446762868_06e9d9d899.jpg', '3254645823_a7c072481c.jpg']","[0.6499, 0.6104, 0.5882]"
2189,young skateboarder doing a trick in the park,2968135512_51fbb56e3e.jpg,-1,0.5307,0.8086,0.2778,"['3527926597_45af299eee.jpg', '2868575889_2c030aa8ae.jpg', '2974501005_346f74e5d8.jpg']","[0.8086, 0.6583, 0.6449]"
2190,a man and a boy watch a dog leap to catch a ball,2970183443_accd597e0a.jpg,5,0.6737,0.7887,0.115,"['3415646718_f9f4e23a66.jpg', '2561334141_0aacefa5e7.jpg', '2340919359_f56787d307.jpg']","[0.7887, 0.7516, 0.7475]"
2191,a man and a child are standing near a dog who is jumping,2970183443_accd597e0a.jpg,7,0.6606,0.8297,0.1691,"['3415646718_f9f4e23a66.jpg', '2960033435_c20cc7399a.jpg', '3608400551_d6f7965308.jpg']","[0.8297, 0.7797, 0.7248]"
2192,a man and a small boy watch their small white dog catch a toy in the air,2970183443_accd597e0a.jpg,10,0.574,0.8152,0.2412,"['3608400551_d6f7965308.jpg', '2839807428_efe42423f2.jpg', '3399944164_ec24123945.jpg']","[0.8152, 0.7225, 0.6951]"
2193,a small black brown and white dog catches a football in midair as a man and child look on,2970183443_accd597e0a.jpg,-1,0.5742,0.8538,0.2796,"['2839807428_efe42423f2.jpg', '3618932839_acd7d2c2ea.jpg', '3696246123_99d4d10140.jpg']","[0.8538, 0.742, 0.7402]"
2194,small white dog with spot on back leaping in air with football in mouth with small boy and man watching,2970183443_accd597e0a.jpg,-1,0.4665,0.7178,0.2514,"['2857609295_16aaa85293.jpg', '2880051254_e0ca96b6be.jpg', '3608400551_d6f7965308.jpg']","[0.7178, 0.7113, 0.6618]"
2195,the skateboarder jumps into the air,2973638173_0dc21fd443.jpg,-1,0.458,0.808,0.3499,"['3446762868_06e9d9d899.jpg', '3550763985_800cfee7e4.jpg', '523692399_d2e261a302.jpg']","[0.808, 0.7371, 0.737]"
2196,a skateboarder doing a maneuver in the air,2973638173_0dc21fd443.jpg,-1,0.2744,0.7655,0.4912,"['2700147489_f1664f2b61.jpg', '3446762868_06e9d9d899.jpg', '3038941104_17ee91fc03.jpg']","[0.7655, 0.7233, 0.7139]"
2197,the young man catches some air while skateboarding,2973638173_0dc21fd443.jpg,-1,0.6399,0.8494,0.2096,"['3550763985_800cfee7e4.jpg', '2922512807_d382528a93.jpg', '2700147489_f1664f2b61.jpg']","[0.8494, 0.7551, 0.7543]"
2198,a boy does a skateboard trick,2973638173_0dc21fd443.jpg,9,0.5807,0.8053,0.2246,"['2868575889_2c030aa8ae.jpg', '3527926597_45af299eee.jpg', '523692399_d2e261a302.jpg']","[0.8053, 0.7026, 0.7004]"
2199,a man jumps in the air on his skateboard,2973638173_0dc21fd443.jpg,-1,0.5875,0.7529,0.1655,"['3446762868_06e9d9d899.jpg', '3550763985_800cfee7e4.jpg', '2868575889_2c030aa8ae.jpg']","[0.7529, 0.7304, 0.7271]"
2200,a boy does a skateboard jump at a skateboard park,2974501005_346f74e5d8.jpg,-1,0.5167,0.7623,0.2455,"['3729405438_6e79077ab2.jpg', '3348811097_0e09baa26f.jpg', '3527926597_45af299eee.jpg']","[0.7623, 0.7021, 0.6903]"
2201,a kid doing a trick on his skateboard,2974501005_346f74e5d8.jpg,-1,0.5387,0.6891,0.1503,"['3348811097_0e09baa26f.jpg', '3527926597_45af299eee.jpg', '523692399_d2e261a302.jpg']","[0.6891, 0.6855, 0.6773]"
2202,a young boy is performing tricks with a skateboard at a skate park,2974501005_346f74e5d8.jpg,-1,0.5084,0.7934,0.285,"['2341254813_c53a5ef27a.jpg', '2868575889_2c030aa8ae.jpg', '2902844125_4186bf3ab6.jpg']","[0.7934, 0.7276, 0.6679]"
2203,a young man rides a yellow and black skateboard at the top of a ramp,2974501005_346f74e5d8.jpg,-1,0.552,0.8055,0.2535,"['232193739_ed5f348c7a.jpg', '2332540384_4cf26406a9.jpg', '3576741633_671340544c.jpg']","[0.8055, 0.7942, 0.7364]"
2204,kid doing skateboard trick with his legs split and board between them,2974501005_346f74e5d8.jpg,-1,0.5479,0.7129,0.1651,"['523692399_d2e261a302.jpg', '3038941104_17ee91fc03.jpg', '3527926597_45af299eee.jpg']","[0.7129, 0.6815, 0.6713]"
2205,the hawaiian singer belts out a tune,2978236380_fb24c43f1e.jpg,-1,0.386,0.71,0.324,"['3155400369_69e3d6d70f.jpg', '2891240104_6755281868.jpg', '3640109324_3ce89e4d1a.jpg']","[0.71, 0.694, 0.6403]"
2208,a man playing guitar sings into a microphone,2978236380_fb24c43f1e.jpg,2,0.8914,0.9399,0.0485,"['3332202255_a30c522664.jpg', '2978236380_fb24c43f1e.jpg', '724702877_f2a938766b.jpg']","[0.9399, 0.8914, 0.7182]"
2209,a man plays guitar and sings into a microphone,2978236380_fb24c43f1e.jpg,2,0.912,0.9161,0.0041,"['3332202255_a30c522664.jpg', '2978236380_fb24c43f1e.jpg', '3305767464_d64a336f60.jpg']","[0.9161, 0.912, 0.7157]"
2210,a man in a blue bodysuit surfing,2978409165_acc4f29a40.jpg,6,0.8048,0.8702,0.0654,"['2984174290_a915748d77.jpg', '3018304737_0a46fc5f1d.jpg', '3707990914_843e8f15f1.jpg']","[0.8702, 0.8261, 0.8174]"
2211,a man in a blue wetsuit rides a wave on a white surfboard,2978409165_acc4f29a40.jpg,10,0.585,0.8449,0.2599,"['3168123064_d1983b8f92.jpg', '3018304737_0a46fc5f1d.jpg', '3183519385_311555d5f5.jpg']","[0.8449, 0.815, 0.7916]"
2212,a man in blue surfs in the ocean,2978409165_acc4f29a40.jpg,10,0.6727,0.8914,0.2186,"['3018304737_0a46fc5f1d.jpg', '3183519385_311555d5f5.jpg', '2984174290_a915748d77.jpg']","[0.8914, 0.8705, 0.8533]"
2213,a surfer tries to stay moving on his white surfboard,2978409165_acc4f29a40.jpg,7,0.6674,0.8261,0.1587,"['226607225_44d696db6b.jpg', '3018304737_0a46fc5f1d.jpg', '2984174290_a915748d77.jpg']","[0.8261, 0.8059, 0.7578]"
2214,a surfer in a blue swimsuit is riding the waves,2978409165_acc4f29a40.jpg,6,0.7532,0.9107,0.1575,"['3627679667_0e3de9fc90.jpg', '3183519385_311555d5f5.jpg', '3640329164_20cb245fd5.jpg']","[0.9107, 0.8165, 0.7882]"
2215,child on a swing in motion,2979914158_5906470b8f.jpg,-1,0.2514,0.8582,0.6068,"['3396036947_0af6c3aab7.jpg', '2458269558_277012780d.jpg', '2884252132_5d8e776893.jpg']","[0.8582, 0.8511, 0.8311]"
2216,a young girl with brown hair is swinging on a swing in a swimming suit,2979914158_5906470b8f.jpg,-1,0.5491,0.789,0.2399,"['911795495_342bb15b97.jpg', '640409060_6af18fdd54.jpg', '2884252132_5d8e776893.jpg']","[0.789, 0.7736, 0.7434]"
2217,the little girl wearing a black swimsuit is playing on a swing,2979914158_5906470b8f.jpg,-1,0.576,0.8846,0.3086,"['2884252132_5d8e776893.jpg', '2458269558_277012780d.jpg', '911795495_342bb15b97.jpg']","[0.8846, 0.8577, 0.7679]"
2218,a girl in a bathing suit rides a swing,2979914158_5906470b8f.jpg,-1,0.5823,0.853,0.2707,"['2458269558_277012780d.jpg', '2884252132_5d8e776893.jpg', '911795495_342bb15b97.jpg']","[0.853, 0.8458, 0.7855]"
2219,a young girl wearing a black and red swimsuit swinging on a swing,2979914158_5906470b8f.jpg,-1,0.49,0.9162,0.4262,"['2458269558_277012780d.jpg', '2884252132_5d8e776893.jpg', '3656225270_cdf89e3240.jpg']","[0.9162, 0.8988, 0.7802]"
2220,a dog rolls on his back in the grass as two other dogs look on,2981372647_2061278c60.jpg,3,0.6473,0.7763,0.1289,"['3271468462_701eb88d3b.jpg', '2565350330_c7f305e7f7.jpg', '2981372647_2061278c60.jpg']","[0.7763, 0.6562, 0.6473]"
2223,three dogs play in the grass near the playground equipment,2981372647_2061278c60.jpg,9,0.5334,0.6863,0.1529,"['2970183443_accd597e0a.jpg', '2276314067_7ee246f859.jpg', '2855667597_bf6ceaef8e.jpg']","[0.6863, 0.6464, 0.6459]"
2225,the surfer rides a wave on a blue surfboard,2984174290_a915748d77.jpg,5,0.684,0.8852,0.2012,"['3018304737_0a46fc5f1d.jpg', '3168123064_d1983b8f92.jpg', '3627679667_0e3de9fc90.jpg']","[0.8852, 0.8552, 0.7433]"
2226,the surfer is in the wave,2984174290_a915748d77.jpg,3,0.7434,0.9045,0.1611,"['3018304737_0a46fc5f1d.jpg', '3168123064_d1983b8f92.jpg', '2984174290_a915748d77.jpg']","[0.9045, 0.8276, 0.7434]"
2227,a surfer on a blue surfboard is falling off of it as he hits a wave,2984174290_a915748d77.jpg,3,0.7568,0.8843,0.1275,"['3018304737_0a46fc5f1d.jpg', '3707990914_843e8f15f1.jpg', '2984174290_a915748d77.jpg']","[0.8843, 0.7636, 0.7568]"
2228,a surfer rides up the wave,2984174290_a915748d77.jpg,3,0.7353,0.9223,0.187,"['3018304737_0a46fc5f1d.jpg', '3168123064_d1983b8f92.jpg', '2984174290_a915748d77.jpg']","[0.9223, 0.8368, 0.7353]"
2229,man falling off a blue surfboard in the ocean,2984174290_a915748d77.jpg,6,0.7169,0.8686,0.1517,"['3707990914_843e8f15f1.jpg', '3627679667_0e3de9fc90.jpg', '3640329164_20cb245fd5.jpg']","[0.8686, 0.8624, 0.8326]"
2231,a group of bikers pedal along,2986671935_0c60bbb3fa.jpg,2,0.8069,0.8223,0.0154,"['3726025663_e7d35d23f6.jpg', '2986671935_0c60bbb3fa.jpg', '3538686658_30afc75f02.jpg']","[0.8223, 0.8069, 0.7265]"
2233,several bicyclists are riding in a race,2986671935_0c60bbb3fa.jpg,2,0.9212,0.9232,0.002,"['3726025663_e7d35d23f6.jpg', '2986671935_0c60bbb3fa.jpg', '2744600462_5804577296.jpg']","[0.9232, 0.9212, 0.9035]"
2234,several cyclists wearing different colors riding bikes on pavement,2986671935_0c60bbb3fa.jpg,3,0.8755,0.923,0.0475,"['2744600462_5804577296.jpg', '3726025663_e7d35d23f6.jpg', '2986671935_0c60bbb3fa.jpg']","[0.923, 0.8852, 0.8755]"
2236,the brown german shepherd dog is playing with a stick,2986716822_e220754d32.jpg,10,0.6055,0.7624,0.1569,"['697582336_601462e052.jpg', '3559781965_d4ec00e506.jpg', '2632366677_43dee456a5.jpg']","[0.7624, 0.7583, 0.6915]"
2241,a little boy in denim overalls slides down an orange slide,2988244398_5da7012fce.jpg,2,0.8335,0.8588,0.0253,"['542317719_ed4dd95dc2.jpg', '2988244398_5da7012fce.jpg', '2576878141_87f25a10f0.jpg']","[0.8588, 0.8335, 0.6653]"
2242,a toddler boy in overalls sliding down an orange slide,2988244398_5da7012fce.jpg,2,0.8246,0.8456,0.021,"['542317719_ed4dd95dc2.jpg', '2988244398_5da7012fce.jpg', '2576878141_87f25a10f0.jpg']","[0.8456, 0.8246, 0.6837]"
2245,a woman kicks at a man,2991575785_bd4868e215.jpg,-1,0.5344,0.6937,0.1593,"['416788726_5b4eb1466e.jpg', '1991806812_065f747689.jpg', '2845845721_d0bc113ff7.jpg']","[0.6937, 0.6895, 0.6821]"
2246,a girl kicking her leg up to the shoulder of a woman standing next to her,2991575785_bd4868e215.jpg,-1,0.2606,0.758,0.4974,"['3415228562_4efa9c9b70.jpg', '617038406_4092ee91dd.jpg', '3661659196_6ed90f96c0.jpg']","[0.758, 0.6749, 0.6278]"
2247,a girl in jeans tries to show an adult how high she can kick,2991575785_bd4868e215.jpg,-1,0.2866,0.7149,0.4283,"['3442978981_53bf1f45f3.jpg', '2061354254_faa5bd294b.jpg', '281754914_bc8119a0ed.jpg']","[0.7149, 0.7003, 0.6748]"
2248,a girl doing a kick near a woman,2991575785_bd4868e215.jpg,-1,0.1453,0.6961,0.5509,"['1309330801_aeeb23f1ee.jpg', '3319058642_885d756295.jpg', '1991806812_065f747689.jpg']","[0.6961, 0.6265, 0.6203]"
2249,a girl in black high kicks over a jackolantern,2991575785_bd4868e215.jpg,-1,0.121,0.7084,0.5874,"['1991806812_065f747689.jpg', '514222303_cb98584536.jpg', '3442978981_53bf1f45f3.jpg']","[0.7084, 0.69, 0.6832]"
2250,a man in an orange shirt and blue helmet races his bike,2998024845_1529c11694.jpg,3,0.7586,0.7663,0.0077,"['143552829_72b6ba49d4.jpg', '3649916507_b88a3d2082.jpg', '2998024845_1529c11694.jpg']","[0.7663, 0.7653, 0.7586]"
2253,the biker is wearing a helmet,2998024845_1529c11694.jpg,4,0.7384,0.7916,0.0532,"['111537222_07e56d5a30.jpg', '2308108566_2cba6bca53.jpg', '3649916507_b88a3d2082.jpg']","[0.7916, 0.7909, 0.7866]"
2255,girls in matching outfits one holding inflatable toy outside of odeon building,3002448718_a478c64fb4.jpg,-1,0.364,0.7617,0.3977,"['3661072592_2e693cd5a0.jpg', '3404552106_f516df0f5b.jpg', '2599131872_65789d86d5.jpg']","[0.7617, 0.7294, 0.7187]"
2256,four women in front of odeon wear similar black pink and white superman type shirts and jean skirts,3002448718_a478c64fb4.jpg,-1,0.4004,0.6302,0.2298,"['3319058642_885d756295.jpg', '537359971_6e28f5e66e.jpg', '3396153660_f729d9f9b9.jpg']","[0.6302, 0.6168, 0.5935]"
2257,girls walking in the street on a sunny day,3002448718_a478c64fb4.jpg,-1,0.3342,0.7664,0.4322,"['3111897772_5211a37a02.jpg', '2302747917_aa0300eb68.jpg', '3415228562_4efa9c9b70.jpg']","[0.7664, 0.7366, 0.7275]"
2258,a group of girls stands wearing jean skirts and superman shirts,3002448718_a478c64fb4.jpg,4,0.7267,0.8548,0.128,"['1454841725_4b6e6199e2.jpg', '2621771656_09a620da6d.jpg', '3242718240_3358f2d6e6.jpg']","[0.8548, 0.7849, 0.7708]"
2260,a boy and a girl dancing,3002920707_5d2e6e6aac.jpg,-1,0.3486,0.738,0.3894,"['2470486377_c3a39ccb7b.jpg', '3630332976_fdba22c50b.jpg', '3318995586_c2bc50b92e.jpg']","[0.738, 0.7222, 0.7121]"
2261,a boy and girl are dancing,3002920707_5d2e6e6aac.jpg,-1,0.5038,0.7444,0.2405,"['3318995586_c2bc50b92e.jpg', '2470486377_c3a39ccb7b.jpg', '2991575785_bd4868e215.jpg']","[0.7444, 0.7141, 0.6563]"
2262,a boy in brown shorts is dancing with a girl wearing a green hood in a wooden floored room whilst other children look on,3002920707_5d2e6e6aac.jpg,3,0.6329,0.7175,0.0846,"['3396043950_12783c5147.jpg', '2470486377_c3a39ccb7b.jpg', '3002920707_5d2e6e6aac.jpg']","[0.7175, 0.6666, 0.6329]"
2263,a little girl and a little boy are facing each other,3002920707_5d2e6e6aac.jpg,-1,-0.0055,0.6915,0.697,"['2181724497_dbb7fcb0a9.jpg', '389643437_9a9830a3ba.jpg', '2337809114_899ba61330.jpg']","[0.6915, 0.6621, 0.6614]"
2264,two children facing each other are doing a dance,3002920707_5d2e6e6aac.jpg,-1,0.4117,0.7423,0.3307,"['3318995586_c2bc50b92e.jpg', '3674168459_6245f4f658.jpg', '961611340_251081fcb8.jpg']","[0.7423, 0.7244, 0.7112]"
2265,a girl in a swimming pool playing badminton while a lady watches,3009018821_ba47396e24.jpg,7,0.5888,0.6756,0.0869,"['2830869109_c4e403eae6.jpg', '3621717946_d96f8a6012.jpg', '1309330801_aeeb23f1ee.jpg']","[0.6756, 0.6668, 0.6518]"
2266,a woman in a pink bathing suit holds a badminton racket while another lady looks on,3009018821_ba47396e24.jpg,-1,0.2587,0.8526,0.5939,"['2830869109_c4e403eae6.jpg', '2951092164_4940b9a517.jpg', '2747714500_49476225c6.jpg']","[0.8526, 0.7148, 0.6115]"
2267,a woman sits and watches another woman play in the pool,3009018821_ba47396e24.jpg,8,0.6352,0.7286,0.0933,"['477254932_56b48d775d.jpg', '3319058642_885d756295.jpg', '701816897_221bbe761a.jpg']","[0.7286, 0.6833, 0.6708]"
2268,one woman sitting beside the pool while another plays badminton in the pool,3009018821_ba47396e24.jpg,3,0.6963,0.7018,0.0055,"['701816897_221bbe761a.jpg', '477254932_56b48d775d.jpg', '3009018821_ba47396e24.jpg']","[0.7018, 0.7012, 0.6963]"
2270,a man performs a ski jump in the snow,3012513414_86180c44cb.jpg,4,0.7305,0.8019,0.0714,"['3254645823_a7c072481c.jpg', '3241965735_8742782a70.jpg', '3108732084_565b423162.jpg']","[0.8019, 0.7829, 0.7559]"
2271,a skier in a black top making a jump with a blue and white sign on pile of snow underneath,3012513414_86180c44cb.jpg,5,0.6922,0.8439,0.1518,"['3241965735_8742782a70.jpg', '3357416302_fcfcdd7b86.jpg', '2272750492_91e8f67328.jpg']","[0.8439, 0.7417, 0.7395]"
2272,a skier high in the air after a jump,3012513414_86180c44cb.jpg,4,0.7584,0.8152,0.0568,"['3357416302_fcfcdd7b86.jpg', '3241965735_8742782a70.jpg', '3240351042_5d29c94b0e.jpg']","[0.8152, 0.8075, 0.76]"
2273,man on skis attempting to jump over a snow pile,3012513414_86180c44cb.jpg,8,0.6284,0.8167,0.1883,"['3241965735_8742782a70.jpg', '3357416302_fcfcdd7b86.jpg', '3254645823_a7c072481c.jpg']","[0.8167, 0.7484, 0.7222]"
2274,the skier is airborne after going off the ramp,3012513414_86180c44cb.jpg,4,0.6773,0.869,0.1917,"['3357416302_fcfcdd7b86.jpg', '3240351042_5d29c94b0e.jpg', '3241965735_8742782a70.jpg']","[0.869, 0.8266, 0.7987]"
2280,a lone surfboarder surfing a wave riding a white surfboard,3018304737_0a46fc5f1d.jpg,3,0.8517,0.8664,0.0147,"['2984174290_a915748d77.jpg', '3707990914_843e8f15f1.jpg', '3018304737_0a46fc5f1d.jpg']","[0.8664, 0.8549, 0.8517]"
2285,the small brown dog is amidst the potted plants and fallen leaves,3019857541_3de3e24f54.jpg,2,0.6917,0.708,0.0163,"['3435035138_af32890a4c.jpg', '3019857541_3de3e24f54.jpg', '1745110280_0cbff5e273.jpg']","[0.708, 0.6917, 0.6787]"
2287,a dog is jumping in the air over some leaves,3019857541_3de3e24f54.jpg,9,0.5383,0.6702,0.132,"['3330935489_9cb67ca36b.jpg', '3682038869_585075b5ff.jpg', '2411824767_4eb1fae823.jpg']","[0.6702, 0.6359, 0.6311]"
2288,a brown dog leaps in the air over colorful leafs,3019857541_3de3e24f54.jpg,-1,0.5304,0.7946,0.2642,"['2831672255_d779807c14.jpg', '2102581664_5ea50f85c6.jpg', '3474999131_788cbf253f.jpg']","[0.7946, 0.7454, 0.623]"
2290,one large brown dog running alongside a black and white dog,3025334206_76888792e5.jpg,-1,0.2727,0.6875,0.4148,"['78984436_ad96eaa802.jpg', '2314722788_6262c3aa40.jpg', '3526018344_450c517a72.jpg']","[0.6875, 0.6343, 0.6293]"
2291,two dogs are running on the grass in front of the trees,3025334206_76888792e5.jpg,-1,0.4222,0.7267,0.3046,"['2567035103_3511020c8f.jpg', '2313230479_13f87c6bf3.jpg', '2886411666_72d8b12ce4.jpg']","[0.7267, 0.6604, 0.6552]"
2292,two dogs are running through a grassy area near tall trees,3025334206_76888792e5.jpg,4,0.766,0.8588,0.0928,"['2567035103_3511020c8f.jpg', '435739506_2daf7f4887.jpg', '3294952558_96bb8c8cf3.jpg']","[0.8588, 0.8055, 0.7714]"
2293,two dogs running in the grass,3025334206_76888792e5.jpg,-1,0.3836,0.7789,0.3952,"['78984436_ad96eaa802.jpg', '2567035103_3511020c8f.jpg', '3029715635_43ab414dfb.jpg']","[0.7789, 0.723, 0.7061]"
2294,two dog with trees in the background,3025334206_76888792e5.jpg,-1,0.4277,0.7071,0.2794,"['522486784_978021d537.jpg', '909808296_23c427022d.jpg', '333973142_abcd151002.jpg']","[0.7071, 0.6505, 0.6359]"
2295,two men wearing dark pants and red shirts are leaping insynch in front of a white building,3029472296_d429b1586c.jpg,3,0.6867,0.7198,0.0331,"['2698487246_e827404cac.jpg', '3613027188_1645ca1976.jpg', '3029472296_d429b1586c.jpg']","[0.7198, 0.7057, 0.6867]"
2299,two men holding their arms out from their bodies,3029472296_d429b1586c.jpg,-1,0.3997,0.6923,0.2926,"['2991575785_bd4868e215.jpg', '3726700898_c50494b8bd.jpg', '3613005134_bb7f304da1.jpg']","[0.6923, 0.6219, 0.59]"
2300,a black and white dog with a blue toy in its mouth runs on a grassy surface just beyond a fence,3029715635_43ab414dfb.jpg,-1,0.5682,0.7491,0.1809,"['426920445_d07d1fd0f7.jpg', '2857609295_16aaa85293.jpg', '3036033157_522a43a550.jpg']","[0.7491, 0.7169, 0.7155]"
2301,a black dog is running pasts a wire mesh fence with a blue bone shaped toy in its mouth,3029715635_43ab414dfb.jpg,-1,0.3418,0.7651,0.4233,"['428796930_476a3d6395.jpg', '1026685415_0431cbf574.jpg', '472860064_a96a228796.jpg']","[0.7651, 0.7472, 0.6802]"
2302,a black dog is running with a blue bone in his mouth,3029715635_43ab414dfb.jpg,-1,0.4348,0.8969,0.4621,"['1026685415_0431cbf574.jpg', '428796930_476a3d6395.jpg', '283428775_a3665bee7c.jpg']","[0.8969, 0.8276, 0.7152]"
2303,a black dog running with a blue toy in his mouth,3029715635_43ab414dfb.jpg,-1,0.4545,0.8476,0.3931,"['1026685415_0431cbf574.jpg', '428796930_476a3d6395.jpg', '3383545083_1d7c95b003.jpg']","[0.8476, 0.8064, 0.6995]"
2304,a dog is running with a blue bone in its mouth,3029715635_43ab414dfb.jpg,-1,0.2616,0.7561,0.4945,"['1346529555_e916816cfe.jpg', '1026685415_0431cbf574.jpg', '2648165716_02e2e74fd6.jpg']","[0.7561, 0.6503, 0.6394]"
2306,a woman is sliding down a water slide with a little boy on her lap,3030566410_393c36a6c5.jpg,2,0.7765,0.7849,0.0084,"['493542985_c85ad29ebe.jpg', '3030566410_393c36a6c5.jpg', '1299459550_1fd5594fa2.jpg']","[0.7849, 0.7765, 0.7349]"
2307,a child held by his mother slides down a water slide,3030566410_393c36a6c5.jpg,2,0.8036,0.8165,0.0129,"['2988244398_5da7012fce.jpg', '3030566410_393c36a6c5.jpg', '640409060_6af18fdd54.jpg']","[0.8165, 0.8036, 0.7709]"
2310,an elderly indian lady is wearing an orange headscarf and bangles,3030962048_f71948226c.jpg,-1,0.5668,0.7401,0.1732,"['440184957_267f3f3a2b.jpg', '3184031654_34b5c4ffe1.jpg', '536537638_f5ee42410b.jpg']","[0.7401, 0.7024, 0.6825]"
2311,an elderly woman smiles for the camera,3030962048_f71948226c.jpg,-1,0.2367,0.7894,0.5528,"['3155501473_510f9c9f6b.jpg', '544257613_d9a1fea3f7.jpg', '3203707977_cc9448fecb.jpg']","[0.7894, 0.7752, 0.7236]"
2312,a smiling old woman in india is covered by a safron shawl,3030962048_f71948226c.jpg,7,0.5374,0.7205,0.1831,"['281754914_bc8119a0ed.jpg', '2452686995_621878f561.jpg', '3106340185_80d0cb770a.jpg']","[0.7205, 0.6553, 0.5793]"
2313,a woman wearing an orange scarf smiles and looks at the camera,3030962048_f71948226c.jpg,-1,0.4857,0.7631,0.2775,"['3184031654_34b5c4ffe1.jpg', '2676184321_858eff416b.jpg', '1527297882_dededc7891.jpg']","[0.7631, 0.7569, 0.7505]"
2314,old woman missing teeth stands with metal object in hand,3030962048_f71948226c.jpg,2,0.7406,0.7464,0.0057,"['1527297882_dededc7891.jpg', '3030962048_f71948226c.jpg', '374124237_51f62b6937.jpg']","[0.7464, 0.7406, 0.7401]"
2315,a young girl hugs a little boy,3035118753_69287079dc.jpg,-1,0.4542,0.7542,0.3,"['3437315443_ba2263f92e.jpg', '2456030728_d3d147e774.jpg', '2102732029_9ae520914d.jpg']","[0.7542, 0.7307, 0.7116]"
2316,the little boy sitting next to the girl is covering his face with his hand,3035118753_69287079dc.jpg,-1,0.2684,0.851,0.5827,"['2556392380_ee57514233.jpg', '2647049174_0fb47cee2e.jpg', '452419961_6d42ab7000.jpg']","[0.851, 0.8211, 0.8054]"
2317,a little girls puts her arm around a little boy,3035118753_69287079dc.jpg,9,0.5681,0.6616,0.0935,"['979383193_0a542a059d.jpg', '2337809114_899ba61330.jpg', '3396043950_12783c5147.jpg']","[0.6616, 0.6611, 0.6338]"
2318,a blonde boy and a girl in pajamas with makeup,3035118753_69287079dc.jpg,-1,0.5438,0.7105,0.1667,"['3318995586_c2bc50b92e.jpg', '2622517932_57c52c376f.jpg', '3399944164_ec24123945.jpg']","[0.7105, 0.6712, 0.6189]"
2319,a girl with her arm around a boy covering his face,3035118753_69287079dc.jpg,-1,0.3144,0.771,0.4565,"['2456030728_d3d147e774.jpg', '1449692616_60507875fb.jpg', '2181724497_dbb7fcb0a9.jpg']","[0.771, 0.697, 0.6722]"
2320,a black and white dog is carrying a blue ball through the yard of a house in a tropical location,3036033157_522a43a550.jpg,8,0.5996,0.7078,0.1082,"['557601144_50b8c40393.jpg', '245252561_4f20f1c89e.jpg', '3578068665_87bdacef6a.jpg']","[0.7078, 0.6895, 0.6632]"
2321,a black and white dog with a blue dog toy in its mouth walks across a grassy yard,3036033157_522a43a550.jpg,2,0.7423,0.7584,0.0161,"['426920445_d07d1fd0f7.jpg', '3036033157_522a43a550.jpg', '2095444126_201ff9f222.jpg']","[0.7584, 0.7423, 0.7256]"
2322,a dog plays with a blue spiky ball in the grass,3036033157_522a43a550.jpg,-1,0.4828,0.8586,0.3758,"['539750844_02a07ec524.jpg', '496971341_22782195f0.jpg', '3155390408_8e1a81efb2.jpg']","[0.8586, 0.8193, 0.6166]"
2323,a dog plays with a toy,3036033157_522a43a550.jpg,-1,0.3109,0.6948,0.3838,"['2325258180_6217dd17eb.jpg', '535529555_583d89b7f2.jpg', '2374247382_023a86b9ca.jpg']","[0.6948, 0.6921, 0.6783]"
2324,black and white dog has blue ball in mouth,3036033157_522a43a550.jpg,-1,0.4735,0.683,0.2095,"['2857609295_16aaa85293.jpg', '1303727066_23d0f6ed43.jpg', '3562282690_cd2a95fe9e.jpg']","[0.683, 0.6461, 0.6448]"
2327,a white dog with a mouthpiece and a red collar running,3036596725_541bbe0955.jpg,-1,0.4658,0.8804,0.4147,"['2867699650_e6ddb540de.jpg', '512101751_05a6d93e19.jpg', '2444339090_bf7b3211f4.jpg']","[0.8804, 0.7577, 0.753]"
2330,a man is wind sailing in the ocean,3037558954_20115165e3.jpg,2,0.8062,0.8514,0.0452,"['2984174290_a915748d77.jpg', '3037558954_20115165e3.jpg', '3627679667_0e3de9fc90.jpg']","[0.8514, 0.8062, 0.7006]"
2331,a man stands on a sailboat in the water,3037558954_20115165e3.jpg,10,0.6173,0.8376,0.2203,"['2456907314_49bc4591c4.jpg', '2125216241_5b265a2fbc.jpg', '181777261_84c48b31cb.jpg']","[0.8376, 0.7716, 0.747]"
2332,a man windsurfs near the beach,3037558954_20115165e3.jpg,-1,0.5994,0.8047,0.2052,"['3532194771_07faf20d76.jpg', '3446347599_0ecc49a9d5.jpg', '3189002057_3ef61b803e.jpg']","[0.8047, 0.7795, 0.756]"
2333,a person is windsurfing in the water,3037558954_20115165e3.jpg,3,0.691,0.7334,0.0424,"['3058627443_1d57ff0a2c.jpg', '3701509233_a2275a4e57.jpg', '3037558954_20115165e3.jpg']","[0.7334, 0.7088, 0.691]"
2335,the skateboarder does a jump near a traffic cone,3038941104_17ee91fc03.jpg,-1,0.4667,0.613,0.1463,"['3446762868_06e9d9d899.jpg', '2497074804_b4f3e7fd90.jpg', '2700147489_f1664f2b61.jpg']","[0.613, 0.5767, 0.5652]"
2336,a skateboarder jumping a traffic cone,3038941104_17ee91fc03.jpg,-1,0.3908,0.6219,0.2311,"['2497074804_b4f3e7fd90.jpg', '3353278454_2f3a4d0bbc.jpg', '2922512807_d382528a93.jpg']","[0.6219, 0.6032, 0.5953]"
2337,a young man taking a jump on a skateboard,3038941104_17ee91fc03.jpg,-1,0.4874,0.7109,0.2234,"['3576741633_671340544c.jpg', '2902844125_4186bf3ab6.jpg', '2272750492_91e8f67328.jpg']","[0.7109, 0.7006, 0.6837]"
2338,a guy on a skateboard is doing a stunt at night,3038941104_17ee91fc03.jpg,8,0.637,0.8149,0.1779,"['3446762868_06e9d9d899.jpg', '3323988406_e3c8fce690.jpg', '3240351042_5d29c94b0e.jpg']","[0.8149, 0.7902, 0.7707]"
2339,a man wearing green jumps with his skateboard in the street,3038941104_17ee91fc03.jpg,-1,0.4742,0.7874,0.3132,"['2868575889_2c030aa8ae.jpg', '2497074804_b4f3e7fd90.jpg', '3329169877_175cb16845.jpg']","[0.7874, 0.6313, 0.5742]"
2340,a man in a brown jacket and a white shirt looks to his side,3041645937_ff7591d134.jpg,3,0.6703,0.7588,0.0885,"['2925737498_57585a7ed9.jpg', '3242007318_01e82171aa.jpg', '3041645937_ff7591d134.jpg']","[0.7588, 0.6991, 0.6703]"
2341,a man in a brown jacket looking off to the side,3041645937_ff7591d134.jpg,10,0.571,0.6975,0.1264,"['58368365_03ed3e5bdf.jpg', '3134585858_a8c3493ca5.jpg', '862187579_9faf4a51e0.jpg']","[0.6975, 0.6633, 0.6408]"
2342,a white man in a jacket looks to his left,3041645937_ff7591d134.jpg,-1,0.6092,0.7671,0.1579,"['3242007318_01e82171aa.jpg', '3125158798_0743dae56e.jpg', '3394586927_eae7732b64.jpg']","[0.7671, 0.7597, 0.7301]"
2343,a young man standing in a crowded area,3041645937_ff7591d134.jpg,-1,0.1153,0.8021,0.6868,"['2497074804_b4f3e7fd90.jpg', '3627676364_1dc9294ec5.jpg', '3433470650_a8b1c27173.jpg']","[0.8021, 0.7622, 0.7301]"
2344,middleaged man in casual clothes looking off camera,3041645937_ff7591d134.jpg,-1,0.3374,0.8136,0.4762,"['2551344688_17a12a6948.jpg', '1418019748_51c7d59c11.jpg', '2925737498_57585a7ed9.jpg']","[0.8136, 0.7783, 0.7023]"
2350,a group of people are standing around a sound mixing table,3042380610_c5ea61eef8.jpg,7,0.6749,0.8011,0.1261,"['2602258549_7401a3cdae.jpg', '3066338314_2c3fb731d1.jpg', '3084018061_df66d98325.jpg']","[0.8011, 0.7987, 0.724]"
2351,a group of people looking at sound equipment,3042380610_c5ea61eef8.jpg,-1,0.5513,0.7968,0.2454,"['465859490_b077219424.jpg', '2930622766_fa8f84deb1.jpg', '3673970325_4e025069e9.jpg']","[0.7968, 0.7519, 0.6899]"
2353,people examine equipment,3042380610_c5ea61eef8.jpg,7,0.6319,0.7706,0.1387,"['3351667846_ac43118ae5.jpg', '3543378438_47e2712486.jpg', '465859490_b077219424.jpg']","[0.7706, 0.7231, 0.7181]"
2354,six people standing behind electrical equipment,3042380610_c5ea61eef8.jpg,-1,0.4489,0.7534,0.3045,"['533713001_2d36e93509.jpg', '3718007650_e5930b4509.jpg', '2621771656_09a620da6d.jpg']","[0.7534, 0.7233, 0.7012]"
2355,the motocross rider does a trick in the air,3043501068_be58ac47e1.jpg,2,0.8576,0.8824,0.0248,"['3528105511_12ff45dc9c.jpg', '3043501068_be58ac47e1.jpg', '3215315009_47577bf8f7.jpg']","[0.8824, 0.8576, 0.8175]"
2356,the motocross bike is doing a jump in the air in front of the crowd,3043501068_be58ac47e1.jpg,2,0.8164,0.8354,0.019,"['3215315009_47577bf8f7.jpg', '3043501068_be58ac47e1.jpg', '3309578722_1765d7d1af.jpg']","[0.8354, 0.8164, 0.7618]"
2357,man on a motorcycle performing a trick high in the air,3043501068_be58ac47e1.jpg,2,0.7417,0.8798,0.1381,"['3215315009_47577bf8f7.jpg', '3043501068_be58ac47e1.jpg', '3528105511_12ff45dc9c.jpg']","[0.8798, 0.7417, 0.7296]"
2359,a dirt biker is airborne in front of a crowd,3043501068_be58ac47e1.jpg,2,0.7544,0.7677,0.0133,"['3215315009_47577bf8f7.jpg', '3043501068_be58ac47e1.jpg', '3309578722_1765d7d1af.jpg']","[0.7677, 0.7544, 0.7112]"
2361,two first responders carrying an injured girl,305199420_89f6ddd778.jpg,3,0.6396,0.6758,0.0362,"['2260369648_e21ae6494a.jpg', '3184031654_34b5c4ffe1.jpg', '305199420_89f6ddd778.jpg']","[0.6758, 0.6577, 0.6396]"
2362,two men in blue jumpsuits one holding a bandaged girl,305199420_89f6ddd778.jpg,-1,0.3539,0.7928,0.4389,"['278002800_3817135105.jpg', '470887791_86d5a08a38.jpg', '3399944164_ec24123945.jpg']","[0.7928, 0.734, 0.7017]"
2363,two men in uniform carry a small girl and her things,305199420_89f6ddd778.jpg,-1,0.2534,0.6171,0.3638,"['397601572_9587a39291.jpg', '3534952095_975cca0056.jpg', '492341908_1ef53be265.jpg']","[0.6171, 0.611, 0.6019]"
2364,two pilots walk along carrying a young girl with a bandaged head,305199420_89f6ddd778.jpg,-1,0.0419,0.777,0.7351,"['2672588619_3849930e99.jpg', '3415228562_4efa9c9b70.jpg', '2102732029_9ae520914d.jpg']","[0.777, 0.7168, 0.7007]"
2365,several girls in swimsuits are playing in a sprinkler fountain,3052196390_c59dd24ca8.jpg,-1,0.6463,0.8166,0.1703,"['2747714500_49476225c6.jpg', '2852982055_8112d0964f.jpg', '701816897_221bbe761a.jpg']","[0.8166, 0.7325, 0.7072]"
2366,little kids enjoy sprinklers by running through them outdoors,3052196390_c59dd24ca8.jpg,-1,0.4822,0.792,0.3098,"['673806038_0a3682a83f.jpg', '2540751930_d71c7f5622.jpg', '2257294002_0073263c54.jpg']","[0.792, 0.6713, 0.6638]"
2367,a group of children playing in a water fountain,3052196390_c59dd24ca8.jpg,4,0.7317,0.7945,0.0628,"['2747714500_49476225c6.jpg', '2852982055_8112d0964f.jpg', '673806038_0a3682a83f.jpg']","[0.7945, 0.7908, 0.7907]"
2368,a group of children playing in a sprinkler,3052196390_c59dd24ca8.jpg,4,0.7146,0.8643,0.1497,"['673806038_0a3682a83f.jpg', '2852982055_8112d0964f.jpg', '2747714500_49476225c6.jpg']","[0.8643, 0.8082, 0.7519]"
2369,children play in a water spray,3052196390_c59dd24ca8.jpg,9,0.6254,0.8191,0.1936,"['2747714500_49476225c6.jpg', '673806038_0a3682a83f.jpg', '3041689520_c481bdb20e.jpg']","[0.8191, 0.7914, 0.7675]"
2371,a closeup into a large unique type plan with a lone woman in the center,3057497487_57ecc60ff1.jpg,-1,0.2368,0.7097,0.4728,"['1449692616_60507875fb.jpg', '3351667846_ac43118ae5.jpg', '3572346664_e1e6c77f11.jpg']","[0.7097, 0.6671, 0.6047]"
2372,a person sitting in an airplane display,3057497487_57ecc60ff1.jpg,3,0.7161,0.7666,0.0505,"['469617651_278e586e46.jpg', '2125216241_5b265a2fbc.jpg', '3057497487_57ecc60ff1.jpg']","[0.7666, 0.7446, 0.7161]"
2373,a woman is sitting in a white biplane that hangs from the roof of an air museum,3057497487_57ecc60ff1.jpg,8,0.5967,0.7779,0.1813,"['469617651_278e586e46.jpg', '264141937_585320617a.jpg', '3178599352_c57fdebcd2.jpg']","[0.7779, 0.7202, 0.7177]"
2374,ride with a model biplane,3057497487_57ecc60ff1.jpg,7,0.5853,0.6625,0.0772,"['109823397_e35154645f.jpg', '2088460083_42ee8a595a.jpg', '2788628994_61123c03d2.jpg']","[0.6625, 0.6477, 0.6475]"
2375,a person wearing a red shirt is falling off a white surfboard,3058627443_1d57ff0a2c.jpg,10,0.5779,0.7234,0.1455,"['3707990914_843e8f15f1.jpg', '2978409165_acc4f29a40.jpg', '3442978981_53bf1f45f3.jpg']","[0.7234, 0.6136, 0.6084]"
2376,a person performing watersports gets seperated from his apparatus,3058627443_1d57ff0a2c.jpg,-1,0.3441,0.7419,0.3978,"['3132760860_3e743a935d.jpg', '3174726084_c108de0a64.jpg', '3131160589_dc73c209b7.jpg']","[0.7419, 0.7264, 0.6808]"
2377,a person is falling off their surfboard,3058627443_1d57ff0a2c.jpg,5,0.7091,0.8265,0.1174,"['3640329164_20cb245fd5.jpg', '3707990914_843e8f15f1.jpg', '3627679667_0e3de9fc90.jpg']","[0.8265, 0.789, 0.7642]"
2378,a man falling off his surfboard on the top of a wave,3058627443_1d57ff0a2c.jpg,-1,0.5362,0.7778,0.2416,"['3018304737_0a46fc5f1d.jpg', '3168123064_d1983b8f92.jpg', '2984174290_a915748d77.jpg']","[0.7778, 0.6992, 0.6956]"
2379,a man is tumbling into the water having fallen off a surfboard,3058627443_1d57ff0a2c.jpg,8,0.6651,0.7768,0.1118,"['2856923934_6eb8832c9a.jpg', '3613005134_bb7f304da1.jpg', '3640329164_20cb245fd5.jpg']","[0.7768, 0.7291, 0.7117]"
2383,a smiling man leaning back from a table with an ashtray on top,3066338314_2c3fb731d1.jpg,3,0.7376,0.7816,0.044,"['358607894_5abb1250d3.jpg', '2837640996_0183db8d93.jpg', '3066338314_2c3fb731d1.jpg']","[0.7816, 0.7586, 0.7376]"
2385,man watching four dogs play on the beach,3070031806_3d587c2a66.jpg,7,0.5993,0.7866,0.1873,"['239453674_0df7767208.jpg', '2603792708_18a97bac97.jpg', '3328535573_33c3cd5b59.jpg']","[0.7866, 0.6785, 0.6686]"
2386,a man is standing at the shoreline on the beach with 4 dogs,3070031806_3d587c2a66.jpg,3,0.6764,0.8183,0.1419,"['239453674_0df7767208.jpg', '2603792708_18a97bac97.jpg', '3070031806_3d587c2a66.jpg']","[0.8183, 0.6769, 0.6764]"
2387,a man is standing in front of 4 dogs on the beach,3070031806_3d587c2a66.jpg,4,0.6586,0.8178,0.1592,"['239453674_0df7767208.jpg', '2603792708_18a97bac97.jpg', '2407470303_6fd5e3600d.jpg']","[0.8178, 0.6927, 0.6634]"
2388,a dog running on the sand by the beach while his owner looks at the other dogs on the beach,3070031806_3d587c2a66.jpg,4,0.7501,0.7879,0.0378,"['2407470303_6fd5e3600d.jpg', '496555371_3e1ee0d97d.jpg', '254527963_3f5824b0e8.jpg']","[0.7879, 0.7588, 0.7527]"
2389,a man and 4 dogs playing on the beach,3070031806_3d587c2a66.jpg,6,0.6427,0.8272,0.1845,"['239453674_0df7767208.jpg', '2603792708_18a97bac97.jpg', '2865376471_43c5e6b941.jpg']","[0.8272, 0.6777, 0.661]"
2390,a man and a woman are kissing in a crowded street,3072782873_3278f3b3a7.jpg,-1,0.5166,0.6527,0.1361,"['3280052365_c4644bf0a5.jpg', '2622971954_59f192922d.jpg', '278002800_3817135105.jpg']","[0.6527, 0.6181, 0.5916]"
2391,a man and woman kiss in the street,3072782873_3278f3b3a7.jpg,-1,0.393,0.6032,0.2102,"['3134585858_a8c3493ca5.jpg', '503090187_8758ab5680.jpg', '502884177_25939ac000.jpg']","[0.6032, 0.5933, 0.5828]"
2392,couple kissing in the middle of a street,3072782873_3278f3b3a7.jpg,5,0.5872,0.6268,0.0396,"['3134585858_a8c3493ca5.jpg', '3213395965_2a823c6865.jpg', '503090187_8758ab5680.jpg']","[0.6268, 0.6178, 0.6019]"
2393,man and woman kissing on a public street,3072782873_3278f3b3a7.jpg,9,0.512,0.6225,0.1106,"['3446347599_0ecc49a9d5.jpg', '465859490_b077219424.jpg', '3213395965_2a823c6865.jpg']","[0.6225, 0.6146, 0.6056]"
2394,two people are kissing with old buildings on either side of them and people walking up in the background,3072782873_3278f3b3a7.jpg,9,0.5666,0.7031,0.1365,"['256444892_efcb3bd824.jpg', '3134585858_a8c3493ca5.jpg', '95734035_84732a92c1.jpg']","[0.7031, 0.6664, 0.6217]"
2395,the dog by the fence is running on the grass,3076928208_5763e9eb8c.jpg,-1,0.5675,0.8066,0.2391,"['2886411666_72d8b12ce4.jpg', '763577068_4b96ed768b.jpg', '1346529555_e916816cfe.jpg']","[0.8066, 0.7873, 0.7108]"
2397,a dog running with something in his mouth in the grass,3076928208_5763e9eb8c.jpg,-1,0.2707,0.7268,0.456,"['2584487952_f70e5aa9bf.jpg', '241046599_28b0ca7b9f.jpg', '3559781965_d4ec00e506.jpg']","[0.7268, 0.7222, 0.7203]"
2399,black and tan dog with all paws off ground and yellow object in mouth,3076928208_5763e9eb8c.jpg,-1,0.4587,0.7304,0.2717,"['1026685415_0431cbf574.jpg', '1346529555_e916816cfe.jpg', '472396131_6e97068d93.jpg']","[0.7304, 0.6664, 0.6465]"
2400,a man in a black and red jacket and helmet does a stunt on a motorbike,3079073247_97e88e2eb7.jpg,-1,0.5685,0.8552,0.2867,"['2891617125_f939f604c7.jpg', '479807833_85eed6899c.jpg', '3488512097_e500cb499f.jpg']","[0.8552, 0.8325, 0.7985]"
2401,a man standing on a motorcycle doing a stunt,3079073247_97e88e2eb7.jpg,3,0.6378,0.7779,0.1402,"['3215315009_47577bf8f7.jpg', '3057497487_57ecc60ff1.jpg', '3079073247_97e88e2eb7.jpg']","[0.7779, 0.6649, 0.6378]"
2403,motorcycle daredevil on reared motorcycle,3079073247_97e88e2eb7.jpg,4,0.8187,0.8893,0.0706,"['2911928620_06c3fa293e.jpg', '3530502404_f8c3a3f61c.jpg', '3534952095_975cca0056.jpg']","[0.8893, 0.8836, 0.8358]"
2404,someone riding sideways on a motorcycle,3079073247_97e88e2eb7.jpg,4,0.7825,0.866,0.0835,"['2911928620_06c3fa293e.jpg', '3530502404_f8c3a3f61c.jpg', '2891617125_f939f604c7.jpg']","[0.866, 0.8403, 0.7898]"
2405,two young girls hug,3079787482_0757e9d167.jpg,-1,0.4039,0.7724,0.3685,"['3661072592_2e693cd5a0.jpg', '2337809114_899ba61330.jpg', '3534824784_7133119316.jpg']","[0.7724, 0.7286, 0.6653]"
2406,two young children holding each other and posing,3079787482_0757e9d167.jpg,2,0.7335,0.854,0.1205,"['2337809114_899ba61330.jpg', '3079787482_0757e9d167.jpg', '799431781_65dc312afc.jpg']","[0.854, 0.7335, 0.732]"
2407,two toddlers posing for the camera,3079787482_0757e9d167.jpg,-1,0.4149,0.5761,0.1612,"['2576878141_87f25a10f0.jpg', '2911928620_06c3fa293e.jpg', '2374247382_023a86b9ca.jpg']","[0.5761, 0.5613, 0.5507]"
2408,a little girl hugs another little girl,3079787482_0757e9d167.jpg,-1,0.5055,0.7633,0.2579,"['2599131872_65789d86d5.jpg', '2197275664_fabcf3424b.jpg', '2337809114_899ba61330.jpg']","[0.7633, 0.7416, 0.6553]"
2409,a young child is being held by another child looking straight at us,3079787482_0757e9d167.jpg,-1,0.2681,0.759,0.4909,"['3437315443_ba2263f92e.jpg', '3480052428_c034b98a08.jpg', '2470486377_c3a39ccb7b.jpg']","[0.759, 0.6285, 0.627]"
2410,five people are sitting in a bar while a tv plays nearby,3084018061_df66d98325.jpg,9,0.5631,0.72,0.1569,"['2602258549_7401a3cdae.jpg', '3631474374_e40764d153.jpg', '3319338707_892ae2a660.jpg']","[0.72, 0.6721, 0.6455]"
2411,older men at bar drinking alcohol,3084018061_df66d98325.jpg,3,0.6862,0.7342,0.048,"['3105929913_94a6882e25.jpg', '3066338314_2c3fb731d1.jpg', '3084018061_df66d98325.jpg']","[0.7342, 0.6884, 0.6862]"
2412,three men drink at a reflective bar,3084018061_df66d98325.jpg,3,0.6734,0.7371,0.0637,"['3210419174_d083a16f77.jpg', '2380464803_a64f05bfa9.jpg', '3084018061_df66d98325.jpg']","[0.7371, 0.7214, 0.6734]"
2413,three men stand at a bar with drinks,3084018061_df66d98325.jpg,2,0.7158,0.7541,0.0383,"['2380464803_a64f05bfa9.jpg', '3084018061_df66d98325.jpg', '3199895624_4f01798c6f.jpg']","[0.7541, 0.7158, 0.7046]"
2414,three men stand in a bar with a purple counter,3084018061_df66d98325.jpg,4,0.616,0.6699,0.0539,"['3442844140_15aa45e9b8.jpg', '3497234632_6ec740fc1e.jpg', '3716277216_c04002be81.jpg']","[0.6699, 0.6408, 0.6187]"
2415,two women in very colorful costumes stand next to a man dressed in all white,3084034954_fe5737197d.jpg,5,0.6447,0.7049,0.0601,"['470887791_86d5a08a38.jpg', '440184957_267f3f3a2b.jpg', '536537638_f5ee42410b.jpg']","[0.7049, 0.6898, 0.6486]"
2416,a white suited man stands between two showgirls in a casino foyer,3084034954_fe5737197d.jpg,-1,0.3099,0.727,0.4171,"['2891240104_6755281868.jpg', '561179884_8b6b925ef9.jpg', '3342272425_804316cb3d.jpg']","[0.727, 0.711, 0.5908]"
2417,a man in a white suit is standing with two women,3084034954_fe5737197d.jpg,-1,0.3933,0.7748,0.3815,"['3139160252_75109e9e05.jpg', '3098714492_19939e3b19.jpg', '3199895624_4f01798c6f.jpg']","[0.7748, 0.7553, 0.7209]"
2418,a man at a casino hugging two colorfully dressed show girls,3084034954_fe5737197d.jpg,-1,0.5739,0.7037,0.1299,"['3145967019_1a83ebf712.jpg', '3404552106_f516df0f5b.jpg', '954987350_a0c608b467.jpg']","[0.7037, 0.6699, 0.6564]"
2419,a man stands in the middle of two woman dressed in brightly colored costumes,3084034954_fe5737197d.jpg,5,0.6827,0.8539,0.1712,"['440184957_267f3f3a2b.jpg', '3638783842_af08dbb518.jpg', '3184031654_34b5c4ffe1.jpg']","[0.8539, 0.7821, 0.7793]"
2420,a big brown dog plays with a small white dog near a ball,3086523890_fd9394af8b.jpg,-1,0.473,0.7358,0.2628,"['3494345896_dd6b32cfa3.jpg', '684375286_09cc1aa778.jpg', '496971341_22782195f0.jpg']","[0.7358, 0.6312, 0.5949]"
2421,a brown dog is jumping on top of a smaller white dog and there is a colorful ball on the floor,3086523890_fd9394af8b.jpg,9,0.5296,0.6864,0.1568,"['539750844_02a07ec524.jpg', '2616561200_ea079f285a.jpg', '3155390408_8e1a81efb2.jpg']","[0.6864, 0.6746, 0.6537]"
2422,a large brown and a small white dog play indoors on a carpet,3086523890_fd9394af8b.jpg,2,0.747,0.7711,0.0241,"['351876121_c7c0221928.jpg', '3086523890_fd9394af8b.jpg', '2550109269_bc4262bd27.jpg']","[0.7711, 0.747, 0.741]"
2423,the fat brown dog is standing over the little white dog,3086523890_fd9394af8b.jpg,-1,0.514,0.8014,0.2874,"['2419221084_01a14176b4.jpg', '2902486045_6298eb22ef.jpg', '684375286_09cc1aa778.jpg']","[0.8014, 0.7175, 0.6349]"
2424,two dogs play together,3086523890_fd9394af8b.jpg,4,0.6254,0.8283,0.2029,"['424506167_01f365726b.jpg', '2314722788_6262c3aa40.jpg', '2981372647_2061278c60.jpg']","[0.8283, 0.7018, 0.6692]"
2425,a man wearing glasses and black clothing is sitting while a man in a vest drinks in the background,3091962081_194f2f3bd4.jpg,2,0.7375,0.7457,0.0082,"['3105929913_94a6882e25.jpg', '3091962081_194f2f3bd4.jpg', '2551344688_17a12a6948.jpg']","[0.7457, 0.7375, 0.7268]"
2427,a saltandpepperhaired man with beard and glasses wearing black sits on the grass,3091962081_194f2f3bd4.jpg,2,0.7009,0.7511,0.0502,"['3495490064_8db40a83af.jpg', '3091962081_194f2f3bd4.jpg', '2565350330_c7f305e7f7.jpg']","[0.7511, 0.7009, 0.6455]"
2428,closeup of a man at an event with formal attire,3091962081_194f2f3bd4.jpg,-1,0.1668,0.6637,0.4969,"['58368365_03ed3e5bdf.jpg', '530661899_94655d7d0e.jpg', '3627676364_1dc9294ec5.jpg']","[0.6637, 0.6509, 0.6133]"
2429,the man is dressed in black and smiling while another man is drinking and an elderly woman is standing near a fence,3091962081_194f2f3bd4.jpg,3,0.6334,0.6936,0.0602,"['2925737498_57585a7ed9.jpg', '2219959872_988e6d498e.jpg', '3091962081_194f2f3bd4.jpg']","[0.6936, 0.6724, 0.6334]"
2430,two guys dressed in tuxes with red ties,3098707588_5096d20397.jpg,-1,0.5438,0.8107,0.2669,"['470887791_86d5a08a38.jpg', '536537638_f5ee42410b.jpg', '2272823323_3b7291cd47.jpg']","[0.8107, 0.7256, 0.6987]"
2432,two men dressed up share a toast,3098707588_5096d20397.jpg,-1,0.4472,0.8257,0.3785,"['2891240104_6755281868.jpg', '3640109324_3ce89e4d1a.jpg', '95734035_84732a92c1.jpg']","[0.8257, 0.7965, 0.6502]"
2433,two men in matching suits are smiling and drinking,3098707588_5096d20397.jpg,6,0.6369,0.7985,0.1617,"['3105929913_94a6882e25.jpg', '2924884899_f512c84332.jpg', '2551344688_17a12a6948.jpg']","[0.7985, 0.7555, 0.7049]"
2434,two men in suits laugh and hold drinks,3098707588_5096d20397.jpg,3,0.7442,0.8072,0.063,"['3105929913_94a6882e25.jpg', '2924884899_f512c84332.jpg', '3098707588_5096d20397.jpg']","[0.8072, 0.7458, 0.7442]"
2440,a group of people sitting on benches at a city park,310213587_778fe8fb5b.jpg,2,0.6903,0.6938,0.0035,"['2525666287_638ab5e784.jpg', '310213587_778fe8fb5b.jpg', '3328535573_33c3cd5b59.jpg']","[0.6938, 0.6903, 0.6777]"
2441,a man drinking a beverage and holding a plastic bag far away from the other people,310213587_778fe8fb5b.jpg,-1,0.1701,0.7713,0.6011,"['2924884899_f512c84332.jpg', '3640109324_3ce89e4d1a.jpg', '1429723917_6af585e4c0.jpg']","[0.7713, 0.74, 0.7178]"
2442,a man drinking a soda is standing in front of a bench near a group of people sitting,310213587_778fe8fb5b.jpg,4,0.6174,0.6672,0.0498,"['3091962081_194f2f3bd4.jpg', '3433470650_a8b1c27173.jpg', '3627676364_1dc9294ec5.jpg']","[0.6672, 0.6573, 0.6189]"
2443,a man in black clothes and a blue hat is taking a drink and holding a shopping bag,310213587_778fe8fb5b.jpg,-1,-0.0737,0.7011,0.7748,"['1429723917_6af585e4c0.jpg', '2924884899_f512c84332.jpg', '1418019748_51c7d59c11.jpg']","[0.7011, 0.6441, 0.6391]"
2444,a man is standing next to a bench drinking a soda while other people sit on a bench nearby,310213587_778fe8fb5b.jpg,3,0.5711,0.8494,0.2783,"['3091962081_194f2f3bd4.jpg', '3108378861_d2214d971e.jpg', '310213587_778fe8fb5b.jpg']","[0.8494, 0.5727, 0.5711]"
2446,religious people wearing white with bald heads hold their hands in a praying position,3105929913_94a6882e25.jpg,-1,0.3312,0.6716,0.3404,"['3694219419_a7a83d4886.jpg', '3301754574_465af5bf6d.jpg', '3174726084_c108de0a64.jpg']","[0.6716, 0.6479, 0.6444]"
2447,four people with shaved heads and white robes pose their hands in prayer,3105929913_94a6882e25.jpg,-1,0.3885,0.8958,0.5073,"['2728276857_3f83757ef2.jpg', '3242718240_3358f2d6e6.jpg', '3197891333_b1b0fd1702.jpg']","[0.8958, 0.7491, 0.6749]"
2449,four people with shaved heads and white robes praying,3105929913_94a6882e25.jpg,-1,0.3226,0.7748,0.4522,"['2728276857_3f83757ef2.jpg', '2621771656_09a620da6d.jpg', '2622971954_59f192922d.jpg']","[0.7748, 0.7066, 0.6367]"
2450,a man takes a picture out a window,3106340185_80d0cb770a.jpg,-1,0.2958,0.7281,0.4323,"['343662720_39e4067cd1.jpg', '1418019748_51c7d59c11.jpg', '1298866571_b4c496b71c.jpg']","[0.7281, 0.6794, 0.6572]"
2451,a shirtless man looks out a window,3106340185_80d0cb770a.jpg,-1,0.1986,0.6958,0.4972,"['343662720_39e4067cd1.jpg', '1418019748_51c7d59c11.jpg', '2925737498_57585a7ed9.jpg']","[0.6958, 0.6461, 0.641]"
2452,half naked man leaning out of window taking pictures,3106340185_80d0cb770a.jpg,-1,0.3703,0.7238,0.3534,"['1418019748_51c7d59c11.jpg', '1414820925_3504c394e1.jpg', '2891240104_6755281868.jpg']","[0.7238, 0.713, 0.6729]"
2453,the man is going to take a picture from the open window,3106340185_80d0cb770a.jpg,-1,0.465,0.7603,0.2954,"['3394586927_eae7732b64.jpg', '3503011427_a4ee547c77.jpg', '1057210460_09c6f4c6c1.jpg']","[0.7603, 0.7558, 0.69]"
2454,the man is with a camera looking out of an open window,3106340185_80d0cb770a.jpg,-1,0.2477,0.7128,0.4651,"['1417295167_5299df6db8.jpg', '1418019748_51c7d59c11.jpg', '343662720_39e4067cd1.jpg']","[0.7128, 0.6817, 0.673]"
2455,flock of pigeons flying in front of building with a mural painted on it,310728631_155c3bbeea.jpg,-1,0.403,0.6668,0.2638,"['2165461920_1a4144eb2b.jpg', '557601144_50b8c40393.jpg', '2176874361_2b4149010b.jpg']","[0.6668, 0.6501, 0.5872]"
2456,a group of birds fly up from the street against a painted wall,310728631_155c3bbeea.jpg,-1,0.3699,0.7196,0.3497,"['2652155912_8ba5426790.jpg', '3328535573_33c3cd5b59.jpg', '2718376488_3c62f7642c.jpg']","[0.7196, 0.6697, 0.5896]"
2457,a flock of birds flying past a chinese mural on a building,310728631_155c3bbeea.jpg,3,0.597,0.6651,0.0681,"['2652155912_8ba5426790.jpg', '2165461920_1a4144eb2b.jpg', '310728631_155c3bbeea.jpg']","[0.6651, 0.611, 0.597]"
2458,a flock of birds disturbed and in flight in front of a wall that has a mural of three women and a man,310728631_155c3bbeea.jpg,-1,0.3369,0.7364,0.3995,"['3656104088_a0d1642fa9.jpg', '2652155912_8ba5426790.jpg', '2165461920_1a4144eb2b.jpg']","[0.7364, 0.6321, 0.6139]"
2459,a flock of birds fly up from the ground next to a building with a mural,310728631_155c3bbeea.jpg,-1,0.4579,0.7319,0.274,"['2652155912_8ba5426790.jpg', '3656104088_a0d1642fa9.jpg', '2410153942_ba4a136358.jpg']","[0.7319, 0.7172, 0.6578]"
2460,a man and woman both wearing white are on rocks,3108378861_d2214d971e.jpg,2,0.7274,0.7612,0.0338,"['2521983429_33218366bd.jpg', '3108378861_d2214d971e.jpg', '319869052_08b000e4af.jpg']","[0.7612, 0.7274, 0.6652]"
2465,two snowboarders in a snowy scene,3108732084_565b423162.jpg,-1,0.0568,0.7386,0.6819,"['412101267_7257e6d8c0.jpg', '454709143_9c513f095c.jpg', '2272823323_3b7291cd47.jpg']","[0.7386, 0.7223, 0.7131]"
2466,someone on a nitro snowboard in midair and another person on the ground behind them,3108732084_565b423162.jpg,-1,0.5345,0.8941,0.3596,"['3357416302_fcfcdd7b86.jpg', '3319899418_4bcf1b00d8.jpg', '3240351042_5d29c94b0e.jpg']","[0.8941, 0.8548, 0.8281]"
2467,a man in a white coat jumps a snowboard,3108732084_565b423162.jpg,-1,0.6081,0.9227,0.3146,"['3329169877_175cb16845.jpg', '3170551725_1276644eab.jpg', '3248352729_ab264b2222.jpg']","[0.9227, 0.8151, 0.7886]"
2468,a person on a green board is snowboarding in midair,3108732084_565b423162.jpg,-1,0.5854,0.8408,0.2554,"['3467510271_0f57e52768.jpg', '3319899418_4bcf1b00d8.jpg', '70995350_75d0698839.jpg']","[0.8408, 0.8038, 0.7638]"
2469,a snowboarder,3108732084_565b423162.jpg,-1,0.5282,0.7937,0.2655,"['3329169877_175cb16845.jpg', '3170551725_1276644eab.jpg', '3248352729_ab264b2222.jpg']","[0.7937, 0.7759, 0.6946]"
2475,women in colorful costumes dance in the street in front of a mcdonalds,3111897772_5211a37a02.jpg,4,0.6971,0.7301,0.0331,"['3404552106_f516df0f5b.jpg', '3084034954_fe5737197d.jpg', '3565598162_56044bc2f7.jpg']","[0.7301, 0.7283, 0.707]"
2476,women in long skirts and jackets dancing in the back of a mcdonald s,3111897772_5211a37a02.jpg,8,0.6014,0.7002,0.0988,"['3420260768_26a600b844.jpg', '440184957_267f3f3a2b.jpg', '3688858505_e8afd1475d.jpg']","[0.7002, 0.6703, 0.6512]"
2477,four women dressed in long colorful skirts and winter clothes are dancing on the street,3111897772_5211a37a02.jpg,4,0.7096,0.7654,0.0558,"['440184957_267f3f3a2b.jpg', '3084034954_fe5737197d.jpg', '3565598162_56044bc2f7.jpg']","[0.7654, 0.7409, 0.7291]"
2478,a group of girls in dresses dancing,3111897772_5211a37a02.jpg,3,0.7484,0.7913,0.0428,"['3688858505_e8afd1475d.jpg', '3084034954_fe5737197d.jpg', '3111897772_5211a37a02.jpg']","[0.7913, 0.763, 0.7484]"
2479,the people are dressed in heavy layered clothing and are motioning together,3111897772_5211a37a02.jpg,-1,0.439,0.775,0.336,"['536537638_f5ee42410b.jpg', '3716277216_c04002be81.jpg', '380527679_574749123d.jpg']","[0.775, 0.7335, 0.6471]"
2480,a girl in a red shirt looks at her mom in a crowd of people sitting in white plastic chairs,3114944484_28b5bb9842.jpg,2,0.8191,0.8615,0.0424,"['325005410_e1ff5041b5.jpg', '3114944484_28b5bb9842.jpg', '3396043950_12783c5147.jpg']","[0.8615, 0.8191, 0.7939]"
2481,a group of people are facing away from the camera,3114944484_28b5bb9842.jpg,-1,0.6282,0.8195,0.1912,"['3535056297_e16f014cb7.jpg', '3627676364_1dc9294ec5.jpg', '2622971954_59f192922d.jpg']","[0.8195, 0.8095, 0.7981]"
2483,a little girl looking into a females face in the midst of a crowd,3114944484_28b5bb9842.jpg,-1,0.5454,0.7233,0.1779,"['2456030728_d3d147e774.jpg', '1539166395_0cdc0accee.jpg', '3437315443_ba2263f92e.jpg']","[0.7233, 0.6798, 0.6476]"
2484,a young girl wearing red faces the opposite direction from the rest of a seated audience,3114944484_28b5bb9842.jpg,4,0.6714,0.8413,0.1698,"['325005410_e1ff5041b5.jpg', '3396043950_12783c5147.jpg', '576920249_df1bdc2068.jpg']","[0.8413, 0.8405, 0.6778]"
2485,a person is riding his bicycle and is flying through the air on it,3119696225_b289efaec8.jpg,-1,0.4724,0.8387,0.3663,"['3386060324_b98fdfa449.jpg', '3391924827_53b31542ce.jpg', '3649916507_b88a3d2082.jpg']","[0.8387, 0.7546, 0.7123]"
2486,a person is on a bike in midair,3119696225_b289efaec8.jpg,-1,0.4035,0.8562,0.4526,"['3391924827_53b31542ce.jpg', '3386060324_b98fdfa449.jpg', '3309578722_1765d7d1af.jpg']","[0.8562, 0.8204, 0.7808]"
2487,a biker makes a jump across from a city beach,3119696225_b289efaec8.jpg,2,0.6951,0.6955,0.0003,"['3531811969_49af4c22f0.jpg', '3119696225_b289efaec8.jpg', '3674521435_89ff681074.jpg']","[0.6955, 0.6951, 0.6662]"
2488,a bike rider performing a stunt on the cliffs near the water,3119696225_b289efaec8.jpg,-1,0.4318,0.6624,0.2306,"['3674521435_89ff681074.jpg', '3531811969_49af4c22f0.jpg', '3386060324_b98fdfa449.jpg']","[0.6624, 0.6618, 0.6287]"
2489,a cyclist doing a jump outdoors with urban seaside terrain in the background,3119696225_b289efaec8.jpg,-1,0.4856,0.757,0.2714,"['3386060324_b98fdfa449.jpg', '3391924827_53b31542ce.jpg', '3531811969_49af4c22f0.jpg']","[0.757, 0.7438, 0.7274]"
2491,a man in wrestling tights poses in a furious pose on a stage in front of some pyrotechnics,3119903318_d032141839.jpg,-1,0.5214,0.7287,0.2072,"['3348208268_6d97d951eb.jpg', '3438858409_136345fa07.jpg', '416788726_5b4eb1466e.jpg']","[0.7287, 0.7144, 0.6833]"
2492,a man wearing no shirt stands on a stage with fire in the background,3119903318_d032141839.jpg,-1,0.5107,0.7319,0.2213,"['506882688_b37d549593.jpg', '195962284_e57178054a.jpg', '2773011586_6f4cd41e84.jpg']","[0.7319, 0.6741, 0.6609]"
2493,a man wearing shorts is standing near explosive special effects,3119903318_d032141839.jpg,-1,0.0519,0.741,0.6891,"['1057210460_09c6f4c6c1.jpg', '3499720588_c32590108e.jpg', '1414820925_3504c394e1.jpg']","[0.741, 0.7319, 0.7156]"
2494,a wrestler poses in front of a series of explosions,3119903318_d032141839.jpg,-1,0.4662,0.7531,0.2869,"['3348208268_6d97d951eb.jpg', '1991806812_065f747689.jpg', '416788726_5b4eb1466e.jpg']","[0.7531, 0.7142, 0.6784]"
2495,man and woman standing together on a cobbled street having their picture taken,3125158798_0743dae56e.jpg,-1,0.3145,0.7383,0.4237,"['2222559267_6fd31e3941.jpg', '1859726819_9a793b3b44.jpg', '617038406_4092ee91dd.jpg']","[0.7383, 0.6337, 0.6263]"
2496,a well dressed man and woman are posing for a picture,3125158798_0743dae56e.jpg,-1,0.3069,0.9148,0.6079,"['3400385314_a5bc062e97.jpg', '3155501473_510f9c9f6b.jpg', '3203707977_cc9448fecb.jpg']","[0.9148, 0.9007, 0.782]"
2498,a man and a woman with a red book both dressed in black,3125158798_0743dae56e.jpg,-1,0.555,0.7184,0.1634,"['3134585858_a8c3493ca5.jpg', '3203707977_cc9448fecb.jpg', '3242007318_01e82171aa.jpg']","[0.7184, 0.6981, 0.62]"
2499,a man and woman pose together on a cobblestone street,3125158798_0743dae56e.jpg,-1,0.3386,0.6543,0.3158,"['617038406_4092ee91dd.jpg', '1332208215_fa824f6659.jpg', '2525666287_638ab5e784.jpg']","[0.6543, 0.6433, 0.6339]"
2500,two boys on a boat riding though the water,3130064588_6d1d3fa2dd.jpg,4,0.649,0.7546,0.1056,"['3690159129_93ba49ea18.jpg', '493542985_c85ad29ebe.jpg', '2978409165_acc4f29a40.jpg']","[0.7546, 0.7305, 0.6915]"
2501,two boys sitting on a boat in the water,3130064588_6d1d3fa2dd.jpg,2,0.753,0.7674,0.0144,"['493542985_c85ad29ebe.jpg', '3130064588_6d1d3fa2dd.jpg', '2526585002_10987a63f3.jpg']","[0.7674, 0.753, 0.6489]"
2502,two men are riding a blue and orange boat,3130064588_6d1d3fa2dd.jpg,-1,0.5042,0.7609,0.2568,"['3690159129_93ba49ea18.jpg', '2526585002_10987a63f3.jpg', '3640329164_20cb245fd5.jpg']","[0.7609, 0.7534, 0.7094]"
2503,two men sit on the dock overlooking blue water,3130064588_6d1d3fa2dd.jpg,3,0.6617,0.7333,0.0717,"['361183669_52be9662b9.jpg', '2525666287_638ab5e784.jpg', '3130064588_6d1d3fa2dd.jpg']","[0.7333, 0.6617, 0.6617]"
2504,two young men with shirts are riding on the back of a boat with an orange deck,3130064588_6d1d3fa2dd.jpg,-1,0.5482,0.7432,0.195,"['3690159129_93ba49ea18.jpg', '2526585002_10987a63f3.jpg', '3640329164_20cb245fd5.jpg']","[0.7432, 0.7089, 0.647]"
2505,four warmly dressed children sit by a cement wall covered in a blue blanket,3131107810_7e9b96cddc.jpg,-1,0.4445,0.6666,0.2221,"['3242718240_3358f2d6e6.jpg', '979383193_0a542a059d.jpg', '3197891333_b1b0fd1702.jpg']","[0.6666, 0.6397, 0.6332]"
2506,four children keeping warm under a blanket,3131107810_7e9b96cddc.jpg,-1,0.3295,0.6677,0.3382,"['979383193_0a542a059d.jpg', '2257294002_0073263c54.jpg', '3480052428_c034b98a08.jpg']","[0.6677, 0.6623, 0.6257]"
2507,four hooded children huddle under a blanket outdoors,3131107810_7e9b96cddc.jpg,-1,0.4382,0.6708,0.2327,"['3480052428_c034b98a08.jpg', '3197891333_b1b0fd1702.jpg', '3242718240_3358f2d6e6.jpg']","[0.6708, 0.6522, 0.5953]"
2508,a group of children sit against a fence covered with a blanket,3131107810_7e9b96cddc.jpg,-1,0.2538,0.631,0.3772,"['3319338707_892ae2a660.jpg', '979383193_0a542a059d.jpg', '3197891333_b1b0fd1702.jpg']","[0.631, 0.6098, 0.6078]"
2509,four children huddle under a blanket,3131107810_7e9b96cddc.jpg,-1,0.3431,0.6435,0.3005,"['3480052428_c034b98a08.jpg', '3150315970_8f045c41a4.jpg', '520491467_54cbc0a866.jpg']","[0.6435, 0.6246, 0.5883]"
2510,a man dressed in a santa suit is climbing up a large concrete building,3131160589_dc73c209b7.jpg,-1,0.2689,0.735,0.4661,"['3394586927_eae7732b64.jpg', '3686924335_3c51e8834a.jpg', '2328104318_5a43ca170c.jpg']","[0.735, 0.6205, 0.5894]"
2511,a man in a red suit climbs a rock wall,3131160589_dc73c209b7.jpg,-1,0.4709,0.8542,0.3833,"['415793623_6c1225ae27.jpg', '486917990_72bd4069af.jpg', '2623560640_0445c9a138.jpg']","[0.8542, 0.728, 0.7019]"
2512,a rock climber wearing a santa suit is hanging from a strand of christmas lights,3131160589_dc73c209b7.jpg,-1,0.5431,0.6976,0.1545,"['2882483779_73c171ac19.jpg', '3174726084_c108de0a64.jpg', '3288274849_07ff76ee93.jpg']","[0.6976, 0.6619, 0.6508]"
2513,santa claus climbing a rock strung with christmas lights,3131160589_dc73c209b7.jpg,-1,0.4597,0.6464,0.1867,"['561179884_8b6b925ef9.jpg', '2480832276_fa55480ecb.jpg', '2882483779_73c171ac19.jpg']","[0.6464, 0.625, 0.6128]"
2514,someone dressed like santa claus is climbing a rock wall,3131160589_dc73c209b7.jpg,2,0.6868,0.6989,0.0121,"['415793623_6c1225ae27.jpg', '3131160589_dc73c209b7.jpg', '466956675_a2fb6bf901.jpg']","[0.6989, 0.6868, 0.6754]"
2516,two white dogs are running alongside one another next to a fence,3132619510_7dfc947d25.jpg,2,0.7882,0.8023,0.0141,"['2419221084_01a14176b4.jpg', '3132619510_7dfc947d25.jpg', '3271084924_4778d556cc.jpg']","[0.8023, 0.7882, 0.6894]"
2519,two dogs running along a fence,3132619510_7dfc947d25.jpg,-1,0.2575,0.7198,0.4623,"['522486784_978021d537.jpg', '268654674_d29e00b3d0.jpg', '2427558437_3e839056d7.jpg']","[0.7198, 0.7109, 0.6614]"
2520,a boy with a board strapped to his feet does a trick while holding onto some kind of rope,3132760860_3e743a935d.jpg,-1,0.5457,0.6797,0.134,"['3741827382_71e93298d0.jpg', '2681215810_00b0642f7b.jpg', '350443876_c9769f5734.jpg']","[0.6797, 0.6456, 0.6366]"
2521,a wakeboarder is leaping into the air whilst holding onto a yellow rope,3132760860_3e743a935d.jpg,2,0.7302,0.7725,0.0424,"['3625519177_4c2bb9e7f0.jpg', '3132760860_3e743a935d.jpg', '3528105511_12ff45dc9c.jpg']","[0.7725, 0.7302, 0.7134]"
2522,girl wearing swim gear is surfboarding,3132760860_3e743a935d.jpg,-1,0.2934,0.8419,0.5485,"['656260720_a7db4ce48b.jpg', '1343426964_cde3fb54e8.jpg', '3372251830_baa3665928.jpg']","[0.8419, 0.7931, 0.7617]"
2525,santa and a woman drink wine next to the christmas tree while wearing joke disguise glasses,3134341610_3c55e373a7.jpg,8,0.5776,0.7652,0.1877,"['3638783842_af08dbb518.jpg', '440184957_267f3f3a2b.jpg', '3084034954_fe5737197d.jpg']","[0.7652, 0.6655, 0.6309]"
2526,two people with silly disguises at christmas time,3134341610_3c55e373a7.jpg,-1,0.1852,0.6908,0.5056,"['2337809114_899ba61330.jpg', '251958970_fa6b423f23.jpg', '3145967019_1a83ebf712.jpg']","[0.6908, 0.681, 0.6722]"
2527,two people one of whom is in a santa costume pose wearing funny glasses,3134341610_3c55e373a7.jpg,5,0.7024,0.8045,0.102,"['440184957_267f3f3a2b.jpg', '3503623999_bbd5dcfb18.jpg', '3184031654_34b5c4ffe1.jpg']","[0.8045, 0.7873, 0.7725]"
2528,a woman in mask sits next to a man wearing a santa suit and also in mask as they hold wine glasses next to a christmas tree,3134341610_3c55e373a7.jpg,10,0.5458,0.7515,0.2057,"['3638783842_af08dbb518.jpg', '3098707588_5096d20397.jpg', '1859726819_9a793b3b44.jpg']","[0.7515, 0.6885, 0.6813]"
2529,a man and woman in masks and costume make a toast in front of a christmas tree,3134341610_3c55e373a7.jpg,-1,0.4214,0.67,0.2486,"['281754914_bc8119a0ed.jpg', '3231880001_193a579b97.jpg', '3351667846_ac43118ae5.jpg']","[0.67, 0.6562, 0.6327]"
2530,a man and a woman are dressed in black coats,3134585858_a8c3493ca5.jpg,2,0.6529,0.6809,0.028,"['1859726819_9a793b3b44.jpg', '3134585858_a8c3493ca5.jpg', '1417295167_5299df6db8.jpg']","[0.6809, 0.6529, 0.6363]"
2531,a man and a woman wearing black wool coats,3134585858_a8c3493ca5.jpg,-1,0.4868,0.7221,0.2353,"['3183883750_b6acc40397.jpg', '1417295167_5299df6db8.jpg', '3199895624_4f01798c6f.jpg']","[0.7221, 0.7092, 0.6984]"
2532,a man and woman both wearing black coats pose for a picture,3134585858_a8c3493ca5.jpg,7,0.6773,0.9105,0.2332,"['3155501473_510f9c9f6b.jpg', '3400385314_a5bc062e97.jpg', '3203707977_cc9448fecb.jpg']","[0.9105, 0.8874, 0.835]"
2533,a man and woman in black coats are outside while it is snowing,3134585858_a8c3493ca5.jpg,2,0.6329,0.6366,0.0037,"['1859726819_9a793b3b44.jpg', '3134585858_a8c3493ca5.jpg', '1417295167_5299df6db8.jpg']","[0.6366, 0.6329, 0.5992]"
2543,three women one of which is holding a paper cup posing in front of a christmas tree,3139160252_75109e9e05.jpg,2,0.7329,0.7425,0.0096,"['3638783842_af08dbb518.jpg', '3139160252_75109e9e05.jpg', '3084034954_fe5737197d.jpg']","[0.7425, 0.7329, 0.7246]"
2545,three women pose for a picture together,3145967019_1a83ebf712.jpg,5,0.6983,0.8367,0.1384,"['3396153660_f729d9f9b9.jpg', '3319058642_885d756295.jpg', '3139160252_75109e9e05.jpg']","[0.8367, 0.7874, 0.7382]"
2546,three women are posing together and smiling while one holds up a hand signal,3145967019_1a83ebf712.jpg,4,0.7372,0.824,0.0868,"['3396153660_f729d9f9b9.jpg', '3319058642_885d756295.jpg', '3203707977_cc9448fecb.jpg']","[0.824, 0.7742, 0.7424]"
2547,three women are posing for a picture,3145967019_1a83ebf712.jpg,3,0.7101,0.8452,0.135,"['3396153660_f729d9f9b9.jpg', '3319058642_885d756295.jpg', '3145967019_1a83ebf712.jpg']","[0.8452, 0.8122, 0.7101]"
2548,three women are drinking and hugging,3145967019_1a83ebf712.jpg,2,0.7007,0.727,0.0263,"['3396153660_f729d9f9b9.jpg', '3145967019_1a83ebf712.jpg', '3199895624_4f01798c6f.jpg']","[0.727, 0.7007, 0.6734]"
2549,three smiling women one with a shoulder bag one with a blue cup and one using sign language are posing for a picture,3145967019_1a83ebf712.jpg,5,0.6543,0.724,0.0697,"['3396153660_f729d9f9b9.jpg', '3203707977_cc9448fecb.jpg', '3319058642_885d756295.jpg']","[0.724, 0.671, 0.6588]"
2550,a couple leaning over a concrete railing inside of a building,3150315970_8f045c41a4.jpg,-1,0.2088,0.633,0.4243,"['268654674_d29e00b3d0.jpg', '3217893350_57be430d06.jpg', '2891961886_b7a2f0b0fd.jpg']","[0.633, 0.6054, 0.6034]"
2551,a man and a woman are looking at each other while standing on an elaborate indoor balcony,3150315970_8f045c41a4.jpg,-1,0.2813,0.6448,0.3635,"['2222559267_6fd31e3941.jpg', '432167214_c17fcc1a2d.jpg', '1859726819_9a793b3b44.jpg']","[0.6448, 0.6337, 0.6331]"
2552,a man and a woman looking over a balcony at an elegant building,3150315970_8f045c41a4.jpg,-1,0.3326,0.6862,0.3536,"['268654674_d29e00b3d0.jpg', '1350811702_2ce7cfd0c5.jpg', '2222559267_6fd31e3941.jpg']","[0.6862, 0.6473, 0.6142]"
2553,a man and woman are gazing at each other on a balcony inside a building,3150315970_8f045c41a4.jpg,-1,0.5311,0.6923,0.1612,"['1332208215_fa824f6659.jpg', '3323988406_e3c8fce690.jpg', '3106340185_80d0cb770a.jpg']","[0.6923, 0.6082, 0.6]"
2554,a man and woman stand at a balcony looking at each other,3150315970_8f045c41a4.jpg,-1,0.2032,0.6444,0.4412,"['2222559267_6fd31e3941.jpg', '465859490_b077219424.jpg', '432167214_c17fcc1a2d.jpg']","[0.6444, 0.6294, 0.5958]"
2555,the number five miami player dribbles down the court,3154709407_9b0778cbeb.jpg,-1,0.5048,0.8548,0.35,"['3268443910_b36dbc1e5c.jpg', '3420260768_26a600b844.jpg', '3111208043_dbe8e87fa1.jpg']","[0.8548, 0.7469, 0.696]"
2558,man playing basketball jersey number 5,3154709407_9b0778cbeb.jpg,2,0.7873,0.8044,0.0171,"['3218481970_1fa627b3da.jpg', '3154709407_9b0778cbeb.jpg', '3368569524_a9df2fc312.jpg']","[0.8044, 0.7873, 0.7858]"
2560,a dog catches a ball in its mouth,3155390408_8e1a81efb2.jpg,9,0.5172,0.6625,0.1453,"['3696246123_99d4d10140.jpg', '459814265_d48ba48978.jpg', '539750844_02a07ec524.jpg']","[0.6625, 0.6618, 0.6569]"
2561,a dog leaps up to catch a blue and tan ball,3155390408_8e1a81efb2.jpg,3,0.8108,0.886,0.0752,"['3544673666_ffc7483c96.jpg', '539750844_02a07ec524.jpg', '3155390408_8e1a81efb2.jpg']","[0.886, 0.8409, 0.8108]"
2562,a dog reaches to catch a ball with its mouth,3155390408_8e1a81efb2.jpg,2,0.8177,0.8562,0.0385,"['539750844_02a07ec524.jpg', '3155390408_8e1a81efb2.jpg', '2616561200_ea079f285a.jpg']","[0.8562, 0.8177, 0.7417]"
2564,a white dog with black spots is catching a baseball with its mouth,3155390408_8e1a81efb2.jpg,-1,0.4807,0.6429,0.1622,"['2857609295_16aaa85293.jpg', '3608400551_d6f7965308.jpg', '3562282690_cd2a95fe9e.jpg']","[0.6429, 0.6224, 0.6181]"
2565,many people carry their drums,3155400369_69e3d6d70f.jpg,-1,0.3154,0.8234,0.508,"['2928835996_88b9f9503d.jpg', '380527679_574749123d.jpg', '3225037367_a71fa86319.jpg']","[0.8234, 0.6945, 0.6831]"
2566,marching band dressed in yellow and green march on the field,3155400369_69e3d6d70f.jpg,-1,0.2923,0.7724,0.4801,"['3347701468_bb0001b035.jpg', '2986671935_0c60bbb3fa.jpg', '2698614194_b4e6e11dff.jpg']","[0.7724, 0.7459, 0.6594]"
2567,oregon percussionists are marching with the band,3155400369_69e3d6d70f.jpg,-1,0.4899,0.7043,0.2144,"['2928835996_88b9f9503d.jpg', '3225037367_a71fa86319.jpg', '3433470650_a8b1c27173.jpg']","[0.7043, 0.6756, 0.6672]"
2568,people marching on the grass in yellow shirts carrying drums,3155400369_69e3d6d70f.jpg,-1,0.2621,0.7362,0.4741,"['305199420_89f6ddd778.jpg', '512101751_05a6d93e19.jpg', '3347701468_bb0001b035.jpg']","[0.7362, 0.6414, 0.6377]"
2569,several people in yellow and black uniforms are lined up carrying drums,3155400369_69e3d6d70f.jpg,-1,0.3653,0.7004,0.3351,"['305199420_89f6ddd778.jpg', '3347701468_bb0001b035.jpg', '241346215_037e18403a.jpg']","[0.7004, 0.6938, 0.687]"
2570,several basketball players are grabbing for the ball during a game,3155451946_c0862c70cb.jpg,2,0.855,0.8765,0.0215,"['3368569524_a9df2fc312.jpg', '3155451946_c0862c70cb.jpg', '3154709407_9b0778cbeb.jpg']","[0.8765, 0.855, 0.8392]"
2571,the basketball player in white holds the ball,3155451946_c0862c70cb.jpg,4,0.6185,0.8473,0.2288,"['3154709407_9b0778cbeb.jpg', '3368569524_a9df2fc312.jpg', '3218481970_1fa627b3da.jpg']","[0.8473, 0.8162, 0.7399]"
2572,three basketball players leap to grab a ball,3155451946_c0862c70cb.jpg,3,0.8555,0.8799,0.0244,"['3368569524_a9df2fc312.jpg', '3154709407_9b0778cbeb.jpg', '3155451946_c0862c70cb.jpg']","[0.8799, 0.8596, 0.8555]"
2575,two women joking around are caught on camera,3155501473_510f9c9f6b.jpg,-1,0.4993,0.7843,0.285,"['3319058642_885d756295.jpg', '3396153660_f729d9f9b9.jpg', '3652150541_8fb5a3a5d1.jpg']","[0.7843, 0.6923, 0.6641]"
2576,two blonde women one in glasses,3155501473_510f9c9f6b.jpg,3,0.6473,0.6605,0.0132,"['3319058642_885d756295.jpg', '3534824784_7133119316.jpg', '3155501473_510f9c9f6b.jpg']","[0.6605, 0.658, 0.6473]"
2577,a blond woman with her hand on the throat of a blond girl,3155501473_510f9c9f6b.jpg,5,0.5806,0.7612,0.1806,"['374124237_51f62b6937.jpg', '3550276904_19de3561c5.jpg', '2102732029_9ae520914d.jpg']","[0.7612, 0.6757, 0.6151]"
2578,a mother is asking her daughter to make a nice face for the camera,3155501473_510f9c9f6b.jpg,-1,0.5666,0.7613,0.1947,"['758921886_55a351dd67.jpg', '3627011534_485f667b10.jpg', '3203707977_cc9448fecb.jpg']","[0.7613, 0.7403, 0.6845]"
2579,there are two blond hair women in the picture with one pretending to choke the other,3155501473_510f9c9f6b.jpg,-1,0.4267,0.721,0.2943,"['3319058642_885d756295.jpg', '502884177_25939ac000.jpg', '3139160252_75109e9e05.jpg']","[0.721, 0.6623, 0.6486]"
2580,a boy in a white shirt and blue shirts is playing tennis,3163563871_cef3cf33ea.jpg,8,0.563,0.7654,0.2024,"['3111208043_dbe8e87fa1.jpg', '2269795781_46a296aa21.jpg', '3767841911_6678052eb6.jpg']","[0.7654, 0.6733, 0.66]"
2581,a boy swings his tennis racket at a tennis ball,3163563871_cef3cf33ea.jpg,3,0.7817,0.8696,0.0879,"['2269795781_46a296aa21.jpg', '3425071001_e7c9809ef2.jpg', '3163563871_cef3cf33ea.jpg']","[0.8696, 0.8178, 0.7817]"
2582,a kid in a black cap and light blue shorts playing tennis,3163563871_cef3cf33ea.jpg,5,0.7308,0.8126,0.0818,"['2269795781_46a296aa21.jpg', '3111208043_dbe8e87fa1.jpg', '3420260768_26a600b844.jpg']","[0.8126, 0.7999, 0.7541]"
2583,a person with sunglasses blue shorts and a white shirt hitting a tennis ball,3163563871_cef3cf33ea.jpg,2,0.8255,0.8698,0.0444,"['2269795781_46a296aa21.jpg', '3163563871_cef3cf33ea.jpg', '3425071001_e7c9809ef2.jpg']","[0.8698, 0.8255, 0.8082]"
2584,a woman is hitting a tennis ball,3163563871_cef3cf33ea.jpg,3,0.8279,0.8614,0.0336,"['3425071001_e7c9809ef2.jpg', '2269795781_46a296aa21.jpg', '3163563871_cef3cf33ea.jpg']","[0.8614, 0.8584, 0.8279]"
2586,children are sledding down a snowy hill,3164415865_612f9fd8bc.jpg,7,0.6431,0.8143,0.1713,"['72218201_e0e9c7d65b.jpg', '2238166082_140f8b01b8.jpg', '369360998_ba56fb436f.jpg']","[0.8143, 0.7745, 0.735]"
2587,five children sledding down a snowcovered street,3164415865_612f9fd8bc.jpg,7,0.6545,0.8567,0.2021,"['72218201_e0e9c7d65b.jpg', '369360998_ba56fb436f.jpg', '2238166082_140f8b01b8.jpg']","[0.8567, 0.7261, 0.7158]"
2588,four children snow sledding down a hill,3164415865_612f9fd8bc.jpg,5,0.706,0.7707,0.0646,"['369360998_ba56fb436f.jpg', '72218201_e0e9c7d65b.jpg', '2301867590_98c0ecb0cb.jpg']","[0.7707, 0.7544, 0.7414]"
2589,the people ride down the road on sleds,3164415865_612f9fd8bc.jpg,4,0.6613,0.6888,0.0276,"['2744330402_824240184c.jpg', '2863180332_372510aa49.jpg', '3726025663_e7d35d23f6.jpg']","[0.6888, 0.6826, 0.6613]"
2590,a skier on a high mountain slope,3166578139_33500f7e8a.jpg,3,0.7282,0.7859,0.0578,"['2109911919_af45b93ef3.jpg', '3264650118_be7df266e7.jpg', '3166578139_33500f7e8a.jpg']","[0.7859, 0.7853, 0.7282]"
2591,a person skis down a snowy hill,3166578139_33500f7e8a.jpg,4,0.6493,0.7481,0.0988,"['3264650118_be7df266e7.jpg', '2339140905_9f625f140a.jpg', '2109911919_af45b93ef3.jpg']","[0.7481, 0.721, 0.6982]"
2592,skier skiing downhill,3166578139_33500f7e8a.jpg,-1,0.4836,0.7637,0.2802,"['2339140905_9f625f140a.jpg', '514222285_aa0c8d05b7.jpg', '3264650118_be7df266e7.jpg']","[0.7637, 0.7095, 0.6978]"
2593,a lonely skier enjoys the slopes on a beautiful day,3166578139_33500f7e8a.jpg,-1,0.3828,0.8695,0.4868,"['2339140905_9f625f140a.jpg', '3351493005_6e5030f596.jpg', '3174726084_c108de0a64.jpg']","[0.8695, 0.8129, 0.7837]"
2594,a person dressed in black skiing down a snow covered hill,3166578139_33500f7e8a.jpg,6,0.6818,0.7719,0.0901,"['3264650118_be7df266e7.jpg', '3168123064_d1983b8f92.jpg', '2109911919_af45b93ef3.jpg']","[0.7719, 0.7453, 0.7264]"
2596,a person is surfing,3168123064_d1983b8f92.jpg,5,0.682,0.8459,0.1639,"['3018304737_0a46fc5f1d.jpg', '2984174290_a915748d77.jpg', '3627679667_0e3de9fc90.jpg']","[0.8459, 0.8147, 0.6906]"
2598,a surfer rides the waves,3168123064_d1983b8f92.jpg,4,0.7303,0.8568,0.1265,"['3018304737_0a46fc5f1d.jpg', '2984174290_a915748d77.jpg', '3627679667_0e3de9fc90.jpg']","[0.8568, 0.756, 0.7339]"
2599,a woman in a black wetsuit surfs in bad weather,3168123064_d1983b8f92.jpg,3,0.6471,0.7614,0.1143,"['3627679667_0e3de9fc90.jpg', '320093980_5388cb3733.jpg', '3168123064_d1983b8f92.jpg']","[0.7614, 0.6517, 0.6471]"
2600,three people are in the snow,3170551725_1276644eab.jpg,-1,0.5323,0.8593,0.3269,"['2301867590_98c0ecb0cb.jpg', '369360998_ba56fb436f.jpg', '2272823323_3b7291cd47.jpg']","[0.8593, 0.852, 0.7804]"
2601,there are two snowboarders one who is dressed in white is doing a trick,3170551725_1276644eab.jpg,-1,-0.0794,0.6865,0.7659,"['3442978981_53bf1f45f3.jpg', '3132760860_3e743a935d.jpg', '3352697012_751b079bbb.jpg']","[0.6865, 0.6301, 0.6031]"
2602,there are two people on a ski run and one is high in the air making a jump,3170551725_1276644eab.jpg,-1,0.2768,0.797,0.5203,"['3357416302_fcfcdd7b86.jpg', '3240351042_5d29c94b0e.jpg', '3351493005_6e5030f596.jpg']","[0.797, 0.7569, 0.737]"
2603,a person does a trick in the air on a skateboard,3170551725_1276644eab.jpg,-1,0.3053,0.7165,0.4112,"['3446762868_06e9d9d899.jpg', '3038941104_17ee91fc03.jpg', '2272750492_91e8f67328.jpg']","[0.7165, 0.6778, 0.6324]"
2604,a snowboarder is leaping a mogul,3170551725_1276644eab.jpg,3,0.7937,0.8594,0.0656,"['3329169877_175cb16845.jpg', '3329793486_afc16663cc.jpg', '3170551725_1276644eab.jpg']","[0.8594, 0.7969, 0.7937]"
2606,two blond dogs sniff one another,3173461705_b5cdeef1eb.jpg,-1,0.4691,0.6537,0.1845,"['2981372647_2061278c60.jpg', '424506167_01f365726b.jpg', '3086523890_fd9394af8b.jpg']","[0.6537, 0.6372, 0.6213]"
2607,two dogs in snow,3173461705_b5cdeef1eb.jpg,3,0.75,0.7858,0.0358,"['1287931016_fb015e2e10.jpg', '412101267_7257e6d8c0.jpg', '3173461705_b5cdeef1eb.jpg']","[0.7858, 0.7706, 0.75]"
2608,two dogs play in the snow,3173461705_b5cdeef1eb.jpg,5,0.7267,0.8053,0.0786,"['412101267_7257e6d8c0.jpg', '3266306177_7994dc2865.jpg', '1287931016_fb015e2e10.jpg']","[0.8053, 0.7472, 0.7433]"
2611,the flag of a country is being held in a crowd,3174726084_c108de0a64.jpg,-1,0.3497,0.8777,0.528,"['3225037367_a71fa86319.jpg', '3688839836_ba5e4c24fc.jpg', '1303727066_23d0f6ed43.jpg']","[0.8777, 0.6816, 0.6703]"
2613,a flag is carried,3174726084_c108de0a64.jpg,-1,0.3244,0.8017,0.4774,"['3225037367_a71fa86319.jpg', '1425919702_ddb761aeec.jpg', '3535879138_9281dc83d5.jpg']","[0.8017, 0.7571, 0.7163]"
2614,a red white black and green flag,3174726084_c108de0a64.jpg,9,0.5467,0.6851,0.1384,"['3347701468_bb0001b035.jpg', '3230101918_7d81cb0fc8.jpg', '512101751_05a6d93e19.jpg']","[0.6851, 0.6526, 0.6505]"
2615,a boy in a sports uniform chasing a soccer ball,3177298173_78cea31d64.jpg,7,0.6975,0.8871,0.1896,"['2962977152_9d6958fdd5.jpg', '3506607642_40037b3fbf.jpg', '3538021517_b930dc76fc.jpg']","[0.8871, 0.8661, 0.82]"
2617,a child in a blue and white team uniform chasing a soccer ball,3177298173_78cea31d64.jpg,9,0.6168,0.909,0.2922,"['2962977152_9d6958fdd5.jpg', '3506607642_40037b3fbf.jpg', '278608022_4175813019.jpg']","[0.909, 0.891, 0.8158]"
2618,a young boy in a blue soccer uniform chasing a ball,3177298173_78cea31d64.jpg,8,0.6415,0.8307,0.1892,"['2962977152_9d6958fdd5.jpg', '3506607642_40037b3fbf.jpg', '278608022_4175813019.jpg']","[0.8307, 0.7865, 0.7588]"
2619,boy in a blue uniform playing soccer,3177298173_78cea31d64.jpg,7,0.7368,0.8632,0.1264,"['2962977152_9d6958fdd5.jpg', '278608022_4175813019.jpg', '3506607642_40037b3fbf.jpg']","[0.8632, 0.8113, 0.8093]"
2621,two young boys playing with ducks near the water,3178489390_13a6ae7524.jpg,9,0.5539,0.7152,0.1614,"['3041689520_c481bdb20e.jpg', '2271468944_3264d29208.jpg', '3584406900_039f30b34c.jpg']","[0.7152, 0.6832, 0.6497]"
2623,two children walking up a hill away from ducks on a lake,3178489390_13a6ae7524.jpg,-1,0.5658,0.7189,0.1531,"['3041689520_c481bdb20e.jpg', '2271468944_3264d29208.jpg', '2672588619_3849930e99.jpg']","[0.7189, 0.6709, 0.6644]"
2624,two little boys running from a lake with ducks,3178489390_13a6ae7524.jpg,-1,0.5355,0.7924,0.2569,"['3041689520_c481bdb20e.jpg', '2852982055_8112d0964f.jpg', '2107838729_a527e434bd.jpg']","[0.7924, 0.7325, 0.723]"
2626,a girl is sitting on a couch with a keyboard in her lap,3178599352_c57fdebcd2.jpg,3,0.6774,0.7576,0.0803,"['2119660490_ce0d4d1f73.jpg', '2550109269_bc4262bd27.jpg', '3178599352_c57fdebcd2.jpg']","[0.7576, 0.7131, 0.6774]"
2630,person in the midst of a ramp jump,3179336562_c3d0c0a3bd.jpg,4,0.7492,0.8338,0.0846,"['3240351042_5d29c94b0e.jpg', '3357416302_fcfcdd7b86.jpg', '3057497487_57ecc60ff1.jpg']","[0.8338, 0.8044, 0.7691]"
2631,the boy is performing a trick off a ramp with a skateboard,3179336562_c3d0c0a3bd.jpg,-1,0.4647,0.7625,0.2979,"['3038941104_17ee91fc03.jpg', '2876494009_9f96d7eaf2.jpg', '3576741633_671340544c.jpg']","[0.7625, 0.7151, 0.6672]"
2632,a large graffitied skateboarding ramp with a couple people in the background,3179336562_c3d0c0a3bd.jpg,-1,0.4783,0.7878,0.3095,"['3531811969_49af4c22f0.jpg', '3724113279_99b6e5bf41.jpg', '432167214_c17fcc1a2d.jpg']","[0.7878, 0.647, 0.6287]"
2633,a bicyclist doing a trick on a ramp,3179336562_c3d0c0a3bd.jpg,-1,0.3201,0.8218,0.5017,"['3531811969_49af4c22f0.jpg', '3476451861_5b9c9ce191.jpg', '3724113279_99b6e5bf41.jpg']","[0.8218, 0.8084, 0.7096]"
2634,a cyclist is performing a jump on a graffiti covered ramp,3179336562_c3d0c0a3bd.jpg,-1,0.4289,0.7628,0.3339,"['3531811969_49af4c22f0.jpg', '3724113279_99b6e5bf41.jpg', '3476451861_5b9c9ce191.jpg']","[0.7628, 0.7463, 0.6424]"
2635,a man is about to fall off his surfboard in a wave,3183519385_311555d5f5.jpg,4,0.7264,0.813,0.0866,"['3018304737_0a46fc5f1d.jpg', '3168123064_d1983b8f92.jpg', '3627679667_0e3de9fc90.jpg']","[0.813, 0.7861, 0.7802]"
2636,a man surfs the sun behind him his face in shadow,3183519385_311555d5f5.jpg,2,0.7731,0.7946,0.0215,"['3018304737_0a46fc5f1d.jpg', '3183519385_311555d5f5.jpg', '3168123064_d1983b8f92.jpg']","[0.7946, 0.7731, 0.7158]"
2637,a woman on a surfboard in front of a wave of green water,3183519385_311555d5f5.jpg,-1,0.4722,0.7613,0.289,"['2726262796_03bd63a155.jpg', '3627679667_0e3de9fc90.jpg', '3705688385_47651205d3.jpg']","[0.7613, 0.755, 0.6953]"
2638,someone is surfing a giant wave,3183519385_311555d5f5.jpg,-1,0.6422,0.8749,0.2327,"['3018304737_0a46fc5f1d.jpg', '2984174290_a915748d77.jpg', '3058627443_1d57ff0a2c.jpg']","[0.8749, 0.7759, 0.6911]"
2639,the boy is surfing,3183519385_311555d5f5.jpg,5,0.637,0.8029,0.1659,"['2978409165_acc4f29a40.jpg', '2701487024_e866eb4550.jpg', '3707990914_843e8f15f1.jpg']","[0.8029, 0.7332, 0.7288]"
2640,two teenage girls hold a card referring to periods as they smile,3183883750_b6acc40397.jpg,10,0.61,0.7756,0.1656,"['3396153660_f729d9f9b9.jpg', '3319058642_885d756295.jpg', '3145967019_1a83ebf712.jpg']","[0.7756, 0.7394, 0.7342]"
2641,two people smile at the camera while holding a sign,3183883750_b6acc40397.jpg,3,0.6717,0.7152,0.0436,"['3145967019_1a83ebf712.jpg', '3203707977_cc9448fecb.jpg', '3183883750_b6acc40397.jpg']","[0.7152, 0.6835, 0.6717]"
2642,two people pose for a picure holding a card that says know what this is,3183883750_b6acc40397.jpg,-1,0.5945,0.7177,0.1232,"['1417295167_5299df6db8.jpg', '2380464803_a64f05bfa9.jpg', '3199895624_4f01798c6f.jpg']","[0.7177, 0.7063, 0.6836]"
2643,two girls hold up a card reading know what this is,3183883750_b6acc40397.jpg,-1,0.531,0.6335,0.1025,"['1332208215_fa824f6659.jpg', '3543378438_47e2712486.jpg', '3150315970_8f045c41a4.jpg']","[0.6335, 0.6128, 0.6007]"
2644,two kids smiling and holding a card,3183883750_b6acc40397.jpg,-1,0.4053,0.7039,0.2986,"['3613030730_0b28b079ba.jpg', '2337809114_899ba61330.jpg', '799431781_65dc312afc.jpg']","[0.7039, 0.6818, 0.6454]"
2645,the middle eastern woman wearing the pink headscarf is walking beside a woman in a purple headscarf,3184031654_34b5c4ffe1.jpg,3,0.7197,0.7471,0.0273,"['1389264266_8170bc1c54.jpg', '440184957_267f3f3a2b.jpg', '3184031654_34b5c4ffe1.jpg']","[0.7471, 0.7298, 0.7197]"
2647,two women are wearing lavender scarves an their heads,3184031654_34b5c4ffe1.jpg,-1,0.5178,0.7733,0.2555,"['3396153660_f729d9f9b9.jpg', '3319058642_885d756295.jpg', '3183883750_b6acc40397.jpg']","[0.7733, 0.767, 0.7055]"
2648,two women dressed with scarves over their heads look angrily at the photographer,3184031654_34b5c4ffe1.jpg,-1,0.5522,0.8097,0.2575,"['3396153660_f729d9f9b9.jpg', '3183883750_b6acc40397.jpg', '3319058642_885d756295.jpg']","[0.8097, 0.7805, 0.7604]"
2653,a man and a girl walking on the beach orange sunset behind,3189002057_3ef61b803e.jpg,2,0.7628,0.7683,0.0055,"['2277081067_d2b4c98bce.jpg', '3189002057_3ef61b803e.jpg', '2597308074_acacc12e1b.jpg']","[0.7683, 0.7628, 0.7562]"
2660,a bunch of men playing rugby,3195188609_01afbe46e6.jpg,2,0.7129,0.9305,0.2175,"['3539840291_1c3eed701d.jpg', '3195188609_01afbe46e6.jpg', '2194495372_bdac7d9e71.jpg']","[0.9305, 0.7129, 0.6712]"
2661,a group of men running in a field,3195188609_01afbe46e6.jpg,6,0.6626,0.7016,0.0389,"['2698487246_e827404cac.jpg', '2194495372_bdac7d9e71.jpg', '3712923460_1b20ebb131.jpg']","[0.7016, 0.6959, 0.6815]"
2662,a rugby player runs with the ball whilst being supported by a line of backs,3195188609_01afbe46e6.jpg,4,0.67,0.8265,0.1565,"['3539840291_1c3eed701d.jpg', '2962977152_9d6958fdd5.jpg', '3522749949_fb615cee47.jpg']","[0.8265, 0.7351, 0.6882]"
2663,a soccer player advances with the ball on a sunny day,3195188609_01afbe46e6.jpg,-1,0.4921,0.8815,0.3894,"['3522749949_fb615cee47.jpg', '278608022_4175813019.jpg', '2962977152_9d6958fdd5.jpg']","[0.8815, 0.7938, 0.7752]"
2664,rugby players running with trees and spectators in the background,3195188609_01afbe46e6.jpg,2,0.8082,0.84,0.0318,"['3539840291_1c3eed701d.jpg', '3195188609_01afbe46e6.jpg', '2194495372_bdac7d9e71.jpg']","[0.84, 0.8082, 0.7725]"
2665,two couples and four kids pose for a family picture,3197891333_b1b0fd1702.jpg,5,0.7708,0.8351,0.0643,"['3694093650_547259731e.jpg', '3254817653_632e840423.jpg', '3712923460_1b20ebb131.jpg']","[0.8351, 0.8246, 0.7958]"
2666,a family posing by the mantle and christmas tree,3197891333_b1b0fd1702.jpg,-1,0.4166,0.7236,0.307,"['3694093650_547259731e.jpg', '3480052428_c034b98a08.jpg', '2623560640_0445c9a138.jpg']","[0.7236, 0.6605, 0.6357]"
2667,a happy family poses by the fireplace,3197891333_b1b0fd1702.jpg,-1,-0.0164,0.6954,0.7118,"['3726700898_c50494b8bd.jpg', '278002800_3817135105.jpg', '2623247254_3bfc795121.jpg']","[0.6954, 0.6337, 0.6058]"
2668,a family of nine people including four children pose in front of a brick fireplace with a white mantle,3197891333_b1b0fd1702.jpg,7,0.6172,0.8129,0.1957,"['3694093650_547259731e.jpg', '3242718240_3358f2d6e6.jpg', '3712923460_1b20ebb131.jpg']","[0.8129, 0.7422, 0.715]"
2669,a family poses in front of the fireplace and christmas tree,3197891333_b1b0fd1702.jpg,-1,0.3219,0.6881,0.3662,"['3480052428_c034b98a08.jpg', '3002920707_5d2e6e6aac.jpg', '3694093650_547259731e.jpg']","[0.6881, 0.6487, 0.6293]"
2670,a child pushes its face up towards a window of a playground,319847643_df7c2a1d25.jpg,-1,0.1998,0.7274,0.5276,"['2556392380_ee57514233.jpg', '1427391496_ea512cbe7f.jpg', '2358554995_54ed3baa83.jpg']","[0.7274, 0.6896, 0.6874]"
2671,a girl cringes when drops of water come her way,319847643_df7c2a1d25.jpg,-1,0.3066,0.7177,0.4111,"['2704934519_457dc38986.jpg', '1801063894_60bce29e19.jpg', '2830869109_c4e403eae6.jpg']","[0.7177, 0.7145, 0.6798]"
2672,girls squints presses against oval hole in wet colorful structure,319847643_df7c2a1d25.jpg,-1,0.1858,0.7117,0.5259,"['533713001_2d36e93509.jpg', '3150315970_8f045c41a4.jpg', '2452686995_621878f561.jpg']","[0.7117, 0.7082, 0.6516]"
2673,one boy who has a funny expression on his face has his hands up by his head and is looking through a hole,319847643_df7c2a1d25.jpg,-1,0.0214,0.6856,0.6642,"['1235580648_7eebaed9bc.jpg', '2131762850_5293a288d9.jpg', '3217291172_10ef70af88.jpg']","[0.6856, 0.6309, 0.6254]"
2674,water is spraying on the child with its face through a cut out hole,319847643_df7c2a1d25.jpg,-1,0.53,0.6569,0.1269,"['1308472581_9961782889.jpg', '2271468944_3264d29208.jpg', '2542037086_58c833699c.jpg']","[0.6569, 0.6421, 0.622]"
2676,a man is on top of a ridge looking at a small stone tower,319869052_08b000e4af.jpg,2,0.661,0.6766,0.0156,"['58368365_03ed3e5bdf.jpg', '319869052_08b000e4af.jpg', '2098174172_e57d86ea03.jpg']","[0.6766, 0.661, 0.6325]"
2677,a man puts his hand to his head on a rock wall,319869052_08b000e4af.jpg,-1,0.3556,0.8228,0.4672,"['518789868_8895ef8792.jpg', '950273886_88c324e663.jpg', '1414820925_3504c394e1.jpg']","[0.8228, 0.7513, 0.7363]"
2678,a person screening their eyes standing beside a tower of flat stone,319869052_08b000e4af.jpg,-1,0.5269,0.773,0.2461,"['544257613_d9a1fea3f7.jpg', '3242007318_01e82171aa.jpg', '3041645937_ff7591d134.jpg']","[0.773, 0.724, 0.7129]"
2679,a person stands next to a rock monument with his hand near his head,319869052_08b000e4af.jpg,2,0.6838,0.702,0.0181,"['2623560640_0445c9a138.jpg', '319869052_08b000e4af.jpg', '415793623_6c1225ae27.jpg']","[0.702, 0.6838, 0.6439]"
2680,a person sits near a mountain,319870744_0e0138d205.jpg,2,0.6933,0.7771,0.0838,"['1247181182_35cabd76f3.jpg', '319870744_0e0138d205.jpg', '2490365757_b869282cb3.jpg']","[0.7771, 0.6933, 0.6783]"
2681,one person wearing a backpack sitting on the side of a rocky mountain,319870744_0e0138d205.jpg,-1,0.4307,0.818,0.3873,"['1247181182_35cabd76f3.jpg', '2521983429_33218366bd.jpg', '3108378861_d2214d971e.jpg']","[0.818, 0.7602, 0.7261]"
2683,a man is sitting on top of a mountain,319870744_0e0138d205.jpg,6,0.6584,0.8675,0.2092,"['1247181182_35cabd76f3.jpg', '95728660_d47de66544.jpg', '3340575518_137ce2695f.jpg']","[0.8675, 0.7596, 0.7079]"
2684,someone is sitting on a hill overlooking a rocky mountain,319870744_0e0138d205.jpg,3,0.6987,0.8975,0.1989,"['1247181182_35cabd76f3.jpg', '3340575518_137ce2695f.jpg', '319870744_0e0138d205.jpg']","[0.8975, 0.6994, 0.6987]"
2685,woman looking curiously at a man,3199895624_4f01798c6f.jpg,-1,0.4562,0.7775,0.3212,"['3543378438_47e2712486.jpg', '3673970325_4e025069e9.jpg', '3351667846_ac43118ae5.jpg']","[0.7775, 0.7682, 0.6792]"
2686,a man and a woman wear dark colored shirts in a beige room with a moniter in the background,3199895624_4f01798c6f.jpg,4,0.7008,0.8465,0.1457,"['3155501473_510f9c9f6b.jpg', '3400385314_a5bc062e97.jpg', '3203707977_cc9448fecb.jpg']","[0.8465, 0.8006, 0.7187]"
2687,a woman watches a man recieving a gift,3199895624_4f01798c6f.jpg,-1,0.3241,0.711,0.3869,"['3351667846_ac43118ae5.jpg', '3543378438_47e2712486.jpg', '3673970325_4e025069e9.jpg']","[0.711, 0.6874, 0.6726]"
2688,a couple sitting in front of a computer screen,3199895624_4f01798c6f.jpg,-1,0.5701,0.855,0.2849,"['2602258549_7401a3cdae.jpg', '3084018061_df66d98325.jpg', '3066338314_2c3fb731d1.jpg']","[0.855, 0.8204, 0.7403]"
2689,a blonde woman and bald man sitting together,3199895624_4f01798c6f.jpg,-1,0.4824,0.8007,0.3183,"['3550276904_19de3561c5.jpg', '2837640996_0183db8d93.jpg', '2525666287_638ab5e784.jpg']","[0.8007, 0.7752, 0.6842]"
2690,a laughing woman in a scarf,320093980_5388cb3733.jpg,-1,0.3375,0.7165,0.3789,"['2676184321_858eff416b.jpg', '1449692616_60507875fb.jpg', '2716457668_187a6d2b1c.jpg']","[0.7165, 0.6737, 0.6515]"
2691,a woman in a scarf laughing being licked by a dog,320093980_5388cb3733.jpg,-1,0.5286,0.7139,0.1854,"['1975531316_8b00eeaaf7.jpg', '2518219912_f47214aa16.jpg', '1348947380_14f0fc1237.jpg']","[0.7139, 0.6671, 0.6659]"
2692,a woman wearing a black scarf makes a face as a dog tries to lick her,320093980_5388cb3733.jpg,-1,0.432,0.7351,0.3031,"['1975531316_8b00eeaaf7.jpg', '3336361161_c06cdd160e.jpg', '502884177_25939ac000.jpg']","[0.7351, 0.674, 0.6736]"
2693,woman in black scarf being licked by a black dog,320093980_5388cb3733.jpg,7,0.6302,0.7769,0.1466,"['1975531316_8b00eeaaf7.jpg', '1562392511_522a26063b.jpg', '3264678536_46601d25f0.jpg']","[0.7769, 0.6942, 0.6818]"
2694,woman laughing as she is being licked by a brown dog,320093980_5388cb3733.jpg,-1,0.259,0.7425,0.4836,"['2518219912_f47214aa16.jpg', '3595643050_d312e4b652.jpg', '1348947380_14f0fc1237.jpg']","[0.7425, 0.6984, 0.6929]"
2695,a man and woman pose for a picture together,3203707977_cc9448fecb.jpg,3,0.7252,0.8869,0.1617,"['3400385314_a5bc062e97.jpg', '3155501473_510f9c9f6b.jpg', '3203707977_cc9448fecb.jpg']","[0.8869, 0.8812, 0.7252]"
2696,a man and a woman stand close together,3203707977_cc9448fecb.jpg,3,0.709,0.7555,0.0465,"['3155501473_510f9c9f6b.jpg', '3400385314_a5bc062e97.jpg', '3203707977_cc9448fecb.jpg']","[0.7555, 0.7268, 0.709]"
2697,a guy with a toboggan and a girl pose for the camera,3203707977_cc9448fecb.jpg,3,0.7312,0.8601,0.1289,"['3155501473_510f9c9f6b.jpg', '3400385314_a5bc062e97.jpg', '3203707977_cc9448fecb.jpg']","[0.8601, 0.7846, 0.7312]"
2698,a cute couple at a club,3203707977_cc9448fecb.jpg,-1,0.4008,0.8442,0.4434,"['465859490_b077219424.jpg', '3199895624_4f01798c6f.jpg', '278002800_3817135105.jpg']","[0.8442, 0.7015, 0.6757]"
2699,a closeup picture of a man and a woman,3203707977_cc9448fecb.jpg,4,0.7061,0.7791,0.073,"['3155501473_510f9c9f6b.jpg', '278002800_3817135105.jpg', '3400385314_a5bc062e97.jpg']","[0.7791, 0.7182, 0.7085]"
2700,a boatful of rafters get wet,3207264553_8cd4dcde53.jpg,-1,0.4911,0.8102,0.319,"['2852982055_8112d0964f.jpg', '1130401779_8c30182e3e.jpg', '3052196390_c59dd24ca8.jpg']","[0.8102, 0.7183, 0.7147]"
2705,man holding equipment near steps poolside with a white building in background,3208032657_27b9d6c4f3.jpg,-1,0.4308,0.6776,0.2468,"['1414820925_3504c394e1.jpg', '2328104318_5a43ca170c.jpg', '3726700898_c50494b8bd.jpg']","[0.6776, 0.6704, 0.6379]"
2706,a person powerwashing stairs leading down to a pool,3208032657_27b9d6c4f3.jpg,-1,0.426,0.6409,0.2149,"['3323988406_e3c8fce690.jpg', '3213395965_2a823c6865.jpg', '2332540384_4cf26406a9.jpg']","[0.6409, 0.5764, 0.5734]"
2707,a man power washes steps by a large swimming pool,3208032657_27b9d6c4f3.jpg,2,0.7249,0.7338,0.0089,"['432167214_c17fcc1a2d.jpg', '3208032657_27b9d6c4f3.jpg', '506882688_b37d549593.jpg']","[0.7338, 0.7249, 0.6738]"
2709,a person cleaning some steps by a pool,3208032657_27b9d6c4f3.jpg,2,0.6567,0.6618,0.0051,"['1225443522_1633e7121f.jpg', '3208032657_27b9d6c4f3.jpg', '2222559267_6fd31e3941.jpg']","[0.6618, 0.6567, 0.6525]"
2710,a boy wearing a red shirt is splashed by water,3208074567_ac44aeb3f3.jpg,-1,0.5394,0.749,0.2096,"['2410618963_fb78307d18.jpg', '2937697444_2367ff0e28.jpg', '2107838729_a527e434bd.jpg']","[0.749, 0.6285, 0.6274]"
2711,a child with water splashing on him,3208074567_ac44aeb3f3.jpg,-1,0.5362,0.7662,0.23,"['1308472581_9961782889.jpg', '2271468944_3264d29208.jpg', '3517362674_0f5296de19.jpg']","[0.7662, 0.7089, 0.7065]"
2712,a little boy being splashed by water on his head,3208074567_ac44aeb3f3.jpg,7,0.5713,0.6237,0.0524,"['3494394662_3edfd4a34c.jpg', '897621891_efb1e00d1d.jpg', '3613030730_0b28b079ba.jpg']","[0.6237, 0.6232, 0.6005]"
2713,little kid in red pooh shirt getting wet,3208074567_ac44aeb3f3.jpg,6,0.5766,0.7753,0.1987,"['1308472581_9961782889.jpg', '2842849030_89548af61c.jpg', '3517362674_0f5296de19.jpg']","[0.7753, 0.6584, 0.6463]"
2714,the little boy in red is getting drenched with water,3208074567_ac44aeb3f3.jpg,3,0.677,0.681,0.004,"['3613030730_0b28b079ba.jpg', '2911919938_6bb6587a36.jpg', '3208074567_ac44aeb3f3.jpg']","[0.681, 0.679, 0.677]"
2715,two women of african descent a dark skinned man and western man in a white shirt posing for a photograph,3210419174_d083a16f77.jpg,-1,0.5947,0.823,0.2283,"['3631474374_e40764d153.jpg', '3042380610_c5ea61eef8.jpg', '278002800_3817135105.jpg']","[0.823, 0.7501, 0.7224]"
2716,a group of young people smile for the camera,3210419174_d083a16f77.jpg,2,0.7948,0.8234,0.0285,"['3197891333_b1b0fd1702.jpg', '3210419174_d083a16f77.jpg', '2211593099_4a4f1c85d2.jpg']","[0.8234, 0.7948, 0.7534]"
2717,several people are hugging each other inside a bar,3210419174_d083a16f77.jpg,2,0.6839,0.6864,0.0025,"['1454841725_4b6e6199e2.jpg', '3210419174_d083a16f77.jpg', '3145967019_1a83ebf712.jpg']","[0.6864, 0.6839, 0.6833]"
2718,some people at a part gather to take a picture,3210419174_d083a16f77.jpg,-1,0.4315,0.8077,0.3762,"['465859490_b077219424.jpg', '3280052365_c4644bf0a5.jpg', '3042380610_c5ea61eef8.jpg']","[0.8077, 0.7497, 0.739]"
2719,two guys pose with two women everyone is wearing black and white,3210419174_d083a16f77.jpg,2,0.7632,0.8142,0.0509,"['3400385314_a5bc062e97.jpg', '3210419174_d083a16f77.jpg', '3105929913_94a6882e25.jpg']","[0.8142, 0.7632, 0.7401]"
2720,a woman in a dark blue coat cigarette in hand,3213395965_2a823c6865.jpg,9,0.5815,0.7451,0.1635,"['3503011427_a4ee547c77.jpg', '3242007318_01e82171aa.jpg', '1057210460_09c6f4c6c1.jpg']","[0.7451, 0.7326, 0.6783]"
2721,a woman smoking a cigarette outside in the snow,3213395965_2a823c6865.jpg,-1,0.4091,0.7081,0.299,"['454709143_9c513f095c.jpg', '3338291921_fe7ae0c8f8.jpg', '1057210460_09c6f4c6c1.jpg']","[0.7081, 0.6618, 0.5787]"
2722,a girl smokes a cigarette outside in the city,3213395965_2a823c6865.jpg,8,0.6232,0.7204,0.0972,"['2504277798_936a09c74d.jpg', '3286222970_1fa445e38f.jpg', '2616561200_ea079f285a.jpg']","[0.7204, 0.6996, 0.6981]"
2723,a woman in a blue jacket is getting a cigarette outside,3213395965_2a823c6865.jpg,-1,0.5142,0.6895,0.1753,"['3242007318_01e82171aa.jpg', '3503011427_a4ee547c77.jpg', '3726700898_c50494b8bd.jpg']","[0.6895, 0.6808, 0.6345]"
2724,the woman is walking through the snow and trying to light a cigarette,3213395965_2a823c6865.jpg,-1,0.31,0.7422,0.4322,"['3393446245_37dd3f3b59.jpg', '454709143_9c513f095c.jpg', '2194494220_bb2178832c.jpg']","[0.7422, 0.7405, 0.7339]"
2727,people are walking away from the camera along railroad tracks,3215108916_0473007b47.jpg,2,0.7842,0.7892,0.005,"['268654674_d29e00b3d0.jpg', '3215108916_0473007b47.jpg', '3707283973_5cdaa39340.jpg']","[0.7892, 0.7842, 0.7438]"
2728,a long view of a curving railroad track with a group of people off in the distance,3215108916_0473007b47.jpg,4,0.6147,0.654,0.0393,"['181777261_84c48b31cb.jpg', '219730733_6a55382dd2.jpg', '2088460083_42ee8a595a.jpg']","[0.654, 0.6321, 0.6315]"
2729,a group of people walking on the side of a railroad track,3215108916_0473007b47.jpg,3,0.6769,0.7027,0.0258,"['219730733_6a55382dd2.jpg', '3353278454_2f3a4d0bbc.jpg', '3215108916_0473007b47.jpg']","[0.7027, 0.6942, 0.6769]"
2730,a bicyclist becomes airborne among dirt hills at night,3215315009_47577bf8f7.jpg,-1,0.5388,0.7677,0.2289,"['3119696225_b289efaec8.jpg', '3386060324_b98fdfa449.jpg', '3391924827_53b31542ce.jpg']","[0.7677, 0.6966, 0.6522]"
2731,a man jumps his dirt bike at night,3215315009_47577bf8f7.jpg,4,0.7001,0.7361,0.036,"['3386060324_b98fdfa449.jpg', '3309578722_1765d7d1af.jpg', '3391924827_53b31542ce.jpg']","[0.7361, 0.7306, 0.7066]"
2733,someone is performing an aerial skateboard trick at night,3215315009_47577bf8f7.jpg,-1,0.2982,0.7683,0.4701,"['2272750492_91e8f67328.jpg', '3241965735_8742782a70.jpg', '3446762868_06e9d9d899.jpg']","[0.7683, 0.7427, 0.7327]"
2734,the rider is jumping his bmx bike,3215315009_47577bf8f7.jpg,7,0.6198,0.8112,0.1914,"['3386060324_b98fdfa449.jpg', '3391924827_53b31542ce.jpg', '3531811969_49af4c22f0.jpg']","[0.8112, 0.7675, 0.7532]"
2735,two men with glasses stand outside a stone building in the cold,3217291172_10ef70af88.jpg,-1,0.5343,0.6876,0.1533,"['2219959872_988e6d498e.jpg', '3125158798_0743dae56e.jpg', '3640109324_3ce89e4d1a.jpg']","[0.6876, 0.6404, 0.6331]"
2736,two men are standing together in front of a white brick building,3217291172_10ef70af88.jpg,-1,0.52,0.7538,0.2338,"['2219959872_988e6d498e.jpg', '3640109324_3ce89e4d1a.jpg', '3125158798_0743dae56e.jpg']","[0.7538, 0.7245, 0.7023]"
2737,two men are posing for a picture,3217291172_10ef70af88.jpg,-1,0.3722,0.7747,0.4025,"['3105929913_94a6882e25.jpg', '2219959872_988e6d498e.jpg', '2925737498_57585a7ed9.jpg']","[0.7747, 0.7521, 0.7369]"
2738,two black males are posing for a picture with winter clothes on,3217291172_10ef70af88.jpg,3,0.713,0.7506,0.0376,"['3375549004_beee810e60.jpg', '2925737498_57585a7ed9.jpg', '3217291172_10ef70af88.jpg']","[0.7506, 0.7298, 0.713]"
2739,two africanamericans stand in front of the building,3217291172_10ef70af88.jpg,8,0.5712,0.6452,0.0739,"['382090166_be2c2c63e1.jpg', '2891240104_6755281868.jpg', '3640109324_3ce89e4d1a.jpg']","[0.6452, 0.623, 0.6202]"
2740,a man and woman are pretending to be spiritual in front of japanese temple,3217893350_57be430d06.jpg,-1,0.3334,0.6901,0.3567,"['3543378438_47e2712486.jpg', '3084018061_df66d98325.jpg', '3351667846_ac43118ae5.jpg']","[0.6901, 0.6394, 0.6352]"
2741,a man and woman relaxing in a beautiful scenic country,3217893350_57be430d06.jpg,-1,0.1513,0.6583,0.507,"['3108378861_d2214d971e.jpg', '2565350330_c7f305e7f7.jpg', '2490365757_b869282cb3.jpg']","[0.6583, 0.6248, 0.6177]"
2742,a woman and man are posing on a beach in front of a landmark,3217893350_57be430d06.jpg,-1,0.493,0.8002,0.3072,"['3189002057_3ef61b803e.jpg', '3532194771_07faf20d76.jpg', '3518755601_cebf11e515.jpg']","[0.8002, 0.6735, 0.6691]"
2743,a young couple do yoga positions in front of a torii gate,3217893350_57be430d06.jpg,-1,0.1565,0.6764,0.5199,"['3351667846_ac43118ae5.jpg', '2815256108_fc1302117d.jpg', '617038406_4092ee91dd.jpg']","[0.6764, 0.651, 0.6418]"
2744,two people are standing on a beach with an oriental statue behind them in the water,3217893350_57be430d06.jpg,10,0.6002,0.7506,0.1505,"['3307563498_e2b4f19272.jpg', '3189002057_3ef61b803e.jpg', '2843695880_eeea6c67db.jpg']","[0.7506, 0.7474, 0.6605]"
2745,the basketball player is dropping the basketball into the net,3218481970_1fa627b3da.jpg,3,0.7298,0.768,0.0382,"['3154709407_9b0778cbeb.jpg', '3368569524_a9df2fc312.jpg', '3218481970_1fa627b3da.jpg']","[0.768, 0.7525, 0.7298]"
2746,a man jumps with a basketball to make a hoop,3218481970_1fa627b3da.jpg,2,0.7158,0.716,0.0002,"['3348208268_6d97d951eb.jpg', '3218481970_1fa627b3da.jpg', '3154709407_9b0778cbeb.jpg']","[0.716, 0.7158, 0.6971]"
2747,a basketball player slam dunks the ball,3218481970_1fa627b3da.jpg,2,0.7168,0.8237,0.1069,"['3154709407_9b0778cbeb.jpg', '3218481970_1fa627b3da.jpg', '3368569524_a9df2fc312.jpg']","[0.8237, 0.7168, 0.6959]"
2748,a basketball player is jumping and holding a basketball over the net,3218481970_1fa627b3da.jpg,3,0.7551,0.8269,0.0718,"['3154709407_9b0778cbeb.jpg', '3368569524_a9df2fc312.jpg', '3218481970_1fa627b3da.jpg']","[0.8269, 0.793, 0.7551]"
2749,a basketball player in white leaps up at the net,3218481970_1fa627b3da.jpg,4,0.6784,0.8249,0.1465,"['3368569524_a9df2fc312.jpg', '3154709407_9b0778cbeb.jpg', '3155451946_c0862c70cb.jpg']","[0.8249, 0.7694, 0.728]"
2750,a furry dog running on an open field of grass,3223224391_be50bf4f43.jpg,-1,0.5108,0.7969,0.2861,"['2730994020_64ac1d18be.jpg', '426920445_d07d1fd0f7.jpg', '459814265_d48ba48978.jpg']","[0.7969, 0.7904, 0.7479]"
2751,a gray fuzzy dog running through snow,3223224391_be50bf4f43.jpg,-1,0.4609,0.8819,0.421,"['2335619125_2e2034f2c3.jpg', '410422753_de506155fa.jpg', '2095078658_c14ba89bc2.jpg']","[0.8819, 0.848, 0.8364]"
2752,a gray terrier runs in a snowcovered field,3223224391_be50bf4f43.jpg,-1,0.4729,0.8371,0.3642,"['3257277774_aba333a94c.jpg', '2335619125_2e2034f2c3.jpg', '2095078658_c14ba89bc2.jpg']","[0.8371, 0.7615, 0.7422]"
2753,a grey shaggy dog running,3223224391_be50bf4f43.jpg,4,0.6242,0.8676,0.2435,"['697582336_601462e052.jpg', '689776124_07f560a920.jpg', '2198964806_c57b0534d3.jpg']","[0.8676, 0.7232, 0.6547]"
2754,fluffy grey dog running in a field,3223224391_be50bf4f43.jpg,-1,0.4896,0.7888,0.2992,"['2730994020_64ac1d18be.jpg', '426920445_d07d1fd0f7.jpg', '2886411666_72d8b12ce4.jpg']","[0.7888, 0.7426, 0.7133]"
2755,brown and white dog splashing in a pool,3224578187_749882c17f.jpg,7,0.653,0.7674,0.1144,"['2677656448_6b7e7702af.jpg', '477254932_56b48d775d.jpg', '1131800850_89c7ffd477.jpg']","[0.7674, 0.7591, 0.7481]"
2756,brown and white dog plays with blue ball in blue waterfilled shell,3224578187_749882c17f.jpg,9,0.5498,0.7405,0.1907,"['2616561200_ea079f285a.jpg', '496971341_22782195f0.jpg', '3494345896_dd6b32cfa3.jpg']","[0.7405, 0.7285, 0.6451]"
2757,a dog with a blue ball,3224578187_749882c17f.jpg,-1,0.1851,0.7752,0.5901,"['496971341_22782195f0.jpg', '539750844_02a07ec524.jpg', '1026685415_0431cbf574.jpg']","[0.7752, 0.6964, 0.6211]"
2758,a dog playing with his ball in the wading pool,3224578187_749882c17f.jpg,4,0.6702,0.713,0.0428,"['2677656448_6b7e7702af.jpg', '477254932_56b48d775d.jpg', '1178705300_c224d9a4f1.jpg']","[0.713, 0.7019, 0.6991]"
2760,a crowd of people in knit hats standing near a van,3225037367_a71fa86319.jpg,-1,0.5798,0.8031,0.2233,"['3535879138_9281dc83d5.jpg', '3433470650_a8b1c27173.jpg', '3627676364_1dc9294ec5.jpg']","[0.8031, 0.8019, 0.74]"
2761,a group of people are gathered together,3225037367_a71fa86319.jpg,-1,0.6034,0.8302,0.2268,"['2621771656_09a620da6d.jpg', '3718007650_e5930b4509.jpg', '2622971954_59f192922d.jpg']","[0.8302, 0.7834, 0.7792]"
2762,a group of people gather around a truck,3225037367_a71fa86319.jpg,-1,0.3116,0.8494,0.5378,"['3638374272_444f5e0457.jpg', '3295680663_af21ea648b.jpg', '255091927_2eb643beb2.jpg']","[0.8494, 0.6886, 0.6217]"
2763,a large group of people are gathered,3225037367_a71fa86319.jpg,6,0.7411,0.8013,0.0601,"['2621771656_09a620da6d.jpg', '3535879138_9281dc83d5.jpg', '3718007650_e5930b4509.jpg']","[0.8013, 0.7795, 0.7638]"
2765,brown puppy biting pole,3228069008_edb2961fc4.jpg,7,0.5959,0.8638,0.2679,"['3383491811_fd9d3a891d.jpg', '2311690895_0d6efe11c8.jpg', '1745110280_0cbff5e273.jpg']","[0.8638, 0.6798, 0.6798]"
2766,brown dog chewing on a brown walking cane,3228069008_edb2961fc4.jpg,2,0.7359,0.8184,0.0825,"['3383491811_fd9d3a891d.jpg', '3228069008_edb2961fc4.jpg', '1745110280_0cbff5e273.jpg']","[0.8184, 0.7359, 0.7325]"
2767,a dog is chewing on a metal pole,3228069008_edb2961fc4.jpg,2,0.6731,0.6891,0.016,"['1659358133_95cd1027bd.jpg', '3228069008_edb2961fc4.jpg', '2768972186_92787cd523.jpg']","[0.6891, 0.6731, 0.6623]"
2768,a brown puppy is gnawing in a metallic post that is stuck into the ground,3228069008_edb2961fc4.jpg,-1,0.3992,0.7026,0.3034,"['967719295_3257695095.jpg', '3019857541_3de3e24f54.jpg', '1659358133_95cd1027bd.jpg']","[0.7026, 0.6564, 0.6534]"
2769,a puppy mouthing a pole on the ground,3228069008_edb2961fc4.jpg,-1,0.4805,0.6997,0.2192,"['2702506716_17a7fb3ba4.jpg', '3336361161_c06cdd160e.jpg', '2533076864_d799996433.jpg']","[0.6997, 0.6803, 0.6742]"
2770,a girl running toward a man on the beach,3229282764_a4a515f4e2.jpg,-1,0.5603,0.8397,0.2795,"['3649224118_abe73c672c.jpg', '3518755601_cebf11e515.jpg', '459778335_857d8ffebf.jpg']","[0.8397, 0.7313, 0.7301]"
2772,a little girl runs along the beach toward a man who admires the sky,3229282764_a4a515f4e2.jpg,3,0.7434,0.7612,0.0178,"['2277081067_d2b4c98bce.jpg', '3532194771_07faf20d76.jpg', '3229282764_a4a515f4e2.jpg']","[0.7612, 0.7533, 0.7434]"
2773,father and daughter are playing in a shallow area of a lake together,3229282764_a4a515f4e2.jpg,-1,0.326,0.7932,0.4671,"['2852982055_8112d0964f.jpg', '3637013_c675de7705.jpg', '3041689520_c481bdb20e.jpg']","[0.7932, 0.7505, 0.7473]"
2774,man and child playing on the beach,3229282764_a4a515f4e2.jpg,-1,0.393,0.8625,0.4695,"['3649224118_abe73c672c.jpg', '2597308074_acacc12e1b.jpg', '459778335_857d8ffebf.jpg']","[0.8625, 0.7659, 0.7248]"
2776,a group of people are standing on a ledge overlooking low clouds,3229821595_77ace81c6b.jpg,4,0.6959,0.7542,0.0583,"['530661899_94655d7d0e.jpg', '268654674_d29e00b3d0.jpg', '1350811702_2ce7cfd0c5.jpg']","[0.7542, 0.7301, 0.7198]"
2780,cat standing to play with string,3229898555_16877f5180.jpg,3,0.6306,0.7987,0.1681,"['2882483779_73c171ac19.jpg', '467858872_f3431df682.jpg', '3229898555_16877f5180.jpg']","[0.7987, 0.6668, 0.6306]"
2781,cat playing with a dangling string,3229898555_16877f5180.jpg,2,0.796,0.8209,0.0249,"['2882483779_73c171ac19.jpg', '3229898555_16877f5180.jpg', '244399048_8332bb3270.jpg']","[0.8209, 0.796, 0.714]"
2783,a cat standing on carpet is interested in a piece of string in the air nearby wood flooring,3229898555_16877f5180.jpg,2,0.7724,0.8462,0.0739,"['2882483779_73c171ac19.jpg', '3229898555_16877f5180.jpg', '1298866571_b4c496b71c.jpg']","[0.8462, 0.7724, 0.6334]"
2784,a white and brown cat bats at a frayed string dangling in front of him,3229898555_16877f5180.jpg,2,0.76,0.7757,0.0157,"['467858872_f3431df682.jpg', '3229898555_16877f5180.jpg', '3439982121_0afc6d5973.jpg']","[0.7757, 0.76, 0.6422]"
2790,hockey player in red uniform drinking from a green water bottle,3230101918_7d81cb0fc8.jpg,4,0.6131,0.8615,0.2484,"['3231751379_10ebf7150c.jpg', '3437781040_82b06facb3.jpg', '2978409165_acc4f29a40.jpg']","[0.8615, 0.8461, 0.671]"
2791,an ice hockey player takes water from a green bottle,3230101918_7d81cb0fc8.jpg,9,0.4942,0.8809,0.3867,"['3437781040_82b06facb3.jpg', '3231751379_10ebf7150c.jpg', '2978409165_acc4f29a40.jpg']","[0.8809, 0.8631, 0.6195]"
2792,a hockey goalie taking a drink of gatorade,3230101918_7d81cb0fc8.jpg,-1,0.3891,0.9168,0.5277,"['3437781040_82b06facb3.jpg', '3231751379_10ebf7150c.jpg', '3057497487_57ecc60ff1.jpg']","[0.9168, 0.895, 0.6055]"
2793,a hockey goalie in a red uniform takes a drink from a water bottle,3230101918_7d81cb0fc8.jpg,4,0.584,0.9678,0.3838,"['3231751379_10ebf7150c.jpg', '3437781040_82b06facb3.jpg', '2978409165_acc4f29a40.jpg']","[0.9678, 0.9042, 0.6518]"
2794,a hockey player in a red jersey taking a drink out of a sports bottle,3230101918_7d81cb0fc8.jpg,3,0.6438,0.8759,0.2321,"['3231751379_10ebf7150c.jpg', '3437781040_82b06facb3.jpg', '3230101918_7d81cb0fc8.jpg']","[0.8759, 0.828, 0.6438]"
2796,a goalie is crouching in a defensive position in front of the goal,3231751379_10ebf7150c.jpg,5,0.5757,0.6242,0.0485,"['3454988449_1de1ef4f20.jpg', '3656104088_a0d1642fa9.jpg', '3352697012_751b079bbb.jpg']","[0.6242, 0.6051, 0.5864]"
2800,two kids smiling underneath a red flower,3231880001_193a579b97.jpg,6,0.5858,0.6332,0.0474,"['3079787482_0757e9d167.jpg', '2337809114_899ba61330.jpg', '3661072592_2e693cd5a0.jpg']","[0.6332, 0.6166, 0.6123]"
2801,two people smile underneath a large red flower and in front of a vinecovered wall,3231880001_193a579b97.jpg,6,0.5748,0.7286,0.1537,"['534056823_0752303702.jpg', '454709143_9c513f095c.jpg', '561179884_8b6b925ef9.jpg']","[0.7286, 0.6627, 0.6495]"
2802,the boy and girl pose for a picture with a large red flower above their heads,3231880001_193a579b97.jpg,3,0.726,0.8058,0.0798,"['2337809114_899ba61330.jpg', '389643437_9a9830a3ba.jpg', '3231880001_193a579b97.jpg']","[0.8058, 0.7723, 0.726]"
2804,two people standing in front of vine covered wall with red flower overhead,3231880001_193a579b97.jpg,3,0.6729,0.703,0.03,"['534056823_0752303702.jpg', '2567035103_3511020c8f.jpg', '3231880001_193a579b97.jpg']","[0.703, 0.6844, 0.6729]"
2805,a dog is running along a beach in front of the ocean,3235746553_a40416c00e.jpg,-1,0.5314,0.8534,0.322,"['3673165148_67f217064f.jpg', '1799271536_6e69c8f1dc.jpg', '339350939_6643bfb270.jpg']","[0.8534, 0.8419, 0.8226]"
2806,a dog is galloping on the beach,3235746553_a40416c00e.jpg,-1,0.6713,0.8385,0.1672,"['460478198_83039f2593.jpg', '1799271536_6e69c8f1dc.jpg', '140430106_2978fda105.jpg']","[0.8385, 0.8022, 0.7592]"
2807,a dog leaps by the ocean,3235746553_a40416c00e.jpg,-1,0.5908,0.8573,0.2665,"['1799271536_6e69c8f1dc.jpg', '460478198_83039f2593.jpg', '339350939_6643bfb270.jpg']","[0.8573, 0.7249, 0.7119]"
2808,a brown dog begins to run along a beach with a wave in the background,3235746553_a40416c00e.jpg,3,0.8715,0.8797,0.0082,"['2417745327_a2c2705043.jpg', '140430106_2978fda105.jpg', '3235746553_a40416c00e.jpg']","[0.8797, 0.8717, 0.8715]"
2809,a brown dog is running on sand next to the ocean,3235746553_a40416c00e.jpg,2,0.8517,0.8925,0.0408,"['140430106_2978fda105.jpg', '3235746553_a40416c00e.jpg', '3571675421_7e07ac07c5.jpg']","[0.8925, 0.8517, 0.7827]"
2810,the cyclist is airborne on his bike as it makes a jump between two mounds of earth,3240351042_5d29c94b0e.jpg,-1,0.4596,0.8215,0.3619,"['3386060324_b98fdfa449.jpg', '3391924827_53b31542ce.jpg', '3531811969_49af4c22f0.jpg']","[0.8215, 0.7771, 0.7509]"
2811,brown ramp structure with a person on ski s in midair,3240351042_5d29c94b0e.jpg,2,0.8695,0.9159,0.0463,"['3357416302_fcfcdd7b86.jpg', '3240351042_5d29c94b0e.jpg', '3241965735_8742782a70.jpg']","[0.9159, 0.8695, 0.8061]"
2812,a biker rider jumping high over a dirt hill and seems to be higher than an electric pole,3240351042_5d29c94b0e.jpg,-1,0.5091,0.8147,0.3055,"['3386060324_b98fdfa449.jpg', '3391924827_53b31542ce.jpg', '3556598205_86c180769d.jpg']","[0.8147, 0.7551, 0.6415]"
2813,a motor biker gets massive air off a dirt jump,3240351042_5d29c94b0e.jpg,8,0.6035,0.8478,0.2443,"['3391924827_53b31542ce.jpg', '3386060324_b98fdfa449.jpg', '3309578722_1765d7d1af.jpg']","[0.8478, 0.8417, 0.7504]"
2814,a person jumps a bicycle off a large dirt ramp,3240351042_5d29c94b0e.jpg,4,0.585,0.6965,0.1115,"['3386060324_b98fdfa449.jpg', '2884252132_5d8e776893.jpg', '3391924827_53b31542ce.jpg']","[0.6965, 0.6612, 0.6147]"
2815,a parachute caught on a tree with some people on the ground shining a light at it,3241965735_8742782a70.jpg,6,0.6121,0.6863,0.0742,"['3519815055_304dc8e8d6.jpg', '3357416302_fcfcdd7b86.jpg', '3012513414_86180c44cb.jpg']","[0.6863, 0.686, 0.6626]"
2816,a person jumps up over the snow as their skis cross,3241965735_8742782a70.jpg,2,0.873,0.8832,0.0102,"['3357416302_fcfcdd7b86.jpg', '3241965735_8742782a70.jpg', '3254645823_a7c072481c.jpg']","[0.8832, 0.873, 0.7897]"
2818,a skier is doing a trick in the air at night,3241965735_8742782a70.jpg,2,0.7971,0.82,0.023,"['3357416302_fcfcdd7b86.jpg', '3241965735_8742782a70.jpg', '3012513414_86180c44cb.jpg']","[0.82, 0.7971, 0.7403]"
2820,two asian girls are standing outside a red brick building,3242007318_01e82171aa.jpg,-1,0.4898,0.7103,0.2205,"['3217291172_10ef70af88.jpg', '1389264266_8170bc1c54.jpg', '758921886_55a351dd67.jpg']","[0.7103, 0.7006, 0.6675]"
2821,two asian ladies posing for a picture,3242007318_01e82171aa.jpg,-1,0.288,0.8186,0.5306,"['3203707977_cc9448fecb.jpg', '3534824784_7133119316.jpg', '452419961_6d42ab7000.jpg']","[0.8186, 0.7808, 0.6855]"
2823,two women stop to have their picture taken outside the chocolate factory,3242007318_01e82171aa.jpg,-1,0.2651,0.679,0.4139,"['2660480624_45f88b3022.jpg', '502884177_25939ac000.jpg', '617038406_4092ee91dd.jpg']","[0.679, 0.6463, 0.6454]"
2824,two young ladies pose outside of a brick building and smile for the camera,3242007318_01e82171aa.jpg,-1,0.4773,0.6659,0.1886,"['758921886_55a351dd67.jpg', '3534824784_7133119316.jpg', '3139160252_75109e9e05.jpg']","[0.6659, 0.6545, 0.6216]"
2825,a group of young children standing in a row leaning against a wall,3242718240_3358f2d6e6.jpg,2,0.708,0.7919,0.0839,"['3002920707_5d2e6e6aac.jpg', '3242718240_3358f2d6e6.jpg', '3661072592_2e693cd5a0.jpg']","[0.7919, 0.708, 0.6905]"
2826,a group of six children stands smiling and laughing in front of a wall,3242718240_3358f2d6e6.jpg,2,0.8124,0.8461,0.0337,"['3694093650_547259731e.jpg', '3242718240_3358f2d6e6.jpg', '3197891333_b1b0fd1702.jpg']","[0.8461, 0.8124, 0.774]"
2829,a group of children stand against a building and smile,3242718240_3358f2d6e6.jpg,2,0.7881,0.8234,0.0353,"['3694093650_547259731e.jpg', '3242718240_3358f2d6e6.jpg', '3002920707_5d2e6e6aac.jpg']","[0.8234, 0.7881, 0.7032]"
2830,a boy wearing a blue parka green pants and white shoes is leaping in a ramp,3244734844_c318c29c23.jpg,-1,0.4657,0.7342,0.2685,"['2831672255_d779807c14.jpg', '3179336562_c3d0c0a3bd.jpg', '2597737483_6518a230e4.jpg']","[0.7342, 0.6886, 0.6771]"
2831,a man performs a large jump,3244734844_c318c29c23.jpg,-1,0.4162,0.7892,0.3729,"['3446762868_06e9d9d899.jpg', '2700147489_f1664f2b61.jpg', '3240351042_5d29c94b0e.jpg']","[0.7892, 0.7129, 0.6939]"
2832,a man wearing a blue jacket jumping from one concrete wall to the other,3244734844_c318c29c23.jpg,-1,0.5923,0.7934,0.2011,"['3686924335_3c51e8834a.jpg', '2968135512_51fbb56e3e.jpg', '2922512807_d382528a93.jpg']","[0.7934, 0.7575, 0.7187]"
2833,a person in a blue jacket jumps off of a tan cement wall,3244734844_c318c29c23.jpg,2,0.7371,0.7397,0.0026,"['2922512807_d382528a93.jpg', '3244734844_c318c29c23.jpg', '3029472296_d429b1586c.jpg']","[0.7397, 0.7371, 0.6969]"
2834,someone in a blue coat and white sneakers is airborne,3244734844_c318c29c23.jpg,-1,0.2738,0.8117,0.5379,"['3357416302_fcfcdd7b86.jpg', '3241965735_8742782a70.jpg', '3240351042_5d29c94b0e.jpg']","[0.8117, 0.7388, 0.719]"
2835,snowboarder on a pink board flying through the air,3248352729_ab264b2222.jpg,3,0.7243,0.8294,0.1051,"['3319899418_4bcf1b00d8.jpg', '3329169877_175cb16845.jpg', '3248352729_ab264b2222.jpg']","[0.8294, 0.7394, 0.7243]"
2837,a snowboarder jumps across a snowy hill,3248352729_ab264b2222.jpg,2,0.8204,0.8665,0.0461,"['3108732084_565b423162.jpg', '3248352729_ab264b2222.jpg', '3170551725_1276644eab.jpg']","[0.8665, 0.8204, 0.8157]"
2838,a person riding a snowboard with a pink bottom,3248352729_ab264b2222.jpg,10,0.6232,0.729,0.1059,"['3329793486_afc16663cc.jpg', '3329169877_175cb16845.jpg', '3319899418_4bcf1b00d8.jpg']","[0.729, 0.7201, 0.7031]"
2839,a snowboarder is jumping over a snowy hill,3248352729_ab264b2222.jpg,2,0.8145,0.8286,0.0141,"['3170551725_1276644eab.jpg', '3248352729_ab264b2222.jpg', '3329169877_175cb16845.jpg']","[0.8286, 0.8145, 0.811]"
2840,a brown and white dog standing next to a smaller brown and white dog in front of a fence,3248408149_41a8dd90d3.jpg,-1,0.4644,0.8363,0.3718,"['2419221084_01a14176b4.jpg', '2584412512_6767593f24.jpg', '2546959333_23b957988f.jpg']","[0.8363, 0.6349, 0.6079]"
2841,a brown and white dog stands on the sand to look at another dog,3248408149_41a8dd90d3.jpg,4,0.7108,0.7396,0.0288,"['1067790824_f3cc97239b.jpg', '453756106_711c20471a.jpg', '426191845_1e979e9345.jpg']","[0.7396, 0.7347, 0.7251]"
2842,a large dog plays in the sand with a small dog,3248408149_41a8dd90d3.jpg,8,0.6994,0.8439,0.1445,"['2434006663_207a284cec.jpg', '2407470303_6fd5e3600d.jpg', '3070031806_3d587c2a66.jpg']","[0.8439, 0.7836, 0.7524]"
2844,two dogs playing in the sand next to a fence,3248408149_41a8dd90d3.jpg,9,0.6429,0.8954,0.2525,"['2434006663_207a284cec.jpg', '453756106_711c20471a.jpg', '1067790824_f3cc97239b.jpg']","[0.8954, 0.7747, 0.7554]"
2845,people are sitting on bleachers waving american flags,325005410_e1ff5041b5.jpg,-1,0.4404,0.7062,0.2658,"['1425919702_ddb761aeec.jpg', '241347547_902725b9f8.jpg', '2928835996_88b9f9503d.jpg']","[0.7062, 0.6996, 0.6496]"
2846,a group of people are at a convention waving american flags,325005410_e1ff5041b5.jpg,-1,0.384,0.7926,0.4086,"['241347547_902725b9f8.jpg', '241347803_afb04b12c4.jpg', '3535879138_9281dc83d5.jpg']","[0.7926, 0.6712, 0.6685]"
2847,people waving flags watch a game,325005410_e1ff5041b5.jpg,10,0.6393,0.8144,0.1751,"['3535879138_9281dc83d5.jpg', '2928835996_88b9f9503d.jpg', '380527679_574749123d.jpg']","[0.8144, 0.7849, 0.7512]"
2848,a crowd of people are sitting in bleachers and some are holding american flags,325005410_e1ff5041b5.jpg,6,0.6249,0.8671,0.2422,"['3535879138_9281dc83d5.jpg', '3433470650_a8b1c27173.jpg', '1425919702_ddb761aeec.jpg']","[0.8671, 0.7289, 0.6835]"
2849,a crowd of people some with flags at an event,325005410_e1ff5041b5.jpg,3,0.8006,0.8024,0.0017,"['3114944484_28b5bb9842.jpg', '3225037367_a71fa86319.jpg', '325005410_e1ff5041b5.jpg']","[0.8024, 0.8014, 0.8006]"
2850,two persons in midair snowboarding,3254645823_a7c072481c.jpg,9,0.6125,0.8538,0.2413,"['2216695423_1362cb25f3.jpg', '2165461920_1a4144eb2b.jpg', '3108732084_565b423162.jpg']","[0.8538, 0.7457, 0.7009]"
2851,two snowboarders are in the air over the snow,3254645823_a7c072481c.jpg,4,0.6276,0.6967,0.0691,"['412101267_7257e6d8c0.jpg', '2301867590_98c0ecb0cb.jpg', '3351493005_6e5030f596.jpg']","[0.6967, 0.6824, 0.6625]"
2852,two snowboarders are suspended in midair after a jump from a snow slope,3254645823_a7c072481c.jpg,5,0.6238,0.6601,0.0363,"['3351493005_6e5030f596.jpg', '3240351042_5d29c94b0e.jpg', '3357416302_fcfcdd7b86.jpg']","[0.6601, 0.6405, 0.6328]"
2853,two snowboarders in the air above snow,3254645823_a7c072481c.jpg,2,0.7341,0.7655,0.0314,"['3012513414_86180c44cb.jpg', '3254645823_a7c072481c.jpg', '224273695_0b517bd0eb.jpg']","[0.7655, 0.7341, 0.6631]"
2854,two snowboarders in yellow and green are jumping in the air,3254645823_a7c072481c.jpg,-1,0.4346,0.7604,0.3257,"['2165461920_1a4144eb2b.jpg', '512101751_05a6d93e19.jpg', '2216695423_1362cb25f3.jpg']","[0.7604, 0.712, 0.6921]"
2855,a group shot of four guys and one girl in front of a brick building,3254817653_632e840423.jpg,3,0.7686,0.8057,0.0371,"['3712923460_1b20ebb131.jpg', '3242718240_3358f2d6e6.jpg', '3254817653_632e840423.jpg']","[0.8057, 0.7946, 0.7686]"
2857,a family picture,3254817653_632e840423.jpg,-1,0.2626,0.679,0.4165,"['979383193_0a542a059d.jpg', '278002800_3817135105.jpg', '3694093650_547259731e.jpg']","[0.679, 0.6785, 0.6676]"
2858,a group of adults wear sweaters and have their hands in their pockets,3254817653_632e840423.jpg,9,0.5993,0.7155,0.1163,"['470887791_86d5a08a38.jpg', '3712923460_1b20ebb131.jpg', '2924884899_f512c84332.jpg']","[0.7155, 0.6633, 0.6489]"
2859,a group of five adults stand posing in front of buildings,3254817653_632e840423.jpg,2,0.7291,0.8285,0.0994,"['3627676364_1dc9294ec5.jpg', '3254817653_632e840423.jpg', '445861800_75fc6a8c16.jpg']","[0.8285, 0.7291, 0.7064]"
2862,a dog jumps high in the snow,3257277774_aba333a94c.jpg,4,0.5957,0.7519,0.1562,"['421808539_57abee6d55.jpg', '2095078658_c14ba89bc2.jpg', '106514190_bae200f463.jpg']","[0.7519, 0.6742, 0.6049]"
2863,a dog jumps in the snow,3257277774_aba333a94c.jpg,2,0.7033,0.7162,0.0129,"['421808539_57abee6d55.jpg', '3257277774_aba333a94c.jpg', '2095078658_c14ba89bc2.jpg']","[0.7162, 0.7033, 0.6279]"
2865,beautiful mountain scenery and a ski lift,3259110412_9908c45144.jpg,-1,0.2508,0.7869,0.5361,"['3351493005_6e5030f596.jpg', '2272823323_3b7291cd47.jpg', '2053733930_e245615ad4.jpg']","[0.7869, 0.7439, 0.7273]"
2866,there is a pile of white snow,3259110412_9908c45144.jpg,2,0.7283,0.8391,0.1108,"['3012513414_86180c44cb.jpg', '3259110412_9908c45144.jpg', '56494233_1824005879.jpg']","[0.8391, 0.7283, 0.7215]"
2867,a view of some large snowcapped mountains,3259110412_9908c45144.jpg,-1,0.4557,0.881,0.4252,"['319870744_0e0138d205.jpg', '223299142_521aedf9e7.jpg', '2098174172_e57d86ea03.jpg']","[0.881, 0.822, 0.8192]"
2868,a rock face is covered with snow and ice,3259110412_9908c45144.jpg,5,0.7459,0.8212,0.0753,"['224273695_0b517bd0eb.jpg', '1428578577_82864facae.jpg', '56494233_1824005879.jpg']","[0.8212, 0.8148, 0.7892]"
2870,a few players show off their jousting skills in a gym,3262386960_14f5d857db.jpg,5,0.6601,0.7467,0.0865,"['3674168459_6245f4f658.jpg', '3426789838_8771f0ed56.jpg', '1991806812_065f747689.jpg']","[0.7467, 0.7315, 0.7301]"
2871,the people in the masks are fencing,3262386960_14f5d857db.jpg,-1,0.1377,0.7735,0.6358,"['3535056297_e16f014cb7.jpg', '3199895624_4f01798c6f.jpg', '2622971954_59f192922d.jpg']","[0.7735, 0.7528, 0.7213]"
2872,two fencers in full gear duel in a gym,3262386960_14f5d857db.jpg,-1,0.3576,0.6434,0.2857,"['3649307685_60c1294d2a.jpg', '3079073247_97e88e2eb7.jpg', '241346215_037e18403a.jpg']","[0.6434, 0.6298, 0.6248]"
2873,two fencers in gear fighting in a fencing class,3262386960_14f5d857db.jpg,-1,0.3083,0.633,0.3247,"['2272823323_3b7291cd47.jpg', '97731718_eb7ba71fd3.jpg', '440184957_267f3f3a2b.jpg']","[0.633, 0.6253, 0.6181]"
2874,two fencers in white suits and black masks compete in a gymnasium setting,3262386960_14f5d857db.jpg,-1,0.559,0.7243,0.1653,"['2944952557_8484f0da8f.jpg', '3155451946_c0862c70cb.jpg', '305199420_89f6ddd778.jpg']","[0.7243, 0.7204, 0.6648]"
2875,people hike in the snow surrounded by trees,3264650118_be7df266e7.jpg,8,0.6245,0.8025,0.178,"['1584315962_5b0b45d02d.jpg', '3621647714_fc67ab2617.jpg', '534056823_0752303702.jpg']","[0.8025, 0.6793, 0.6561]"
2876,crosscountry skiers are traveling through a snowy forest,3264650118_be7df266e7.jpg,6,0.697,0.7741,0.0771,"['3164415865_612f9fd8bc.jpg', '1584315962_5b0b45d02d.jpg', '336551615_a01418bc53.jpg']","[0.7741, 0.7498, 0.739]"
2877,a man skiing through a wintry wooded area wearing a red jacket,3264650118_be7df266e7.jpg,7,0.6531,0.7082,0.0551,"['3164415865_612f9fd8bc.jpg', '2339140905_9f625f140a.jpg', '2131762850_5293a288d9.jpg']","[0.7082, 0.7012, 0.6828]"
2878,a man crosscountry skis on a snowy path,3264650118_be7df266e7.jpg,2,0.7643,0.7887,0.0244,"['2339140905_9f625f140a.jpg', '3264650118_be7df266e7.jpg', '2194494220_bb2178832c.jpg']","[0.7887, 0.7643, 0.7183]"
2879,a man skies on the snowy ground among trees,3264650118_be7df266e7.jpg,-1,0.4508,0.7537,0.3029,"['116409198_0fe0c94f3b.jpg', '3708743823_3e3e0554d1.jpg', '942399470_6132d3e5d2.jpg']","[0.7537, 0.7487, 0.7333]"
2880,a dog holds a smaller animal in its mouth,3264678536_46601d25f0.jpg,-1,0.1464,0.7463,0.5999,"['1346529555_e916816cfe.jpg', '535529555_583d89b7f2.jpg', '2374247382_023a86b9ca.jpg']","[0.7463, 0.6983, 0.6831]"
2881,a dog is nipping at the ear of another dog on a leash in a park,3264678536_46601d25f0.jpg,-1,0.0758,0.8041,0.7283,"['2419221084_01a14176b4.jpg', '2902486045_6298eb22ef.jpg', '2427558437_3e839056d7.jpg']","[0.8041, 0.7096, 0.6962]"
2882,a large dog holding a smaller dog,3264678536_46601d25f0.jpg,-1,0.035,0.7218,0.6869,"['2768972186_92787cd523.jpg', '3383491811_fd9d3a891d.jpg', '3494345896_dd6b32cfa3.jpg']","[0.7218, 0.6564, 0.5835]"
2883,a small black and brown dog on a leash is jumping on a bigger tricolored dog on a leash,3264678536_46601d25f0.jpg,-1,0.4714,0.8344,0.363,"['522486784_978021d537.jpg', '909808296_23c427022d.jpg', '2347921097_f2e35753c0.jpg']","[0.8344, 0.7719, 0.7388]"
2884,a small dog jumps up to play with a larger dog,3264678536_46601d25f0.jpg,-1,0.2879,0.6958,0.4079,"['2419221084_01a14176b4.jpg', '460935487_75b2da7854.jpg', '539750844_02a07ec524.jpg']","[0.6958, 0.6379, 0.6254]"
2885,two dogs are standing in snow the smaller one barking at the larger one,3266306177_7994dc2865.jpg,5,0.648,0.8509,0.2029,"['1287931016_fb015e2e10.jpg', '412101267_7257e6d8c0.jpg', '3173461705_b5cdeef1eb.jpg']","[0.8509, 0.8186, 0.6998]"
2886,two dogs a big dog and a small dog run in the snow,3266306177_7994dc2865.jpg,8,0.5652,0.8961,0.3309,"['3173461705_b5cdeef1eb.jpg', '2148916767_644ea6a7fa.jpg', '1287931016_fb015e2e10.jpg']","[0.8961, 0.7784, 0.7679]"
2887,a little black dog and a large brown dog are out in the snow,3266306177_7994dc2865.jpg,5,0.6107,0.7492,0.1386,"['2148916767_644ea6a7fa.jpg', '1287931016_fb015e2e10.jpg', '3173461705_b5cdeef1eb.jpg']","[0.7492, 0.7316, 0.7301]"
2888,a large brown dog and small black dog walk on the snow,3266306177_7994dc2865.jpg,6,0.6687,0.8292,0.1606,"['3173461705_b5cdeef1eb.jpg', '2148916767_644ea6a7fa.jpg', '1287931016_fb015e2e10.jpg']","[0.8292, 0.8123, 0.7572]"
2889,a brown dog is running in the snow with a smaller black dog running behind it,3266306177_7994dc2865.jpg,3,0.753,0.8127,0.0597,"['2115631346_9585a479b0.jpg', '3173461705_b5cdeef1eb.jpg', '3266306177_7994dc2865.jpg']","[0.8127, 0.7867, 0.753]"
2890,a man about to hit a tennis ball with a racket,3268443910_b36dbc1e5c.jpg,7,0.6557,0.9385,0.2828,"['2269795781_46a296aa21.jpg', '3425071001_e7c9809ef2.jpg', '3163563871_cef3cf33ea.jpg']","[0.9385, 0.9045, 0.8257]"
2891,a man in an orange shirt playing tennis,3268443910_b36dbc1e5c.jpg,3,0.8283,0.8604,0.0321,"['2269795781_46a296aa21.jpg', '3420260768_26a600b844.jpg', '3268443910_b36dbc1e5c.jpg']","[0.8604, 0.8315, 0.8283]"
2892,a man in an orange tshirt and white wristbands plays tennis,3268443910_b36dbc1e5c.jpg,5,0.7648,0.8765,0.1117,"['2269795781_46a296aa21.jpg', '3420260768_26a600b844.jpg', '3163563871_cef3cf33ea.jpg']","[0.8765, 0.8374, 0.8083]"
2893,a man wearing an orange u miami tshirt playing tennis,3268443910_b36dbc1e5c.jpg,2,0.7865,0.846,0.0595,"['2269795781_46a296aa21.jpg', '3268443910_b36dbc1e5c.jpg', '3420260768_26a600b844.jpg']","[0.846, 0.7865, 0.7744]"
2894,a tennis player in an orange shirt is lining up his racquet to strike the ball,3268443910_b36dbc1e5c.jpg,5,0.791,0.9022,0.1112,"['2269795781_46a296aa21.jpg', '3163563871_cef3cf33ea.jpg', '3425071001_e7c9809ef2.jpg']","[0.9022, 0.8573, 0.8399]"
2895,four dogs run in the grass,3271084924_4778d556cc.jpg,8,0.6349,0.7866,0.1516,"['2216695423_1362cb25f3.jpg', '2165461920_1a4144eb2b.jpg', '3195040792_a03954a19f.jpg']","[0.7866, 0.7245, 0.7024]"
2896,three dogs walking in the grass,3271084924_4778d556cc.jpg,-1,0.3653,0.7722,0.407,"['2855667597_bf6ceaef8e.jpg', '3526018344_450c517a72.jpg', '2567035103_3511020c8f.jpg']","[0.7722, 0.6466, 0.6431]"
2897,two dogs are running in the field,3271084924_4778d556cc.jpg,6,0.6499,0.7987,0.1488,"['78984436_ad96eaa802.jpg', '3526018344_450c517a72.jpg', '2567035103_3511020c8f.jpg']","[0.7987, 0.7101, 0.6833]"
2899,two large dogs running while a third watches,3271084924_4778d556cc.jpg,-1,0.5003,0.7253,0.225,"['3294952558_96bb8c8cf3.jpg', '2818735880_68b3dfe1f5.jpg', '3526018344_450c517a72.jpg']","[0.7253, 0.7106, 0.707]"
2901,a brown dog biting a horse s leg,3271468462_701eb88d3b.jpg,6,0.6817,0.8286,0.147,"['2656987333_80dcc82c05.jpg', '1234293791_6566284bcd.jpg', '1659358141_0433c9bf99.jpg']","[0.8286, 0.7262, 0.712]"
2902,a dog nips at the leg of a horse,3271468462_701eb88d3b.jpg,2,0.8246,0.8714,0.0469,"['2656987333_80dcc82c05.jpg', '3271468462_701eb88d3b.jpg', '1234293791_6566284bcd.jpg']","[0.8714, 0.8246, 0.8157]"
2903,a brown dog begins to bit the leg of a farm animal in the grass,3271468462_701eb88d3b.jpg,3,0.7305,0.7569,0.0264,"['1745110280_0cbff5e273.jpg', '1659358141_0433c9bf99.jpg', '3271468462_701eb88d3b.jpg']","[0.7569, 0.7326, 0.7305]"
2904,a brown dog biting a horse s ankle,3271468462_701eb88d3b.jpg,5,0.6997,0.8058,0.1062,"['2656987333_80dcc82c05.jpg', '1659358141_0433c9bf99.jpg', '3138562460_44227a35cf.jpg']","[0.8058, 0.718, 0.7127]"
2905,a chipmunk stands on the edge of a field and road,3273091032_98f724b36b.jpg,-1,0.5408,0.7021,0.1613,"['435739506_2daf7f4887.jpg', '455611732_d65bf3e976.jpg', '3025334206_76888792e5.jpg']","[0.7021, 0.6539, 0.6501]"
2906,a squirrel stands in the grass looking around,3273091032_98f724b36b.jpg,2,0.6566,0.6699,0.0133,"['3025334206_76888792e5.jpg', '3273091032_98f724b36b.jpg', '2472574160_8ce233f396.jpg']","[0.6699, 0.6566, 0.649]"
2908,there is a squirrel sitting up in the grass,3273091032_98f724b36b.jpg,-1,0.5559,0.6725,0.1166,"['763577068_4b96ed768b.jpg', '2404692474_37da774368.jpg', '2490365757_b869282cb3.jpg']","[0.6725, 0.6512, 0.6346]"
2909,the squirrel sits straight up in the grass,3273091032_98f724b36b.jpg,9,0.5502,0.6162,0.066,"['2410153942_ba4a136358.jpg', '2472574160_8ce233f396.jpg', '2490365757_b869282cb3.jpg']","[0.6162, 0.6061, 0.6049]"
2910,two grey dogs run near the water on a manicured lawn in the fall,327415627_6313d32a64.jpg,-1,0.1029,0.6735,0.5706,"['2852982055_8112d0964f.jpg', '3052196390_c59dd24ca8.jpg', '3430526230_234b3550f6.jpg']","[0.6735, 0.6599, 0.6517]"
2911,two dogs run through grass near a body of water,327415627_6313d32a64.jpg,-1,0.0476,0.8402,0.7925,"['3430526230_234b3550f6.jpg', '2567035103_3511020c8f.jpg', '2244024374_54d7e88c2b.jpg']","[0.8402, 0.7188, 0.7169]"
2912,two dogs run through a field,327415627_6313d32a64.jpg,-1,0.1364,0.7671,0.6307,"['2567035103_3511020c8f.jpg', '3430526230_234b3550f6.jpg', '3724718895_bd03f4a4dc.jpg']","[0.7671, 0.748, 0.6648]"
2913,two dogs run along the green grass near the water,327415627_6313d32a64.jpg,-1,0.1794,0.7658,0.5864,"['2244024374_54d7e88c2b.jpg', '2567035103_3511020c8f.jpg', '3430526230_234b3550f6.jpg']","[0.7658, 0.7549, 0.7519]"
2914,two dogs running past a tree,327415627_6313d32a64.jpg,-1,0.3414,0.7085,0.3672,"['2289096282_4ef120f189.jpg', '1403414927_5f80281505.jpg', '2567035103_3511020c8f.jpg']","[0.7085, 0.6837, 0.6251]"
2915,a crowd of people in the street at night,3280052365_c4644bf0a5.jpg,-1,0.6066,0.7325,0.1259,"['3114944484_28b5bb9842.jpg', '3535879138_9281dc83d5.jpg', '3433470650_a8b1c27173.jpg']","[0.7325, 0.7226, 0.6807]"
2916,a young girl sits atop a lady s shoulders as they revel with the celebrating crowd,3280052365_c4644bf0a5.jpg,-1,0.4744,0.7666,0.2922,"['3437315443_ba2263f92e.jpg', '2102732029_9ae520914d.jpg', '3289817083_4e78e1c05a.jpg']","[0.7666, 0.7659, 0.6624]"
2917,two woman and a child look at each other while a night party scene goes on behind them,3280052365_c4644bf0a5.jpg,4,0.6785,0.7204,0.0418,"['3114944484_28b5bb9842.jpg', '3673970325_4e025069e9.jpg', '3437315443_ba2263f92e.jpg']","[0.7204, 0.7099, 0.7088]"
2918,two women and a child celebrating at a nighttime party,3280052365_c4644bf0a5.jpg,3,0.7681,0.8107,0.0426,"['3631474374_e40764d153.jpg', '3652150541_8fb5a3a5d1.jpg', '3280052365_c4644bf0a5.jpg']","[0.8107, 0.7701, 0.7681]"
2919,two women and one young girl are together in a crowded area,3280052365_c4644bf0a5.jpg,-1,0.4852,0.7513,0.2661,"['2337809114_899ba61330.jpg', '2204550058_2707d92338.jpg', '1454841725_4b6e6199e2.jpg']","[0.7513, 0.7002, 0.6997]"
2920,the white swan is taking off from the water,3282634762_2650d0088a.jpg,2,0.7775,0.8276,0.0501,"['358875403_f357f03713.jpg', '3282634762_2650d0088a.jpg', '2100046085_69b59b6645.jpg']","[0.8276, 0.7775, 0.7496]"
2921,a swan taking off from a lake,3282634762_2650d0088a.jpg,3,0.6646,0.7794,0.1148,"['358875403_f357f03713.jpg', '3363836972_c87b58c948.jpg', '3282634762_2650d0088a.jpg']","[0.7794, 0.7096, 0.6646]"
2923,a swan is flying through a body of water,3282634762_2650d0088a.jpg,2,0.744,0.7523,0.0083,"['3295680663_af21ea648b.jpg', '3282634762_2650d0088a.jpg', '358875403_f357f03713.jpg']","[0.7523, 0.744, 0.7234]"
2924,a swan preparing for flight across the pond,3282634762_2650d0088a.jpg,9,0.5658,0.7425,0.1767,"['3363836972_c87b58c948.jpg', '358875403_f357f03713.jpg', '210625425_fb1ef5d23b.jpg']","[0.7425, 0.7018, 0.681]"
2925,a little girl runs in the park looking at somthing out of frame,3286222970_1fa445e38f.jpg,4,0.6578,0.7648,0.1071,"['2021671653_567395c7cf.jpg', '2422018883_336519b5c6.jpg', '1093737381_b313cd49ff.jpg']","[0.7648, 0.6971, 0.6723]"
2926,a young girl walks quickly outside,3286222970_1fa445e38f.jpg,4,0.7301,0.8485,0.1184,"['2422018883_336519b5c6.jpg', '2592019072_a6c0090da4.jpg', '3555231025_73fa54fa29.jpg']","[0.8485, 0.773, 0.7679]"
2929,young girl in green shirt and sandals runs down the street,3286222970_1fa445e38f.jpg,2,0.7395,0.8613,0.1218,"['2422018883_336519b5c6.jpg', '3286222970_1fa445e38f.jpg', '2021671653_567395c7cf.jpg']","[0.8613, 0.7395, 0.7001]"
2930,two couples pose for a picture in the winter,3287963317_186491ee78.jpg,-1,0.4863,0.7416,0.2554,"['3217291172_10ef70af88.jpg', '536537638_f5ee42410b.jpg', '3254817653_632e840423.jpg']","[0.7416, 0.6903, 0.6759]"
2932,a group poses for a picture in front of a frozen waterfall,3287963317_186491ee78.jpg,9,0.5469,0.6896,0.1427,"['1808370027_2088394eb4.jpg', '571507143_be346225b7.jpg', '3716277216_c04002be81.jpg']","[0.6896, 0.6384, 0.6377]"
2933,four people crouched near an ice formation,3287963317_186491ee78.jpg,5,0.6146,0.6972,0.0826,"['3229821595_77ace81c6b.jpg', '369360998_ba56fb436f.jpg', '1584315962_5b0b45d02d.jpg']","[0.6972, 0.6619, 0.6545]"
2935,a person jumping down a hill on his snowboard in the winter,3288274849_07ff76ee93.jpg,-1,0.4552,0.8614,0.4062,"['3241965735_8742782a70.jpg', '3248352729_ab264b2222.jpg', '3108732084_565b423162.jpg']","[0.8614, 0.8036, 0.7698]"
2936,a snowboarder glides down a stair rail,3288274849_07ff76ee93.jpg,-1,0.5589,0.7703,0.2114,"['3412822878_5d961492e5.jpg', '3708743823_3e3e0554d1.jpg', '3170551725_1276644eab.jpg']","[0.7703, 0.758, 0.7483]"
2937,a snowboarder goes down a short hill next to stairs,3288274849_07ff76ee93.jpg,-1,0.4486,0.7601,0.3115,"['3170551725_1276644eab.jpg', '3708743823_3e3e0554d1.jpg', '2664103423_c539f61016.jpg']","[0.7601, 0.7377, 0.6954]"
2938,a snowboarder is going down a snowy hill next to a staircase behind a building,3288274849_07ff76ee93.jpg,-1,0.52,0.8371,0.3171,"['3170551725_1276644eab.jpg', '3248352729_ab264b2222.jpg', '3708743823_3e3e0554d1.jpg']","[0.8371, 0.8045, 0.7696]"
2939,person snowboarding on hill near snow covered stairs with buildings nearby,3288274849_07ff76ee93.jpg,-1,0.5721,0.8153,0.2432,"['3170551725_1276644eab.jpg', '3248352729_ab264b2222.jpg', '3254645823_a7c072481c.jpg']","[0.8153, 0.7655, 0.7523]"
2940,a toddler is petting a brown and cream colored pony,3289817083_4e78e1c05a.jpg,-1,0.5086,0.6129,0.1043,"['1346529555_e916816cfe.jpg', '763577068_4b96ed768b.jpg', '3470303255_fbb41b8dd0.jpg']","[0.6129, 0.5952, 0.5947]"
2941,the man holds the child while the child pets a brown horse,3289817083_4e78e1c05a.jpg,2,0.7646,0.8155,0.0509,"['1234293791_6566284bcd.jpg', '3289817083_4e78e1c05a.jpg', '109202756_b97fcdc62c.jpg']","[0.8155, 0.7646, 0.7081]"
2942,a man holding a baby who is petting a pony,3289817083_4e78e1c05a.jpg,-1,0.4155,0.7272,0.3117,"['3321516504_5ee97771cb.jpg', '278002800_3817135105.jpg', '2470486377_c3a39ccb7b.jpg']","[0.7272, 0.6883, 0.6808]"
2943,a child and parent pet a horse,3289817083_4e78e1c05a.jpg,2,0.8505,0.8536,0.0031,"['1234293791_6566284bcd.jpg', '3289817083_4e78e1c05a.jpg', '109202756_b97fcdc62c.jpg']","[0.8536, 0.8505, 0.7431]"
2944,a family pets a brown and white pony,3289817083_4e78e1c05a.jpg,6,0.5866,0.7573,0.1707,"['1685990174_09c4fb7df8.jpg', '3596959859_a7cb1e194b.jpg', '3694219419_a7a83d4886.jpg']","[0.7573, 0.7256, 0.6809]"
2945,a cricket batter dressed all in white makes a hit,3290105461_7590f23371.jpg,2,0.6869,0.7119,0.025,"['3517124784_4b4eb62a7a.jpg', '3290105461_7590f23371.jpg', '305199420_89f6ddd778.jpg']","[0.7119, 0.6869, 0.603]"
2946,a man dressed in white and wearing a red cap plays on the grass,3290105461_7590f23371.jpg,8,0.6163,0.748,0.1317,"['2328104318_5a43ca170c.jpg', '2460823604_7f6f786b1c.jpg', '241347635_e691395c2f.jpg']","[0.748, 0.739, 0.7319]"
2947,a man in a rugby uniform hitting a ball in a grassy field,3290105461_7590f23371.jpg,-1,0.5442,0.7435,0.1993,"['3522749949_fb615cee47.jpg', '3539840291_1c3eed701d.jpg', '3268443910_b36dbc1e5c.jpg']","[0.7435, 0.6697, 0.664]"
2949,cricket player with red cap hits the ball outdoors,3290105461_7590f23371.jpg,6,0.6349,0.8272,0.1922,"['2460823604_7f6f786b1c.jpg', '241347635_e691395c2f.jpg', '3517124784_4b4eb62a7a.jpg']","[0.8272, 0.7966, 0.7303]"
2950,two men next to a building playing a guitar and drums,3293018193_e4e0c8db7c.jpg,-1,0.2932,0.8297,0.5365,"['3332202255_a30c522664.jpg', '3619232550_0b1e1fd4e4.jpg', '2978236380_fb24c43f1e.jpg']","[0.8297, 0.7534, 0.7211]"
2951,two guys are on the side of the street playing a guitar and drums,3293018193_e4e0c8db7c.jpg,-1,0.3486,0.666,0.3174,"['3332202255_a30c522664.jpg', '3155400369_69e3d6d70f.jpg', '3438858409_136345fa07.jpg']","[0.666, 0.6589, 0.644]"
2952,on the street a man sits and plays the drums while a man standing beside him plays the guitar,3293018193_e4e0c8db7c.jpg,-1,0.2463,0.8055,0.5592,"['3332202255_a30c522664.jpg', '2978236380_fb24c43f1e.jpg', '3305767464_d64a336f60.jpg']","[0.8055, 0.7804, 0.7376]"
2953,a man is playing a guitar next to another man who is sitting behind a green cart wearing a mask,3293018193_e4e0c8db7c.jpg,-1,0.1972,0.8096,0.6123,"['3332202255_a30c522664.jpg', '3305767464_d64a336f60.jpg', '3619232550_0b1e1fd4e4.jpg']","[0.8096, 0.7828, 0.7288]"
2954,a man plays a guitar while another man sits next to him wearing a mask,3293018193_e4e0c8db7c.jpg,-1,0.2105,0.754,0.5435,"['2978236380_fb24c43f1e.jpg', '3332202255_a30c522664.jpg', '3619232550_0b1e1fd4e4.jpg']","[0.754, 0.7467, 0.7291]"
2955,a brown dog is carrying a stick in its mouth,3294952558_96bb8c8cf3.jpg,-1,-0.0749,0.7806,0.8556,"['2986716822_e220754d32.jpg', '2198964806_c57b0534d3.jpg', '1745110280_0cbff5e273.jpg']","[0.7806, 0.6662, 0.6653]"
2956,a brown dog is fetching a stick in a country setting,3294952558_96bb8c8cf3.jpg,-1,0.2138,0.7529,0.5391,"['2986716822_e220754d32.jpg', '1969573381_5ecfae4c80.jpg', '2198964806_c57b0534d3.jpg']","[0.7529, 0.6882, 0.6717]"
2957,a dog is standing in the fenced in field with a stick in his mouth,3294952558_96bb8c8cf3.jpg,-1,0.1547,0.8347,0.6801,"['2986716822_e220754d32.jpg', '1324816249_86600a6759.jpg', '333973142_abcd151002.jpg']","[0.8347, 0.6854, 0.681]"
2958,a dog runs through a field with a stick in his mouth,3294952558_96bb8c8cf3.jpg,-1,0.0302,0.8391,0.8089,"['2986716822_e220754d32.jpg', '3273091032_98f724b36b.jpg', '3396817186_b299ee0531.jpg']","[0.8391, 0.7041, 0.6794]"
2959,the brown dog is bringing back a stick on green grass,3294952558_96bb8c8cf3.jpg,-1,0.2143,0.7799,0.5656,"['1659358141_0433c9bf99.jpg', '2986716822_e220754d32.jpg', '2198964806_c57b0534d3.jpg']","[0.7799, 0.7607, 0.6842]"
2960,a person is jumping over a train car while on their bicycle,3295680663_af21ea648b.jpg,-1,0.3077,0.7067,0.399,"['3682428916_69ce66d375.jpg', '255091927_2eb643beb2.jpg', '3703413486_3c682732a0.jpg']","[0.7067, 0.6405, 0.635]"
2961,a person is in the air while riding his bicycle on top of the train on a clear blue sky day,3295680663_af21ea648b.jpg,-1,0.3819,0.6442,0.2623,"['3582066525_e9d6377f56.jpg', '3531811969_49af4c22f0.jpg', '339350939_6643bfb270.jpg']","[0.6442, 0.6368, 0.6322]"
2962,a person on a bicycle moving across the top of a train,3295680663_af21ea648b.jpg,-1,0.2657,0.7156,0.4499,"['3476451861_5b9c9ce191.jpg', '3729405438_6e79077ab2.jpg', '2556392380_ee57514233.jpg']","[0.7156, 0.6579, 0.656]"
2963,a man jumps train cars with his bike,3295680663_af21ea648b.jpg,-1,0.373,0.5965,0.2235,"['3179336562_c3d0c0a3bd.jpg', '3682428916_69ce66d375.jpg', '255091927_2eb643beb2.jpg']","[0.5965, 0.5897, 0.575]"
2964,a man on a bmx bike jumps over a train,3295680663_af21ea648b.jpg,-1,0.3225,0.6817,0.3591,"['3531811969_49af4c22f0.jpg', '477254932_56b48d775d.jpg', '3729405438_6e79077ab2.jpg']","[0.6817, 0.6264, 0.6069]"
2965,brown dog jumping near water on the beach,3298233193_d2a550840d.jpg,-1,0.5377,0.7959,0.2582,"['140430106_2978fda105.jpg', '967719295_3257695095.jpg', '2281006675_fde04e93dd.jpg']","[0.7959, 0.7951, 0.7385]"
2966,a small brown dog plays with a ball on the beach,3298233193_d2a550840d.jpg,2,0.6199,0.6699,0.05,"['2281006675_fde04e93dd.jpg', '3298233193_d2a550840d.jpg', '3070031806_3d587c2a66.jpg']","[0.6699, 0.6199, 0.597]"
2967,a dog plays with a ball at the beach,3298233193_d2a550840d.jpg,7,0.6486,0.724,0.0754,"['2090997177_76d482b158.jpg', '254527963_3f5824b0e8.jpg', '2281006675_fde04e93dd.jpg']","[0.724, 0.691, 0.6886]"
2968,a dog playing in the waves with a ball,3298233193_d2a550840d.jpg,8,0.5821,0.6687,0.0866,"['3571675421_7e07ac07c5.jpg', '3640020134_367941f5ec.jpg', '2417745327_a2c2705043.jpg']","[0.6687, 0.6647, 0.6442]"
2969,a brown dog playing with a tennis ball on a beach,3298233193_d2a550840d.jpg,3,0.6525,0.6885,0.0361,"['3571675421_7e07ac07c5.jpg', '3496028495_431cfdc042.jpg', '3298233193_d2a550840d.jpg']","[0.6885, 0.6881, 0.6525]"
2970,a black bird carrying a small branch,3301754574_465af5bf6d.jpg,3,0.7086,0.7246,0.0161,"['333973142_abcd151002.jpg', '3273091032_98f724b36b.jpg', '3301754574_465af5bf6d.jpg']","[0.7246, 0.7234, 0.7086]"
2975,a boy in a headband plays drums,3305767464_d64a336f60.jpg,3,0.5497,0.5996,0.0499,"['3701226275_952547ba0f.jpg', '2119660490_ce0d4d1f73.jpg', '3305767464_d64a336f60.jpg']","[0.5996, 0.553, 0.5497]"
2976,a drummer is sitting behind a drum kit near to someone playing a guitar,3305767464_d64a336f60.jpg,3,0.699,0.7485,0.0496,"['2119660490_ce0d4d1f73.jpg', '2610447973_89227ff978.jpg', '3305767464_d64a336f60.jpg']","[0.7485, 0.7173, 0.699]"
2977,a man in a white headband plays the drums at a concert,3305767464_d64a336f60.jpg,5,0.6701,0.7307,0.0607,"['3332202255_a30c522664.jpg', '2978236380_fb24c43f1e.jpg', '241346215_037e18403a.jpg']","[0.7307, 0.7282, 0.7061]"
2978,a man with a white headband playing drums,3305767464_d64a336f60.jpg,-1,0.4122,0.7468,0.3346,"['3517124784_4b4eb62a7a.jpg', '3526805681_38461c0d5d.jpg', '2978236380_fb24c43f1e.jpg']","[0.7468, 0.684, 0.6589]"
2979,the boy is playing drums,3305767464_d64a336f60.jpg,2,0.64,0.6521,0.0121,"['2119660490_ce0d4d1f73.jpg', '3305767464_d64a336f60.jpg', '2325258180_6217dd17eb.jpg']","[0.6521, 0.64, 0.6371]"
2980,a child is climbing over a chain leading to open water,3307563498_e2b4f19272.jpg,-1,0.4344,0.8266,0.3922,"['2752331711_cb18abba5a.jpg', '1801063894_60bce29e19.jpg', '2381613738_d8d2012e3c.jpg']","[0.8266, 0.665, 0.6483]"
2981,a child crossing a chain fence to get to the water,3307563498_e2b4f19272.jpg,-1,0.5383,0.6464,0.1081,"['2107838729_a527e434bd.jpg', '2752331711_cb18abba5a.jpg', '3584406900_039f30b34c.jpg']","[0.6464, 0.646, 0.6404]"
2982,a young boy on the beach by ropes,3307563498_e2b4f19272.jpg,2,0.7364,0.7519,0.0155,"['2271468944_3264d29208.jpg', '3307563498_e2b4f19272.jpg', '3532194771_07faf20d76.jpg']","[0.7519, 0.7364, 0.6877]"
2984,a child begins to climb over a chain with water on the other side,3307563498_e2b4f19272.jpg,-1,0.5316,0.7303,0.1987,"['2752331711_cb18abba5a.jpg', '186890601_8a6b0f1769.jpg', '2381613738_d8d2012e3c.jpg']","[0.7303, 0.7089, 0.6915]"
2985,a dirt bike rider jumps into the air and does a trick,3309578722_1765d7d1af.jpg,8,0.6694,0.8358,0.1663,"['3528105511_12ff45dc9c.jpg', '3043501068_be58ac47e1.jpg', '3488512097_e500cb499f.jpg']","[0.8358, 0.765, 0.7484]"
2986,a guy doing tricks on his motorcycle next to fireworks,3309578722_1765d7d1af.jpg,4,0.7542,0.8254,0.0712,"['3043501068_be58ac47e1.jpg', '3488512097_e500cb499f.jpg', '3215315009_47577bf8f7.jpg']","[0.8254, 0.7806, 0.7588]"
2987,a lone motorcyclist jumping in midair with his legs in the air and sparks flying in the background,3309578722_1765d7d1af.jpg,3,0.7375,0.8226,0.0851,"['3528105511_12ff45dc9c.jpg', '3215315009_47577bf8f7.jpg', '3309578722_1765d7d1af.jpg']","[0.8226, 0.7517, 0.7375]"
2988,a motorcycle daredevil making a high jump,3309578722_1765d7d1af.jpg,3,0.764,0.7946,0.0306,"['3215315009_47577bf8f7.jpg', '3528105511_12ff45dc9c.jpg', '3309578722_1765d7d1af.jpg']","[0.7946, 0.787, 0.764]"
2989,a stunt man does a bike trick up in the air while fireworks go off around him,3309578722_1765d7d1af.jpg,2,0.8195,0.8794,0.0599,"['3391924827_53b31542ce.jpg', '3309578722_1765d7d1af.jpg', '3215315009_47577bf8f7.jpg']","[0.8794, 0.8195, 0.8018]"
2990,the dog is lying on the cobblestone street,3310067561_b92017acab.jpg,-1,0.4783,0.7794,0.3011,"['2702506716_17a7fb3ba4.jpg', '3336361161_c06cdd160e.jpg', '3383491811_fd9d3a891d.jpg']","[0.7794, 0.7545, 0.6833]"
2991,a yellow dog is lying near where people are walking,3310067561_b92017acab.jpg,-1,0.3092,0.7357,0.4265,"['3526805681_38461c0d5d.jpg', '3014080715_f4f0dbb56e.jpg', '310213587_778fe8fb5b.jpg']","[0.7357, 0.6578, 0.6514]"
2992,a dog lies down on a cobblestone street,3310067561_b92017acab.jpg,-1,0.505,0.7798,0.2748,"['3383491811_fd9d3a891d.jpg', '2702506716_17a7fb3ba4.jpg', '2311690895_0d6efe11c8.jpg']","[0.7798, 0.7259, 0.7024]"
2993,a brown dog is sitting on a cobbled pavement,3310067561_b92017acab.jpg,-1,0.4675,0.7568,0.2893,"['3383491811_fd9d3a891d.jpg', '3228069008_edb2961fc4.jpg', '1745110280_0cbff5e273.jpg']","[0.7568, 0.6896, 0.6711]"
2994,a brown god relaxes on a brick sidewalk,3310067561_b92017acab.jpg,-1,0.5092,0.7642,0.255,"['2533076864_d799996433.jpg', '2328616978_fb21be2b87.jpg', '436009777_440c7679a1.jpg']","[0.7642, 0.681, 0.6263]"
2995,a speed boat jumps over waves in the water,3315033940_e91f87b7f2.jpg,7,0.6876,0.8774,0.1898,"['3467510271_0f57e52768.jpg', '3037558954_20115165e3.jpg', '1998457059_c9ac9a1e1a.jpg']","[0.8774, 0.7783, 0.775]"
2996,a speedboat rips through the water,3315033940_e91f87b7f2.jpg,-1,0.3785,0.707,0.3285,"['2270483627_16fe41b063.jpg', '2051194177_fbeee211e3.jpg', '2417745327_a2c2705043.jpg']","[0.707, 0.6898, 0.6742]"
2997,people in a boat floating above waves,3315033940_e91f87b7f2.jpg,2,0.9155,0.9396,0.024,"['1998457059_c9ac9a1e1a.jpg', '3315033940_e91f87b7f2.jpg', '2526585002_10987a63f3.jpg']","[0.9396, 0.9155, 0.7596]"
2998,someone is in a speed boat on the water,3315033940_e91f87b7f2.jpg,6,0.6953,0.8639,0.1686,"['3037558954_20115165e3.jpg', '3467510271_0f57e52768.jpg', '2125216241_5b265a2fbc.jpg']","[0.8639, 0.8283, 0.7756]"
2999,two people drive a small motor boat on choppy water,3315033940_e91f87b7f2.jpg,4,0.5705,0.7438,0.1733,"['482088914_e6ea4501e9.jpg', '2906802485_dfebf09173.jpg', '561179884_8b6b925ef9.jpg']","[0.7438, 0.7155, 0.6246]"
3001,a swan is flying above water,3315110972_1090d11728.jpg,3,0.7294,0.745,0.0156,"['3282634762_2650d0088a.jpg', '358875403_f357f03713.jpg', '3315110972_1090d11728.jpg']","[0.745, 0.7336, 0.7294]"
3002,a white heron flies into the sky,3315110972_1090d11728.jpg,-1,0.5937,0.7701,0.1764,"['3012513414_86180c44cb.jpg', '3240351042_5d29c94b0e.jpg', '3301754574_465af5bf6d.jpg']","[0.7701, 0.7688, 0.7273]"
3004,a stork flying low over the water,3315110972_1090d11728.jpg,2,0.8288,0.8467,0.0179,"['3282634762_2650d0088a.jpg', '3315110972_1090d11728.jpg', '358875403_f357f03713.jpg']","[0.8467, 0.8288, 0.689]"
3005,children inspecting an iron structure,3317960829_78bbfafbb6.jpg,-1,0.1271,0.7564,0.6293,"['3480052428_c034b98a08.jpg', '3002920707_5d2e6e6aac.jpg', '520491467_54cbc0a866.jpg']","[0.7564, 0.7029, 0.6486]"
3006,three boys inspecting a piece of metal outdoor furniture,3317960829_78bbfafbb6.jpg,-1,0.1814,0.8054,0.624,"['3480052428_c034b98a08.jpg', '3501083764_cf592292a6.jpg', '2211593099_4a4f1c85d2.jpg']","[0.8054, 0.7269, 0.6676]"
3007,three children inspecting a patio table,3317960829_78bbfafbb6.jpg,-1,0.2786,0.7513,0.4728,"['979383193_0a542a059d.jpg', '3319338707_892ae2a660.jpg', '452419961_6d42ab7000.jpg']","[0.7513, 0.6421, 0.6381]"
3008,three children playing with metal furniture,3317960829_78bbfafbb6.jpg,-1,0.356,0.695,0.3389,"['3656104088_a0d1642fa9.jpg', '799431781_65dc312afc.jpg', '3480052428_c034b98a08.jpg']","[0.695, 0.6918, 0.6748]"
3009,three small boys working on a piece of furniture on a deck,3317960829_78bbfafbb6.jpg,-1,0.4363,0.6948,0.2585,"['799431781_65dc312afc.jpg', '979383193_0a542a059d.jpg', '3442844140_15aa45e9b8.jpg']","[0.6948, 0.5935, 0.5448]"
3010,there is a man shooting basketballs next to a toddler,3318995586_c2bc50b92e.jpg,-1,0.4361,0.6558,0.2197,"['3042380610_c5ea61eef8.jpg', '2516317118_10ae66b87a.jpg', '2676648667_cb055b4fc6.jpg']","[0.6558, 0.6428, 0.6008]"
3011,the little girl is sitting under the basket while the man throws the ball,3318995586_c2bc50b92e.jpg,6,0.5965,0.7345,0.138,"['191003287_2915c11d8e.jpg', '2443380641_7b38d18f5b.jpg', '3518755601_cebf11e515.jpg']","[0.7345, 0.7288, 0.6082]"
3012,a little girl plays on a toy basketball game,3318995586_c2bc50b92e.jpg,-1,0.2234,0.7291,0.5057,"['2021602343_03023e1fd1.jpg', '3154709407_9b0778cbeb.jpg', '2951092164_4940b9a517.jpg']","[0.7291, 0.7114, 0.6674]"
3013,man holding a beer throws a basketball where a little girl is playing,3318995586_c2bc50b92e.jpg,-1,0.3914,0.826,0.4346,"['2021602343_03023e1fd1.jpg', '489773343_a8aecf7db3.jpg', '374103842_17873ce505.jpg']","[0.826, 0.6621, 0.6294]"
3014,the baby in the red outfit is sitting in the middle of a basketball arcade game,3318995586_c2bc50b92e.jpg,-1,0.3516,0.7235,0.3718,"['2021602343_03023e1fd1.jpg', '3154709407_9b0778cbeb.jpg', '2247192427_5e106f24a9.jpg']","[0.7235, 0.7089, 0.6943]"
3015,two girls clasp hands and pose for a picture,3319058642_885d756295.jpg,6,0.6479,0.8261,0.1781,"['3534824784_7133119316.jpg', '3396153660_f729d9f9b9.jpg', '3661072592_2e693cd5a0.jpg']","[0.8261, 0.7454, 0.7312]"
3016,two girls holding hands in orange clothes,3319058642_885d756295.jpg,-1,0.1522,0.6704,0.5183,"['3661072592_2e693cd5a0.jpg', '2260369648_e21ae6494a.jpg', '2003663004_5b70920a98.jpg']","[0.6704, 0.6699, 0.6353]"
3017,two girls wearing orange outfits hold hands and smile,3319058642_885d756295.jpg,-1,0.5259,0.7922,0.2663,"['3661072592_2e693cd5a0.jpg', '2599131872_65789d86d5.jpg', '3035118753_69287079dc.jpg']","[0.7922, 0.7296, 0.6715]"
3018,two smiling girls that are holding hands,3319058642_885d756295.jpg,-1,0.5726,0.8154,0.2429,"['3661072592_2e693cd5a0.jpg', '3534824784_7133119316.jpg', '3396153660_f729d9f9b9.jpg']","[0.8154, 0.7511, 0.6912]"
3019,two women wearing orange dresses hold hands,3319058642_885d756295.jpg,6,0.6114,0.7651,0.1538,"['3638783842_af08dbb518.jpg', '3396153660_f729d9f9b9.jpg', '3688858505_e8afd1475d.jpg']","[0.7651, 0.6763, 0.6739]"
3020,several people in lawn chairs talking outside,3319338707_892ae2a660.jpg,2,0.5947,0.6241,0.0294,"['1425919702_ddb761aeec.jpg', '3319338707_892ae2a660.jpg', '3210419174_d083a16f77.jpg']","[0.6241, 0.5947, 0.5541]"
3021,several people relax on a porch with a view of the mountains,3319338707_892ae2a660.jpg,6,0.6822,0.7667,0.0845,"['3340575518_137ce2695f.jpg', '3229821595_77ace81c6b.jpg', '413737417_b0a8b445e9.jpg']","[0.7667, 0.7648, 0.718]"
3025,a person in a green jacket and yellow pants is on a snowboard coming down a roof into the snow,3319899418_4bcf1b00d8.jpg,-1,0.5887,0.7729,0.1842,"['3170551725_1276644eab.jpg', '3329793486_afc16663cc.jpg', '3708743823_3e3e0554d1.jpg']","[0.7729, 0.7623, 0.7607]"
3026,a snowboarder goes up a ramp,3319899418_4bcf1b00d8.jpg,7,0.6634,0.9,0.2366,"['3329793486_afc16663cc.jpg', '2332540384_4cf26406a9.jpg', '3708743823_3e3e0554d1.jpg']","[0.9, 0.7036, 0.6981]"
3027,a snowboarder slides down the side of an aframe house buried in snow,3319899418_4bcf1b00d8.jpg,-1,0.5442,0.7694,0.2252,"['3170551725_1276644eab.jpg', '3329793486_afc16663cc.jpg', '3708743823_3e3e0554d1.jpg']","[0.7694, 0.714, 0.7037]"
3031,a man with glasses and a hat and a baby,3321516504_5ee97771cb.jpg,4,0.6477,0.6715,0.0238,"['2925737498_57585a7ed9.jpg', '3091962081_194f2f3bd4.jpg', '2647049174_0fb47cee2e.jpg']","[0.6715, 0.6571, 0.651]"
3035,the skateboarder is jumping over a ramp,3323988406_e3c8fce690.jpg,2,0.7822,0.8066,0.0245,"['2876494009_9f96d7eaf2.jpg', '3323988406_e3c8fce690.jpg', '3576741633_671340544c.jpg']","[0.8066, 0.7822, 0.7478]"
3036,a lone skateboarder jumping a huge skateboarding ramp,3323988406_e3c8fce690.jpg,2,0.7574,0.7914,0.0339,"['2876494009_9f96d7eaf2.jpg', '3323988406_e3c8fce690.jpg', '3724113279_99b6e5bf41.jpg']","[0.7914, 0.7574, 0.7046]"
3037,a man dressed all in black performs a trick on a rail while wearing inline skates,3323988406_e3c8fce690.jpg,-1,0.4276,0.7186,0.291,"['2902844125_4186bf3ab6.jpg', '2974501005_346f74e5d8.jpg', '2968135512_51fbb56e3e.jpg']","[0.7186, 0.7062, 0.6821]"
3038,an inline skater doing a jump on a ramp,3323988406_e3c8fce690.jpg,4,0.7911,0.8478,0.0567,"['2876494009_9f96d7eaf2.jpg', '2332540384_4cf26406a9.jpg', '3576741633_671340544c.jpg']","[0.8478, 0.8337, 0.8153]"
3039,a skateboarder makes a jump off a ramp,3323988406_e3c8fce690.jpg,2,0.7455,0.7869,0.0414,"['2876494009_9f96d7eaf2.jpg', '3323988406_e3c8fce690.jpg', '3446762868_06e9d9d899.jpg']","[0.7869, 0.7455, 0.7113]"
3050,snowboarding practice on a snowy hillside,3329793486_afc16663cc.jpg,8,0.6111,0.7835,0.1724,"['3170551725_1276644eab.jpg', '3248352729_ab264b2222.jpg', '3108732084_565b423162.jpg']","[0.7835, 0.7777, 0.7018]"
3051,a snowboarder is riding down a ramp amidst snow,3329793486_afc16663cc.jpg,2,0.8358,0.8379,0.0021,"['3170551725_1276644eab.jpg', '3329793486_afc16663cc.jpg', '3708743823_3e3e0554d1.jpg']","[0.8379, 0.8358, 0.7236]"
3054,a skier on a snowy ski jump,3329793486_afc16663cc.jpg,-1,0.4257,0.7746,0.3489,"['3241965735_8742782a70.jpg', '2272750492_91e8f67328.jpg', '3357416302_fcfcdd7b86.jpg']","[0.7746, 0.75, 0.717]"
3055,a dog holds a large stick in its mouth in the woods,3330935489_9cb67ca36b.jpg,2,0.7717,0.7756,0.0039,"['2066241589_b80e9f676c.jpg', '3330935489_9cb67ca36b.jpg', '2986716822_e220754d32.jpg']","[0.7756, 0.7717, 0.7539]"
3056,a dog takes a large stick in its mouth,3330935489_9cb67ca36b.jpg,2,0.7303,0.765,0.0347,"['2986716822_e220754d32.jpg', '3330935489_9cb67ca36b.jpg', '359082432_c1fd5aa2d6.jpg']","[0.765, 0.7303, 0.709]"
3057,a small white dog pulls a large stick out of the water,3330935489_9cb67ca36b.jpg,7,0.5831,0.6772,0.0941,"['1932161768_996eadac87.jpg', '416106657_cab2a107a5.jpg', '2209496328_2a34fd201d.jpg']","[0.6772, 0.6567, 0.6539]"
3058,a white pug dog is biting and trying to pull a large stick out of some water,3330935489_9cb67ca36b.jpg,-1,0.431,0.8149,0.3839,"['2209496328_2a34fd201d.jpg', '2339946012_06bd480ab8.jpg', '1075881101_d55c46bece.jpg']","[0.8149, 0.7496, 0.6712]"
3059,the white dog is pulling a large stick,3330935489_9cb67ca36b.jpg,3,0.7678,0.7806,0.0127,"['359082432_c1fd5aa2d6.jpg', '1932161768_996eadac87.jpg', '3330935489_9cb67ca36b.jpg']","[0.7806, 0.7749, 0.7678]"
3061,two young men are playing guitars in the corner of a room,3332202255_a30c522664.jpg,2,0.7111,0.8079,0.0968,"['3619232550_0b1e1fd4e4.jpg', '3332202255_a30c522664.jpg', '2891240104_6755281868.jpg']","[0.8079, 0.7111, 0.6578]"
3064,a man with a white guitar plays with another in a striped shirt,3332202255_a30c522664.jpg,2,0.7177,0.7246,0.0068,"['3086523890_fd9394af8b.jpg', '3332202255_a30c522664.jpg', '2978236380_fb24c43f1e.jpg']","[0.7246, 0.7177, 0.6872]"
3065,a man drives a motorbike while another man falls off of it and into the mud,3335370208_460fc19bfa.jpg,5,0.713,0.8541,0.1411,"['2891617125_f939f604c7.jpg', '3488512097_e500cb499f.jpg', '479807833_85eed6899c.jpg']","[0.8541, 0.829, 0.7496]"
3066,a motocross bike and sidecar team are riding around a bend on a muddy circuit,3335370208_460fc19bfa.jpg,4,0.7092,0.8112,0.1021,"['2891617125_f939f604c7.jpg', '3472449219_eb927f05b8.jpg', '143552829_72b6ba49d4.jpg']","[0.8112, 0.785, 0.7431]"
3067,the man falls out of the sidecar into a puddle during the race,3335370208_460fc19bfa.jpg,3,0.6425,0.7178,0.0752,"['3397228832_8ce5b1c26f.jpg', '3613005134_bb7f304da1.jpg', '3335370208_460fc19bfa.jpg']","[0.7178, 0.6582, 0.6425]"
3069,two people are racing a sidecar motorcycle in the mud,3335370208_460fc19bfa.jpg,2,0.7704,0.7713,0.0009,"['2891617125_f939f604c7.jpg', '3335370208_460fc19bfa.jpg', '3472449219_eb927f05b8.jpg']","[0.7713, 0.7704, 0.7273]"
3070,the dog is licking inside the peanut butter jar,3336361161_c06cdd160e.jpg,-1,0.4035,0.797,0.3935,"['1084040636_97d9633581.jpg', '516214924_c2a4364cb3.jpg', '3383491811_fd9d3a891d.jpg']","[0.797, 0.7411, 0.6975]"
3071,a small white and tan dog licking up peanut butter,3336361161_c06cdd160e.jpg,-1,0.5218,0.8792,0.3574,"['1084040636_97d9633581.jpg', '2543247940_083f1b7969.jpg', '2584412512_6767593f24.jpg']","[0.8792, 0.7448, 0.7427]"
3072,a dog licks the peanut butter jar,3336361161_c06cdd160e.jpg,9,0.6231,0.7369,0.1138,"['3383491811_fd9d3a891d.jpg', '2311690895_0d6efe11c8.jpg', '3228069008_edb2961fc4.jpg']","[0.7369, 0.7111, 0.7097]"
3073,a dog is eating peanut butter out of a jar,3336361161_c06cdd160e.jpg,3,0.7275,0.7421,0.0146,"['2525270674_4ab536e7ec.jpg', '1084040636_97d9633581.jpg', '3336361161_c06cdd160e.jpg']","[0.7421, 0.7395, 0.7275]"
3074,a dog eats peanut butter out of a jar,3336361161_c06cdd160e.jpg,4,0.6842,0.7282,0.044,"['1084040636_97d9633581.jpg', '3330935489_9cb67ca36b.jpg', '2525270674_4ab536e7ec.jpg']","[0.7282, 0.7023, 0.6938]"
3075,a black dog in snow is jumping off the ground to catch a stick,3338217927_3c5cf3f7c6.jpg,-1,0.5101,0.7073,0.1972,"['3264678536_46601d25f0.jpg', '3544673666_ffc7483c96.jpg', '2378127945_8dc9da82d7.jpg']","[0.7073, 0.6367, 0.6135]"
3076,a dog jumping for a frisbee in the snow,3338217927_3c5cf3f7c6.jpg,-1,0.4981,0.6857,0.1876,"['3257277774_aba333a94c.jpg', '2095078658_c14ba89bc2.jpg', '3394586927_eae7732b64.jpg']","[0.6857, 0.6556, 0.5975]"
3077,a dog jumps to catch a toy in the snow,3338217927_3c5cf3f7c6.jpg,3,0.6252,0.7948,0.1697,"['3257277774_aba333a94c.jpg', '2095078658_c14ba89bc2.jpg', '3338217927_3c5cf3f7c6.jpg']","[0.7948, 0.649, 0.6252]"
3078,a dog plays in the snow,3338217927_3c5cf3f7c6.jpg,-1,0.5195,0.8213,0.3018,"['410422753_de506155fa.jpg', '2095078658_c14ba89bc2.jpg', '2335619125_2e2034f2c3.jpg']","[0.8213, 0.7814, 0.7428]"
3079,black dog jumping into the air to catch a toy in the snow,3338217927_3c5cf3f7c6.jpg,3,0.6813,0.6959,0.0146,"['3257277774_aba333a94c.jpg', '2378127945_8dc9da82d7.jpg', '3338217927_3c5cf3f7c6.jpg']","[0.6959, 0.6884, 0.6813]"
3080,a dog is carrying something pink in its mouth while walking through the snow,3338291921_fe7ae0c8f8.jpg,3,0.6503,0.6737,0.0234,"['319847643_df7c2a1d25.jpg', '2095078658_c14ba89bc2.jpg', '3338291921_fe7ae0c8f8.jpg']","[0.6737, 0.6535, 0.6503]"
3081,a dog with something pink in its mouth is looking forward,3338291921_fe7ae0c8f8.jpg,-1,0.5128,0.6952,0.1824,"['656260720_a7db4ce48b.jpg', '516214924_c2a4364cb3.jpg', '654130822_4aeb1f1273.jpg']","[0.6952, 0.6783, 0.6434]"
3085,a woman in purple is on a purple bike wearing a blue and red helmet,3339586622_a7676b30e1.jpg,-1,0.4396,0.7423,0.3027,"['2355819665_39021ff642.jpg', '3671933270_d124e9a1a4.jpg', '2084217208_7bd9bc85e5.jpg']","[0.7423, 0.7259, 0.7241]"
3086,a woman wearing a helmet rides her bike down a steep incline,3339586622_a7676b30e1.jpg,-1,0.4037,0.7724,0.3687,"['2308108566_2cba6bca53.jpg', '2084217208_7bd9bc85e5.jpg', '3184031654_34b5c4ffe1.jpg']","[0.7724, 0.7157, 0.6511]"
3087,a woman wearing purple on a purple bike doing a trick on a ramp,3339586622_a7676b30e1.jpg,-1,0.427,0.7294,0.3024,"['3476451861_5b9c9ce191.jpg', '3150315970_8f045c41a4.jpg', '3531811969_49af4c22f0.jpg']","[0.7294, 0.6796, 0.6608]"
3088,the helmeted girl perches on a bike,3339586622_a7676b30e1.jpg,-1,0.3263,0.8952,0.5689,"['3484820303_7be0e914b4.jpg', '654130822_4aeb1f1273.jpg', '2355819665_39021ff642.jpg']","[0.8952, 0.7154, 0.7054]"
3089,the woman is performing a trick on a ramp with a bicycle,3339586622_a7676b30e1.jpg,-1,0.5441,0.883,0.3389,"['3531811969_49af4c22f0.jpg', '3476451861_5b9c9ce191.jpg', '3671933270_d124e9a1a4.jpg']","[0.883, 0.7084, 0.6448]"
3090,a rottweiler carries a very long stick in his mouth through the woods,333973142_abcd151002.jpg,6,0.6651,0.7528,0.0878,"['3682038869_585075b5ff.jpg', '3330935489_9cb67ca36b.jpg', '3273091032_98f724b36b.jpg']","[0.7528, 0.7392, 0.7291]"
3091,a dog carries a large stick,333973142_abcd151002.jpg,5,0.6632,0.7277,0.0645,"['2986716822_e220754d32.jpg', '3330935489_9cb67ca36b.jpg', '2066241589_b80e9f676c.jpg']","[0.7277, 0.7038, 0.689]"
3094,a brown and black dog carries a precariously long stick in his mouth in the wooded area,333973142_abcd151002.jpg,3,0.7513,0.7797,0.0284,"['2986716822_e220754d32.jpg', '2066241589_b80e9f676c.jpg', '333973142_abcd151002.jpg']","[0.7797, 0.7601, 0.7513]"
3098,a group of people sitting on top of a hillside,3340575518_137ce2695f.jpg,2,0.7821,0.7879,0.0058,"['3319338707_892ae2a660.jpg', '3340575518_137ce2695f.jpg', '413737417_b0a8b445e9.jpg']","[0.7879, 0.7821, 0.7647]"
3099,the green hilly countryside is where the people are gathered to sit down,3340575518_137ce2695f.jpg,7,0.5955,0.6959,0.1004,"['3638374272_444f5e0457.jpg', '2744330402_824240184c.jpg', '413737417_b0a8b445e9.jpg']","[0.6959, 0.6769, 0.6501]"
3100,two people dressed in green and red costumes are outside on the sidewalk,3342272425_804316cb3d.jpg,-1,0.563,0.7568,0.1938,"['440184957_267f3f3a2b.jpg', '536537638_f5ee42410b.jpg', '3503623999_bbd5dcfb18.jpg']","[0.7568, 0.7534, 0.7255]"
3101,two people in lavish costumes standing on the street,3342272425_804316cb3d.jpg,8,0.6428,0.8619,0.2191,"['440184957_267f3f3a2b.jpg', '536537638_f5ee42410b.jpg', '2328616978_fb21be2b87.jpg']","[0.8619, 0.8186, 0.7187]"
3102,people in costumes are walking around in the street,3342272425_804316cb3d.jpg,-1,0.4678,0.7955,0.3277,"['3565598162_56044bc2f7.jpg', '3111897772_5211a37a02.jpg', '256444892_efcb3bd824.jpg']","[0.7955, 0.7173, 0.651]"
3104,a woman in a green costume is standing in front of a topless woman with painted breasts,3342272425_804316cb3d.jpg,-1,0.362,0.6972,0.3352,"['3372251830_baa3665928.jpg', '353180303_6a24179c50.jpg', '1859726819_9a793b3b44.jpg']","[0.6972, 0.6838, 0.6297]"
3105,a girl is standing on a graffiti covered stone with something in her mouth,3345025842_bc2082a509.jpg,-1,0.2926,0.7602,0.4676,"['2268729848_d418451226.jpg', '2504277798_936a09c74d.jpg', '540604040_bec822c144.jpg']","[0.7602, 0.7104, 0.6778]"
3106,a girl is standing on a painted slab of cement and twisting her body to look up at the camera,3345025842_bc2082a509.jpg,-1,0.0454,0.877,0.8316,"['2504277798_936a09c74d.jpg', '3503011427_a4ee547c77.jpg', '2268729848_d418451226.jpg']","[0.877, 0.7278, 0.7117]"
3107,a girl poses for the camera with her mouth open and a yellow stick coming out of it,3345025842_bc2082a509.jpg,-1,0.0643,0.6839,0.6195,"['2676184321_858eff416b.jpg', '2695085862_2ed62df354.jpg', '2716457668_187a6d2b1c.jpg']","[0.6839, 0.6696, 0.65]"
3108,a girl stands on a graffitied wall her head skewed sideways,3345025842_bc2082a509.jpg,-1,0.2825,0.786,0.5035,"['2504277798_936a09c74d.jpg', '540604040_bec822c144.jpg', '2268729848_d418451226.jpg']","[0.786, 0.7243, 0.7089]"
3109,the girl in the jacket is on the cement with a sucker in her mouth and a bike to the right,3345025842_bc2082a509.jpg,-1,0.1445,0.7808,0.6363,"['551664516_78a5131dc4.jpg', '2504277798_936a09c74d.jpg', '3213395965_2a823c6865.jpg']","[0.7808, 0.6957, 0.6614]"
3110,two men walk together outdoors carrying red bags from a store,3347500603_13670ee6bf.jpg,7,0.6097,0.702,0.0924,"['536537638_f5ee42410b.jpg', '251958970_fa6b423f23.jpg', '3393446245_37dd3f3b59.jpg']","[0.702, 0.6637, 0.6534]"
3111,two men walking by a fence holding red shopping bags,3347500603_13670ee6bf.jpg,4,0.6628,0.7608,0.098,"['2533076864_d799996433.jpg', '3342272425_804316cb3d.jpg', '251958970_fa6b423f23.jpg']","[0.7608, 0.6968, 0.6805]"
3113,two asian men walking down the street holding red bags,3347500603_13670ee6bf.jpg,-1,0.4921,0.7756,0.2835,"['3677734351_63d60844cb.jpg', '3125158798_0743dae56e.jpg', '3217291172_10ef70af88.jpg']","[0.7756, 0.7713, 0.7247]"
3114,two asian men walking with red bags,3347500603_13670ee6bf.jpg,-1,0.4537,0.8307,0.377,"['3677734351_63d60844cb.jpg', '3125158798_0743dae56e.jpg', '1389264266_8170bc1c54.jpg']","[0.8307, 0.7196, 0.7158]"
3115,a group of children wearing blue and yellow uniforms put their hangs together,3347701468_bb0001b035.jpg,-1,0.5425,0.7636,0.2211,"['3242718240_3358f2d6e6.jpg', '2540751930_d71c7f5622.jpg', '2728276857_3f83757ef2.jpg']","[0.7636, 0.7382, 0.7367]"
3116,a soccer team with blue jerseys is huddled together with their hands touching above their heads,3347701468_bb0001b035.jpg,4,0.6868,0.8286,0.1418,"['2728276857_3f83757ef2.jpg', '3210419174_d083a16f77.jpg', '3197891333_b1b0fd1702.jpg']","[0.8286, 0.7724, 0.697]"
3117,a young flag football team are huddled together,3347701468_bb0001b035.jpg,7,0.6135,0.7634,0.1499,"['3434452829_62cee280bc.jpg', '241347547_902725b9f8.jpg', '2003663004_5b70920a98.jpg']","[0.7634, 0.7088, 0.7012]"
3118,boys huddle during a soccer game,3347701468_bb0001b035.jpg,7,0.7368,0.8783,0.1415,"['269986132_91b71e8aaa.jpg', '2962977152_9d6958fdd5.jpg', '3506607642_40037b3fbf.jpg']","[0.8783, 0.8689, 0.8559]"
3119,soccer players in blue before a game,3347701468_bb0001b035.jpg,7,0.7895,0.9371,0.1476,"['269986132_91b71e8aaa.jpg', '2194495372_bdac7d9e71.jpg', '2962977152_9d6958fdd5.jpg']","[0.9371, 0.8451, 0.8272]"
3120,the male teenager is break dancing on the red and black tiled floor,3348208268_6d97d951eb.jpg,2,0.666,0.6738,0.0078,"['3701226275_952547ba0f.jpg', '3348208268_6d97d951eb.jpg', '3218481970_1fa627b3da.jpg']","[0.6738, 0.666, 0.6552]"
3121,one man watches while another breakdances balancing himself for a moment on one hand,3348208268_6d97d951eb.jpg,-1,0.5557,0.7751,0.2194,"['3262386960_14f5d857db.jpg', '3674168459_6245f4f658.jpg', '2991575785_bd4868e215.jpg']","[0.7751, 0.7067, 0.664]"
3122,guy break dancing on brick floor in front of students union,3348208268_6d97d951eb.jpg,9,0.5699,0.7006,0.1307,"['3472066410_065b4f99d3.jpg', '3394586927_eae7732b64.jpg', '1414820925_3504c394e1.jpg']","[0.7006, 0.6828, 0.5966]"
3123,a boy in a black cap break dancing,3348208268_6d97d951eb.jpg,-1,0.3782,0.7322,0.3541,"['2868575889_2c030aa8ae.jpg', '3701226275_952547ba0f.jpg', '2341254813_c53a5ef27a.jpg']","[0.7322, 0.6814, 0.6576]"
3124,a young adult dances on his hand,3348208268_6d97d951eb.jpg,-1,0.2624,0.7812,0.5188,"['3630332976_fdba22c50b.jpg', '1860543210_47e94cf652.jpg', '2856700531_312528eea4.jpg']","[0.7812, 0.7441, 0.7158]"
3125,a boy jumps off of an open air staircase,3348811097_0e09baa26f.jpg,10,0.6167,0.778,0.1613,"['3472066410_065b4f99d3.jpg', '3686924335_3c51e8834a.jpg', '2922512807_d382528a93.jpg']","[0.778, 0.7488, 0.7273]"
3126,a person jumping off of an outdoor staircase,3348811097_0e09baa26f.jpg,6,0.6445,0.811,0.1664,"['2061144717_5b3a1864f0.jpg', '2922512807_d382528a93.jpg', '3412822878_5d961492e5.jpg']","[0.811, 0.7867, 0.7662]"
3129,the young man wearing a blue sweatshirt and blue jeans is hopping over the railing on the fence,3348811097_0e09baa26f.jpg,-1,0.5332,0.7578,0.2245,"['2968135512_51fbb56e3e.jpg', '2707873672_15e6b5d54b.jpg', '2891961886_b7a2f0b0fd.jpg']","[0.7578, 0.742, 0.7087]"
3130,a group of people on the slopes a person is skating boarding and a bunch of people are surrounding him,3351493005_6e5030f596.jpg,-1,0.417,0.6899,0.2729,"['3697378565_7060d9281a.jpg', '181777261_84c48b31cb.jpg', '2193980605_4221c6474d.jpg']","[0.6899, 0.6783, 0.643]"
3131,airborne snowboarder in front of a crowd,3351493005_6e5030f596.jpg,-1,0.5314,0.8044,0.273,"['3108732084_565b423162.jpg', '3254645823_a7c072481c.jpg', '3248352729_ab264b2222.jpg']","[0.8044, 0.7488, 0.6908]"
3132,a snowboarder in the air as others watch,3351493005_6e5030f596.jpg,9,0.6208,0.8406,0.2198,"['3254645823_a7c072481c.jpg', '3170551725_1276644eab.jpg', '3108732084_565b423162.jpg']","[0.8406, 0.8311, 0.8017]"
3133,a snowboarder jumps high,3351493005_6e5030f596.jpg,-1,0.5956,0.8842,0.2885,"['3254645823_a7c072481c.jpg', '3329793486_afc16663cc.jpg', '3319899418_4bcf1b00d8.jpg']","[0.8842, 0.819, 0.7671]"
3134,a snowboarder jumps while spectators watch,3351493005_6e5030f596.jpg,8,0.6638,0.9162,0.2524,"['3254645823_a7c072481c.jpg', '3170551725_1276644eab.jpg', '3108732084_565b423162.jpg']","[0.9162, 0.8303, 0.8267]"
3135,five men are getting plates of rice from a small home restaurant,3351667846_ac43118ae5.jpg,-1,0.5688,0.7703,0.2015,"['3631474374_e40764d153.jpg', '3197891333_b1b0fd1702.jpg', '2602258549_7401a3cdae.jpg']","[0.7703, 0.6939, 0.6748]"
3136,a man wearing a red striped shirt reaches for a plate of food while others wait,3351667846_ac43118ae5.jpg,-1,0.5908,0.7819,0.1911,"['3042380610_c5ea61eef8.jpg', '3631474374_e40764d153.jpg', '3305767464_d64a336f60.jpg']","[0.7819, 0.7516, 0.7204]"
3137,people in line for plates of rice,3351667846_ac43118ae5.jpg,4,0.6559,0.674,0.018,"['2928835996_88b9f9503d.jpg', '533713001_2d36e93509.jpg', '255091927_2eb643beb2.jpg']","[0.674, 0.6659, 0.658]"
3138,african american men receiving plates of food out of a window,3351667846_ac43118ae5.jpg,4,0.6263,0.689,0.0627,"['2891240104_6755281868.jpg', '3716277216_c04002be81.jpg', '3259110412_9908c45144.jpg']","[0.689, 0.6802, 0.6474]"
3139,a group of men wait in line to recieve food at a window,3351667846_ac43118ae5.jpg,-1,0.4852,0.8396,0.3544,"['2244551043_21b8cca866.jpg', '3673970325_4e025069e9.jpg', '3404870997_7b0cd755de.jpg']","[0.8396, 0.6773, 0.6671]"
3140,two blonde female wrestlers in the ring,3352697012_751b079bbb.jpg,-1,0.5035,0.6534,0.15,"['2830869109_c4e403eae6.jpg', '3403263046_3cc701a07a.jpg', '1159574340_99ba8c3c59.jpg']","[0.6534, 0.6504, 0.646]"
3141,two female professional wrestlers are in a ring in the air and about to hit the floor,3352697012_751b079bbb.jpg,6,0.6047,0.714,0.1093,"['3403263046_3cc701a07a.jpg', '1309330801_aeeb23f1ee.jpg', '1991806812_065f747689.jpg']","[0.714, 0.6994, 0.6889]"
3142,two female wrestlers with long blonde hair fighting in front of a crowd,3352697012_751b079bbb.jpg,3,0.6022,0.6247,0.0224,"['3319058642_885d756295.jpg', '3688839836_ba5e4c24fc.jpg', '3352697012_751b079bbb.jpg']","[0.6247, 0.6085, 0.6022]"
3143,two women wrestle in front of a crowd,3352697012_751b079bbb.jpg,-1,0.5595,0.6701,0.1106,"['3674168459_6245f4f658.jpg', '3280052365_c4644bf0a5.jpg', '1991806812_065f747689.jpg']","[0.6701, 0.6618, 0.6423]"
3144,two women wrestling in an arena,3352697012_751b079bbb.jpg,2,0.7107,0.7242,0.0135,"['3178599352_c57fdebcd2.jpg', '3352697012_751b079bbb.jpg', '1991806812_065f747689.jpg']","[0.7242, 0.7107, 0.6764]"
3145,three people wait to cross a city street and one has a dog on a leash,3353278454_2f3a4d0bbc.jpg,2,0.7726,0.8349,0.0623,"['397547349_1fd14b95af.jpg', '3353278454_2f3a4d0bbc.jpg', '435827376_4384c3005a.jpg']","[0.8349, 0.7726, 0.695]"
3147,the people await to cross the street while walking the dog,3353278454_2f3a4d0bbc.jpg,2,0.7681,0.7875,0.0194,"['397547349_1fd14b95af.jpg', '3353278454_2f3a4d0bbc.jpg', '255330891_86d65dfdbf.jpg']","[0.7875, 0.7681, 0.7208]"
3148,a small dog walks with men in the city,3353278454_2f3a4d0bbc.jpg,4,0.6951,0.8964,0.2013,"['245252561_4f20f1c89e.jpg', '397547349_1fd14b95af.jpg', '3072782873_3278f3b3a7.jpg']","[0.8964, 0.7802, 0.7423]"
3149,some people waiting to cross a busy street in portland oregon,3353278454_2f3a4d0bbc.jpg,2,0.7881,0.8291,0.041,"['1643915227_9f48068772.jpg', '3353278454_2f3a4d0bbc.jpg', '380527679_574749123d.jpg']","[0.8291, 0.7881, 0.7269]"
3150,a snowboarder clothed in red is in the middle of a jump from a snowy hill,3357416302_fcfcdd7b86.jpg,-1,0.3921,0.8417,0.4496,"['3170551725_1276644eab.jpg', '3708743823_3e3e0554d1.jpg', '3329169877_175cb16845.jpg']","[0.8417, 0.7909, 0.7802]"
3151,a snowboarder in midair,3357416302_fcfcdd7b86.jpg,-1,0.5505,0.7705,0.22,"['3248352729_ab264b2222.jpg', '3254645823_a7c072481c.jpg', '3329169877_175cb16845.jpg']","[0.7705, 0.7587, 0.7214]"
3152,a snowboarder is doing a big jump and is in the air,3357416302_fcfcdd7b86.jpg,8,0.6553,0.8197,0.1644,"['3319899418_4bcf1b00d8.jpg', '3259110412_9908c45144.jpg', '3254645823_a7c072481c.jpg']","[0.8197, 0.7858, 0.7393]"
3153,a snowboarder soars through the air,3357416302_fcfcdd7b86.jpg,-1,0.6199,0.8564,0.2365,"['3319899418_4bcf1b00d8.jpg', '3329169877_175cb16845.jpg', '3248352729_ab264b2222.jpg']","[0.8564, 0.8562, 0.7522]"
3154,the snowboarder is in the air,3357416302_fcfcdd7b86.jpg,10,0.6575,0.8152,0.1577,"['3319899418_4bcf1b00d8.jpg', '3329169877_175cb16845.jpg', '3254645823_a7c072481c.jpg']","[0.8152, 0.8138, 0.778]"
3155,man in red white and blue sport uniform on field with soccer ball above ground in front of him,3363836972_c87b58c948.jpg,9,0.7328,0.9343,0.2015,"['3522749949_fb615cee47.jpg', '3380072636_4cd59385fd.jpg', '2962977152_9d6958fdd5.jpg']","[0.9343, 0.8281, 0.7945]"
3156,a soccer player prepares to kick the ball,3363836972_c87b58c948.jpg,2,0.8098,0.9528,0.143,"['3522749949_fb615cee47.jpg', '3363836972_c87b58c948.jpg', '2962977152_9d6958fdd5.jpg']","[0.9528, 0.8098, 0.8034]"
3157,view of a soccer ball being kicked into a goal net,3363836972_c87b58c948.jpg,3,0.6205,0.7733,0.1528,"['3584406900_039f30b34c.jpg', '3396036947_0af6c3aab7.jpg', '3363836972_c87b58c948.jpg']","[0.7733, 0.6362, 0.6205]"
3160,a lone hiker treks through deep snow near rocky peaks,336551609_1385ab139e.jpg,8,0.6812,0.7841,0.1029,"['3621647714_fc67ab2617.jpg', '2109911919_af45b93ef3.jpg', '1655781989_b15ab4cbff.jpg']","[0.7841, 0.7499, 0.7454]"
3161,a mountain climber on a snowy plain near a mountaintop,336551609_1385ab139e.jpg,-1,0.7506,0.9261,0.1755,"['56494233_1824005879.jpg', '3621647714_fc67ab2617.jpg', '224273695_0b517bd0eb.jpg']","[0.9261, 0.919, 0.9028]"
3162,a person travels down a snowy path into the mountains,336551609_1385ab139e.jpg,-1,0.7004,0.911,0.2106,"['3621647714_fc67ab2617.jpg', '56494233_1824005879.jpg', '319870744_0e0138d205.jpg']","[0.911, 0.8651, 0.8584]"
3163,on a mountaintop a climber is seen in the distance black figure against white snow,336551609_1385ab139e.jpg,-1,0.493,0.8843,0.3913,"['530888330_a18343e38d.jpg', '56494233_1824005879.jpg', '3621647714_fc67ab2617.jpg']","[0.8843, 0.8246, 0.768]"
3164,someone is walking through the snow with snow covered mountains behind them,336551609_1385ab139e.jpg,10,0.74,0.8981,0.1581,"['3621647714_fc67ab2617.jpg', '56494233_1824005879.jpg', '1655781989_b15ab4cbff.jpg']","[0.8981, 0.8858, 0.8793]"
3165,two mountaineers are walking across a snowcapped mountain,336551615_a01418bc53.jpg,-1,0.6442,0.775,0.1309,"['3340575518_137ce2695f.jpg', '359837950_9e22ffe6c2.jpg', '1655781989_b15ab4cbff.jpg']","[0.775, 0.7749, 0.7193]"
3166,two hikers with backpacks crossing a snow field,336551615_a01418bc53.jpg,8,0.5849,0.7823,0.1974,"['2272823323_3b7291cd47.jpg', '95734035_84732a92c1.jpg', '3264650118_be7df266e7.jpg']","[0.7823, 0.7667, 0.7497]"
3167,people with equipment climbing up a snowy mountain,336551615_a01418bc53.jpg,5,0.7292,0.8293,0.1001,"['2053733930_e245615ad4.jpg', '1655781989_b15ab4cbff.jpg', '2109911919_af45b93ef3.jpg']","[0.8293, 0.7904, 0.7681]"
3168,people are hiking up a mountain in the snow,336551615_a01418bc53.jpg,7,0.7141,0.784,0.0699,"['1655781989_b15ab4cbff.jpg', '3166578139_33500f7e8a.jpg', '2053733930_e245615ad4.jpg']","[0.784, 0.7385, 0.7384]"
3169,two hikers are backpacking up a snow slope,336551615_a01418bc53.jpg,4,0.7181,0.8644,0.1463,"['2272823323_3b7291cd47.jpg', '3264650118_be7df266e7.jpg', '2109911919_af45b93ef3.jpg']","[0.8644, 0.8495, 0.7799]"
3170,a girl defends the basketball from another player,3368569524_a9df2fc312.jpg,5,0.6566,0.7693,0.1127,"['2021602343_03023e1fd1.jpg', '3403263046_3cc701a07a.jpg', '3154709407_9b0778cbeb.jpg']","[0.7693, 0.7499, 0.745]"
3171,a girl playing basketball attempts a shot while another girl aggresively defends her,3368569524_a9df2fc312.jpg,5,0.6698,0.737,0.0672,"['3403263046_3cc701a07a.jpg', '3154709407_9b0778cbeb.jpg', '3155451946_c0862c70cb.jpg']","[0.737, 0.7064, 0.6831]"
3173,the female basket player in red is challenging the player in white for the ball,3368569524_a9df2fc312.jpg,4,0.6712,0.7825,0.1113,"['3403263046_3cc701a07a.jpg', '2939371251_f923569a72.jpg', '2736508369_fd9ff0b42f.jpg']","[0.7825, 0.7019, 0.6899]"
3174,the opposing basketball player is making a hook shot over the defender,3368569524_a9df2fc312.jpg,5,0.6627,0.7864,0.1237,"['3154709407_9b0778cbeb.jpg', '3218481970_1fa627b3da.jpg', '2021602343_03023e1fd1.jpg']","[0.7864, 0.7507, 0.6967]"
3175,a white dog carries a yellow toy while another dog follows,3368671163_0171259581.jpg,2,0.6828,0.7031,0.0202,"['2942133798_e57c862a90.jpg', '3368671163_0171259581.jpg', '2313230479_13f87c6bf3.jpg']","[0.7031, 0.6828, 0.6803]"
3176,the dog is holding a yellow toy,3368671163_0171259581.jpg,-1,0.5494,0.7161,0.1667,"['535529555_583d89b7f2.jpg', '512101751_05a6d93e19.jpg', '472396131_6e97068d93.jpg']","[0.7161, 0.7065, 0.6939]"
3177,a dog running in a park with a rubber chicken in its mouth,3368671163_0171259581.jpg,-1,0.3942,0.8326,0.4384,"['459814265_d48ba48978.jpg', '3396817186_b299ee0531.jpg', '2584487952_f70e5aa9bf.jpg']","[0.8326, 0.8107, 0.7916]"
3178,a beige dog runs behind a white dog holding a yellow toy,3368671163_0171259581.jpg,3,0.6995,0.7239,0.0244,"['2942133798_e57c862a90.jpg', '512101751_05a6d93e19.jpg', '3368671163_0171259581.jpg']","[0.7239, 0.7079, 0.6995]"
3179,a dog chases another dog with a toy in its mouth,3368671163_0171259581.jpg,-1,0.2196,0.5641,0.3445,"['654130822_4aeb1f1273.jpg', '2313230479_13f87c6bf3.jpg', '78984436_ad96eaa802.jpg']","[0.5641, 0.5543, 0.547]"
3180,a girl in green looks at the camera and stands in front of a huge crowd of indescript faces,3372251830_baa3665928.jpg,-1,0.5169,0.6328,0.1159,"['2721656220_5f4cda8bc1.jpg', '3627011534_485f667b10.jpg', '3426144752_28d63615ca.jpg']","[0.6328, 0.624, 0.6215]"
3181,a girl with brown hair and a green shirt is standing near escalators,3372251830_baa3665928.jpg,-1,0.4662,0.695,0.2289,"['758921886_55a351dd67.jpg', '3572346664_e1e6c77f11.jpg', '954987350_a0c608b467.jpg']","[0.695, 0.6222, 0.6168]"
3183,a woman standing expressionless,3372251830_baa3665928.jpg,-1,0.4203,0.715,0.2947,"['2504277798_936a09c74d.jpg', '281754914_bc8119a0ed.jpg', '454709143_9c513f095c.jpg']","[0.715, 0.6784, 0.6532]"
3184,woman with brown hair and brown eyes wearing a green shirt,3372251830_baa3665928.jpg,-1,0.5098,0.823,0.3132,"['544257613_d9a1fea3f7.jpg', '3627011534_485f667b10.jpg', '2695085862_2ed62df354.jpg']","[0.823, 0.8149, 0.808]"
3185,a person on a bike is making a high jump along a trail in the woods,3374384485_751f719be4.jpg,-1,0.5226,0.7621,0.2396,"['2308108566_2cba6bca53.jpg', '3386060324_b98fdfa449.jpg', '3682038869_585075b5ff.jpg']","[0.7621, 0.6735, 0.6145]"
3186,a person jumps a bicycle off a ramp in a barren forest,3374384485_751f719be4.jpg,-1,0.5001,0.78,0.2799,"['3474985008_0a827cd340.jpg', '3476451861_5b9c9ce191.jpg', '3386060324_b98fdfa449.jpg']","[0.78, 0.6843, 0.6581]"
3187,a person jumping their bike in the woods in front of trees with no leaves,3374384485_751f719be4.jpg,-1,0.5313,0.7018,0.1705,"['3386060324_b98fdfa449.jpg', '3476451861_5b9c9ce191.jpg', '3474985008_0a827cd340.jpg']","[0.7018, 0.6843, 0.667]"
3188,a boy on a bicycle in midair after going off of a wooden ramp,3374384485_751f719be4.jpg,-1,0.1293,0.7003,0.571,"['3531811969_49af4c22f0.jpg', '3724113279_99b6e5bf41.jpg', '3295680663_af21ea648b.jpg']","[0.7003, 0.6423, 0.6372]"
3189,a man jumping off a ramp in a bike,3374384485_751f719be4.jpg,-1,0.1608,0.6719,0.5111,"['3674521435_89ff681074.jpg', '3531811969_49af4c22f0.jpg', '3476451861_5b9c9ce191.jpg']","[0.6719, 0.6668, 0.6664]"
3190,a group of men wearing yellow shawls walk in a line,3375549004_beee810e60.jpg,-1,0.366,0.7249,0.359,"['2497074804_b4f3e7fd90.jpg', '3433470650_a8b1c27173.jpg', '2986671935_0c60bbb3fa.jpg']","[0.7249, 0.7108, 0.6998]"
3191,men walk in line carrying things,3375549004_beee810e60.jpg,-1,0.5191,0.7116,0.1925,"['3640109324_3ce89e4d1a.jpg', '2891240104_6755281868.jpg', '305199420_89f6ddd778.jpg']","[0.7116, 0.6774, 0.6163]"
3192,people in orange robes line up behind a man wearing sunglasses,3375549004_beee810e60.jpg,-1,0.2953,0.6449,0.3496,"['1425919702_ddb761aeec.jpg', '2622971954_59f192922d.jpg', '2924884899_f512c84332.jpg']","[0.6449, 0.6282, 0.6118]"
3193,three buddhists walk on the street,3375549004_beee810e60.jpg,-1,0.3322,0.7184,0.3863,"['1389264266_8170bc1c54.jpg', '445861800_75fc6a8c16.jpg', '3677734351_63d60844cb.jpg']","[0.7184, 0.7105, 0.6703]"
3194,three men in orange robes holding metal pots,3375549004_beee810e60.jpg,-1,0.5585,0.8265,0.2679,"['3640109324_3ce89e4d1a.jpg', '3716277216_c04002be81.jpg', '2891240104_6755281868.jpg']","[0.8265, 0.7662, 0.7656]"
3195,the dog has his face in the bag of christmas presents,337647771_3b819feaba.jpg,-1,0.5276,0.7424,0.2148,"['2550109269_bc4262bd27.jpg', '2702506716_17a7fb3ba4.jpg', '3336361161_c06cdd160e.jpg']","[0.7424, 0.7278, 0.717]"
3196,little brown dog sticking head in a coloful bag filled with cloth,337647771_3b819feaba.jpg,9,0.5624,0.7049,0.1425,"['2550109269_bc4262bd27.jpg', '341430859_4519802e8f.jpg', '3415165462_e1cb536d08.jpg']","[0.7049, 0.6607, 0.6188]"
3197,the redbrown dog digs his nose to investigate a holiday gift bag,337647771_3b819feaba.jpg,-1,0.4416,0.7823,0.3407,"['2550109269_bc4262bd27.jpg', '2525270674_4ab536e7ec.jpg', '3310067561_b92017acab.jpg']","[0.7823, 0.7192, 0.7004]"
3199,a pet playfully investigates the contents of a gift bag,337647771_3b819feaba.jpg,-1,0.3488,0.7186,0.3698,"['2410153942_ba4a136358.jpg', '2533076864_d799996433.jpg', '436009777_440c7679a1.jpg']","[0.7186, 0.7041, 0.681]"
3200,a group of men are playing rugby in a field with houses visible in the distance,3380072636_4cd59385fd.jpg,-1,0.4988,0.859,0.3602,"['3539840291_1c3eed701d.jpg', '2194495372_bdac7d9e71.jpg', '3195188609_01afbe46e6.jpg']","[0.859, 0.6846, 0.6696]"
3201,a group of rugby players in action on a green field,3380072636_4cd59385fd.jpg,5,0.725,0.843,0.1181,"['3195188609_01afbe46e6.jpg', '2698614194_b4e6e11dff.jpg', '3539840291_1c3eed701d.jpg']","[0.843, 0.7799, 0.7655]"
3202,a group of young men in colorful uniforms playing with a white ball,3380072636_4cd59385fd.jpg,8,0.6377,0.8363,0.1986,"['2698614194_b4e6e11dff.jpg', '3539840291_1c3eed701d.jpg', '3262386960_14f5d857db.jpg']","[0.8363, 0.8217, 0.7101]"
3203,a team of soccer players lifts one teammate so that he can reach the ball,3380072636_4cd59385fd.jpg,4,0.7023,0.7739,0.0716,"['2247192427_5e106f24a9.jpg', '2698614194_b4e6e11dff.jpg', '269986132_91b71e8aaa.jpg']","[0.7739, 0.758, 0.715]"
3204,two rugby teams playing in a field with a ball,3380072636_4cd59385fd.jpg,4,0.6481,0.7794,0.1313,"['3539840291_1c3eed701d.jpg', '269986132_91b71e8aaa.jpg', '3522749949_fb615cee47.jpg']","[0.7794, 0.6818, 0.6775]"
3205,a brown dog with a black collar licks its own mouth,3383491811_fd9d3a891d.jpg,-1,0.5138,0.8016,0.2878,"['1659358141_0433c9bf99.jpg', '2311690895_0d6efe11c8.jpg', '516214924_c2a4364cb3.jpg']","[0.8016, 0.7516, 0.7451]"
3206,a dog licks his nose,3383491811_fd9d3a891d.jpg,-1,0.4877,0.7276,0.24,"['516214924_c2a4364cb3.jpg', '2311690895_0d6efe11c8.jpg', '1084040636_97d9633581.jpg']","[0.7276, 0.7007, 0.6624]"
3208,brown dog with black collar licking nose,3383491811_fd9d3a891d.jpg,3,0.6654,0.7874,0.122,"['2311690895_0d6efe11c8.jpg', '1659358141_0433c9bf99.jpg', '3383491811_fd9d3a891d.jpg']","[0.7874, 0.6836, 0.6654]"
3209,dog sticking out its tongue,3383491811_fd9d3a891d.jpg,-1,0.2763,0.6931,0.4169,"['240583223_e26e17ee96.jpg', '1969573381_5ecfae4c80.jpg', '1745110280_0cbff5e273.jpg']","[0.6931, 0.6669, 0.6334]"
3210,a black and brown dog playing with a stick,3383545083_1d7c95b003.jpg,-1,0.4222,0.7661,0.3439,"['697582336_601462e052.jpg', '333973142_abcd151002.jpg', '3223224391_be50bf4f43.jpg']","[0.7661, 0.7169, 0.6936]"
3211,a black and brown dog plays with a long stick,3383545083_1d7c95b003.jpg,-1,0.4776,0.8057,0.3281,"['333973142_abcd151002.jpg', '3228069008_edb2961fc4.jpg', '2986716822_e220754d32.jpg']","[0.8057, 0.7841, 0.7771]"
3212,a dog gets its legs tangled with a stick,3383545083_1d7c95b003.jpg,-1,0.1708,0.7624,0.5915,"['2311690895_0d6efe11c8.jpg', '2986716822_e220754d32.jpg', '3228069008_edb2961fc4.jpg']","[0.7624, 0.706, 0.705]"
3213,a large black dog chews on a stick,3383545083_1d7c95b003.jpg,7,0.646,0.7698,0.1238,"['333973142_abcd151002.jpg', '3228069008_edb2961fc4.jpg', '2311690895_0d6efe11c8.jpg']","[0.7698, 0.7677, 0.7435]"
3214,the dog is biting a stick,3383545083_1d7c95b003.jpg,-1,0.0901,0.7444,0.6543,"['2311690895_0d6efe11c8.jpg', '3228069008_edb2961fc4.jpg', '516214924_c2a4364cb3.jpg']","[0.7444, 0.7313, 0.6571]"
3215,man on a motorcycle performing a trick in the air,3386060324_b98fdfa449.jpg,10,0.6117,0.8157,0.204,"['3215315009_47577bf8f7.jpg', '3043501068_be58ac47e1.jpg', '3079073247_97e88e2eb7.jpg']","[0.8157, 0.7716, 0.7582]"
3218,a bicycler jumps a ramp outside in the dark night,3386060324_b98fdfa449.jpg,-1,0.4207,0.6838,0.2631,"['3531811969_49af4c22f0.jpg', '2831672255_d779807c14.jpg', '2102581664_5ea50f85c6.jpg']","[0.6838, 0.6808, 0.68]"
3219,a man is sitting on a bike in the middle of the woods,3386060324_b98fdfa449.jpg,-1,0.3971,0.6915,0.2944,"['3476451861_5b9c9ce191.jpg', '1745110280_0cbff5e273.jpg', '2084217208_7bd9bc85e5.jpg']","[0.6915, 0.6848, 0.6771]"
3220,a biker flies through the air near sand dunes,3391924827_53b31542ce.jpg,2,0.7543,0.8408,0.0865,"['3386060324_b98fdfa449.jpg', '3391924827_53b31542ce.jpg', '3309578722_1765d7d1af.jpg']","[0.8408, 0.7543, 0.6276]"
3221,a biker holds onto their bike while in the air with a mountin in the background,3391924827_53b31542ce.jpg,4,0.75,0.8469,0.0969,"['3649916507_b88a3d2082.jpg', '3386060324_b98fdfa449.jpg', '3531811969_49af4c22f0.jpg']","[0.8469, 0.8023, 0.7981]"
3222,a cyclist jumping into the air,3391924827_53b31542ce.jpg,2,0.7749,0.823,0.0481,"['3386060324_b98fdfa449.jpg', '3391924827_53b31542ce.jpg', '3531811969_49af4c22f0.jpg']","[0.823, 0.7749, 0.7148]"
3223,a person in the air holding on to a bicycle,3391924827_53b31542ce.jpg,4,0.6375,0.8603,0.2228,"['3386060324_b98fdfa449.jpg', '3649916507_b88a3d2082.jpg', '2458269558_277012780d.jpg']","[0.8603, 0.8062, 0.6624]"
3224,a person jumps high in the air holding onto their bicycle,3391924827_53b31542ce.jpg,4,0.7281,0.8582,0.13,"['3386060324_b98fdfa449.jpg', '3649916507_b88a3d2082.jpg', '3531811969_49af4c22f0.jpg']","[0.8582, 0.8398, 0.7474]"
3225,two people stand before a spinning wheel at a carnival,3392019836_c7aeebca1c.jpg,10,0.6394,0.7867,0.1472,"['2834103050_512e5b330a.jpg', '219730733_6a55382dd2.jpg', '1663454406_5e2cf8c5bb.jpg']","[0.7867, 0.7739, 0.7684]"
3226,two people play a game at a carnival,3392019836_c7aeebca1c.jpg,4,0.7135,0.7825,0.069,"['416788726_5b4eb1466e.jpg', '2834103050_512e5b330a.jpg', '2504991916_dc61e59e49.jpg']","[0.7825, 0.7395, 0.7248]"
3227,there is a man in red and two children looking at a large round colorful wheel,3392019836_c7aeebca1c.jpg,7,0.6163,0.7078,0.0915,"['782401952_5bc5d3413a.jpg', '2504991916_dc61e59e49.jpg', '2834103050_512e5b330a.jpg']","[0.7078, 0.6914, 0.6426]"
3228,a couple gazes in awe at a display at a carnival,3392019836_c7aeebca1c.jpg,6,0.6207,0.8352,0.2145,"['251958970_fa6b423f23.jpg', '3673970325_4e025069e9.jpg', '2834103050_512e5b330a.jpg']","[0.8352, 0.7535, 0.7243]"
3229,three people are standing at a carnival game,3392019836_c7aeebca1c.jpg,4,0.6813,0.7721,0.0909,"['2834103050_512e5b330a.jpg', '782401952_5bc5d3413a.jpg', '251958970_fa6b423f23.jpg']","[0.7721, 0.686, 0.6831]"
3230,an older woman with a small dog in the snow,3393446245_37dd3f3b59.jpg,-1,0.3992,0.5824,0.1832,"['1975531316_8b00eeaaf7.jpg', '191003287_2915c11d8e.jpg', '3338291921_fe7ae0c8f8.jpg']","[0.5824, 0.567, 0.5661]"
3231,a woman and a cat are outside in the snow,3393446245_37dd3f3b59.jpg,-1,0.4905,0.6385,0.148,"['2328616978_fb21be2b87.jpg', '2194494220_bb2178832c.jpg', '1975531316_8b00eeaaf7.jpg']","[0.6385, 0.5958, 0.5883]"
3232,a woman in a brown vest is walking on the snow with an animal,3393446245_37dd3f3b59.jpg,2,0.7111,0.7792,0.0681,"['2194494220_bb2178832c.jpg', '3393446245_37dd3f3b59.jpg', '454709143_9c513f095c.jpg']","[0.7792, 0.7111, 0.6238]"
3233,a woman with a red scarf covering her head walks with her cat on snowcovered ground,3393446245_37dd3f3b59.jpg,2,0.7126,0.7515,0.0389,"['2194494220_bb2178832c.jpg', '3393446245_37dd3f3b59.jpg', '369360998_ba56fb436f.jpg']","[0.7515, 0.7126, 0.6844]"
3234,heavy set woman in snow with a cat,3393446245_37dd3f3b59.jpg,-1,0.3923,0.6587,0.2663,"['2328616978_fb21be2b87.jpg', '3229898555_16877f5180.jpg', '244399048_8332bb3270.jpg']","[0.6587, 0.6339, 0.5948]"
3235,there is a dog running along the beach,339350939_6643bfb270.jpg,2,0.8587,0.8637,0.005,"['1799271536_6e69c8f1dc.jpg', '339350939_6643bfb270.jpg', '3562282690_cd2a95fe9e.jpg']","[0.8637, 0.8587, 0.7775]"
3236,black dog running behind three birds on shore with waves in the background,339350939_6643bfb270.jpg,2,0.7557,0.776,0.0203,"['3640020134_367941f5ec.jpg', '339350939_6643bfb270.jpg', '254527963_3f5824b0e8.jpg']","[0.776, 0.7557, 0.7431]"
3237,a dog is running along the beach beside the ocean,339350939_6643bfb270.jpg,3,0.7925,0.8741,0.0816,"['3562282690_cd2a95fe9e.jpg', '3673165148_67f217064f.jpg', '339350939_6643bfb270.jpg']","[0.8741, 0.8153, 0.7925]"
3240,a man in dark clothes leaning off of a building entrance with upraised arms,3394586927_eae7732b64.jpg,2,0.8409,0.8882,0.0473,"['1057210460_09c6f4c6c1.jpg', '3394586927_eae7732b64.jpg', '1414820925_3504c394e1.jpg']","[0.8882, 0.8409, 0.8244]"
3242,a skateboard rider riding his skateboard down the steps of a building,3394586927_eae7732b64.jpg,8,0.6044,0.7083,0.1038,"['3244734844_c318c29c23.jpg', '3412822878_5d961492e5.jpg', '3729405438_6e79077ab2.jpg']","[0.7083, 0.6801, 0.6597]"
3243,the man in the black shirt is skateboarding on the front steps of the building,3394586927_eae7732b64.jpg,-1,0.5898,0.8612,0.2714,"['3029472296_d429b1586c.jpg', '3244734844_c318c29c23.jpg', '2968135512_51fbb56e3e.jpg']","[0.8612, 0.8406, 0.7812]"
3247,a boy on a swing,3396036947_0af6c3aab7.jpg,2,0.8611,0.8759,0.0148,"['2855417531_521bf47b50.jpg', '3396036947_0af6c3aab7.jpg', '2458269558_277012780d.jpg']","[0.8759, 0.8611, 0.7632]"
3249,a toddler swings back very high,3396036947_0af6c3aab7.jpg,3,0.7634,0.8582,0.0948,"['2458269558_277012780d.jpg', '2884252132_5d8e776893.jpg', '3396036947_0af6c3aab7.jpg']","[0.8582, 0.8145, 0.7634]"
3250,a boy wearing a white apron has is arms out in a communal darts and craft room whilst a boy in blue looks on,3396043950_12783c5147.jpg,-1,0.4376,0.7091,0.2715,"['3405113041_4b72c24801.jpg', '343662720_39e4067cd1.jpg', '2181724497_dbb7fcb0a9.jpg']","[0.7091, 0.652, 0.6486]"
3251,a crowd of people gather for a meal indoors,3396043950_12783c5147.jpg,7,0.6255,0.7475,0.122,"['3404870997_7b0cd755de.jpg', '3197891333_b1b0fd1702.jpg', '3631474374_e40764d153.jpg']","[0.7475, 0.7063, 0.7063]"
3252,a room full of adults and children,3396043950_12783c5147.jpg,6,0.7154,0.8438,0.1285,"['3197891333_b1b0fd1702.jpg', '3631474374_e40764d153.jpg', '3694093650_547259731e.jpg']","[0.8438, 0.7771, 0.7677]"
3253,children serving at a community dinner,3396043950_12783c5147.jpg,3,0.6222,0.6798,0.0577,"['3694219419_a7a83d4886.jpg', '3480052428_c034b98a08.jpg', '3396043950_12783c5147.jpg']","[0.6798, 0.6475, 0.6222]"
3254,people in a school cafeteria with a boy in the foreground wearing yellow and brown stripes,3396043950_12783c5147.jpg,-1,0.5718,0.7601,0.1884,"['3627676364_1dc9294ec5.jpg', '2540751930_d71c7f5622.jpg', '3535056297_e16f014cb7.jpg']","[0.7601, 0.7332, 0.7249]"
3255,two young women posing and holding each other in closeup,3396153660_f729d9f9b9.jpg,2,0.8217,0.8513,0.0296,"['3319058642_885d756295.jpg', '3396153660_f729d9f9b9.jpg', '954987350_a0c608b467.jpg']","[0.8513, 0.8217, 0.7961]"
3256,two young women posing for a picture,3396153660_f729d9f9b9.jpg,2,0.8921,0.8954,0.0033,"['3534824784_7133119316.jpg', '3396153660_f729d9f9b9.jpg', '3319058642_885d756295.jpg']","[0.8954, 0.8921, 0.8775]"
3257,two women one with tattoos hold each other and smile,3396153660_f729d9f9b9.jpg,2,0.7964,0.8414,0.0449,"['3319058642_885d756295.jpg', '3396153660_f729d9f9b9.jpg', '3534824784_7133119316.jpg']","[0.8414, 0.7964, 0.776]"
3258,two brunettes one with tattoos hug and smile at camera indoors,3396153660_f729d9f9b9.jpg,-1,0.4422,0.6802,0.238,"['2756636539_cc1eacbf4a.jpg', '1177994172_10d143cb8d.jpg', '3400385314_a5bc062e97.jpg']","[0.6802, 0.6677, 0.6438]"
3259,two middleaged women with tattoos hug each other for the camera,3396153660_f729d9f9b9.jpg,2,0.8314,0.8674,0.036,"['3319058642_885d756295.jpg', '3396153660_f729d9f9b9.jpg', '954987350_a0c608b467.jpg']","[0.8674, 0.8314, 0.7618]"
3260,a brown and white dog has caught a yellow ball in a grassy field surrounded by trees,3396817186_b299ee0531.jpg,9,0.617,0.728,0.1109,"['3696246123_99d4d10140.jpg', '459814265_d48ba48978.jpg', '2313230479_13f87c6bf3.jpg']","[0.728, 0.6728, 0.6719]"
3261,a brown dog with a yellow toy in his mouth is jumping off the grassy ground,3396817186_b299ee0531.jpg,-1,0.4884,0.759,0.2707,"['2584487952_f70e5aa9bf.jpg', '3559781965_d4ec00e506.jpg', '2404692474_37da774368.jpg']","[0.759, 0.7573, 0.7028]"
3262,a fluffy brown dog jumping with a ball in his mouth,3396817186_b299ee0531.jpg,10,0.5663,0.6661,0.0998,"['2313230479_13f87c6bf3.jpg', '2584487952_f70e5aa9bf.jpg', '459814265_d48ba48978.jpg']","[0.6661, 0.6364, 0.6321]"
3263,a white fluffy dog is jumping and catching a toy,3396817186_b299ee0531.jpg,-1,0.4864,0.7718,0.2855,"['2857609295_16aaa85293.jpg', '3488087117_2719647989.jpg', '512101751_05a6d93e19.jpg']","[0.7718, 0.7293, 0.7121]"
3264,the shaggy dog leaps and catches the ball,3396817186_b299ee0531.jpg,-1,0.3326,0.8191,0.4865,"['3696246123_99d4d10140.jpg', '3544673666_ffc7483c96.jpg', '539750844_02a07ec524.jpg']","[0.8191, 0.705, 0.6598]"
3265,surfer on long yellow board,3397228832_8ce5b1c26f.jpg,3,0.7656,0.8061,0.0405,"['3707990914_843e8f15f1.jpg', '3421131122_2e4bde661e.jpg', '3397228832_8ce5b1c26f.jpg']","[0.8061, 0.7674, 0.7656]"
3266,a man surfs on a yellow board,3397228832_8ce5b1c26f.jpg,2,0.7396,0.8581,0.1186,"['3707990914_843e8f15f1.jpg', '3397228832_8ce5b1c26f.jpg', '2978409165_acc4f29a40.jpg']","[0.8581, 0.7396, 0.6682]"
3267,a man rides a yellow surfboard,3397228832_8ce5b1c26f.jpg,2,0.8146,0.8414,0.0268,"['3707990914_843e8f15f1.jpg', '3397228832_8ce5b1c26f.jpg', '3421131122_2e4bde661e.jpg']","[0.8414, 0.8146, 0.8018]"
3268,a man in white shorts and a wetsuit top is riding on a bright yellow surfboard,3397228832_8ce5b1c26f.jpg,2,0.8319,0.8786,0.0468,"['3707990914_843e8f15f1.jpg', '3397228832_8ce5b1c26f.jpg', '3421131122_2e4bde661e.jpg']","[0.8786, 0.8319, 0.7373]"
3269,a man on a yellow surfboard rides an easy wave,3397228832_8ce5b1c26f.jpg,4,0.7494,0.8507,0.1013,"['3421131122_2e4bde661e.jpg', '3707990914_843e8f15f1.jpg', '146577646_9e64b8c2dc.jpg']","[0.8507, 0.8306, 0.7716]"
3272,a man in a purple shirt in front of a woman in a yellow shirt,3399944164_ec24123945.jpg,-1,0.3337,0.8056,0.4719,"['1303727066_23d0f6ed43.jpg', '3627676364_1dc9294ec5.jpg', '3474265683_43b1033d94.jpg']","[0.8056, 0.7664, 0.7244]"
3273,a woman lays down with a camera and a man leans back on her taking the picture,3399944164_ec24123945.jpg,-1,0.4914,0.7417,0.2503,"['3155501473_510f9c9f6b.jpg', '3640241166_b1ab7a8e7a.jpg', '2490365757_b869282cb3.jpg']","[0.7417, 0.7137, 0.6557]"
3274,two young people taking pictures of themselves while laying atop each other,3399944164_ec24123945.jpg,-1,0.5345,0.6823,0.1478,"['2635938723_11b85e6763.jpg', '3183883750_b6acc40397.jpg', '111537222_07e56d5a30.jpg']","[0.6823, 0.655, 0.6157]"
3281,a brown and white large dog plays in the water,3401902253_cd27e6d0fe.jpg,7,0.6913,0.9305,0.2392,"['1131800850_89c7ffd477.jpg', '3673165148_67f217064f.jpg', '2051194177_fbeee211e3.jpg']","[0.9305, 0.7868, 0.7547]"
3284,a wet dog emerges from deep water,3401902253_cd27e6d0fe.jpg,-1,0.5097,0.7988,0.2891,"['2339946012_06bd480ab8.jpg', '2633201394_ee4a7666ed.jpg', '2369248869_0266760c4a.jpg']","[0.7988, 0.7922, 0.7871]"
3285,a basketball player looks upward as a hand reaches for her ball,3403263046_3cc701a07a.jpg,5,0.5733,0.8521,0.2788,"['3154709407_9b0778cbeb.jpg', '3218481970_1fa627b3da.jpg', '2021602343_03023e1fd1.jpg']","[0.8521, 0.7815, 0.6407]"
3287,a female woman has a basketball in her hands and a determined look on her face,3403263046_3cc701a07a.jpg,4,0.6883,0.7366,0.0483,"['551664516_78a5131dc4.jpg', '3372251830_baa3665928.jpg', '3154709407_9b0778cbeb.jpg']","[0.7366, 0.7063, 0.6985]"
3289,a woman with a red basketball jersey is holding a basketball and looking up,3403263046_3cc701a07a.jpg,3,0.7203,0.7306,0.0103,"['3154709407_9b0778cbeb.jpg', '2021602343_03023e1fd1.jpg', '3403263046_3cc701a07a.jpg']","[0.7306, 0.7235, 0.7203]"
3290,six asian women dressed in pastels pose for a picture,3404552106_f516df0f5b.jpg,7,0.6336,0.7991,0.1655,"['3242718240_3358f2d6e6.jpg', '3139160252_75109e9e05.jpg', '1454841725_4b6e6199e2.jpg']","[0.7991, 0.7372, 0.7309]"
3291,several women in pastel colors stand in line one holding a child on her shoulders,3404552106_f516df0f5b.jpg,3,0.7579,0.7848,0.027,"['3718007650_e5930b4509.jpg', '3565598162_56044bc2f7.jpg', '3404552106_f516df0f5b.jpg']","[0.7848, 0.7797, 0.7579]"
3296,a group of people watches a boy on a skateboard launch off a ramp,3404870997_7b0cd755de.jpg,-1,0.4835,0.8279,0.3444,"['3576741633_671340544c.jpg', '2876494009_9f96d7eaf2.jpg', '3323988406_e3c8fce690.jpg']","[0.8279, 0.8245, 0.6607]"
3297,a guy on a skateboard performs a trick in front of a crowd,3404870997_7b0cd755de.jpg,5,0.572,0.673,0.101,"['3433470650_a8b1c27173.jpg', '2718376488_3c62f7642c.jpg', '3535879138_9281dc83d5.jpg']","[0.673, 0.6213, 0.616]"
3298,group of people watching a skateboarder do tricks at a skate park,3404870997_7b0cd755de.jpg,-1,0.57,0.7417,0.1717,"['3697378565_7060d9281a.jpg', '416788726_5b4eb1466e.jpg', '3038941104_17ee91fc03.jpg']","[0.7417, 0.6401, 0.6297]"
3299,people are watching a boy on a skateboard at the top of a skate ramp,3404870997_7b0cd755de.jpg,-1,0.5124,0.8845,0.3721,"['3576741633_671340544c.jpg', '2876494009_9f96d7eaf2.jpg', '3323988406_e3c8fce690.jpg']","[0.8845, 0.8576, 0.7027]"
3300,the young redheaded girl plays on the teeter totter,3404978479_8a81843e17.jpg,10,0.6219,0.8064,0.1844,"['2197275664_fabcf3424b.jpg', '3431101934_99a6c55914.jpg', '2599131872_65789d86d5.jpg']","[0.8064, 0.7699, 0.6972]"
3301,redheaded girl in the backyard sitting on a seesaw,3404978479_8a81843e17.jpg,5,0.6789,0.7504,0.0715,"['444057017_f1e0fcaef7.jpg', '3345025842_bc2082a509.jpg', '468918320_9c275b877f.jpg']","[0.7504, 0.7258, 0.6989]"
3302,a redheaded girl is siting on a see saw in the garden,3404978479_8a81843e17.jpg,3,0.7329,0.7813,0.0484,"['2561319255_ce5ede291e.jpg', '2979914158_5906470b8f.jpg', '3404978479_8a81843e17.jpg']","[0.7813, 0.7628, 0.7329]"
3303,a girl in overalls is playing on a seesaw,3404978479_8a81843e17.jpg,3,0.7195,0.7633,0.0439,"['2561319255_ce5ede291e.jpg', '3672940355_47f30e2b28.jpg', '3404978479_8a81843e17.jpg']","[0.7633, 0.7295, 0.7195]"
3304,a little girl in blue overalls plays on a seesaw in a backyard,3404978479_8a81843e17.jpg,7,0.6634,0.7424,0.0791,"['3431101934_99a6c55914.jpg', '640409060_6af18fdd54.jpg', '2599131872_65789d86d5.jpg']","[0.7424, 0.7134, 0.6898]"
3306,a gray water fowl with black and white markings is flying near water,3405113041_4b72c24801.jpg,2,0.7489,0.7899,0.041,"['3282634762_2650d0088a.jpg', '3405113041_4b72c24801.jpg', '3315110972_1090d11728.jpg']","[0.7899, 0.7489, 0.7237]"
3311,boy in red and black shirt walks through grass,3405942945_f4af2934a6.jpg,2,0.8479,0.8712,0.0233,"['762947607_2001ee4c72.jpg', '3405942945_f4af2934a6.jpg', '1104133405_c04a00707f.jpg']","[0.8712, 0.8479, 0.7602]"
3312,the small boy is running through a grassy area,3405942945_f4af2934a6.jpg,2,0.8253,0.8988,0.0735,"['762947607_2001ee4c72.jpg', '3405942945_f4af2934a6.jpg', '221973402_ecb1cd51f1.jpg']","[0.8988, 0.8253, 0.805]"
3315,a bald man with an earpiece is smiling nearby a building opening,3412249548_00820fc4ca.jpg,2,0.7395,0.7475,0.0081,"['1418019748_51c7d59c11.jpg', '3412249548_00820fc4ca.jpg', '2924884899_f512c84332.jpg']","[0.7475, 0.7395, 0.7347]"
3316,a man with a white mustache and an earpiece is smiling,3412249548_00820fc4ca.jpg,2,0.7459,0.7533,0.0074,"['1418019748_51c7d59c11.jpg', '3412249548_00820fc4ca.jpg', '2551344688_17a12a6948.jpg']","[0.7533, 0.7459, 0.7236]"
3317,a mustache man wears an earphone,3412249548_00820fc4ca.jpg,4,0.6506,0.8146,0.164,"['1418019748_51c7d59c11.jpg', '2551344688_17a12a6948.jpg', '2437266971_b91a8f9a00.jpg']","[0.8146, 0.6759, 0.6707]"
3319,the bald man with the white mustache is wearing a bluetooth earpiece,3412249548_00820fc4ca.jpg,-1,0.4442,0.7945,0.3504,"['1418019748_51c7d59c11.jpg', '2551344688_17a12a6948.jpg', '1298866571_b4c496b71c.jpg']","[0.7945, 0.6958, 0.6922]"
3320,a teenage boy does tricks on his skateboard in an area with much graffiti,3412822878_5d961492e5.jpg,-1,0.4728,0.659,0.1862,"['3724113279_99b6e5bf41.jpg', '2095078658_c14ba89bc2.jpg', '2341254813_c53a5ef27a.jpg']","[0.659, 0.6401, 0.6205]"
3321,a skateboarder slides down a handrail on his feet,3412822878_5d961492e5.jpg,9,0.6489,0.7733,0.1243,"['3244734844_c318c29c23.jpg', '2891961886_b7a2f0b0fd.jpg', '3348811097_0e09baa26f.jpg']","[0.7733, 0.7352, 0.7321]"
3324,a boy with a blue shirt is standing on the railing of a flight of stairs,3412822878_5d961492e5.jpg,6,0.6171,0.679,0.0619,"['2021671653_567395c7cf.jpg', '2891961886_b7a2f0b0fd.jpg', '3394586927_eae7732b64.jpg']","[0.679, 0.6562, 0.6543]"
3326,a dog in the snow,341430859_4519802e8f.jpg,4,0.685,0.913,0.228,"['421808539_57abee6d55.jpg', '3338291921_fe7ae0c8f8.jpg', '336551609_1385ab139e.jpg']","[0.913, 0.8523, 0.7131]"
3329,dog sits in snow,341430859_4519802e8f.jpg,7,0.5756,0.7493,0.1737,"['3338291921_fe7ae0c8f8.jpg', '3383491811_fd9d3a891d.jpg', '421808539_57abee6d55.jpg']","[0.7493, 0.7465, 0.6988]"
3330,a dog catches a ball in midair,3415165462_e1cb536d08.jpg,-1,0.206,0.7712,0.5653,"['3696246123_99d4d10140.jpg', '3544673666_ffc7483c96.jpg', '539750844_02a07ec524.jpg']","[0.7712, 0.7417, 0.7073]"
3331,a tan and white dog jumps up with a yellow ball in its mouth,3415165462_e1cb536d08.jpg,-1,0.2725,0.7659,0.4934,"['3368671163_0171259581.jpg', '2313230479_13f87c6bf3.jpg', '2584487952_f70e5aa9bf.jpg']","[0.7659, 0.6533, 0.6233]"
3333,a brown and white dog is jumping in the air with a tennis ball in its mouth,3415165462_e1cb536d08.jpg,-1,0.2755,0.687,0.4115,"['459814265_d48ba48978.jpg', '2857609295_16aaa85293.jpg', '3696246123_99d4d10140.jpg']","[0.687, 0.6681, 0.6637]"
3334,a brown and white dog jumping in the air near a wooden fence,3415165462_e1cb536d08.jpg,5,0.6475,0.7555,0.108,"['1659358133_95cd1027bd.jpg', '2922512807_d382528a93.jpg', '2102581664_5ea50f85c6.jpg']","[0.7555, 0.6976, 0.6816]"
3335,a family is watching a girl on the phone walk by,3415228562_4efa9c9b70.jpg,5,0.6835,0.7674,0.0839,"['617038406_4092ee91dd.jpg', '3114944484_28b5bb9842.jpg', '454686980_7517fe0c2e.jpg']","[0.7674, 0.7336, 0.723]"
3336,a girl in a dress walks while a family stands in the background,3415228562_4efa9c9b70.jpg,2,0.7264,0.7515,0.0251,"['3433982387_3fa993cf5a.jpg', '3415228562_4efa9c9b70.jpg', '2504277798_936a09c74d.jpg']","[0.7515, 0.7264, 0.7159]"
3337,a woman walks and talks on her cellphone while nearby men watch,3415228562_4efa9c9b70.jpg,4,0.6805,0.7706,0.0901,"['617038406_4092ee91dd.jpg', '454686980_7517fe0c2e.jpg', '3565598162_56044bc2f7.jpg']","[0.7706, 0.7592, 0.7076]"
3338,a woman wearing a blue dress walking by a group of staring guys,3415228562_4efa9c9b70.jpg,-1,0.5036,0.7987,0.2951,"['3353278454_2f3a4d0bbc.jpg', '3072782873_3278f3b3a7.jpg', '397547349_1fd14b95af.jpg']","[0.7987, 0.7718, 0.7459]"
3339,lady on a cellphone walking in front of a group of men,3415228562_4efa9c9b70.jpg,5,0.6853,0.8184,0.1331,"['454686980_7517fe0c2e.jpg', '617038406_4092ee91dd.jpg', '1432342377_3e41603f26.jpg']","[0.8184, 0.7384, 0.7244]"
3341,two girls in mid leap one with jeans and red shirt other with black pants floral shirt,3415287719_3c776f370e.jpg,8,0.568,0.6408,0.0728,"['3661072592_2e693cd5a0.jpg', '961611340_251081fcb8.jpg', '3415228562_4efa9c9b70.jpg']","[0.6408, 0.6315, 0.6226]"
3345,a man is riding a bull at a rodeo setting with a small crowd watching,3415646718_f9f4e23a66.jpg,-1,0.5134,0.7665,0.253,"['536721406_884ab8fece.jpg', '3383545083_1d7c95b003.jpg', '2629346153_155ba73ae9.jpg']","[0.7665, 0.7328, 0.7025]"
3346,a man riding a bucking bull at a rodeo,3415646718_f9f4e23a66.jpg,-1,0.5097,0.7849,0.2751,"['536721406_884ab8fece.jpg', '3383545083_1d7c95b003.jpg', '97731718_eb7ba71fd3.jpg']","[0.7849, 0.7763, 0.7131]"
3347,bull riding with people watching,3415646718_f9f4e23a66.jpg,-1,0.4934,0.7562,0.2629,"['536721406_884ab8fece.jpg', '97731718_eb7ba71fd3.jpg', '2768021570_46bc6325e3.jpg']","[0.7562, 0.7479, 0.7325]"
3348,the bull and rider are being observed by a group of people,3415646718_f9f4e23a66.jpg,-1,0.4272,0.7571,0.3299,"['536721406_884ab8fece.jpg', '97731718_eb7ba71fd3.jpg', '3463268965_f22884fc69.jpg']","[0.7571, 0.747, 0.6499]"
3349,there is a man with a white cowboy hat riding a bull,3415646718_f9f4e23a66.jpg,-1,0.5125,0.7888,0.2763,"['2629346153_155ba73ae9.jpg', '3383545083_1d7c95b003.jpg', '536721406_884ab8fece.jpg']","[0.7888, 0.7828, 0.7741]"
3351,two black and white dogs running in a field,3415809168_af9dabdba5.jpg,2,0.7552,0.7683,0.0131,"['2730994020_64ac1d18be.jpg', '3415809168_af9dabdba5.jpg', '3724718895_bd03f4a4dc.jpg']","[0.7683, 0.7552, 0.7272]"
3352,two dogs are running in the dirt one with a ball in its mouth,3415809168_af9dabdba5.jpg,-1,0.5083,0.6768,0.1684,"['78984436_ad96eaa802.jpg', '3070031806_3d587c2a66.jpg', '566921157_07c18a41e2.jpg']","[0.6768, 0.6414, 0.619]"
3353,a dog is running while another dog behind it carries a tennis ball,3415809168_af9dabdba5.jpg,-1,0.426,0.7742,0.3482,"['496971341_22782195f0.jpg', '2313230479_13f87c6bf3.jpg', '3526018344_450c517a72.jpg']","[0.7742, 0.7236, 0.6105]"
3354,a dog runs with another dog in the background holding a ball in its mouth,3415809168_af9dabdba5.jpg,-1,0.4011,0.7889,0.3878,"['496971341_22782195f0.jpg', '2313230479_13f87c6bf3.jpg', '3029715635_43ab414dfb.jpg']","[0.7889, 0.7478, 0.6591]"
3355,a tennis player about to hit the ball,3420260768_26a600b844.jpg,5,0.7523,0.8905,0.1382,"['2269795781_46a296aa21.jpg', '3163563871_cef3cf33ea.jpg', '3425071001_e7c9809ef2.jpg']","[0.8905, 0.8522, 0.8322]"
3356,a tennis player gets ready to return the ball,3420260768_26a600b844.jpg,3,0.8015,0.8858,0.0843,"['2269795781_46a296aa21.jpg', '3163563871_cef3cf33ea.jpg', '3420260768_26a600b844.jpg']","[0.8858, 0.8857, 0.8015]"
3357,a tennis player in midswing at a match,3420260768_26a600b844.jpg,2,0.8555,0.8778,0.0223,"['3163563871_cef3cf33ea.jpg', '3420260768_26a600b844.jpg', '2269795781_46a296aa21.jpg']","[0.8778, 0.8555, 0.8026]"
3358,a tennis player wearing a black shirt swings back to hit a yellow ball,3420260768_26a600b844.jpg,5,0.7638,0.835,0.0711,"['2269795781_46a296aa21.jpg', '3517124784_4b4eb62a7a.jpg', '3163563871_cef3cf33ea.jpg']","[0.835, 0.8088, 0.8056]"
3359,man in black and white playing tennis,3420260768_26a600b844.jpg,2,0.8263,0.8512,0.0248,"['2269795781_46a296aa21.jpg', '3420260768_26a600b844.jpg', '3425071001_e7c9809ef2.jpg']","[0.8512, 0.8263, 0.8158]"
3360,a man in a kayak is holding his paddle up high,3421131122_2e4bde661e.jpg,3,0.7646,0.8569,0.0923,"['3397228832_8ce5b1c26f.jpg', '482088914_e6ea4501e9.jpg', '3421131122_2e4bde661e.jpg']","[0.8569, 0.7763, 0.7646]"
3361,a man is kayaking through rough water,3421131122_2e4bde661e.jpg,3,0.898,0.9454,0.0474,"['482088914_e6ea4501e9.jpg', '146577646_9e64b8c2dc.jpg', '3421131122_2e4bde661e.jpg']","[0.9454, 0.9129, 0.898]"
3362,kayak rider raises arms as he s splashed with water,3421131122_2e4bde661e.jpg,2,0.8317,0.8763,0.0446,"['3397228832_8ce5b1c26f.jpg', '3421131122_2e4bde661e.jpg', '482088914_e6ea4501e9.jpg']","[0.8763, 0.8317, 0.8306]"
3363,spray obscures the face and torso of the paddle wielding man in the red kayak,3421131122_2e4bde661e.jpg,3,0.8187,0.8592,0.0404,"['3397228832_8ce5b1c26f.jpg', '482088914_e6ea4501e9.jpg', '3421131122_2e4bde661e.jpg']","[0.8592, 0.8347, 0.8187]"
3364,the kayaker holding an oar is raising both arms in the air while waves splash around him,3421131122_2e4bde661e.jpg,-1,0.5879,0.7956,0.2077,"['3627679667_0e3de9fc90.jpg', '2984174290_a915748d77.jpg', '3649307685_60c1294d2a.jpg']","[0.7956, 0.7084, 0.677]"
3365,a group of men in an unner tube going over some rapids,3421928157_69a325366f.jpg,10,0.554,0.7333,0.1793,"['561179884_8b6b925ef9.jpg', '3716277216_c04002be81.jpg', '2339946012_06bd480ab8.jpg']","[0.7333, 0.716, 0.6518]"
3366,a raft with a group of people is turned over after a crashing wave,3421928157_69a325366f.jpg,6,0.6467,0.8123,0.1656,"['1998457059_c9ac9a1e1a.jpg', '2744330402_824240184c.jpg', '3315033940_e91f87b7f2.jpg']","[0.8123, 0.7841, 0.7751]"
3367,people are tossed around in a blue raft in a foamy river,3421928157_69a325366f.jpg,10,0.6499,0.9682,0.3183,"['3207264553_8cd4dcde53.jpg', '2906802485_dfebf09173.jpg', '1998457059_c9ac9a1e1a.jpg']","[0.9682, 0.7512, 0.7489]"
3368,two blue inflatable rafts are involved in a collision on white water,3421928157_69a325366f.jpg,7,0.5962,0.737,0.1407,"['2339946012_06bd480ab8.jpg', '2906802485_dfebf09173.jpg', '2209496328_2a34fd201d.jpg']","[0.737, 0.7347, 0.7185]"
3369,two rafts overturn in a river,3421928157_69a325366f.jpg,-1,0.3264,0.7873,0.4608,"['2906802485_dfebf09173.jpg', '561179884_8b6b925ef9.jpg', '2339946012_06bd480ab8.jpg']","[0.7873, 0.7421, 0.6837]"
3370,a teenage boy hits a tennis ball with a racket,3425071001_e7c9809ef2.jpg,2,0.8328,0.8762,0.0434,"['2269795781_46a296aa21.jpg', '3425071001_e7c9809ef2.jpg', '3163563871_cef3cf33ea.jpg']","[0.8762, 0.8328, 0.7112]"
3371,a boy plays tennis,3425071001_e7c9809ef2.jpg,3,0.6435,0.7494,0.106,"['2269795781_46a296aa21.jpg', '3767841911_6678052eb6.jpg', '3425071001_e7c9809ef2.jpg']","[0.7494, 0.6897, 0.6435]"
3372,a boy hits a tennis ball with his tennis racquet,3425071001_e7c9809ef2.jpg,2,0.7802,0.861,0.0808,"['2269795781_46a296aa21.jpg', '3425071001_e7c9809ef2.jpg', '3163563871_cef3cf33ea.jpg']","[0.861, 0.7802, 0.7127]"
3373,a boy hits a tennis ball on a court,3425071001_e7c9809ef2.jpg,5,0.6382,0.7083,0.07,"['2269795781_46a296aa21.jpg', '2616561200_ea079f285a.jpg', '3767841911_6678052eb6.jpg']","[0.7083, 0.6853, 0.6768]"
3374,a boy hits a tennis ball with a black and yellow racket,3425071001_e7c9809ef2.jpg,2,0.7878,0.8551,0.0673,"['2269795781_46a296aa21.jpg', '3425071001_e7c9809ef2.jpg', '3163563871_cef3cf33ea.jpg']","[0.8551, 0.7878, 0.6786]"
3375,a little girl plays with a plane,3426144752_28d63615ca.jpg,-1,0.4357,0.7773,0.3416,"['2903617548_d3e38d7f88.jpg', '424869823_7aec015d87.jpg', '3572346664_e1e6c77f11.jpg']","[0.7773, 0.6966, 0.6267]"
3376,a young blonde boy holding a toy airplane,3426144752_28d63615ca.jpg,7,0.5176,0.6204,0.1028,"['3751594676_edfbfa0688.jpg', '3572346664_e1e6c77f11.jpg', '2271468944_3264d29208.jpg']","[0.6204, 0.5888, 0.5867]"
3377,a young blonde child holding an airplane,3426144752_28d63615ca.jpg,2,0.6279,0.6466,0.0188,"['2181724497_dbb7fcb0a9.jpg', '3426144752_28d63615ca.jpg', '3572346664_e1e6c77f11.jpg']","[0.6466, 0.6279, 0.6158]"
3378,the blonde haired child is holding the small plane,3426144752_28d63615ca.jpg,7,0.5717,0.7049,0.1332,"['2271468944_3264d29208.jpg', '3572346664_e1e6c77f11.jpg', '2107838729_a527e434bd.jpg']","[0.7049, 0.6921, 0.6705]"
3379,the blond haired and blue eyed child holds the wooden airplane in his hands,3426144752_28d63615ca.jpg,-1,0.264,0.6676,0.4036,"['2030781555_b7ff7be28f.jpg', '2181724497_dbb7fcb0a9.jpg', '3351667846_ac43118ae5.jpg']","[0.6676, 0.6657, 0.6404]"
3380,the man tossed a child into the swimming pool near the ocean,3426789838_8771f0ed56.jpg,2,0.7393,0.7531,0.0137,"['3009018821_ba47396e24.jpg', '3426789838_8771f0ed56.jpg', '1236964638_1808784a3c.jpg']","[0.7531, 0.7393, 0.7291]"
3381,the man throws the child into the water,3426789838_8771f0ed56.jpg,8,0.6481,0.7552,0.107,"['3666537170_c4ecda4be8.jpg', '195962284_e57178054a.jpg', '2937697444_2367ff0e28.jpg']","[0.7552, 0.7192, 0.7179]"
3382,a father launches his daughter in an oceanside pool,3426789838_8771f0ed56.jpg,-1,0.4857,0.7465,0.2608,"['3030566410_393c36a6c5.jpg', '1299459550_1fd5594fa2.jpg', '989754491_7e53fb4586.jpg']","[0.7465, 0.7119, 0.7062]"
3384,a young girl jumps off the hands of a man in a pool near the ocean,3426789838_8771f0ed56.jpg,7,0.6568,0.8209,0.1641,"['3009018821_ba47396e24.jpg', '1309330801_aeeb23f1ee.jpg', '1236964638_1808784a3c.jpg']","[0.8209, 0.8118, 0.7887]"
3385,a crowd of people sit an walk across dirty streets,3430100177_5864bf1e73.jpg,-1,0.5566,0.6846,0.128,"['2211593099_4a4f1c85d2.jpg', '2540751930_d71c7f5622.jpg', '3694093650_547259731e.jpg']","[0.6846, 0.6775, 0.6665]"
3386,a group of people are gathered on a sidewalk in front of a store nearby a littered street,3430100177_5864bf1e73.jpg,3,0.7159,0.8237,0.1077,"['3535879138_9281dc83d5.jpg', '3433470650_a8b1c27173.jpg', '3430100177_5864bf1e73.jpg']","[0.8237, 0.7409, 0.7159]"
3387,a woman is sitting on the curb staring off into the distance,3430100177_5864bf1e73.jpg,-1,-0.0983,0.6828,0.7811,"['2891961886_b7a2f0b0fd.jpg', '468918320_9c275b877f.jpg', '2858903676_6278f07ee3.jpg']","[0.6828, 0.6543, 0.6329]"
3388,many people are standing outside on a street filled with litter,3430100177_5864bf1e73.jpg,-1,0.4852,0.9213,0.4361,"['380527679_574749123d.jpg', '3535879138_9281dc83d5.jpg', '1643915227_9f48068772.jpg']","[0.9213, 0.8075, 0.7255]"
3389,one woman sitting on a sidewalk with others to the side and behind her,3430100177_5864bf1e73.jpg,-1,0.3907,0.7285,0.3377,"['3661659196_6ed90f96c0.jpg', '1461329041_c623b06e5b.jpg', '435827376_4384c3005a.jpg']","[0.7285, 0.7238, 0.7087]"
3390,two dogs run two a pond on a winter day,3430526230_234b3550f6.jpg,2,0.684,0.7222,0.0382,"['3266306177_7994dc2865.jpg', '3430526230_234b3550f6.jpg', '400562847_e15aba0aac.jpg']","[0.7222, 0.684, 0.6755]"
3391,two dogs are running toward the water,3430526230_234b3550f6.jpg,3,0.7197,0.8081,0.0884,"['2289212650_69de7a20b2.jpg', '566921157_07c18a41e2.jpg', '3430526230_234b3550f6.jpg']","[0.8081, 0.746, 0.7197]"
3396,two girls are jumping on the trampoline in a backyard,3431101934_99a6c55914.jpg,4,0.7009,0.7283,0.0274,"['3415287719_3c776f370e.jpg', '2979914158_5906470b8f.jpg', '2599131872_65789d86d5.jpg']","[0.7283, 0.7255, 0.7149]"
3398,two little girls on a trampoline and a playhouse is behind them,3431101934_99a6c55914.jpg,2,0.7762,0.7924,0.0161,"['2599131872_65789d86d5.jpg', '3431101934_99a6c55914.jpg', '2951092164_4940b9a517.jpg']","[0.7924, 0.7762, 0.7135]"
3400,many people are walking down a road in both directions some are wearing turbans,3433470650_a8b1c27173.jpg,4,0.6649,0.7588,0.0939,"['3072782873_3278f3b3a7.jpg', '256444892_efcb3bd824.jpg', '2718376488_3c62f7642c.jpg']","[0.7588, 0.7398, 0.7384]"
3401,man in maroon turban standing in road while people walk past,3433470650_a8b1c27173.jpg,-1,0.5635,0.7922,0.2287,"['495055747_a75872762a.jpg', '256444892_efcb3bd824.jpg', '2497074804_b4f3e7fd90.jpg']","[0.7922, 0.7491, 0.7476]"
3402,a group of men walk along a road divided with yellow ropes,3433470650_a8b1c27173.jpg,-1,0.4331,0.7279,0.2948,"['673806038_0a3682a83f.jpg', '2540751930_d71c7f5622.jpg', '2193980605_4221c6474d.jpg']","[0.7279, 0.6716, 0.6632]"
3403,a group of men walk on a street with yellow ribbon in front of a white and red building,3433470650_a8b1c27173.jpg,3,0.72,0.8223,0.1024,"['2497074804_b4f3e7fd90.jpg', '445861800_75fc6a8c16.jpg', '3433470650_a8b1c27173.jpg']","[0.8223, 0.7535, 0.72]"
3404,a group of middle eastern men are walking down a street in front of a building,3433470650_a8b1c27173.jpg,6,0.6454,0.745,0.0996,"['3712923460_1b20ebb131.jpg', '445861800_75fc6a8c16.jpg', '3125158798_0743dae56e.jpg']","[0.745, 0.7282, 0.6908]"
3407,a young girl in a white dress watches bubbles while a woman and girl toddler observe,3433982387_3fa993cf5a.jpg,2,0.7551,0.7576,0.0024,"['3688858505_e8afd1475d.jpg', '3433982387_3fa993cf5a.jpg', '3517362674_0f5296de19.jpg']","[0.7576, 0.7551, 0.6991]"
3409,two little girls and an adult watch bubbles float through the air in front of them,3433982387_3fa993cf5a.jpg,2,0.6989,0.7007,0.0018,"['2747714500_49476225c6.jpg', '3433982387_3fa993cf5a.jpg', '3688858505_e8afd1475d.jpg']","[0.7007, 0.6989, 0.6713]"
3411,two young children walking on a tiled floor,3434452829_62cee280bc.jpg,-1,0.4671,0.6748,0.2078,"['2915183095_4ed4aa4f37.jpg', '820169182_f5e78d7d19.jpg', '2021602343_03023e1fd1.jpg']","[0.6748, 0.6623, 0.6355]"
3412,two children walk on a tiled floor,3434452829_62cee280bc.jpg,-1,0.505,0.6409,0.1359,"['2622517932_57c52c376f.jpg', '820169182_f5e78d7d19.jpg', '979383193_0a542a059d.jpg']","[0.6409, 0.6376, 0.5973]"
3413,a little boy in red walks and eats a snack while a little boy in green walks behind,3434452829_62cee280bc.jpg,-1,0.4298,0.6044,0.1746,"['369360998_ba56fb436f.jpg', '3178489390_13a6ae7524.jpg', '3501083764_cf592292a6.jpg']","[0.6044, 0.6006, 0.5991]"
3414,a young boy eats chips while another little boy follows,3434452829_62cee280bc.jpg,-1,0.2729,0.7142,0.4412,"['2181724497_dbb7fcb0a9.jpg', '3321516504_5ee97771cb.jpg', '799431781_65dc312afc.jpg']","[0.7142, 0.6627, 0.6418]"
3415,a dog runs along a forest lane,3435035138_af32890a4c.jpg,2,0.7758,0.8011,0.0253,"['1932161768_996eadac87.jpg', '3435035138_af32890a4c.jpg', '3330935489_9cb67ca36b.jpg']","[0.8011, 0.7758, 0.7383]"
3419,the curly haired white dog is running down a wooded path,3435035138_af32890a4c.jpg,2,0.8661,0.8662,0.0001,"['1932161768_996eadac87.jpg', '3435035138_af32890a4c.jpg', '3488087117_2719647989.jpg']","[0.8662, 0.8661, 0.7691]"
3420,this bald man who appears to be asleep is sitting at a table at a library,343662720_39e4067cd1.jpg,5,0.6435,0.8239,0.1805,"['3066338314_2c3fb731d1.jpg', '358607894_5abb1250d3.jpg', '403678611_73978faed7.jpg']","[0.8239, 0.7605, 0.7436]"
3421,an old man is sleeping at a table in front of a book shelf,343662720_39e4067cd1.jpg,10,0.5007,0.8462,0.3456,"['358607894_5abb1250d3.jpg', '3066338314_2c3fb731d1.jpg', '403678611_73978faed7.jpg']","[0.8462, 0.7969, 0.7648]"
3422,an old man dozes off near a bookshelf,343662720_39e4067cd1.jpg,-1,0.2311,0.6998,0.4688,"['3438858409_136345fa07.jpg', '3526805681_38461c0d5d.jpg', '3155400369_69e3d6d70f.jpg']","[0.6998, 0.6721, 0.6299]"
3423,a man asleep in a chair in front of a full bookshelf,343662720_39e4067cd1.jpg,-1,0.5112,0.8359,0.3247,"['403678611_73978faed7.jpg', '469617651_278e586e46.jpg', '3066338314_2c3fb731d1.jpg']","[0.8359, 0.7591, 0.7016]"
3424,an older balding man falling asleep on a chair in front of bookshelves,343662720_39e4067cd1.jpg,-1,0.4915,0.7007,0.2092,"['403678611_73978faed7.jpg', '358607894_5abb1250d3.jpg', '2882483779_73c171ac19.jpg']","[0.7007, 0.6537, 0.6307]"
3425,a man and a woman are sitting down and eating,3437273677_47d4462974.jpg,5,0.6688,0.7278,0.0589,"['2837640996_0183db8d93.jpg', '3550276904_19de3561c5.jpg', '3155501473_510f9c9f6b.jpg']","[0.7278, 0.7114, 0.6912]"
3426,a woman eating at a restaurant with other people,3437273677_47d4462974.jpg,2,0.8012,0.8401,0.0389,"['1798209205_77dbf525b0.jpg', '3437273677_47d4462974.jpg', '2602258549_7401a3cdae.jpg']","[0.8401, 0.8012, 0.7919]"
3427,a woman sitting by a man is eating a plate of french fries,3437273677_47d4462974.jpg,3,0.7267,0.8489,0.1223,"['3351667846_ac43118ae5.jpg', '1798209205_77dbf525b0.jpg', '3437273677_47d4462974.jpg']","[0.8489, 0.7535, 0.7267]"
3428,a young woman leans over her plate at a meal,3437273677_47d4462974.jpg,2,0.7286,0.9134,0.1849,"['1798209205_77dbf525b0.jpg', '3437273677_47d4462974.jpg', '374124237_51f62b6937.jpg']","[0.9134, 0.7286, 0.6978]"
3431,a little girl in a red shirt holds on to a pole near a street,3437315443_ba2263f92e.jpg,3,0.6875,0.7217,0.0342,"['2021671653_567395c7cf.jpg', '1093737381_b313cd49ff.jpg', '3437315443_ba2263f92e.jpg']","[0.7217, 0.7027, 0.6875]"
3432,a young girl holds up a peace sign,3437315443_ba2263f92e.jpg,-1,0.5741,0.7139,0.1398,"['241347547_902725b9f8.jpg', '3627011534_485f667b10.jpg', '1539166395_0cdc0accee.jpg']","[0.7139, 0.6945, 0.6593]"
3434,a little girl holds onto a pole on a city street,3437315443_ba2263f92e.jpg,-1,0.4367,0.7671,0.3304,"['2903617548_d3e38d7f88.jpg', '3286222970_1fa445e38f.jpg', '1424237335_b3be9920ba.jpg']","[0.7671, 0.6848, 0.673]"
3437,two athletes playing in a hockey game,3437781040_82b06facb3.jpg,2,0.9047,0.9173,0.0126,"['3231751379_10ebf7150c.jpg', '3437781040_82b06facb3.jpg', '2978409165_acc4f29a40.jpg']","[0.9173, 0.9047, 0.6143]"
3440,a group of men in camouflage pants break dancing on a stage at a community baseball field,3438858409_136345fa07.jpg,7,0.6011,0.7751,0.1741,"['3262386960_14f5d857db.jpg', '2698487246_e827404cac.jpg', '2698614194_b4e6e11dff.jpg']","[0.7751, 0.7149, 0.6479]"
3441,a man gives another man a piggy back ride,3438858409_136345fa07.jpg,-1,0.4199,0.7155,0.2956,"['3649307685_60c1294d2a.jpg', '397601572_9587a39291.jpg', '2891240104_6755281868.jpg']","[0.7155, 0.7017, 0.6732]"
3442,four men dance on a stage wearing yellow and orange shirts,3438858409_136345fa07.jpg,5,0.5899,0.7252,0.1353,"['3262386960_14f5d857db.jpg', '3674168459_6245f4f658.jpg', '210126070_0d43b300b9.jpg']","[0.7252, 0.632, 0.599]"
3443,three men climbing on each other wearing yellow and brown shirts,3438858409_136345fa07.jpg,-1,0.2816,0.6407,0.3591,"['3515451715_ac5ac04efa.jpg', '2981372647_2061278c60.jpg', '799431781_65dc312afc.jpg']","[0.6407, 0.6327, 0.6201]"
3444,two men in yellow are dancing with two men in brown on a stage,3438858409_136345fa07.jpg,3,0.713,0.7633,0.0503,"['3155400369_69e3d6d70f.jpg', '3262386960_14f5d857db.jpg', '3438858409_136345fa07.jpg']","[0.7633, 0.7574, 0.713]"
3447,a woman huge a fluffy white dog,3439982121_0afc6d5973.jpg,2,0.6679,0.6733,0.0054,"['3336361161_c06cdd160e.jpg', '3439982121_0afc6d5973.jpg', '416106657_cab2a107a5.jpg']","[0.6733, 0.6679, 0.6223]"
3448,an elderly person holds a white doge and kisses their cheek,3439982121_0afc6d5973.jpg,-1,0.46,0.7184,0.2584,"['3134341610_3c55e373a7.jpg', '3155501473_510f9c9f6b.jpg', '3098714492_19939e3b19.jpg']","[0.7184, 0.7014, 0.6073]"
3450,two boys are touching the glass of an aquarium with a seal inside,3442844140_15aa45e9b8.jpg,-1,0.5361,0.6609,0.1248,"['2244551043_21b8cca866.jpg', '1177994172_10d143cb8d.jpg', '350443876_c9769f5734.jpg']","[0.6609, 0.6529, 0.6047]"
3451,two boys watch a seal in an aquarium,3442844140_15aa45e9b8.jpg,-1,0.552,0.7747,0.2227,"['350443876_c9769f5734.jpg', '3703413486_3c682732a0.jpg', '2244551043_21b8cca866.jpg']","[0.7747, 0.7431, 0.685]"
3452,two children reaching out toward a swimming seal,3442844140_15aa45e9b8.jpg,-1,0.5524,0.8974,0.3451,"['2911245290_b2c79f328a.jpg', '1177994172_10d143cb8d.jpg', '3666537170_c4ecda4be8.jpg']","[0.8974, 0.8339, 0.7613]"
3453,two children touch the glass of a large tank containing a seal,3442844140_15aa45e9b8.jpg,-1,0.2928,0.6556,0.3628,"['3437315443_ba2263f92e.jpg', '2747714500_49476225c6.jpg', '2911919938_6bb6587a36.jpg']","[0.6556, 0.6551, 0.5908]"
3454,two young boys touching glass where they can see a seal swimming by,3442844140_15aa45e9b8.jpg,6,0.6166,0.793,0.1764,"['3666537170_c4ecda4be8.jpg', '1177994172_10d143cb8d.jpg', '2911245290_b2c79f328a.jpg']","[0.793, 0.7609, 0.7293]"
3455,two sword fighters training,3442978981_53bf1f45f3.jpg,6,0.6514,0.7823,0.1309,"['3630332976_fdba22c50b.jpg', '3649307685_60c1294d2a.jpg', '3318995586_c2bc50b92e.jpg']","[0.7823, 0.7605, 0.7411]"
3456,two suited fencers pointing their swords at each other,3442978981_53bf1f45f3.jpg,7,0.5732,0.7111,0.1379,"['3649307685_60c1294d2a.jpg', '3630332976_fdba22c50b.jpg', '2891240104_6755281868.jpg']","[0.7111, 0.6604, 0.6261]"
3457,two people are fencing,3442978981_53bf1f45f3.jpg,-1,0.0981,0.6459,0.5477,"['278002800_3817135105.jpg', '454709143_9c513f095c.jpg', '534056823_0752303702.jpg']","[0.6459, 0.6359, 0.625]"
3458,two fencers are in a bout in a white gym,3442978981_53bf1f45f3.jpg,3,0.6519,0.6854,0.0334,"['3348208268_6d97d951eb.jpg', '3178599352_c57fdebcd2.jpg', '3442978981_53bf1f45f3.jpg']","[0.6854, 0.6827, 0.6519]"
3459,two fencers practice together one jumps as the other crouches,3442978981_53bf1f45f3.jpg,2,0.7657,0.8118,0.0461,"['3674168459_6245f4f658.jpg', '3442978981_53bf1f45f3.jpg', '3262386960_14f5d857db.jpg']","[0.8118, 0.7657, 0.7416]"
3460,the two men look at the shoreline from atop the bluff,3446347599_0ecc49a9d5.jpg,-1,0.5435,0.7735,0.23,"['361183669_52be9662b9.jpg', '2843695880_eeea6c67db.jpg', '2456907314_49bc4591c4.jpg']","[0.7735, 0.7409, 0.731]"
3461,two men look over cliff near the beach,3446347599_0ecc49a9d5.jpg,2,0.7701,0.7963,0.0262,"['3189002057_3ef61b803e.jpg', '3446347599_0ecc49a9d5.jpg', '530661899_94655d7d0e.jpg']","[0.7963, 0.7701, 0.7036]"
3462,two men stand on a cliff top overlooking a sandy beach,3446347599_0ecc49a9d5.jpg,4,0.6838,0.759,0.0752,"['530661899_94655d7d0e.jpg', '3189002057_3ef61b803e.jpg', '58368365_03ed3e5bdf.jpg']","[0.759, 0.7508, 0.7228]"
3463,two people at the top of a beach side cliff,3446347599_0ecc49a9d5.jpg,3,0.7064,0.7444,0.038,"['3189002057_3ef61b803e.jpg', '530888330_a18343e38d.jpg', '3446347599_0ecc49a9d5.jpg']","[0.7444, 0.7128, 0.7064]"
3464,two people stand on a cliff overlooking the ocean,3446347599_0ecc49a9d5.jpg,3,0.7221,0.7613,0.0392,"['3189002057_3ef61b803e.jpg', '2521983429_33218366bd.jpg', '3446347599_0ecc49a9d5.jpg']","[0.7613, 0.7273, 0.7221]"
3465,skateboarder in jeans and tshirt performing jump,3446762868_06e9d9d899.jpg,7,0.6127,0.7963,0.1836,"['3550763985_800cfee7e4.jpg', '2700147489_f1664f2b61.jpg', '2922512807_d382528a93.jpg']","[0.7963, 0.7363, 0.6813]"
3466,a skateboarder jumps into the air,3446762868_06e9d9d899.jpg,2,0.7749,0.7867,0.0118,"['2922512807_d382528a93.jpg', '3446762868_06e9d9d899.jpg', '3550763985_800cfee7e4.jpg']","[0.7867, 0.7749, 0.7126]"
3468,a skateboarder does a trick in midair,3446762868_06e9d9d899.jpg,2,0.7404,0.7853,0.0449,"['2700147489_f1664f2b61.jpg', '3446762868_06e9d9d899.jpg', '3550763985_800cfee7e4.jpg']","[0.7853, 0.7404, 0.6962]"
3469,a skateboarder in the air in front of wires,3446762868_06e9d9d899.jpg,2,0.6718,0.8217,0.1498,"['2922512807_d382528a93.jpg', '3446762868_06e9d9d899.jpg', '2700147489_f1664f2b61.jpg']","[0.8217, 0.6718, 0.6513]"
3470,a pregnant protester holding up a proamerica sign,3451344589_6787bd06ef.jpg,2,0.8068,0.8097,0.0029,"['2815256108_fc1302117d.jpg', '3451344589_6787bd06ef.jpg', '432167214_c17fcc1a2d.jpg']","[0.8097, 0.8068, 0.7348]"
3471,a protesting woman is holding a poster,3451344589_6787bd06ef.jpg,-1,0.5462,0.7194,0.1732,"['2695085862_2ed62df354.jpg', '320093980_5388cb3733.jpg', '2676184321_858eff416b.jpg']","[0.7194, 0.7021, 0.6949]"
3473,a woman wearing a black and white dress is holding a large sign,3451344589_6787bd06ef.jpg,2,0.7765,0.7803,0.0038,"['3372251830_baa3665928.jpg', '3451344589_6787bd06ef.jpg', '264141937_585320617a.jpg']","[0.7803, 0.7765, 0.6078]"
3475,two young girls play on a set of parallel bars in a playground,3454988449_1de1ef4f20.jpg,2,0.8544,0.8745,0.0201,"['493109089_468e105233.jpg', '3454988449_1de1ef4f20.jpg', '3317960829_78bbfafbb6.jpg']","[0.8745, 0.8544, 0.8197]"
3476,two little girls playing on the parallel bars,3454988449_1de1ef4f20.jpg,6,0.7139,0.8257,0.1118,"['2599131872_65789d86d5.jpg', '493109089_468e105233.jpg', '3431101934_99a6c55914.jpg']","[0.8257, 0.8008, 0.7736]"
3477,two girls playing at a playground,3454988449_1de1ef4f20.jpg,2,0.826,0.8304,0.0044,"['493109089_468e105233.jpg', '3454988449_1de1ef4f20.jpg', '2599131872_65789d86d5.jpg']","[0.8304, 0.826, 0.8044]"
3478,two girls playing on parallel bars at the playground,3454988449_1de1ef4f20.jpg,2,0.8449,0.8697,0.0248,"['493109089_468e105233.jpg', '3454988449_1de1ef4f20.jpg', '3317960829_78bbfafbb6.jpg']","[0.8697, 0.8449, 0.7823]"
3479,two girls play on a set of parallel bars,3454988449_1de1ef4f20.jpg,2,0.7886,0.8694,0.0807,"['493109089_468e105233.jpg', '3454988449_1de1ef4f20.jpg', '3317960829_78bbfafbb6.jpg']","[0.8694, 0.7886, 0.7808]"
3480,a man in camo pants and a blue and white shirt running on a concrete surface with other men dressed the same running behind him,3463268965_f22884fc69.jpg,2,0.7187,0.7379,0.0192,"['2698487246_e827404cac.jpg', '3463268965_f22884fc69.jpg', '3125158798_0743dae56e.jpg']","[0.7379, 0.7187, 0.6982]"
3481,a man races another man in the background,3463268965_f22884fc69.jpg,-1,0.4316,0.7121,0.2805,"['3649307685_60c1294d2a.jpg', '2944952557_8484f0da8f.jpg', '2698487246_e827404cac.jpg']","[0.7121, 0.6701, 0.6649]"
3483,men in uniform run along a track,3463268965_f22884fc69.jpg,3,0.7366,0.8567,0.12,"['3613027188_1645ca1976.jpg', '2986671935_0c60bbb3fa.jpg', '3463268965_f22884fc69.jpg']","[0.8567, 0.7412, 0.7366]"
3484,several people are running quickly through a parking lot,3463268965_f22884fc69.jpg,3,0.7107,0.7727,0.0619,"['3111208043_dbe8e87fa1.jpg', '613900608_2e49415772.jpg', '3463268965_f22884fc69.jpg']","[0.7727, 0.753, 0.7107]"
3485,diver jumping into ocean from helicopter,3467510271_0f57e52768.jpg,-1,0.4594,0.8501,0.3907,"['2797438951_88a3ed7541.jpg', '3690425778_3b390b3ea5.jpg', '186890601_8a6b0f1769.jpg']","[0.8501, 0.7517, 0.7111]"
3486,man jumping out of a helicopter into the ocean,3467510271_0f57e52768.jpg,-1,0.5726,0.8062,0.2336,"['3582066525_e9d6377f56.jpg', '2797438951_88a3ed7541.jpg', '3625519177_4c2bb9e7f0.jpg']","[0.8062, 0.7723, 0.6703]"
3487,a man wearing flippers jumps from a helicopter into the water,3467510271_0f57e52768.jpg,-1,0.3384,0.8658,0.5275,"['2797438951_88a3ed7541.jpg', '3690425778_3b390b3ea5.jpg', '186890601_8a6b0f1769.jpg']","[0.8658, 0.7591, 0.7195]"
3488,a grey helicopter hovering while someone drops in the ocean,3467510271_0f57e52768.jpg,-1,0.5604,0.7609,0.2006,"['2843695880_eeea6c67db.jpg', '339350939_6643bfb270.jpg', '2943334864_6bab479a3e.jpg']","[0.7609, 0.7198, 0.6989]"
3489,a man in a wetsuit divind out of a helicopter low over the ocean,3467510271_0f57e52768.jpg,-1,0.5129,0.8083,0.2954,"['3183519385_311555d5f5.jpg', '3018304737_0a46fc5f1d.jpg', '3168123064_d1983b8f92.jpg']","[0.8083, 0.7912, 0.7398]"
3491,a little girl smelling a flower,3470303255_fbb41b8dd0.jpg,7,0.6094,0.8414,0.2321,"['2909875716_25c8652614.jpg', '3555231025_73fa54fa29.jpg', '3517362674_0f5296de19.jpg']","[0.8414, 0.7399, 0.653]"
3492,a young girl is smelling the flowers,3470303255_fbb41b8dd0.jpg,2,0.6979,0.7626,0.0647,"['2909875716_25c8652614.jpg', '3470303255_fbb41b8dd0.jpg', '3555231025_73fa54fa29.jpg']","[0.7626, 0.6979, 0.6906]"
3494,the young child looked up toward the white flowers,3470303255_fbb41b8dd0.jpg,5,0.6224,0.7747,0.1523,"['2412390588_a89cab30f4.jpg', '2909875716_25c8652614.jpg', '2472574160_8ce233f396.jpg']","[0.7747, 0.7612, 0.7399]"
3495,a young woman jumps from one bench to another,3472066410_065b4f99d3.jpg,4,0.6659,0.7914,0.1255,"['3404978479_8a81843e17.jpg', '2061354254_faa5bd294b.jpg', '2979914158_5906470b8f.jpg']","[0.7914, 0.6999, 0.6813]"
3496,a young woman jumping to a beam,3472066410_065b4f99d3.jpg,-1,0.5255,0.7449,0.2194,"['2979914158_5906470b8f.jpg', '613900608_2e49415772.jpg', '2561319255_ce5ede291e.jpg']","[0.7449, 0.7362, 0.7353]"
3497,a woman with long hair jumps from a stone bench to another,3472066410_065b4f99d3.jpg,-1,0.5711,0.6724,0.1013,"['2351479551_e8820a1ff3.jpg', '2979914158_5906470b8f.jpg', '3415287719_3c776f370e.jpg']","[0.6724, 0.6661, 0.6639]"
3498,a girl in a green jacket leaps in the air,3472066410_065b4f99d3.jpg,10,0.5523,0.6449,0.0925,"['3555231025_73fa54fa29.jpg', '1424237335_b3be9920ba.jpg', '2086678529_b3301c2d71.jpg']","[0.6449, 0.6091, 0.5938]"
3500,a motorcyclist is driving in a muddy pit,3472449219_eb927f05b8.jpg,-1,0.4894,0.7339,0.2445,"['161669933_3e7d8c7e2c.jpg', '210625425_fb1ef5d23b.jpg', '2911928620_06c3fa293e.jpg']","[0.7339, 0.6597, 0.6573]"
3501,a person in yellow is riding a dirt bike on a dirt path,3472449219_eb927f05b8.jpg,5,0.6765,0.7344,0.0579,"['479807833_85eed6899c.jpg', '2891617125_f939f604c7.jpg', '3488512097_e500cb499f.jpg']","[0.7344, 0.7238, 0.7083]"
3502,a person riding a dirt bike on mud,3472449219_eb927f05b8.jpg,4,0.7382,0.8406,0.1024,"['479807833_85eed6899c.jpg', '2891617125_f939f604c7.jpg', '143552829_72b6ba49d4.jpg']","[0.8406, 0.8166, 0.7959]"
3503,a person with a helmet and googles on is riding a motorcycle in the dirt,3472449219_eb927f05b8.jpg,2,0.8006,0.8113,0.0108,"['2891617125_f939f604c7.jpg', '3472449219_eb927f05b8.jpg', '479807833_85eed6899c.jpg']","[0.8113, 0.8006, 0.7487]"
3504,a rider in a yellow suits drives his dirt bike through the dirt,3472449219_eb927f05b8.jpg,-1,0.5838,0.8004,0.2166,"['3488512097_e500cb499f.jpg', '3043501068_be58ac47e1.jpg', '3528105511_12ff45dc9c.jpg']","[0.8004, 0.7948, 0.7686]"
3505,an old wearing a grey hat and a leather jacket surrounded by several other people,3474265683_43b1033d94.jpg,-1,0.3911,0.8638,0.4728,"['2924884899_f512c84332.jpg', '1396703063_e8c3687afe.jpg', '3433470650_a8b1c27173.jpg']","[0.8638, 0.6762, 0.6179]"
3506,a man wearing a shirt and tie looks perplexed as he navigates through a crowd,3474265683_43b1033d94.jpg,-1,0.3109,0.7043,0.3934,"['2924884899_f512c84332.jpg', '3535056297_e16f014cb7.jpg', '3627676364_1dc9294ec5.jpg']","[0.7043, 0.6955, 0.6918]"
3507,man wearing hat cardigan and tie in a crowd of people,3474265683_43b1033d94.jpg,-1,0.3329,0.8576,0.5247,"['2924884899_f512c84332.jpg', '3433470650_a8b1c27173.jpg', '2622971954_59f192922d.jpg']","[0.8576, 0.6373, 0.6164]"
3508,a man and woman in a crowd of people are having a verbal exchange,3474265683_43b1033d94.jpg,9,0.697,0.7585,0.0615,"['2622971954_59f192922d.jpg', '3114944484_28b5bb9842.jpg', '465859490_b077219424.jpg']","[0.7585, 0.7549, 0.7382]"
3509,a man in a blue sweater black leather jacket and gray hat is surrounded by people,3474265683_43b1033d94.jpg,-1,0.2953,0.7444,0.449,"['3433470650_a8b1c27173.jpg', '2497074804_b4f3e7fd90.jpg', '2924884899_f512c84332.jpg']","[0.7444, 0.7346, 0.7222]"
3510,a man in a blue helmet and sunglasses bikes through wooded terrain,3474985008_0a827cd340.jpg,5,0.645,0.8286,0.1836,"['111537222_07e56d5a30.jpg', '2084217208_7bd9bc85e5.jpg', '2308108566_2cba6bca53.jpg']","[0.8286, 0.8253, 0.7737]"
3511,a man in a blue helmet rides a mountain bike,3474985008_0a827cd340.jpg,10,0.5477,0.8134,0.2657,"['143552829_72b6ba49d4.jpg', '111537222_07e56d5a30.jpg', '2308108566_2cba6bca53.jpg']","[0.8134, 0.7918, 0.7579]"
3512,a man rides his bicycle through some grass in a wooded area,3474985008_0a827cd340.jpg,-1,0.5047,0.7237,0.2189,"['2084217208_7bd9bc85e5.jpg', '2308108566_2cba6bca53.jpg', '111537222_07e56d5a30.jpg']","[0.7237, 0.6509, 0.6345]"
3513,a man with a blue helmet and a yellow and black jacket is riding a bike in the woods,3474985008_0a827cd340.jpg,4,0.6697,0.792,0.1223,"['3476451861_5b9c9ce191.jpg', '2308108566_2cba6bca53.jpg', '3649916507_b88a3d2082.jpg']","[0.792, 0.7413, 0.7248]"
3514,a mountain biker riding through the woods,3474985008_0a827cd340.jpg,3,0.7273,0.7719,0.0446,"['111537222_07e56d5a30.jpg', '2308108566_2cba6bca53.jpg', '3474985008_0a827cd340.jpg']","[0.7719, 0.7644, 0.7273]"
3521,a person is riding a bike on a tree,3476451861_5b9c9ce191.jpg,-1,0.5344,0.7798,0.2453,"['2289096282_4ef120f189.jpg', '2788628994_61123c03d2.jpg', '2308108566_2cba6bca53.jpg']","[0.7798, 0.7047, 0.6952]"
3522,a person riding a bike with blue wheels on a tree trunk at night,3476451861_5b9c9ce191.jpg,2,0.6781,0.7019,0.0238,"['2289096282_4ef120f189.jpg', '3476451861_5b9c9ce191.jpg', '3484820303_7be0e914b4.jpg']","[0.7019, 0.6781, 0.6214]"
3524,person is riding a bike with blue tires up a tree,3476451861_5b9c9ce191.jpg,9,0.5958,0.7306,0.1348,"['2788628994_61123c03d2.jpg', '2289096282_4ef120f189.jpg', '2308108566_2cba6bca53.jpg']","[0.7306, 0.7261, 0.7101]"
3525,two soldiers are going into a tent with men and women watching them,3480052428_c034b98a08.jpg,2,0.727,0.7486,0.0216,"['3596959859_a7cb1e194b.jpg', '3480052428_c034b98a08.jpg', '2652155912_8ba5426790.jpg']","[0.7486, 0.727, 0.6924]"
3527,a woman holding a pitcher waits among others outside the opening of a tent,3480052428_c034b98a08.jpg,-1,0.3884,0.6321,0.2437,"['2328616978_fb21be2b87.jpg', '241346215_037e18403a.jpg', '2527163162_d0fb802992.jpg']","[0.6321, 0.5851, 0.5828]"
3528,a family at a military camp,3480052428_c034b98a08.jpg,4,0.6244,0.7137,0.0893,"['3673970325_4e025069e9.jpg', '1663454406_5e2cf8c5bb.jpg', '2843695880_eeea6c67db.jpg']","[0.7137, 0.6743, 0.6709]"
3529,a small crowd watches military men in a tent area,3480052428_c034b98a08.jpg,-1,0.4663,0.7522,0.2859,"['181777261_84c48b31cb.jpg', '3328535573_33c3cd5b59.jpg', '2718376488_3c62f7642c.jpg']","[0.7522, 0.6964, 0.6925]"
3530,a boy is on a bicycle and there is a girl on the back of it with an umbrella,3484820303_7be0e914b4.jpg,2,0.7235,0.8011,0.0776,"['1461329041_c623b06e5b.jpg', '3484820303_7be0e914b4.jpg', '3726120436_740bda8416.jpg']","[0.8011, 0.7235, 0.5728]"
3531,a couple stands outside with an umbrella and a bicycle,3484820303_7be0e914b4.jpg,7,0.6352,0.7709,0.1357,"['2877159456_ea4a46b0d2.jpg', '3726120436_740bda8416.jpg', '2660480624_45f88b3022.jpg']","[0.7709, 0.7559, 0.7521]"
3535,a leashed dog is in the backyard of someone s home,3485599424_94de8ede51.jpg,-1,0.529,0.7307,0.2017,"['3383491811_fd9d3a891d.jpg', '1659358133_95cd1027bd.jpg', '3076928208_5763e9eb8c.jpg']","[0.7307, 0.6731, 0.6317]"
3536,a dog stands on the grass while tied up,3485599424_94de8ede51.jpg,4,0.6156,0.654,0.0384,"['3025334206_76888792e5.jpg', '2620113705_a8fa89b8f6.jpg', '467858872_f3431df682.jpg']","[0.654, 0.6275, 0.6204]"
3537,a brown and white dog standing in a yard,3485599424_94de8ede51.jpg,5,0.6708,0.7941,0.1233,"['2584412512_6767593f24.jpg', '3415165462_e1cb536d08.jpg', '2886411666_72d8b12ce4.jpg']","[0.7941, 0.7163, 0.7117]"
3538,a brown and white dog plays in the yard by a house,3485599424_94de8ede51.jpg,-1,0.5332,0.8068,0.2736,"['3415165462_e1cb536d08.jpg', '2550109269_bc4262bd27.jpg', '3106340185_80d0cb770a.jpg']","[0.8068, 0.6741, 0.6636]"
3539,a dog chained in fronr of a house,3485599424_94de8ede51.jpg,-1,0.4937,0.786,0.2923,"['2550109269_bc4262bd27.jpg', '3383491811_fd9d3a891d.jpg', '2525270674_4ab536e7ec.jpg']","[0.786, 0.7181, 0.669]"
3540,a brown and white dog jumps on the sidewalk,3488087117_2719647989.jpg,4,0.6483,0.7914,0.1431,"['3415165462_e1cb536d08.jpg', '2555535057_007501dae5.jpg', '3435035138_af32890a4c.jpg']","[0.7914, 0.7369, 0.6848]"
3541,a little white dog in running on the sidewalk,3488087117_2719647989.jpg,2,0.7854,0.8459,0.0605,"['2555535057_007501dae5.jpg', '3488087117_2719647989.jpg', '2867699650_e6ddb540de.jpg']","[0.8459, 0.7854, 0.7313]"
3542,a white dog with brown ears is running on the sidewalk,3488087117_2719647989.jpg,2,0.7967,0.8436,0.0469,"['2555535057_007501dae5.jpg', '3488087117_2719647989.jpg', '2867699650_e6ddb540de.jpg']","[0.8436, 0.7967, 0.7644]"
3543,little brown and white dog running on the sidewalk,3488087117_2719647989.jpg,3,0.6932,0.8374,0.1441,"['2555535057_007501dae5.jpg', '3435035138_af32890a4c.jpg', '3488087117_2719647989.jpg']","[0.8374, 0.8081, 0.6932]"
3544,the dog is running,3488087117_2719647989.jpg,3,0.7491,0.7679,0.0189,"['426920445_d07d1fd0f7.jpg', '2867699650_e6ddb540de.jpg', '3488087117_2719647989.jpg']","[0.7679, 0.7588, 0.7491]"
3545,biker riding dirt bike on dirt track,3488512097_e500cb499f.jpg,6,0.7061,0.7746,0.0685,"['2891617125_f939f604c7.jpg', '143552829_72b6ba49d4.jpg', '479807833_85eed6899c.jpg']","[0.7746, 0.769, 0.736]"
3546,a motorcycle racer is in action at the track,3488512097_e500cb499f.jpg,2,0.7843,0.8445,0.0602,"['2911928620_06c3fa293e.jpg', '3488512097_e500cb499f.jpg', '2891617125_f939f604c7.jpg']","[0.8445, 0.7843, 0.7617]"
3547,a man riding a dirt bike,3488512097_e500cb499f.jpg,4,0.7318,0.8718,0.1399,"['479807833_85eed6899c.jpg', '143552829_72b6ba49d4.jpg', '2891617125_f939f604c7.jpg']","[0.8718, 0.81, 0.8044]"
3549,a man in a black uniform and helmet dirtracing with his bike s front wheel in midair,3488512097_e500cb499f.jpg,6,0.6047,0.7845,0.1798,"['3079073247_97e88e2eb7.jpg', '3530502404_f8c3a3f61c.jpg', '3649916507_b88a3d2082.jpg']","[0.7845, 0.6995, 0.6335]"
3550,a pair of dogs playing with a purple ball,3494345896_dd6b32cfa3.jpg,4,0.58,0.7332,0.1532,"['496971341_22782195f0.jpg', '439492931_a96d590e40.jpg', '684375286_09cc1aa778.jpg']","[0.7332, 0.6051, 0.5815]"
3551,two dogs and a ball,3494345896_dd6b32cfa3.jpg,3,0.6737,0.7456,0.0719,"['684375286_09cc1aa778.jpg', '3415809168_af9dabdba5.jpg', '3494345896_dd6b32cfa3.jpg']","[0.7456, 0.691, 0.6737]"
3552,two dogs playing ball together outside,3494345896_dd6b32cfa3.jpg,3,0.6779,0.8021,0.1242,"['684375286_09cc1aa778.jpg', '2314722788_6262c3aa40.jpg', '3494345896_dd6b32cfa3.jpg']","[0.8021, 0.6796, 0.6779]"
3553,two dogs playing with a purple ball,3494345896_dd6b32cfa3.jpg,4,0.6501,0.715,0.0649,"['496971341_22782195f0.jpg', '684375286_09cc1aa778.jpg', '3415809168_af9dabdba5.jpg']","[0.715, 0.6919, 0.6841]"
3554,two dogs play with purple football,3494345896_dd6b32cfa3.jpg,6,0.5796,0.7115,0.1319,"['78984436_ad96eaa802.jpg', '684375286_09cc1aa778.jpg', '3415809168_af9dabdba5.jpg']","[0.7115, 0.6692, 0.6651]"
3555,bearded man in fleece jacket smiles for a picture the background is blurry,3494394662_3edfd4a34c.jpg,3,0.7685,0.8196,0.0511,"['2925737498_57585a7ed9.jpg', '3412249548_00820fc4ca.jpg', '3494394662_3edfd4a34c.jpg']","[0.8196, 0.7749, 0.7685]"
3556,an older man wearing a black jacket standing outside,3494394662_3edfd4a34c.jpg,-1,0.5113,0.7954,0.2841,"['3134585858_a8c3493ca5.jpg', '2925737498_57585a7ed9.jpg', '3242007318_01e82171aa.jpg']","[0.7954, 0.7231, 0.6732]"
3557,a closeup of an elderly man,3494394662_3edfd4a34c.jpg,-1,0.5029,0.8051,0.3022,"['3412249548_00820fc4ca.jpg', '2551344688_17a12a6948.jpg', '2856700531_312528eea4.jpg']","[0.8051, 0.7424, 0.716]"
3558,a man poses outdoors,3494394662_3edfd4a34c.jpg,-1,0.394,0.7707,0.3768,"['862187579_9faf4a51e0.jpg', '2856700531_312528eea4.jpg', '3726700898_c50494b8bd.jpg']","[0.7707, 0.7003, 0.6621]"
3559,a man with a red collar and gray beard looks at the camera,3494394662_3edfd4a34c.jpg,6,0.6109,0.834,0.2231,"['3412249548_00820fc4ca.jpg', '2551344688_17a12a6948.jpg', '2856700531_312528eea4.jpg']","[0.834, 0.7149, 0.6609]"
3560,a man just caught a fish and it is fiesty,3495490064_8db40a83af.jpg,-1,0.498,0.6822,0.1842,"['374103842_17873ce505.jpg', '3310067561_b92017acab.jpg', '1414820925_3504c394e1.jpg']","[0.6822, 0.64, 0.622]"
3561,a man making a foul face while handling a fish beside a lake,3495490064_8db40a83af.jpg,3,0.6353,0.705,0.0696,"['361183669_52be9662b9.jpg', '2456907314_49bc4591c4.jpg', '3495490064_8db40a83af.jpg']","[0.705, 0.6554, 0.6353]"
3562,a man scowling is sitting in front of a lake trying to catch a flopping fish,3495490064_8db40a83af.jpg,2,0.6287,0.7337,0.105,"['361183669_52be9662b9.jpg', '3495490064_8db40a83af.jpg', '2030781555_b7ff7be28f.jpg']","[0.7337, 0.6287, 0.6083]"
3564,the man in jeans is sitting by the river with large fish,3495490064_8db40a83af.jpg,2,0.6474,0.7575,0.1101,"['3565655045_8eb00b7423.jpg', '3495490064_8db40a83af.jpg', '3108378861_d2214d971e.jpg']","[0.7575, 0.6474, 0.6336]"
3565,the brown dog is swimming,3496028495_431cfdc042.jpg,-1,0.6728,0.9242,0.2513,"['431410325_f4916b5460.jpg', '2613209320_edf6a2b7e9.jpg', '443430496_3fea95a07d.jpg']","[0.9242, 0.9027, 0.9021]"
3570,a group of basketball players stand on the basketball court,3497234632_6ec740fc1e.jpg,3,0.8126,0.8554,0.0428,"['3368569524_a9df2fc312.jpg', '2247192427_5e106f24a9.jpg', '3497234632_6ec740fc1e.jpg']","[0.8554, 0.8426, 0.8126]"
3571,a group of men play basketball,3497234632_6ec740fc1e.jpg,5,0.691,0.8707,0.1797,"['3154709407_9b0778cbeb.jpg', '3155451946_c0862c70cb.jpg', '3368569524_a9df2fc312.jpg']","[0.8707, 0.846, 0.8361]"
3572,boys play basketball on a wood floor near clear glass doors,3497234632_6ec740fc1e.jpg,5,0.6409,0.7669,0.126,"['2915183095_4ed4aa4f37.jpg', '2021602343_03023e1fd1.jpg', '2247192427_5e106f24a9.jpg']","[0.7669, 0.7614, 0.6697]"
3573,several men around an indoor basketball hoop,3497234632_6ec740fc1e.jpg,7,0.6605,0.8722,0.2117,"['3154709407_9b0778cbeb.jpg', '3368569524_a9df2fc312.jpg', '3262386960_14f5d857db.jpg']","[0.8722, 0.7678, 0.7129]"
3574,young boys playing indoor basketball one team has black and white uniforms the other has orange and white,3497234632_6ec740fc1e.jpg,-1,0.5282,0.7533,0.2251,"['2021602343_03023e1fd1.jpg', '3154709407_9b0778cbeb.jpg', '3434452829_62cee280bc.jpg']","[0.7533, 0.7392, 0.7247]"
3575,the man plays his guitar on the local streets,3499720588_c32590108e.jpg,-1,0.2643,0.7337,0.4694,"['3526805681_38461c0d5d.jpg', '3517124784_4b4eb62a7a.jpg', '2978236380_fb24c43f1e.jpg']","[0.7337, 0.6078, 0.6044]"
3576,a man walking the streets while playing the guitar,3499720588_c32590108e.jpg,-1,0.1441,0.6856,0.5415,"['2978236380_fb24c43f1e.jpg', '3332202255_a30c522664.jpg', '3526805681_38461c0d5d.jpg']","[0.6856, 0.6737, 0.6713]"
3577,a man plays a blue guitar on the an empty urban street,3499720588_c32590108e.jpg,-1,0.2547,0.6418,0.3871,"['3526805681_38461c0d5d.jpg', '3701226275_952547ba0f.jpg', '3310067561_b92017acab.jpg']","[0.6418, 0.584, 0.5832]"
3578,a dark skinned man plays a blue guitar on the street,3499720588_c32590108e.jpg,-1,0.2173,0.6757,0.4583,"['3526805681_38461c0d5d.jpg', '2902844125_4186bf3ab6.jpg', '2978236380_fb24c43f1e.jpg']","[0.6757, 0.6538, 0.5678]"
3579,a man playing his guitar on the street surrounded by buildings and street lights,3499720588_c32590108e.jpg,-1,0.4388,0.7835,0.3447,"['3526805681_38461c0d5d.jpg', '3517124784_4b4eb62a7a.jpg', '2328616978_fb21be2b87.jpg']","[0.7835, 0.6584, 0.6255]"
3580,a black mother and five children in a rural area,3501083764_cf592292a6.jpg,4,0.6923,0.7536,0.0614,"['3694093650_547259731e.jpg', '979383193_0a542a059d.jpg', '2211593099_4a4f1c85d2.jpg']","[0.7536, 0.7379, 0.7255]"
3581,a family in the desert,3501083764_cf592292a6.jpg,-1,0.5592,0.7899,0.2308,"['530661899_94655d7d0e.jpg', '2603792708_18a97bac97.jpg', '455611732_d65bf3e976.jpg']","[0.7899, 0.7683, 0.6941]"
3582,an african family are standing in front of some makeshift houses,3501083764_cf592292a6.jpg,2,0.7422,0.8099,0.0677,"['3694093650_547259731e.jpg', '3501083764_cf592292a6.jpg', '2211593099_4a4f1c85d2.jpg']","[0.8099, 0.7422, 0.7394]"
3583,family standing in a small village,3501083764_cf592292a6.jpg,2,0.713,0.7547,0.0416,"['3480052428_c034b98a08.jpg', '3501083764_cf592292a6.jpg', '534056823_0752303702.jpg']","[0.7547, 0.713, 0.7047]"
3584,woman in a white and gold shirt holding a baby and with three children and a man in a jacket,3501083764_cf592292a6.jpg,-1,0.528,0.7421,0.2141,"['979383193_0a542a059d.jpg', '2211593099_4a4f1c85d2.jpg', '3197891333_b1b0fd1702.jpg']","[0.7421, 0.7269, 0.7246]"
3585,a man walks on a fancy sidewalk next to an abandoned bar,3503011427_a4ee547c77.jpg,-1,0.5533,0.841,0.2877,"['1225443522_1633e7121f.jpg', '506882688_b37d549593.jpg', '3707283973_5cdaa39340.jpg']","[0.841, 0.7937, 0.789]"
3586,a man is walking down a sidewalk under a lounge bar sign,3503011427_a4ee547c77.jpg,-1,0.5642,0.7051,0.1409,"['3347500603_13670ee6bf.jpg', '2497074804_b4f3e7fd90.jpg', '3499720588_c32590108e.jpg']","[0.7051, 0.6809, 0.6751]"
3587,the man wearing a white jacket and black pants is walking in front of a white building,3503011427_a4ee547c77.jpg,2,0.8087,0.8869,0.0782,"['3394586927_eae7732b64.jpg', '3503011427_a4ee547c77.jpg', '3242007318_01e82171aa.jpg']","[0.8869, 0.8087, 0.7781]"
3588,a man in a long sleeved white shirt is walking past something called the lounge bar,3503011427_a4ee547c77.jpg,-1,0.5625,0.7532,0.1908,"['1414820925_3504c394e1.jpg', '1057210460_09c6f4c6c1.jpg', '495055747_a75872762a.jpg']","[0.7532, 0.7102, 0.6822]"
3589,a man in a white longsleeve shirt and black pants is walking on the sidewalk,3503011427_a4ee547c77.jpg,5,0.7058,0.7228,0.0169,"['2497074804_b4f3e7fd90.jpg', '2798651021_2566f2a47e.jpg', '3394586927_eae7732b64.jpg']","[0.7228, 0.7167, 0.7132]"
3590,a man in a crowd wears a red hat and a red bandanna over his face,3503623999_bbd5dcfb18.jpg,2,0.7105,0.7279,0.0174,"['3230101918_7d81cb0fc8.jpg', '3503623999_bbd5dcfb18.jpg', '1396703063_e8c3687afe.jpg']","[0.7279, 0.7105, 0.701]"
3591,a person with dreadlocks and a red hat with their face covered by a red bandanna,3503623999_bbd5dcfb18.jpg,4,0.7197,0.8149,0.0952,"['2131762850_5293a288d9.jpg', '1527297882_dededc7891.jpg', '1235580648_7eebaed9bc.jpg']","[0.8149, 0.7367, 0.7252]"
3593,a woman wearing a red hat and red bandanna followed by a man in a red bandanna,3503623999_bbd5dcfb18.jpg,4,0.7319,0.7943,0.0624,"['536537638_f5ee42410b.jpg', '3217291172_10ef70af88.jpg', '1235580648_7eebaed9bc.jpg']","[0.7943, 0.7915, 0.7692]"
3594,the lady is wearing a bandanna around her face to protect her from dust,3503623999_bbd5dcfb18.jpg,-1,0.5602,0.7952,0.235,"['2676184321_858eff416b.jpg', '3184031654_34b5c4ffe1.jpg', '1527297882_dededc7891.jpg']","[0.7952, 0.6823, 0.681]"
3595,a person stands on a ladder and a small child climbs at the bottom of the ladder,350443876_c9769f5734.jpg,8,0.5424,0.7534,0.2111,"['2623560640_0445c9a138.jpg', '3519815055_304dc8e8d6.jpg', '3698944019_825ef54f2f.jpg']","[0.7534, 0.6973, 0.6275]"
3596,a person on a ladder with a baby underneath,350443876_c9769f5734.jpg,-1,0.2985,0.5762,0.2777,"['288508162_1727873924.jpg', '2516317118_10ae66b87a.jpg', '2882483779_73c171ac19.jpg']","[0.5762, 0.5634, 0.5382]"
3597,a person stands at the top of a ladder as a young girl begins to climb,350443876_c9769f5734.jpg,-1,0.4569,0.6727,0.2158,"['2504277798_936a09c74d.jpg', '2623560640_0445c9a138.jpg', '514222303_cb98584536.jpg']","[0.6727, 0.6538, 0.6497]"
3598,a little baby climbing up the ladder after someone,350443876_c9769f5734.jpg,8,0.552,0.6277,0.0757,"['2516317118_10ae66b87a.jpg', '2622517932_57c52c376f.jpg', '3288274849_07ff76ee93.jpg']","[0.6277, 0.6098, 0.6008]"
3599,a little girl is climbing a ladder,350443876_c9769f5734.jpg,-1,0.3888,0.7256,0.3368,"['3150315970_8f045c41a4.jpg', '510510783_b2cf5d57bb.jpg', '3404978479_8a81843e17.jpg']","[0.7256, 0.6766, 0.6689]"
3602,two opposing soccer players run toward the ball while a goalies prepares a block,3506607642_40037b3fbf.jpg,6,0.7703,0.9112,0.1409,"['3522749949_fb615cee47.jpg', '269986132_91b71e8aaa.jpg', '2962977152_9d6958fdd5.jpg']","[0.9112, 0.8518, 0.8193]"
3603,two players run for the soccer ball,3506607642_40037b3fbf.jpg,5,0.7761,0.9181,0.142,"['3522749949_fb615cee47.jpg', '269986132_91b71e8aaa.jpg', '2962977152_9d6958fdd5.jpg']","[0.9181, 0.8269, 0.7844]"
3604,two young soccer players race to the goal,3506607642_40037b3fbf.jpg,6,0.6815,0.7406,0.0591,"['269986132_91b71e8aaa.jpg', '3538021517_b930dc76fc.jpg', '2944952557_8484f0da8f.jpg']","[0.7406, 0.7309, 0.6864]"
3605,a woman slides into home while the catcher tries to block,3513265399_a32e8cfd18.jpg,-1,0.4944,0.8287,0.3343,"['2736508369_fd9ff0b42f.jpg', '2944952557_8484f0da8f.jpg', '3517124784_4b4eb62a7a.jpg']","[0.8287, 0.7089, 0.6952]"
3606,a runner is sliding into home while the cathcer covers the plate in a softball game,3513265399_a32e8cfd18.jpg,7,0.5374,0.8845,0.3471,"['2736508369_fd9ff0b42f.jpg', '2944952557_8484f0da8f.jpg', '3517124784_4b4eb62a7a.jpg']","[0.8845, 0.7784, 0.7548]"
3607,a player is sliding into home plate with the catcher guarding it,3513265399_a32e8cfd18.jpg,-1,0.3307,0.7492,0.4185,"['2736508369_fd9ff0b42f.jpg', '3619232550_0b1e1fd4e4.jpg', '3086523890_fd9394af8b.jpg']","[0.7492, 0.681, 0.6392]"
3608,a child is sliding into home plate and the catcher is waiting,3513265399_a32e8cfd18.jpg,-1,0.3641,0.6623,0.2982,"['2021602343_03023e1fd1.jpg', '2443380641_7b38d18f5b.jpg', '2736508369_fd9ff0b42f.jpg']","[0.6623, 0.6552, 0.6273]"
3609,a baseball player slides home in a non professional baseball game in an hdr photograph,3513265399_a32e8cfd18.jpg,-1,0.354,0.937,0.5831,"['2736508369_fd9ff0b42f.jpg', '3517124784_4b4eb62a7a.jpg', '3637966641_1b108a35ba.jpg']","[0.937, 0.7298, 0.5997]"
3610,a mom is pushing her two kids on the swing,3515451715_ac5ac04efa.jpg,-1,0.4436,0.7599,0.3162,"['3584406900_039f30b34c.jpg', '2855417531_521bf47b50.jpg', '3513265399_a32e8cfd18.jpg']","[0.7599, 0.7038, 0.688]"
3611,a mother pushes two children on swings at a park,3515451715_ac5ac04efa.jpg,-1,0.4032,0.8524,0.4492,"['3454988449_1de1ef4f20.jpg', '493109089_468e105233.jpg', '3317960829_78bbfafbb6.jpg']","[0.8524, 0.8438, 0.7524]"
3612,a woman pushes a child on a swing while another swinging child looks on,3515451715_ac5ac04efa.jpg,-1,0.3373,0.8219,0.4846,"['3584406900_039f30b34c.jpg', '3454988449_1de1ef4f20.jpg', '2855417531_521bf47b50.jpg']","[0.8219, 0.7404, 0.7322]"
3613,a woman pushing two children on swings,3515451715_ac5ac04efa.jpg,-1,0.3907,0.8104,0.4196,"['3454988449_1de1ef4f20.jpg', '493109089_468e105233.jpg', '3415287719_3c776f370e.jpg']","[0.8104, 0.7865, 0.6841]"
3614,two children on swings with a woman pushing them,3515451715_ac5ac04efa.jpg,-1,0.3253,0.8059,0.4806,"['493109089_468e105233.jpg', '3454988449_1de1ef4f20.jpg', '2707873672_15e6b5d54b.jpg']","[0.8059, 0.784, 0.6786]"
3615,a woman in a brown strip is taking a swing with a baseball bat at a yellow ball whilst another woman is waiting on the sideline,3517124784_4b4eb62a7a.jpg,3,0.6799,0.8301,0.1502,"['2443380641_7b38d18f5b.jpg', '3637966641_1b108a35ba.jpg', '3517124784_4b4eb62a7a.jpg']","[0.8301, 0.7361, 0.6799]"
3616,a girl in a white and brown uniform swings at a softball,3517124784_4b4eb62a7a.jpg,2,0.6942,0.7696,0.0754,"['2736508369_fd9ff0b42f.jpg', '3517124784_4b4eb62a7a.jpg', '3672940355_47f30e2b28.jpg']","[0.7696, 0.6942, 0.6415]"
3619,a female wearing a baseball uniform swinging a bat,3517124784_4b4eb62a7a.jpg,2,0.7481,0.766,0.018,"['2736508369_fd9ff0b42f.jpg', '3517124784_4b4eb62a7a.jpg', '2443380641_7b38d18f5b.jpg']","[0.766, 0.7481, 0.645]"
3626,the brown dog is running on the grass,3518675890_2f65e23ff9.jpg,8,0.6602,0.786,0.1258,"['241046599_28b0ca7b9f.jpg', '2404692474_37da774368.jpg', '2584487952_f70e5aa9bf.jpg']","[0.786, 0.7829, 0.7628]"
3627,orange dog runs across grass,3518675890_2f65e23ff9.jpg,-1,0.4754,0.7894,0.314,"['2942133798_e57c862a90.jpg', '2764732789_1392e962d0.jpg', '512101751_05a6d93e19.jpg']","[0.7894, 0.7305, 0.6849]"
3630,three girls are sitting our on the sand at the beach posing for the camera,3518755601_cebf11e515.jpg,4,0.611,0.6615,0.0505,"['3319338707_892ae2a660.jpg', '3328535573_33c3cd5b59.jpg', '3711664623_ef87105ea7.jpg']","[0.6615, 0.6492, 0.645]"
3632,three people sitting in the sand on a beach,3518755601_cebf11e515.jpg,2,0.6987,0.7774,0.0786,"['3328535573_33c3cd5b59.jpg', '3518755601_cebf11e515.jpg', '2610447973_89227ff978.jpg']","[0.7774, 0.6987, 0.6509]"
3634,three young women wearing wetsuits on beach two gesturing at camera,3518755601_cebf11e515.jpg,-1,0.3758,0.645,0.2692,"['3319058642_885d756295.jpg', '3396153660_f729d9f9b9.jpg', '3688858505_e8afd1475d.jpg']","[0.645, 0.6393, 0.6338]"
3635,a small cat laying with a large dog,351876121_c7c0221928.jpg,-1,0.566,0.7277,0.1616,"['3439982121_0afc6d5973.jpg', '3336361161_c06cdd160e.jpg', '3321516504_5ee97771cb.jpg']","[0.7277, 0.6953, 0.6939]"
3636,a dog and cat are snuggling up during a nap,351876121_c7c0221928.jpg,-1,0.4536,0.6904,0.2368,"['2545192257_142fe9e2de.jpg', '3439982121_0afc6d5973.jpg', '3229898555_16877f5180.jpg']","[0.6904, 0.6746, 0.6607]"
3637,a dog and cat laying down together,351876121_c7c0221928.jpg,7,0.6696,0.7474,0.0778,"['3439982121_0afc6d5973.jpg', '2882483779_73c171ac19.jpg', '2347921097_f2e35753c0.jpg']","[0.7474, 0.7279, 0.7202]"
3638,a big brown dog is sleeping next to a small black and white cat,351876121_c7c0221928.jpg,-1,0.6046,0.7429,0.1384,"['2882483779_73c171ac19.jpg', '2545192257_142fe9e2de.jpg', '3229898555_16877f5180.jpg']","[0.7429, 0.7297, 0.7256]"
3639,a cat sleeps nestled up to a dog,351876121_c7c0221928.jpg,-1,0.3835,0.7369,0.3534,"['2882483779_73c171ac19.jpg', '3439982121_0afc6d5973.jpg', '3336361161_c06cdd160e.jpg']","[0.7369, 0.7265, 0.7023]"
3640,a boy jumping off a yellow spring board,3519815055_304dc8e8d6.jpg,-1,0.1932,0.6766,0.4835,"['2868575889_2c030aa8ae.jpg', '3741827382_71e93298d0.jpg', '693785581_68bec8312a.jpg']","[0.6766, 0.6707, 0.6385]"
3641,a boy jumps off of a structure into a pool,3519815055_304dc8e8d6.jpg,-1,0.144,0.8396,0.6956,"['2461616306_3ee7ac1b4b.jpg', '3009018821_ba47396e24.jpg', '1236964638_1808784a3c.jpg']","[0.8396, 0.8086, 0.7954]"
3642,a child jumps off a slide,3519815055_304dc8e8d6.jpg,-1,0.1682,0.829,0.6608,"['2597737483_6518a230e4.jpg', '2988244398_5da7012fce.jpg', '2687328779_b4356dab16.jpg']","[0.829, 0.7179, 0.6079]"
3643,a child jumps off a swing set into a swimming pool,3519815055_304dc8e8d6.jpg,-1,0.1184,0.7943,0.6758,"['2687328779_b4356dab16.jpg', '1309330801_aeeb23f1ee.jpg', '2461616306_3ee7ac1b4b.jpg']","[0.7943, 0.7117, 0.7057]"
3644,a youth in red swim trunks jumps into the water from a wooden board,3519815055_304dc8e8d6.jpg,-1,0.0624,0.8076,0.7452,"['1159574340_99ba8c3c59.jpg', '2937697444_2367ff0e28.jpg', '2797438951_88a3ed7541.jpg']","[0.8076, 0.7745, 0.7621]"
3645,the player is kicking a soccer ball on the grass field,3522749949_fb615cee47.jpg,2,0.8315,0.8346,0.0031,"['3363836972_c87b58c948.jpg', '3522749949_fb615cee47.jpg', '3538021517_b930dc76fc.jpg']","[0.8346, 0.8315, 0.7873]"
3650,a group of dogs playing,3526018344_450c517a72.jpg,-1,0.5712,0.8964,0.3252,"['2216695423_1362cb25f3.jpg', '2981372647_2061278c60.jpg', '2165461920_1a4144eb2b.jpg']","[0.8964, 0.7619, 0.7101]"
3651,four dogs run in a field,3526018344_450c517a72.jpg,7,0.681,0.8492,0.1682,"['2216695423_1362cb25f3.jpg', '2165461920_1a4144eb2b.jpg', '3195040792_a03954a19f.jpg']","[0.8492, 0.7838, 0.7603]"
3652,four dogs two brown and two white playing in the grass,3526018344_450c517a72.jpg,-1,0.4694,0.7102,0.2408,"['2981372647_2061278c60.jpg', '2818735880_68b3dfe1f5.jpg', '2902486045_6298eb22ef.jpg']","[0.7102, 0.6749, 0.6522]"
3653,four small dogs running through a green field with yellow flowers in the background,3526018344_450c517a72.jpg,9,0.5648,0.6904,0.1256,"['1403414927_5f80281505.jpg', '3501083764_cf592292a6.jpg', '439492931_a96d590e40.jpg']","[0.6904, 0.6627, 0.6506]"
3655,a man with a sign about god stands holding the leash of a dog in a red brick square,3526805681_38461c0d5d.jpg,-1,0.5033,0.7515,0.2482,"['256444892_efcb3bd824.jpg', '2328616978_fb21be2b87.jpg', '2798651021_2566f2a47e.jpg']","[0.7515, 0.7322, 0.6921]"
3656,a man with a dog stands outside on bricks holding a sign,3526805681_38461c0d5d.jpg,3,0.6089,0.6835,0.0746,"['2574230252_f5a1382dd4.jpg', '527968666_1fcddf81ab.jpg', '3526805681_38461c0d5d.jpg']","[0.6835, 0.6322, 0.6089]"
3657,a man on the street holding a sign while holding a small tan dog on a lease,3526805681_38461c0d5d.jpg,3,0.6709,0.69,0.0191,"['1348947380_14f0fc1237.jpg', '2865376471_43c5e6b941.jpg', '3526805681_38461c0d5d.jpg']","[0.69, 0.6749, 0.6709]"
3658,a man holding a sign with a dog on a leash,3526805681_38461c0d5d.jpg,-1,0.5293,0.778,0.2487,"['1562392511_522a26063b.jpg', '1348947380_14f0fc1237.jpg', '1975531316_8b00eeaaf7.jpg']","[0.778, 0.7043, 0.6602]"
3659,a man in a white quilted jacket holds a sign in a brick plaza accompanied by a dog on a leash,3526805681_38461c0d5d.jpg,3,0.7113,0.8058,0.0945,"['256444892_efcb3bd824.jpg', '397547349_1fd14b95af.jpg', '3526805681_38461c0d5d.jpg']","[0.8058, 0.7654, 0.7113]"
3661,a boy on a skateboard ramp,3527926597_45af299eee.jpg,7,0.5802,0.8277,0.2475,"['3576741633_671340544c.jpg', '2332540384_4cf26406a9.jpg', '2876494009_9f96d7eaf2.jpg']","[0.8277, 0.698, 0.668]"
3662,a boy skateboards on a ramp,3527926597_45af299eee.jpg,9,0.5806,0.8734,0.2928,"['3576741633_671340544c.jpg', '2332540384_4cf26406a9.jpg', '2876494009_9f96d7eaf2.jpg']","[0.8734, 0.786, 0.7381]"
3663,a boy wearing a red shirt rides a skateboard up a ramp,3527926597_45af299eee.jpg,9,0.5914,0.77,0.1786,"['486917990_72bd4069af.jpg', '3576741633_671340544c.jpg', '3476451861_5b9c9ce191.jpg']","[0.77, 0.7235, 0.6754]"
3665,motorcross jumper in midflight beneath a grey sky,3528105511_12ff45dc9c.jpg,-1,0.1492,0.7456,0.5964,"['530661899_94655d7d0e.jpg', '3229821595_77ace81c6b.jpg', '3240351042_5d29c94b0e.jpg']","[0.7456, 0.7032, 0.6484]"
3666,a person riding a dirt bike,3528105511_12ff45dc9c.jpg,9,0.6216,0.8621,0.2405,"['2891617125_f939f604c7.jpg', '479807833_85eed6899c.jpg', '3488512097_e500cb499f.jpg']","[0.8621, 0.8376, 0.7694]"
3668,a motorcyclist on a green bike is airborne,3528105511_12ff45dc9c.jpg,3,0.7347,0.8112,0.0765,"['2911928620_06c3fa293e.jpg', '3079073247_97e88e2eb7.jpg', '3528105511_12ff45dc9c.jpg']","[0.8112, 0.8017, 0.7347]"
3670,a person in a red and white suit kneels down on his skateboard and rides down a road,3530087422_7eb2b2c289.jpg,5,0.6312,0.7328,0.1016,"['2868575889_2c030aa8ae.jpg', '2863180332_372510aa49.jpg', '2798651021_2566f2a47e.jpg']","[0.7328, 0.6423, 0.637]"
3671,a person in a red black and white racing suit and a helmet is riding a skateboard,3530087422_7eb2b2c289.jpg,3,0.6675,0.8099,0.1424,"['3688839836_ba5e4c24fc.jpg', '3230101918_7d81cb0fc8.jpg', '3530087422_7eb2b2c289.jpg']","[0.8099, 0.7102, 0.6675]"
3672,person skateboarding on street wearing equipment,3530087422_7eb2b2c289.jpg,-1,0.5732,0.817,0.2438,"['3527926597_45af299eee.jpg', '2355819665_39021ff642.jpg', '1343426964_cde3fb54e8.jpg']","[0.817, 0.6837, 0.6668]"
3673,someone with a black helmet and full body suit is kneeling on a skateboard,3530087422_7eb2b2c289.jpg,-1,0.3862,0.7131,0.3269,"['3576741633_671340544c.jpg', '206087108_d4557d38ee.jpg', '3690159129_93ba49ea18.jpg']","[0.7131, 0.6587, 0.6483]"
3674,the boy in the red and white suit is on a skateboard,3530087422_7eb2b2c289.jpg,-1,0.4092,0.8283,0.4191,"['2868575889_2c030aa8ae.jpg', '3527926597_45af299eee.jpg', '72218201_e0e9c7d65b.jpg']","[0.8283, 0.6853, 0.6835]"
3675,a man in a skeleton printed outfit is sitting on a clean motorcycle,3530502404_f8c3a3f61c.jpg,2,0.8193,0.8242,0.0049,"['2911928620_06c3fa293e.jpg', '3530502404_f8c3a3f61c.jpg', '3534952095_975cca0056.jpg']","[0.8242, 0.8193, 0.8166]"
3676,a man in wearing a mask and black leather is sitting on a motorcycle on the street,3530502404_f8c3a3f61c.jpg,3,0.6684,0.8288,0.1604,"['3534952095_975cca0056.jpg', '2877159456_ea4a46b0d2.jpg', '3530502404_f8c3a3f61c.jpg']","[0.8288, 0.6834, 0.6684]"
3677,a person on a motorcycle wearing full leather with a skeleton on it and skeleton mask,3530502404_f8c3a3f61c.jpg,2,0.7327,0.8166,0.084,"['2911928620_06c3fa293e.jpg', '3530502404_f8c3a3f61c.jpg', '3534952095_975cca0056.jpg']","[0.8166, 0.7327, 0.7216]"
3678,man in black leather on a motorcycle,3530502404_f8c3a3f61c.jpg,2,0.7602,0.7948,0.0347,"['3534952095_975cca0056.jpg', '3530502404_f8c3a3f61c.jpg', '3079073247_97e88e2eb7.jpg']","[0.7948, 0.7602, 0.7153]"
3679,man in skeletonprinted leather outfit sitting astride a red motorcycle,3530502404_f8c3a3f61c.jpg,2,0.8403,0.8759,0.0356,"['3534952095_975cca0056.jpg', '3530502404_f8c3a3f61c.jpg', '2911928620_06c3fa293e.jpg']","[0.8759, 0.8403, 0.7996]"
3680,a costumes woman applies makeup while looking in a mirror,353180303_6a24179c50.jpg,-1,0.3748,0.7522,0.3773,"['2504277798_936a09c74d.jpg', '1859726819_9a793b3b44.jpg', '1798209205_77dbf525b0.jpg']","[0.7522, 0.7359, 0.6768]"
3681,a showgirl holding lipstick in her hand and wearing a feather headdress looks in a mirror,353180303_6a24179c50.jpg,-1,0.5381,0.7083,0.1702,"['1417295167_5299df6db8.jpg', '3351667846_ac43118ae5.jpg', '374124237_51f62b6937.jpg']","[0.7083, 0.6545, 0.638]"
3682,a showgirl puts on her lipstick in the mirror,353180303_6a24179c50.jpg,-1,0.1463,0.7152,0.5689,"['244399048_8332bb3270.jpg', '1798209205_77dbf525b0.jpg', '3155390408_8e1a81efb2.jpg']","[0.7152, 0.6332, 0.6301]"
3683,a woman in a fancy costume is fixer her makeup in front of a mirror,353180303_6a24179c50.jpg,-1,0.3389,0.6934,0.3545,"['2504277798_936a09c74d.jpg', '3348208268_6d97d951eb.jpg', '3372251830_baa3665928.jpg']","[0.6934, 0.692, 0.6841]"
3684,costumed woman applying lipstick,353180303_6a24179c50.jpg,10,0.5395,0.7627,0.2232,"['3451344589_6787bd06ef.jpg', '281754914_bc8119a0ed.jpg', '264141937_585320617a.jpg']","[0.7627, 0.7459, 0.6292]"
3685,the young man is performing a summersault in the air with a bicycle,3531811969_49af4c22f0.jpg,5,0.5997,0.7971,0.1974,"['3386060324_b98fdfa449.jpg', '3649916507_b88a3d2082.jpg', '697582336_601462e052.jpg']","[0.7971, 0.7023, 0.6541]"
3686,a person is flipping on a trick bike,3531811969_49af4c22f0.jpg,2,0.7929,0.7973,0.0044,"['3386060324_b98fdfa449.jpg', '3531811969_49af4c22f0.jpg', '3649916507_b88a3d2082.jpg']","[0.7973, 0.7929, 0.6261]"
3688,a bike rider performs a trick,3531811969_49af4c22f0.jpg,2,0.7293,0.7695,0.0401,"['3386060324_b98fdfa449.jpg', '3531811969_49af4c22f0.jpg', '2943334864_6bab479a3e.jpg']","[0.7695, 0.7293, 0.596]"
3689,a bmx biker is currently in midair doing a front flip,3531811969_49af4c22f0.jpg,2,0.7456,0.7794,0.0338,"['3391924827_53b31542ce.jpg', '3531811969_49af4c22f0.jpg', '3179336562_c3d0c0a3bd.jpg']","[0.7794, 0.7456, 0.6916]"
3690,a man is heading out to see with his surfboard in hand,3532194771_07faf20d76.jpg,-1,0.1711,0.7578,0.5867,"['2984174290_a915748d77.jpg', '3397228832_8ce5b1c26f.jpg', '2978236380_fb24c43f1e.jpg']","[0.7578, 0.7543, 0.7287]"
3691,a man with a white surfboard is walking into the water,3532194771_07faf20d76.jpg,-1,0.5134,0.6605,0.147,"['3627679667_0e3de9fc90.jpg', '3183519385_311555d5f5.jpg', '2984174290_a915748d77.jpg']","[0.6605, 0.6262, 0.6111]"
3692,a person walks into the water carrying a white surfboard,3532194771_07faf20d76.jpg,-1,0.4425,0.8475,0.4051,"['3627679667_0e3de9fc90.jpg', '3705688385_47651205d3.jpg', '2984174290_a915748d77.jpg']","[0.8475, 0.7885, 0.7788]"
3693,a surfer walking into the ocean,3532194771_07faf20d76.jpg,-1,0.5286,0.8161,0.2875,"['3183519385_311555d5f5.jpg', '3018304737_0a46fc5f1d.jpg', '2984174290_a915748d77.jpg']","[0.8161, 0.7898, 0.7454]"
3694,surfer with board marches out to sea on gray day,3532194771_07faf20d76.jpg,-1,0.2417,0.8287,0.5869,"['2984174290_a915748d77.jpg', '3018304737_0a46fc5f1d.jpg', '3183519385_311555d5f5.jpg']","[0.8287, 0.8183, 0.7678]"
3697,a mother with a child sitting on her lap and both are smiling,3534824784_7133119316.jpg,-1,0.3943,0.7575,0.3632,"['452419961_6d42ab7000.jpg', '2456030728_d3d147e774.jpg', '2556392380_ee57514233.jpg']","[0.7575, 0.7395, 0.7201]"
3698,a girl leaning against a woman s shoulder while sitting on a bench,3534824784_7133119316.jpg,-1,0.2879,0.7975,0.5096,"['2858903676_6278f07ee3.jpg', '468918320_9c275b877f.jpg', '191003287_2915c11d8e.jpg']","[0.7975, 0.7934, 0.7074]"
3699,a woman and a child sit together and smile,3534824784_7133119316.jpg,10,0.6051,0.8459,0.2408,"['452419961_6d42ab7000.jpg', '2556392380_ee57514233.jpg', '2102732029_9ae520914d.jpg']","[0.8459, 0.7544, 0.7145]"
3701,an africanamerican woman rides her moped,3534952095_975cca0056.jpg,-1,0.2563,0.6607,0.4044,"['3372251830_baa3665928.jpg', '502884177_25939ac000.jpg', '264141937_585320617a.jpg']","[0.6607, 0.6518, 0.6333]"
3703,a woman wearing a black skirt and pumps is riding her white and red moped,3534952095_975cca0056.jpg,-1,0.113,0.7185,0.6055,"['551664516_78a5131dc4.jpg', '3372251830_baa3665928.jpg', '635444010_bd81c89ab7.jpg']","[0.7185, 0.6441, 0.5889]"
3704,woman riding a small red and white motorcycle and wearing a matching red helmet and scarf,3534952095_975cca0056.jpg,10,0.5712,0.7084,0.1372,"['3530087422_7eb2b2c289.jpg', '3688839836_ba5e4c24fc.jpg', '3472449219_eb927f05b8.jpg']","[0.7084, 0.7046, 0.6758]"
3705,three young men wearing hooded sweatshirts standing at a bench,3535056297_e16f014cb7.jpg,-1,0.6144,0.8051,0.1907,"['3105929913_94a6882e25.jpg', '2219959872_988e6d498e.jpg', '3712923460_1b20ebb131.jpg']","[0.8051, 0.7591, 0.7551]"
3706,some young men stand holding a railing with a lot of other people,3535056297_e16f014cb7.jpg,-1,0.4416,0.7268,0.2852,"['3501083764_cf592292a6.jpg', '3042380610_c5ea61eef8.jpg', '3480052428_c034b98a08.jpg']","[0.7268, 0.7126, 0.6843]"
3707,a group of several people standing around a railing,3535056297_e16f014cb7.jpg,-1,0.1069,0.7564,0.6495,"['2930622766_fa8f84deb1.jpg', '3404870997_7b0cd755de.jpg', '3229821595_77ace81c6b.jpg']","[0.7564, 0.7209, 0.6592]"
3709,a group of people are looking into the distance,3535056297_e16f014cb7.jpg,-1,0.5475,0.7613,0.2138,"['2930622766_fa8f84deb1.jpg', '3474265683_43b1033d94.jpg', '2211593099_4a4f1c85d2.jpg']","[0.7613, 0.7375, 0.7266]"
3710,a crowd of people waving red flags are passing under a bridge,3535879138_9281dc83d5.jpg,3,0.695,0.7153,0.0203,"['380527679_574749123d.jpg', '1663454406_5e2cf8c5bb.jpg', '3535879138_9281dc83d5.jpg']","[0.7153, 0.709, 0.695]"
3711,a group of people walk down the street carrying red flags,3535879138_9281dc83d5.jpg,4,0.657,0.8194,0.1624,"['380527679_574749123d.jpg', '72218201_e0e9c7d65b.jpg', '3677734351_63d60844cb.jpg']","[0.8194, 0.7001, 0.661]"
3713,many people walking together on pavement near a brick building with other people looking on,3535879138_9281dc83d5.jpg,9,0.6082,0.7122,0.104,"['2718376488_3c62f7642c.jpg', '3430100177_5864bf1e73.jpg', '2930622766_fa8f84deb1.jpg']","[0.7122, 0.7059, 0.6979]"
3714,many people walk in the street,3535879138_9281dc83d5.jpg,2,0.7565,0.8284,0.0719,"['3072782873_3278f3b3a7.jpg', '3535879138_9281dc83d5.jpg', '3433470650_a8b1c27173.jpg']","[0.8284, 0.7565, 0.7272]"
3715,two kids are playing soccer together,3538021517_b930dc76fc.jpg,5,0.702,0.8589,0.157,"['278608022_4175813019.jpg', '3506607642_40037b3fbf.jpg', '2962977152_9d6958fdd5.jpg']","[0.8589, 0.8512, 0.8215]"
3716,two children playing soccer,3538021517_b930dc76fc.jpg,4,0.794,0.9269,0.1329,"['3506607642_40037b3fbf.jpg', '278608022_4175813019.jpg', '2962977152_9d6958fdd5.jpg']","[0.9269, 0.8916, 0.852]"
3717,a closeup of two boys playing soccer in their team uniforms,3538021517_b930dc76fc.jpg,7,0.6593,0.8359,0.1766,"['269986132_91b71e8aaa.jpg', '2962977152_9d6958fdd5.jpg', '3506607642_40037b3fbf.jpg']","[0.8359, 0.8005, 0.7871]"
3718,a goalie lays on the ground after catching a soccer ball,3538021517_b930dc76fc.jpg,2,0.7134,0.7258,0.0123,"['3363836972_c87b58c948.jpg', '3538021517_b930dc76fc.jpg', '3506607642_40037b3fbf.jpg']","[0.7258, 0.7134, 0.691]"
3719,the boy in goal is gathering up the soccer ball in his arms as another boy runs towards him,3538021517_b930dc76fc.jpg,5,0.7133,0.8308,0.1176,"['278608022_4175813019.jpg', '2962977152_9d6958fdd5.jpg', '3506607642_40037b3fbf.jpg']","[0.8308, 0.8097, 0.8015]"
3720,a biker is racing downhill,3538686658_30afc75f02.jpg,4,0.6844,0.8685,0.1842,"['2308108566_2cba6bca53.jpg', '3671933270_d124e9a1a4.jpg', '3474985008_0a827cd340.jpg']","[0.8685, 0.7405, 0.732]"
3721,a biker prepares to go down a hill,3538686658_30afc75f02.jpg,4,0.6869,0.8727,0.1858,"['2308108566_2cba6bca53.jpg', '3671933270_d124e9a1a4.jpg', '95728660_d47de66544.jpg']","[0.8727, 0.7228, 0.7033]"
3722,a person in a biking suit rides a bike down a hill,3538686658_30afc75f02.jpg,7,0.6453,0.8773,0.232,"['2308108566_2cba6bca53.jpg', '95728660_d47de66544.jpg', '3671933270_d124e9a1a4.jpg']","[0.8773, 0.8192, 0.7815]"
3723,a person in a blue biking uniform is ridding a dirt bike on a grassy track,3538686658_30afc75f02.jpg,-1,0.3565,0.8193,0.4628,"['2891617125_f939f604c7.jpg', '3488512097_e500cb499f.jpg', '3472449219_eb927f05b8.jpg']","[0.8193, 0.8078, 0.7451]"
3724,a person riding a bicycle travels down an overgrown hill,3538686658_30afc75f02.jpg,2,0.6937,0.8811,0.1874,"['2308108566_2cba6bca53.jpg', '3538686658_30afc75f02.jpg', '95728660_d47de66544.jpg']","[0.8811, 0.6937, 0.659]"
3725,a soccer player is being tackled by his opponent,3539840291_1c3eed701d.jpg,-1,0.6323,0.8345,0.2022,"['269986132_91b71e8aaa.jpg', '3522749949_fb615cee47.jpg', '2194495372_bdac7d9e71.jpg']","[0.8345, 0.8193, 0.7981]"
3727,a soccer player in red being tackled by a soccer player in green,3539840291_1c3eed701d.jpg,-1,0.505,0.8757,0.3708,"['269986132_91b71e8aaa.jpg', '3522749949_fb615cee47.jpg', '2962977152_9d6958fdd5.jpg']","[0.8757, 0.8343, 0.8219]"
3735,the man in the green jacket is playing the piano next to a woman who is by a music stand,3543378438_47e2712486.jpg,-1,0.5075,0.7864,0.279,"['3119903318_d032141839.jpg', '2603792708_18a97bac97.jpg', '3673970325_4e025069e9.jpg']","[0.7864, 0.6535, 0.6196]"
3736,a pianist and a singer are ready to perform,3543378438_47e2712486.jpg,-1,0.2296,0.7191,0.4894,"['470887791_86d5a08a38.jpg', '3640329164_20cb245fd5.jpg', '3496028495_431cfdc042.jpg']","[0.7191, 0.6205, 0.6017]"
3737,a person playing the piano with a singer nearby,3543378438_47e2712486.jpg,-1,0.1268,0.6906,0.5638,"['3425071001_e7c9809ef2.jpg', '3496028495_431cfdc042.jpg', '3119903318_d032141839.jpg']","[0.6906, 0.6541, 0.6406]"
3738,a man dressed in a green jacket is playing piano while a woman sings,3543378438_47e2712486.jpg,-1,0.3301,0.6698,0.3397,"['3305767464_d64a336f60.jpg', '2603792708_18a97bac97.jpg', '2760715910_87c7bdeb87.jpg']","[0.6698, 0.6647, 0.6345]"
3739,a man is sitting in front of a harpsichord and a woman is preparing to sing,3543378438_47e2712486.jpg,5,0.6828,0.7091,0.0263,"['3351667846_ac43118ae5.jpg', '465859490_b077219424.jpg', '3213395965_2a823c6865.jpg']","[0.7091, 0.702, 0.6876]"
3740,a brown dog leaps in the air to catch a white volleyball,3544673666_ffc7483c96.jpg,-1,0.5392,0.7211,0.1818,"['2561334141_0aacefa5e7.jpg', '436013859_793d870b6f.jpg', '2700147489_f1664f2b61.jpg']","[0.7211, 0.7139, 0.641]"
3742,a dog stands on its hind legs to catch a ball in its mouth,3544673666_ffc7483c96.jpg,3,0.7882,0.8643,0.0761,"['3155390408_8e1a81efb2.jpg', '539750844_02a07ec524.jpg', '3544673666_ffc7483c96.jpg']","[0.8643, 0.8279, 0.7882]"
3745,a young girl with two fingers in her mouth sitting next to an older woman,3550276904_19de3561c5.jpg,3,0.7536,0.7931,0.0395,"['2337809114_899ba61330.jpg', '3437273677_47d4462974.jpg', '3550276904_19de3561c5.jpg']","[0.7931, 0.7611, 0.7536]"
3748,an adult and a child sitting down and both are biting their finger nails,3550276904_19de3561c5.jpg,5,0.6621,0.7508,0.0887,"['1417295167_5299df6db8.jpg', '3155501473_510f9c9f6b.jpg', '3199895624_4f01798c6f.jpg']","[0.7508, 0.7453, 0.6953]"
3750,a man in a baseball cap does a skateboard jump on a half pipe,3550763985_800cfee7e4.jpg,-1,0.488,0.7311,0.2431,"['3323988406_e3c8fce690.jpg', '2332540384_4cf26406a9.jpg', '3474985008_0a827cd340.jpg']","[0.7311, 0.7107, 0.6616]"
3751,a skateboarder does a trick on a ramp,3550763985_800cfee7e4.jpg,7,0.6272,0.8188,0.1916,"['3576741633_671340544c.jpg', '2876494009_9f96d7eaf2.jpg', '3323988406_e3c8fce690.jpg']","[0.8188, 0.8039, 0.7692]"
3752,a skateboarder with a black and white hat at the top of a jump on a snowy day,3550763985_800cfee7e4.jpg,-1,0.4256,0.8968,0.4712,"['2272750492_91e8f67328.jpg', '3241965735_8742782a70.jpg', '3254645823_a7c072481c.jpg']","[0.8968, 0.7104, 0.6954]"
3753,skateboarder with black and white hat performing an ollie in a skate park,3550763985_800cfee7e4.jpg,-1,0.5518,0.7196,0.1679,"['3038941104_17ee91fc03.jpg', '2902844125_4186bf3ab6.jpg', '3576741633_671340544c.jpg']","[0.7196, 0.6569, 0.6478]"
3754,the skateboarder is doing a trick off the side of a half pipe,3550763985_800cfee7e4.jpg,-1,0.4425,0.7612,0.3186,"['3446762868_06e9d9d899.jpg', '3724113279_99b6e5bf41.jpg', '2876494009_9f96d7eaf2.jpg']","[0.7612, 0.7564, 0.6839]"
3757,a young girl in blue jeans and a red shirt is in the green grass,3555231025_73fa54fa29.jpg,4,0.6496,0.8109,0.1612,"['2592019072_a6c0090da4.jpg', '1248734482_3038218f3b.jpg', '3672940355_47f30e2b28.jpg']","[0.8109, 0.8019, 0.7258]"
3760,a person on an allterrain vehicle sending up clouds of dust,3556598205_86c180769d.jpg,8,0.5534,0.803,0.2496,"['109823397_e35154645f.jpg', '210625425_fb1ef5d23b.jpg', '186890601_8a6b0f1769.jpg']","[0.803, 0.6407, 0.6363]"
3761,a person drives an atv through mud,3556598205_86c180769d.jpg,-1,0.5248,0.7158,0.191,"['210625425_fb1ef5d23b.jpg', '109823397_e35154645f.jpg', '3335370208_460fc19bfa.jpg']","[0.7158, 0.6821, 0.6621]"
3762,a quad sends dirt flying into the air,3556598205_86c180769d.jpg,-1,0.5559,0.7484,0.1925,"['3301754574_465af5bf6d.jpg', '3692593096_fbaea67476.jpg', '3528105511_12ff45dc9c.jpg']","[0.7484, 0.7009, 0.6844]"
3763,a dirt biker aggitates dirt on a four wheeler,3556598205_86c180769d.jpg,5,0.7262,0.8547,0.1286,"['2891617125_f939f604c7.jpg', '3488512097_e500cb499f.jpg', '3472449219_eb927f05b8.jpg']","[0.8547, 0.8029, 0.7943]"
3764,a man is riding a four wheeler through some dirt,3556598205_86c180769d.jpg,2,0.7136,0.7426,0.0291,"['109823397_e35154645f.jpg', '3556598205_86c180769d.jpg', '95734035_84732a92c1.jpg']","[0.7426, 0.7136, 0.6955]"
3765,a big tan dog wearing a muzzle running in green grass,3559781965_d4ec00e506.jpg,-1,0.5139,0.7947,0.2808,"['2404692474_37da774368.jpg', '2584487952_f70e5aa9bf.jpg', '535529555_583d89b7f2.jpg']","[0.7947, 0.7351, 0.7108]"
3766,a brown dog wears a blue muzzle as it runs in the grass,3559781965_d4ec00e506.jpg,-1,0.5234,0.7462,0.2228,"['512101751_05a6d93e19.jpg', '2584487952_f70e5aa9bf.jpg', '1346529555_e916816cfe.jpg']","[0.7462, 0.6813, 0.6512]"
3767,a brown dog with a blue muzzle is running on green grass,3559781965_d4ec00e506.jpg,-1,0.5864,0.8268,0.2404,"['2584487952_f70e5aa9bf.jpg', '241046599_28b0ca7b9f.jpg', '763577068_4b96ed768b.jpg']","[0.8268, 0.799, 0.7112]"
3768,a brown greyhound is wearing a blue muzzle and blue collar,3559781965_d4ec00e506.jpg,5,0.6843,0.7685,0.0842,"['3036596725_541bbe0955.jpg', '2632366677_43dee456a5.jpg', '240583223_e26e17ee96.jpg']","[0.7685, 0.7343, 0.7079]"
3770,the dog is happily running on the beach,3562282690_cd2a95fe9e.jpg,7,0.7262,0.8718,0.1456,"['1799271536_6e69c8f1dc.jpg', '339350939_6643bfb270.jpg', '254527963_3f5824b0e8.jpg']","[0.8718, 0.8282, 0.8013]"
3771,a dog running at the beach with a man looking in the background,3562282690_cd2a95fe9e.jpg,-1,0.6777,0.8345,0.1569,"['3532194771_07faf20d76.jpg', '140430106_2978fda105.jpg', '1799271536_6e69c8f1dc.jpg']","[0.8345, 0.8303, 0.821]"
3772,a dog running toward the camera with a man in the background,3562282690_cd2a95fe9e.jpg,-1,0.2737,0.6834,0.4097,"['2632366677_43dee456a5.jpg', '240583223_e26e17ee96.jpg', '1324816249_86600a6759.jpg']","[0.6834, 0.6799, 0.6766]"
3774,a dog running on the beach while a man watches,3562282690_cd2a95fe9e.jpg,-1,0.5376,0.7819,0.2442,"['1799271536_6e69c8f1dc.jpg', '140430106_2978fda105.jpg', '3532194771_07faf20d76.jpg']","[0.7819, 0.7701, 0.7294]"
3775,a man does ti chi on a rock overlooking a forest,3564385317_1bf5094068.jpg,-1,0.3295,0.697,0.3675,"['2480832276_fa55480ecb.jpg', '2752331711_cb18abba5a.jpg', '1932161768_996eadac87.jpg']","[0.697, 0.6501, 0.641]"
3776,a man stands in a strange position on a rock high above some trees,3564385317_1bf5094068.jpg,9,0.6073,0.7023,0.0949,"['186890601_8a6b0f1769.jpg', '109823397_e35154645f.jpg', '2673148534_8daf0de833.jpg']","[0.7023, 0.6631, 0.6367]"
3777,a person dances along a high rock surface nearby the tops of treelined areas,3564385317_1bf5094068.jpg,2,0.7307,0.7871,0.0565,"['319869052_08b000e4af.jpg', '3564385317_1bf5094068.jpg', '136639119_6040b00946.jpg']","[0.7871, 0.7307, 0.659]"
3778,a person dances on a rock,3564385317_1bf5094068.jpg,6,0.5624,0.805,0.2426,"['319869052_08b000e4af.jpg', '136639119_6040b00946.jpg', '2623560640_0445c9a138.jpg']","[0.805, 0.7119, 0.6106]"
3779,this hiker does a dance of joy on top of the mountain,3564385317_1bf5094068.jpg,-1,0.4489,0.7385,0.2897,"['3391924827_53b31542ce.jpg', '106514190_bae200f463.jpg', '466956675_a2fb6bf901.jpg']","[0.7385, 0.7109, 0.6979]"
3780,two women dancing on a walkway with band in the background and pedestrians walking by,3565598162_56044bc2f7.jpg,6,0.6344,0.7041,0.0697,"['3009018821_ba47396e24.jpg', '3621717946_d96f8a6012.jpg', '239453674_0df7767208.jpg']","[0.7041, 0.6685, 0.6562]"
3781,two women are dancing while men play music behind them,3565598162_56044bc2f7.jpg,-1,0.4687,0.8009,0.3323,"['3674168459_6245f4f658.jpg', '1991806812_065f747689.jpg', '3403263046_3cc701a07a.jpg']","[0.8009, 0.6641, 0.626]"
3782,two women in fluffy skirts dancing to music played by men asking for money while others pass them by,3565598162_56044bc2f7.jpg,7,0.5907,0.6938,0.1032,"['3420260768_26a600b844.jpg', '416788726_5b4eb1466e.jpg', '1991806812_065f747689.jpg']","[0.6938, 0.657, 0.6537]"
3783,the girls dance to the street musicians,3565598162_56044bc2f7.jpg,3,0.7465,0.7703,0.0238,"['961611340_251081fcb8.jpg', '3111897772_5211a37a02.jpg', '3565598162_56044bc2f7.jpg']","[0.7703, 0.7621, 0.7465]"
3784,two girls in puffy skirts are dancing in front of some musicians in the street,3565598162_56044bc2f7.jpg,9,0.6003,0.7835,0.1832,"['961611340_251081fcb8.jpg', '3111897772_5211a37a02.jpg', '2951092164_4940b9a517.jpg']","[0.7835, 0.7485, 0.7134]"
3786,a man is standing in the ocean and holding on tho the rock,3565655045_8eb00b7423.jpg,6,0.5869,0.759,0.1721,"['319869052_08b000e4af.jpg', '2162564553_96de62c7e6.jpg', '950273886_88c324e663.jpg']","[0.759, 0.7345, 0.7161]"
3787,a man wearing a wetsuit is climbing a rock along a beach,3565655045_8eb00b7423.jpg,-1,0.4676,0.6726,0.205,"['319869052_08b000e4af.jpg', '3582066525_e9d6377f56.jpg', '374103842_17873ce505.jpg']","[0.6726, 0.6521, 0.6197]"
3788,a scuba diver emerges from the water and pulls himself onto the rocks,3565655045_8eb00b7423.jpg,-1,0.249,0.6981,0.4491,"['3259110412_9908c45144.jpg', '2339946012_06bd480ab8.jpg', '3058627443_1d57ff0a2c.jpg']","[0.6981, 0.6671, 0.6463]"
3790,a dog running through the water,3571675421_7e07ac07c5.jpg,5,0.755,0.838,0.083,"['3401902253_cd27e6d0fe.jpg', '2051194177_fbeee211e3.jpg', '2417745327_a2c2705043.jpg']","[0.838, 0.8186, 0.7918]"
3791,a brown dog wearing a collar is running through some water,3571675421_7e07ac07c5.jpg,5,0.7926,0.8462,0.0536,"['2270483627_16fe41b063.jpg', '2613209320_edf6a2b7e9.jpg', '2574230252_f5a1382dd4.jpg']","[0.8462, 0.841, 0.8087]"
3792,a brown dog is running in the water by the beach,3571675421_7e07ac07c5.jpg,2,0.8785,0.9107,0.0322,"['2417745327_a2c2705043.jpg', '3571675421_7e07ac07c5.jpg', '2051194177_fbeee211e3.jpg']","[0.9107, 0.8785, 0.8243]"
3794,a brown dog runs down a beach,3571675421_7e07ac07c5.jpg,5,0.7008,0.9118,0.211,"['140430106_2978fda105.jpg', '3235746553_a40416c00e.jpg', '2952141476_fc9a48a60a.jpg']","[0.9118, 0.8486, 0.7556]"
3795,a girl in a sweater is blocking the suns rays,3572346664_e1e6c77f11.jpg,8,0.538,0.612,0.074,"['3131160589_dc73c209b7.jpg', '3437315443_ba2263f92e.jpg', '961611340_251081fcb8.jpg']","[0.612, 0.5769, 0.5626]"
3796,a person outlined by the sun,3572346664_e1e6c77f11.jpg,3,0.7215,0.7623,0.0408,"['3701509233_a2275a4e57.jpg', '3012513414_86180c44cb.jpg', '3572346664_e1e6c77f11.jpg']","[0.7623, 0.7274, 0.7215]"
3797,the sun is under someone s nose,3572346664_e1e6c77f11.jpg,-1,0.3861,0.7856,0.3995,"['3229898555_16877f5180.jpg', '244399048_8332bb3270.jpg', '2882483779_73c171ac19.jpg']","[0.7856, 0.7241, 0.6902]"
3798,the woman s face falls into silhouette as she stands in front of the sun,3572346664_e1e6c77f11.jpg,-1,0.4645,0.6522,0.1877,"['3705688385_47651205d3.jpg', '530661899_94655d7d0e.jpg', '58368365_03ed3e5bdf.jpg']","[0.6522, 0.6235, 0.6218]"
3799,the woman stands outdoors in front of the sun,3572346664_e1e6c77f11.jpg,5,0.6249,0.7459,0.121,"['2504277798_936a09c74d.jpg', '3705688385_47651205d3.jpg', '3213395965_2a823c6865.jpg']","[0.7459, 0.7078, 0.6483]"
3800,a skateboarder in doing a trick in a skate park,3576741633_671340544c.jpg,5,0.6197,0.7518,0.132,"['3527926597_45af299eee.jpg', '3038941104_17ee91fc03.jpg', '2902844125_4186bf3ab6.jpg']","[0.7518, 0.665, 0.6386]"
3801,a young man does tricks on his skateboard,3576741633_671340544c.jpg,8,0.639,0.7336,0.0946,"['2868575889_2c030aa8ae.jpg', '2902844125_4186bf3ab6.jpg', '3244734844_c318c29c23.jpg']","[0.7336, 0.7272, 0.722]"
3802,a buy skateboarding at a skate park,3576741633_671340544c.jpg,3,0.677,0.7514,0.0744,"['3038941104_17ee91fc03.jpg', '2341254813_c53a5ef27a.jpg', '3576741633_671340544c.jpg']","[0.7514, 0.7054, 0.677]"
3803,a boy is in midair doing a skateboard trick at a skate park while two women and a toddler walk behind him,3576741633_671340544c.jpg,10,0.5497,0.7236,0.174,"['2335428699_4eba9b6245.jpg', '210126070_0d43b300b9.jpg', '3348811097_0e09baa26f.jpg']","[0.7236, 0.6144, 0.6057]"
3804,a boy wearing blue jeans is skateboarding,3576741633_671340544c.jpg,8,0.6504,0.8004,0.15,"['3244734844_c318c29c23.jpg', '540604040_bec822c144.jpg', '2922512807_d382528a93.jpg']","[0.8004, 0.7021, 0.6921]"
3808,two cars race down a track,3578068665_87bdacef6a.jpg,5,0.6098,0.7284,0.1186,"['3036596725_541bbe0955.jpg', '2911928620_06c3fa293e.jpg', '3335370208_460fc19bfa.jpg']","[0.7284, 0.6576, 0.6221]"
3809,two race cars on a road in front of a grassy parking area,3578068665_87bdacef6a.jpg,4,0.7243,0.7866,0.0623,"['2943023421_e297f05e11.jpg', '492341908_1ef53be265.jpg', '2660480624_45f88b3022.jpg']","[0.7866, 0.7776, 0.7392]"
3810,a person jumps off of a cliff into the water below as others watch,3582066525_e9d6377f56.jpg,2,0.7806,0.8092,0.0286,"['3690425778_3b390b3ea5.jpg', '3582066525_e9d6377f56.jpg', '2797438951_88a3ed7541.jpg']","[0.8092, 0.7806, 0.7731]"
3812,a man jumping off a cliff into water,3582066525_e9d6377f56.jpg,3,0.764,0.8179,0.0539,"['2753531542_ace2c870b7.jpg', '3690425778_3b390b3ea5.jpg', '3582066525_e9d6377f56.jpg']","[0.8179, 0.7937, 0.764]"
3813,a boy is cliff jumping into the ocean,3582066525_e9d6377f56.jpg,4,0.6217,0.7483,0.1266,"['459778335_857d8ffebf.jpg', '3640020134_367941f5ec.jpg', '2973638173_0dc21fd443.jpg']","[0.7483, 0.6595, 0.6334]"
3815,a girl sitting on a trampoline tosses an empty water bottle in the air,3582465732_78f77f34ae.jpg,3,0.7242,0.7552,0.031,"['1309330801_aeeb23f1ee.jpg', '1801063894_60bce29e19.jpg', '3582465732_78f77f34ae.jpg']","[0.7552, 0.7363, 0.7242]"
3816,a girl sitting on a trampoline tossing a water bottle in the air,3582465732_78f77f34ae.jpg,2,0.7452,0.7511,0.0059,"['1801063894_60bce29e19.jpg', '3582465732_78f77f34ae.jpg', '1309330801_aeeb23f1ee.jpg']","[0.7511, 0.7452, 0.7405]"
3817,a lady is sitting on a small trampoline and is tossing a water bottle,3582465732_78f77f34ae.jpg,2,0.7352,0.7601,0.0249,"['493542985_c85ad29ebe.jpg', '3582465732_78f77f34ae.jpg', '3030566410_393c36a6c5.jpg']","[0.7601, 0.7352, 0.699]"
3819,a young lady is wearing bright pink sunglasses and sitting on a small trampoline,3582465732_78f77f34ae.jpg,-1,0.299,0.6839,0.3849,"['654130822_4aeb1f1273.jpg', '2358554995_54ed3baa83.jpg', '1343426964_cde3fb54e8.jpg']","[0.6839, 0.6714, 0.6398]"
3820,kids are playing on a swing set as a man with no shirt on walks by,3584406900_039f30b34c.jpg,9,0.607,0.789,0.182,"['3608849440_e7d2bed29f.jpg', '2970183443_accd597e0a.jpg', '3649224118_abe73c672c.jpg']","[0.789, 0.6561, 0.6452]"
3822,two boys swing standing up on a yellow swing set,3584406900_039f30b34c.jpg,2,0.766,0.8289,0.0629,"['2855417531_521bf47b50.jpg', '3584406900_039f30b34c.jpg', '3513265399_a32e8cfd18.jpg']","[0.8289, 0.766, 0.6644]"
3823,a group of children are playing on swings,3584406900_039f30b34c.jpg,7,0.6153,0.7535,0.1382,"['3454988449_1de1ef4f20.jpg', '3656104088_a0d1642fa9.jpg', '3396036947_0af6c3aab7.jpg']","[0.7535, 0.7075, 0.6631]"
3827,two large white dogs and one large tan dog in a red collar run along a beach,3585488964_1467945775.jpg,3,0.7304,0.7349,0.0045,"['2714220101_c31db50b10.jpg', '453756106_711c20471a.jpg', '3585488964_1467945775.jpg']","[0.7349, 0.7342, 0.7304]"
3828,two tan and white dogs and one tan dog racing down the beach near the water,3585488964_1467945775.jpg,2,0.7335,0.8165,0.083,"['453756106_711c20471a.jpg', '3585488964_1467945775.jpg', '3070031806_3d587c2a66.jpg']","[0.8165, 0.7335, 0.702]"
3829,two white dogs and one light brown dog running along the beach,3585488964_1467945775.jpg,2,0.7502,0.78,0.0298,"['453756106_711c20471a.jpg', '3585488964_1467945775.jpg', '2714220101_c31db50b10.jpg']","[0.78, 0.7502, 0.7216]"
3830,a man in a black hat reaches into a box,358607894_5abb1250d3.jpg,9,0.5206,0.6168,0.0961,"['1417295167_5299df6db8.jpg', '2437266971_b91a8f9a00.jpg', '1418019748_51c7d59c11.jpg']","[0.6168, 0.6123, 0.5952]"
3831,a man in a black hat touches a cardboard box,358607894_5abb1250d3.jpg,6,0.5788,0.7379,0.1591,"['2437266971_b91a8f9a00.jpg', '1298866571_b4c496b71c.jpg', '1417295167_5299df6db8.jpg']","[0.7379, 0.7219, 0.6845]"
3832,a man in a black hat with a cardboard box,358607894_5abb1250d3.jpg,2,0.6794,0.692,0.0126,"['2924884899_f512c84332.jpg', '358607894_5abb1250d3.jpg', '1396703063_e8c3687afe.jpg']","[0.692, 0.6794, 0.6237]"
3834,the man is opening a box,358607894_5abb1250d3.jpg,-1,0.3423,0.7724,0.4301,"['1418019748_51c7d59c11.jpg', '2410153942_ba4a136358.jpg', '2472574160_8ce233f396.jpg']","[0.7724, 0.6827, 0.6539]"
3835,a dog is swimming through deep water near several ducks,3587009091_37188fd07e.jpg,5,0.7477,0.8485,0.1009,"['2339946012_06bd480ab8.jpg', '3712742641_641282803e.jpg', '2369248869_0266760c4a.jpg']","[0.8485, 0.8461, 0.8446]"
3836,a dog swimming in some water where there are some ducks swimming also,3587009091_37188fd07e.jpg,-1,0.7057,0.8772,0.1715,"['2339946012_06bd480ab8.jpg', '2369248869_0266760c4a.jpg', '3712742641_641282803e.jpg']","[0.8772, 0.8505, 0.8312]"
3837,a dog swims in deep water near three ducks,3587009091_37188fd07e.jpg,4,0.773,0.8789,0.1059,"['3712742641_641282803e.jpg', '2369248869_0266760c4a.jpg', '2339946012_06bd480ab8.jpg']","[0.8789, 0.8442, 0.8339]"
3838,a dog swims near ducks,3587009091_37188fd07e.jpg,5,0.6659,0.8906,0.2247,"['3712742641_641282803e.jpg', '2369248869_0266760c4a.jpg', '2100046085_69b59b6645.jpg']","[0.8906, 0.7506, 0.7328]"
3840,the large goose is flapping his wings near the water,358875403_f357f03713.jpg,2,0.7004,0.703,0.0025,"['3587009091_37188fd07e.jpg', '358875403_f357f03713.jpg', '3282634762_2650d0088a.jpg']","[0.703, 0.7004, 0.5913]"
3841,a goose flaps its wings,358875403_f357f03713.jpg,2,0.6568,0.7201,0.0634,"['3587009091_37188fd07e.jpg', '358875403_f357f03713.jpg', '2088460083_42ee8a595a.jpg']","[0.7201, 0.6568, 0.6009]"
3842,a giant goose is waving its wings as it comes out of the water,358875403_f357f03713.jpg,4,0.6808,0.805,0.1242,"['3587009091_37188fd07e.jpg', '3282634762_2650d0088a.jpg', '3315110972_1090d11728.jpg']","[0.805, 0.7555, 0.6845]"
3843,a duck flaps its wings near the water,358875403_f357f03713.jpg,2,0.8276,0.8476,0.02,"['3587009091_37188fd07e.jpg', '358875403_f357f03713.jpg', '3282634762_2650d0088a.jpg']","[0.8476, 0.8276, 0.772]"
3844,a duck flaps its wings out while in the water,358875403_f357f03713.jpg,3,0.7533,0.83,0.0767,"['3587009091_37188fd07e.jpg', '3282634762_2650d0088a.jpg', '358875403_f357f03713.jpg']","[0.83, 0.7948, 0.7533]"
3845,a man dressed as an indian speaking into a microphone,3589367895_5d3729e3ea.jpg,2,0.7422,0.7479,0.0056,"['516214924_c2a4364cb3.jpg', '3589367895_5d3729e3ea.jpg', '2978236380_fb24c43f1e.jpg']","[0.7479, 0.7422, 0.7285]"
3846,a native american stands at a microphone ready to play his instrument,3589367895_5d3729e3ea.jpg,4,0.6196,0.6322,0.0126,"['2924884899_f512c84332.jpg', '241347271_a39a5a0070.jpg', '458735196_176e7df6b3.jpg']","[0.6322, 0.6299, 0.6205]"
3847,an indian chief in full dress,3589367895_5d3729e3ea.jpg,-1,0.5704,0.6787,0.1083,"['536537638_f5ee42410b.jpg', '440184957_267f3f3a2b.jpg', '2003663004_5b70920a98.jpg']","[0.6787, 0.6783, 0.6507]"
3848,indian wearing headgear speaks,3589367895_5d3729e3ea.jpg,9,0.5894,0.7097,0.1203,"['440184957_267f3f3a2b.jpg', '2525270674_4ab536e7ec.jpg', '337647771_3b819feaba.jpg']","[0.7097, 0.707, 0.6937]"
3850,a tan dog climbing over a bare tree trunk with a man standing in the background,359082432_c1fd5aa2d6.jpg,2,0.8028,0.8355,0.0327,"['1659358133_95cd1027bd.jpg', '359082432_c1fd5aa2d6.jpg', '2480832276_fa55480ecb.jpg']","[0.8355, 0.8028, 0.759]"
3852,a man and a dog are standing on a tree that has fallen over to the ground,359082432_c1fd5aa2d6.jpg,6,0.6437,0.7486,0.1049,"['2340919359_f56787d307.jpg', '3415646718_f9f4e23a66.jpg', '2960033435_c20cc7399a.jpg']","[0.7486, 0.7471, 0.745]"
3855,a man falling off of his surfboard,3593220756_5c416c3ceb.jpg,8,0.6439,0.7809,0.137,"['3707990914_843e8f15f1.jpg', '3018304737_0a46fc5f1d.jpg', '3183519385_311555d5f5.jpg']","[0.7809, 0.7406, 0.7191]"
3856,a man in a black wetsuit rides a surfboard on a wave,3593220756_5c416c3ceb.jpg,3,0.7259,0.914,0.1881,"['3168123064_d1983b8f92.jpg', '3018304737_0a46fc5f1d.jpg', '3593220756_5c416c3ceb.jpg']","[0.914, 0.8438, 0.7259]"
3857,a surfer in a wetsuit balances on his board amidst ocean spray,3593220756_5c416c3ceb.jpg,5,0.7686,0.8171,0.0485,"['3018304737_0a46fc5f1d.jpg', '3168123064_d1983b8f92.jpg', '3183519385_311555d5f5.jpg']","[0.8171, 0.7951, 0.7848]"
3858,surfer leaning back on surfboard,3593220756_5c416c3ceb.jpg,9,0.6035,0.869,0.2655,"['3018304737_0a46fc5f1d.jpg', '3707990914_843e8f15f1.jpg', '3168123064_d1983b8f92.jpg']","[0.869, 0.7879, 0.7687]"
3859,this man is wearing a wetsuit and riding a surfboard,3593220756_5c416c3ceb.jpg,7,0.6931,0.8101,0.117,"['3168123064_d1983b8f92.jpg', '3018304737_0a46fc5f1d.jpg', '3707990914_843e8f15f1.jpg']","[0.8101, 0.8056, 0.7832]"
3860,yellow dog stands on hind legs with ball in mouth building in background,3595643050_d312e4b652.jpg,10,0.498,0.634,0.136,"['3544673666_ffc7483c96.jpg', '539750844_02a07ec524.jpg', '2616561200_ea079f285a.jpg']","[0.634, 0.5987, 0.5905]"
3861,a yellow dog stands on his hind legs,3595643050_d312e4b652.jpg,3,0.5748,0.604,0.0292,"['2198964806_c57b0534d3.jpg', '2632366677_43dee456a5.jpg', '3595643050_d312e4b652.jpg']","[0.604, 0.5858, 0.5748]"
3862,a white dog is standing on its hind legs with a ball in its mouth,3595643050_d312e4b652.jpg,-1,0.3841,0.7026,0.3185,"['2857609295_16aaa85293.jpg', '2880051254_e0ca96b6be.jpg', '3696246123_99d4d10140.jpg']","[0.7026, 0.6756, 0.6577]"
3863,a dog catching a ball,3595643050_d312e4b652.jpg,-1,0.3631,0.6787,0.3156,"['3696246123_99d4d10140.jpg', '539750844_02a07ec524.jpg', '3544673666_ffc7483c96.jpg']","[0.6787, 0.6701, 0.618]"
3864,a dog jumping up in the air next to a white house,3595643050_d312e4b652.jpg,10,0.5426,0.8754,0.3328,"['3544673666_ffc7483c96.jpg', '3155390408_8e1a81efb2.jpg', '2641288004_30ce961211.jpg']","[0.8754, 0.7365, 0.6719]"
3865,a group of people appear to be tilling the ground in from of a couple of thatch roof huts,3596959859_a7cb1e194b.jpg,-1,0.2529,0.7624,0.5095,"['3197891333_b1b0fd1702.jpg', '3694093650_547259731e.jpg', '3480052428_c034b98a08.jpg']","[0.7624, 0.7199, 0.6886]"
3866,a team of workers breaks up stone on the ground,3596959859_a7cb1e194b.jpg,-1,0.1815,0.7865,0.605,"['3195188609_01afbe46e6.jpg', '3535056297_e16f014cb7.jpg', '2621771656_09a620da6d.jpg']","[0.7865, 0.7062, 0.693]"
3867,several men with gardening tools are working the soil,3596959859_a7cb1e194b.jpg,-1,0.5244,0.7353,0.2109,"['2928835996_88b9f9503d.jpg', '3631474374_e40764d153.jpg', '3640109324_3ce89e4d1a.jpg']","[0.7353, 0.6527, 0.6204]"
3868,the men are using hoes to break the soil,3596959859_a7cb1e194b.jpg,-1,0.2853,0.8026,0.5173,"['2891240104_6755281868.jpg', '3640109324_3ce89e4d1a.jpg', '436009777_440c7679a1.jpg']","[0.8026, 0.7954, 0.6375]"
3869,workers in front of thatched homes breaking up dirt with hoes,3596959859_a7cb1e194b.jpg,-1,0.4453,0.7354,0.2901,"['109823397_e35154645f.jpg', '2410153942_ba4a136358.jpg', '3692593096_fbaea67476.jpg']","[0.7354, 0.6699, 0.6161]"
3870,a dog on rocky terrain,359837950_9e22ffe6c2.jpg,-1,0.5786,0.7644,0.1857,"['359082432_c1fd5aa2d6.jpg', '1247181182_35cabd76f3.jpg', '1324816249_86600a6759.jpg']","[0.7644, 0.715, 0.685]"
3871,a black dog walks through a rocky grassy landscape under a blue cloudy sky,359837950_9e22ffe6c2.jpg,2,0.7348,0.7463,0.0116,"['333973142_abcd151002.jpg', '359837950_9e22ffe6c2.jpg', '95783195_e1ba3f57ca.jpg']","[0.7463, 0.7348, 0.7109]"
3873,a black dog is running gover rocky ground under a cloudy blue sky,359837950_9e22ffe6c2.jpg,2,0.679,0.7505,0.0715,"['2378127945_8dc9da82d7.jpg', '359837950_9e22ffe6c2.jpg', '689776124_07f560a920.jpg']","[0.7505, 0.679, 0.6742]"
3875,a man is playing fetch with a dog,3608400551_d6f7965308.jpg,5,0.6718,0.8134,0.1416,"['2960033435_c20cc7399a.jpg', '2561334141_0aacefa5e7.jpg', '2340919359_f56787d307.jpg']","[0.8134, 0.7523, 0.7474]"
3878,a white dog jumps in the air after a stick,3608400551_d6f7965308.jpg,4,0.6546,0.8168,0.1622,"['3488087117_2719647989.jpg', '1932161768_996eadac87.jpg', '2867699650_e6ddb540de.jpg']","[0.8168, 0.7321, 0.6647]"
3879,the white dog jumps for an object thrown by his master,3608400551_d6f7965308.jpg,-1,0.5397,0.7035,0.1638,"['557601144_50b8c40393.jpg', '3488087117_2719647989.jpg', '3686924335_3c51e8834a.jpg']","[0.7035, 0.6845, 0.6641]"
3880,three children are playing with balls near to an american flag,3608849440_e7d2bed29f.jpg,-1,0.2769,0.7871,0.5102,"['820169182_f5e78d7d19.jpg', '2698614194_b4e6e11dff.jpg', '3694219419_a7a83d4886.jpg']","[0.7871, 0.6056, 0.5796]"
3881,three kids playing with balls on a lawn,3608849440_e7d2bed29f.jpg,-1,0.4239,0.7135,0.2895,"['1269470943_ba7fc49b4d.jpg', '820169182_f5e78d7d19.jpg', '2856080862_95d793fa9d.jpg']","[0.7135, 0.7086, 0.6527]"
3882,kids playing on a lawn with a flag and parking lot nearby,3608849440_e7d2bed29f.jpg,3,0.7374,0.804,0.0666,"['762947607_2001ee4c72.jpg', '2856080862_95d793fa9d.jpg', '3608849440_e7d2bed29f.jpg']","[0.804, 0.7437, 0.7374]"
3883,a group of children play in the grass at a park,3608849440_e7d2bed29f.jpg,-1,0.4693,0.7409,0.2716,"['154871781_ae77696b77.jpg', '2856080862_95d793fa9d.jpg', '3229913073_e7857a5966.jpg']","[0.7409, 0.7151, 0.7151]"
3884,kids are playing a game of ball outdoors,3608849440_e7d2bed29f.jpg,-1,0.5248,0.8374,0.3127,"['3539840291_1c3eed701d.jpg', '1269470943_ba7fc49b4d.jpg', '2194495372_bdac7d9e71.jpg']","[0.8374, 0.7126, 0.7052]"
3886,people on a boat carrying equipment,361183669_52be9662b9.jpg,3,0.7187,0.733,0.0143,"['1998457059_c9ac9a1e1a.jpg', '2526585002_10987a63f3.jpg', '361183669_52be9662b9.jpg']","[0.733, 0.7226, 0.7187]"
3887,three men prepare to set sail on a sailboat,361183669_52be9662b9.jpg,3,0.6269,0.6567,0.0298,"['181777261_84c48b31cb.jpg', '2876494009_9f96d7eaf2.jpg', '361183669_52be9662b9.jpg']","[0.6567, 0.6547, 0.6269]"
3889,three people riding on a blue and white boat,361183669_52be9662b9.jpg,8,0.6235,0.7521,0.1286,"['2526585002_10987a63f3.jpg', '3690159129_93ba49ea18.jpg', '3315033940_e91f87b7f2.jpg']","[0.7521, 0.7148, 0.6792]"
3890,a young boy wearing a spiderpatterned shirt on the sand,3612249030_e2829ffa31.jpg,2,0.6421,0.6527,0.0106,"['424869823_7aec015d87.jpg', '3612249030_e2829ffa31.jpg', '1526325728_74eb4153d8.jpg']","[0.6527, 0.6421, 0.6227]"
3891,a kid in black carrying a cushion,3612249030_e2829ffa31.jpg,-1,0.5063,0.7185,0.2123,"['1860543210_47e94cf652.jpg', '3494394662_3edfd4a34c.jpg', '3701226275_952547ba0f.jpg']","[0.7185, 0.6737, 0.6603]"
3892,a boy standing on a beach,3612249030_e2829ffa31.jpg,4,0.699,0.8168,0.1178,"['3532194771_07faf20d76.jpg', '3178489390_13a6ae7524.jpg', '3649224118_abe73c672c.jpg']","[0.8168, 0.7829, 0.7014]"
3893,a boy carries a boogieboard on the beach,3612249030_e2829ffa31.jpg,2,0.7146,0.782,0.0674,"['3178489390_13a6ae7524.jpg', '3612249030_e2829ffa31.jpg', '2271468944_3264d29208.jpg']","[0.782, 0.7146, 0.6849]"
3894,a boy is carrying a black body board across the sand,3612249030_e2829ffa31.jpg,8,0.6107,0.671,0.0603,"['2090997177_76d482b158.jpg', '3532194771_07faf20d76.jpg', '254527963_3f5824b0e8.jpg']","[0.671, 0.6576, 0.6537]"
3895,an opposing wrestler is jumping off the top ropes onto another wrestler,3613005134_bb7f304da1.jpg,3,0.6571,0.7639,0.1068,"['1991806812_065f747689.jpg', '3442978981_53bf1f45f3.jpg', '3613005134_bb7f304da1.jpg']","[0.7639, 0.7274, 0.6571]"
3896,a wrestler is jumping off of the ring to hit his competitor,3613005134_bb7f304da1.jpg,4,0.6825,0.7909,0.1084,"['1991806812_065f747689.jpg', '3348208268_6d97d951eb.jpg', '3442978981_53bf1f45f3.jpg']","[0.7909, 0.7285, 0.7016]"
3897,a wrestler is ready to jump on another wrestler outside the ring,3613005134_bb7f304da1.jpg,6,0.6207,0.7101,0.0894,"['1991806812_065f747689.jpg', '3442978981_53bf1f45f3.jpg', '3352697012_751b079bbb.jpg']","[0.7101, 0.6573, 0.656]"
3898,one professional wrestler leaps onto another outside the ring,3613005134_bb7f304da1.jpg,5,0.681,0.7881,0.1072,"['1991806812_065f747689.jpg', '3442978981_53bf1f45f3.jpg', '3649307685_60c1294d2a.jpg']","[0.7881, 0.768, 0.7058]"
3899,two men are wrestling,3613005134_bb7f304da1.jpg,2,0.6761,0.685,0.0089,"['3399944164_ec24123945.jpg', '3613005134_bb7f304da1.jpg', '1562392511_522a26063b.jpg']","[0.685, 0.6761, 0.6447]"
3901,three young men with lacrosse sticks are chasing the ball,3613027188_1645ca1976.jpg,3,0.6115,0.8947,0.2832,"['3539840291_1c3eed701d.jpg', '269986132_91b71e8aaa.jpg', '3613027188_1645ca1976.jpg']","[0.8947, 0.6578, 0.6115]"
3902,three young men play hockey on green astro turf,3613027188_1645ca1976.jpg,9,0.5346,0.8485,0.314,"['3437781040_82b06facb3.jpg', '3231751379_10ebf7150c.jpg', '3318995586_c2bc50b92e.jpg']","[0.8485, 0.7471, 0.6793]"
3903,a group of young men playing a field sport,3613027188_1645ca1976.jpg,-1,0.4657,0.8126,0.3469,"['3539840291_1c3eed701d.jpg', '2194495372_bdac7d9e71.jpg', '3712923460_1b20ebb131.jpg']","[0.8126, 0.7255, 0.6965]"
3904,a group of players chase a ball on a field,3613027188_1645ca1976.jpg,6,0.6983,0.8316,0.1333,"['2194495372_bdac7d9e71.jpg', '3380072636_4cd59385fd.jpg', '2698614194_b4e6e11dff.jpg']","[0.8316, 0.8231, 0.821]"
3905,a baby reaches for water dropping,3613030730_0b28b079ba.jpg,-1,0.5152,0.7681,0.2529,"['2212472643_80238475b5.jpg', '2647049174_0fb47cee2e.jpg', '543264612_c53cc163b4.jpg']","[0.7681, 0.7434, 0.6805]"
3906,a small boy in the bath covered in soap suds,3613030730_0b28b079ba.jpg,3,0.6554,0.7392,0.0838,"['1308472581_9961782889.jpg', '2842849030_89548af61c.jpg', '3613030730_0b28b079ba.jpg']","[0.7392, 0.7023, 0.6554]"
3907,a young toddler plays in the bathtub with bubbles and suds,3613030730_0b28b079ba.jpg,3,0.6565,0.7549,0.0984,"['3338291921_fe7ae0c8f8.jpg', '3517362674_0f5296de19.jpg', '3613030730_0b28b079ba.jpg']","[0.7549, 0.7435, 0.6565]"
3908,the smiling child has bubbles near their ear,3613030730_0b28b079ba.jpg,-1,0.4848,0.8123,0.3275,"['3517362674_0f5296de19.jpg', '1308472581_9961782889.jpg', '389643437_9a9830a3ba.jpg']","[0.8123, 0.6187, 0.5892]"
3910,a black and white dog jumping over a hurdle,3618932839_acd7d2c2ea.jpg,7,0.6376,0.8499,0.2123,"['251056963_c8b67f0107.jpg', '3352697012_751b079bbb.jpg', '2677614492_792023b928.jpg']","[0.8499, 0.7265, 0.7141]"
3911,a dog jumps over a hurdle while a person runs beside it,3618932839_acd7d2c2ea.jpg,7,0.6747,0.8704,0.1957,"['3474999131_788cbf253f.jpg', '251056963_c8b67f0107.jpg', '2542662402_d781dd7f7c.jpg']","[0.8704, 0.8197, 0.784]"
3912,a dog leaps over a hurdle followed by its trainer,3618932839_acd7d2c2ea.jpg,3,0.7817,0.8569,0.0752,"['3474999131_788cbf253f.jpg', '251056963_c8b67f0107.jpg', '3618932839_acd7d2c2ea.jpg']","[0.8569, 0.7964, 0.7817]"
3914,the dog attempts to leap over the post,3618932839_acd7d2c2ea.jpg,-1,0.5434,0.742,0.1986,"['251056963_c8b67f0107.jpg', '2102581664_5ea50f85c6.jpg', '1659358133_95cd1027bd.jpg']","[0.742, 0.739, 0.7176]"
3915,three musicians are posing for a photograph in a soundproof studio booth,3619232550_0b1e1fd4e4.jpg,-1,0.4874,0.6756,0.1882,"['2380464803_a64f05bfa9.jpg', '3084018061_df66d98325.jpg', '3262386960_14f5d857db.jpg']","[0.6756, 0.6492, 0.6455]"
3916,three men posing with instruments,3619232550_0b1e1fd4e4.jpg,3,0.6013,0.8639,0.2626,"['3105929913_94a6882e25.jpg', '3640109324_3ce89e4d1a.jpg', '3619232550_0b1e1fd4e4.jpg']","[0.8639, 0.7064, 0.6013]"
3917,three musicians in a recording studio,3619232550_0b1e1fd4e4.jpg,3,0.6528,0.7343,0.0815,"['3084018061_df66d98325.jpg', '3497234632_6ec740fc1e.jpg', '3619232550_0b1e1fd4e4.jpg']","[0.7343, 0.679, 0.6528]"
3918,a band in the studio,3619232550_0b1e1fd4e4.jpg,5,0.6355,0.7777,0.1422,"['3332202255_a30c522664.jpg', '3305767464_d64a336f60.jpg', '2978236380_fb24c43f1e.jpg']","[0.7777, 0.7707, 0.6825]"
3919,a group of musicians are recording music,3619232550_0b1e1fd4e4.jpg,-1,0.4139,0.7849,0.371,"['416788726_5b4eb1466e.jpg', '3332202255_a30c522664.jpg', '3262386960_14f5d857db.jpg']","[0.7849, 0.7073, 0.6855]"
3920,a brown and white dog jumping over a red yellow and white pole,3619630328_2d0865b6f4.jpg,8,0.6628,0.8447,0.1818,"['2542662402_d781dd7f7c.jpg', '2677614492_792023b928.jpg', '2102581664_5ea50f85c6.jpg']","[0.8447, 0.8247, 0.7973]"
3921,a dog is jumping over a gate,3619630328_2d0865b6f4.jpg,7,0.6735,0.8317,0.1582,"['2102581664_5ea50f85c6.jpg', '3474999131_788cbf253f.jpg', '2677614492_792023b928.jpg']","[0.8317, 0.7764, 0.7409]"
3922,a dog jumping over a hurdle,3619630328_2d0865b6f4.jpg,10,0.6139,0.9051,0.2912,"['3474999131_788cbf253f.jpg', '2102581664_5ea50f85c6.jpg', '251056963_c8b67f0107.jpg']","[0.9051, 0.7971, 0.7622]"
3923,a dog jumps over a hurdle,3619630328_2d0865b6f4.jpg,10,0.6191,0.8914,0.2723,"['3474999131_788cbf253f.jpg', '251056963_c8b67f0107.jpg', '2102581664_5ea50f85c6.jpg']","[0.8914, 0.7997, 0.7928]"
3924,large brown dog jumps over red hurdle,3619630328_2d0865b6f4.jpg,5,0.6453,0.8495,0.2042,"['2831672255_d779807c14.jpg', '3474999131_788cbf253f.jpg', '2102581664_5ea50f85c6.jpg']","[0.8495, 0.8483, 0.8156]"
3925,a man stands on snow and looks out at mountains and forests,3621647714_fc67ab2617.jpg,4,0.771,0.8732,0.1022,"['58368365_03ed3e5bdf.jpg', '530888330_a18343e38d.jpg', '223299142_521aedf9e7.jpg']","[0.8732, 0.8081, 0.7798]"
3926,a man stands on a snowy hill next to a mountain,3621647714_fc67ab2617.jpg,5,0.8191,0.8318,0.0127,"['3166578139_33500f7e8a.jpg', '530888330_a18343e38d.jpg', '56494233_1824005879.jpg']","[0.8318, 0.8299, 0.8215]"
3927,a man standing near a mountain range,3621647714_fc67ab2617.jpg,-1,0.5509,0.8422,0.2913,"['2098174172_e57d86ea03.jpg', '58368365_03ed3e5bdf.jpg', '455611732_d65bf3e976.jpg']","[0.8422, 0.7113, 0.686]"
3928,a man is standing on snow with trees and mountains all around him,3621647714_fc67ab2617.jpg,3,0.7553,0.8084,0.0531,"['58368365_03ed3e5bdf.jpg', '56494233_1824005879.jpg', '3621647714_fc67ab2617.jpg']","[0.8084, 0.7868, 0.7553]"
3929,a man standing in snow with a mountain in the background,3621647714_fc67ab2617.jpg,5,0.7343,0.833,0.0987,"['58368365_03ed3e5bdf.jpg', '56494233_1824005879.jpg', '2098174172_e57d86ea03.jpg']","[0.833, 0.8098, 0.7577]"
3930,a person hits a yellow volleyball over the net to her opponent in a pool,3621717946_d96f8a6012.jpg,-1,0.4908,0.7988,0.308,"['2561334141_0aacefa5e7.jpg', '1991806812_065f747689.jpg', '416788726_5b4eb1466e.jpg']","[0.7988, 0.7406, 0.6469]"
3931,people are playing water volleyball,3621717946_d96f8a6012.jpg,-1,0.5767,0.6836,0.1069,"['3380072636_4cd59385fd.jpg', '2193980605_4221c6474d.jpg', '2852982055_8112d0964f.jpg']","[0.6836, 0.6691, 0.6587]"
3933,two swimmers are playing a water sport with a yellow ball and a net,3621717946_d96f8a6012.jpg,-1,0.4471,0.6285,0.1814,"['2852982055_8112d0964f.jpg', '3177298173_78cea31d64.jpg', '3649307685_60c1294d2a.jpg']","[0.6285, 0.6249, 0.618]"
3934,two swimmers in a pool play at a net with a water polo ball,3621717946_d96f8a6012.jpg,7,0.6555,0.7295,0.0741,"['2561334141_0aacefa5e7.jpg', '2759211664_d21393b668.jpg', '2597308074_acacc12e1b.jpg']","[0.7295, 0.6946, 0.6844]"
3938,a man jumps in the air while sky surfing,3625519177_4c2bb9e7f0.jpg,6,0.6373,0.7399,0.1026,"['3550763985_800cfee7e4.jpg', '2797438951_88a3ed7541.jpg', '2700147489_f1664f2b61.jpg']","[0.7399, 0.7257, 0.6726]"
3940,a child with a pink headband and blue shirt smiling,3627011534_485f667b10.jpg,5,0.6336,0.8453,0.2118,"['1539166395_0cdc0accee.jpg', '2648165716_02e2e74fd6.jpg', '656260720_a7db4ce48b.jpg']","[0.8453, 0.8036, 0.6901]"
3941,a girl in a purple shirt and pink headband posing,3627011534_485f667b10.jpg,2,0.773,0.7802,0.0072,"['3372251830_baa3665928.jpg', '3627011534_485f667b10.jpg', '2676184321_858eff416b.jpg']","[0.7802, 0.773, 0.7672]"
3942,a young girl is wearing a purple shirt and pink headband,3627011534_485f667b10.jpg,2,0.6792,0.7293,0.0501,"['3372251830_baa3665928.jpg', '3627011534_485f667b10.jpg', '3555231025_73fa54fa29.jpg']","[0.7293, 0.6792, 0.6665]"
3943,a young girl with a purple shirt and a pink hair band standing near the woods,3627011534_485f667b10.jpg,-1,0.3856,0.7665,0.3809,"['3555231025_73fa54fa29.jpg', '3661072592_2e693cd5a0.jpg', '3433982387_3fa993cf5a.jpg']","[0.7665, 0.7226, 0.6988]"
3944,smiling young girl wearing pink headband and lavender shirt,3627011534_485f667b10.jpg,2,0.83,0.8799,0.0499,"['1539166395_0cdc0accee.jpg', '3627011534_485f667b10.jpg', '2456030728_d3d147e774.jpg']","[0.8799, 0.83, 0.7031]"
3945,the people walk near a brick building,3627676364_1dc9294ec5.jpg,3,0.6954,0.7747,0.0793,"['3694093650_547259731e.jpg', '3254817653_632e840423.jpg', '3627676364_1dc9294ec5.jpg']","[0.7747, 0.7474, 0.6954]"
3946,people gather together outdoors,3627676364_1dc9294ec5.jpg,-1,0.4247,0.6897,0.265,"['3694219419_a7a83d4886.jpg', '1685990174_09c4fb7df8.jpg', '576920249_df1bdc2068.jpg']","[0.6897, 0.6831, 0.6427]"
3947,a crowd of people are walking down a city street,3627676364_1dc9294ec5.jpg,8,0.6268,0.8262,0.1994,"['2497074804_b4f3e7fd90.jpg', '3535879138_9281dc83d5.jpg', '3433470650_a8b1c27173.jpg']","[0.8262, 0.8096, 0.7811]"
3950,a blond girl rides the waves,3627679667_0e3de9fc90.jpg,-1,0.5341,0.7919,0.2578,"['2701487024_e866eb4550.jpg', '2726262796_03bd63a155.jpg', '654130822_4aeb1f1273.jpg']","[0.7919, 0.6983, 0.6607]"
3951,a person in a black wetsuit is surfing a small wave on a beige surfboard,3627679667_0e3de9fc90.jpg,5,0.6713,0.9284,0.2571,"['3168123064_d1983b8f92.jpg', '3018304737_0a46fc5f1d.jpg', '3593220756_5c416c3ceb.jpg']","[0.9284, 0.8821, 0.7477]"
3953,person surfboards on a wave,3627679667_0e3de9fc90.jpg,7,0.6779,0.8297,0.1518,"['2856923934_6eb8832c9a.jpg', '2984174290_a915748d77.jpg', '3058627443_1d57ff0a2c.jpg']","[0.8297, 0.7752, 0.7505]"
3955,the boy in the gray shirt is holding the boy in the red shirt on his back,3630332976_fdba22c50b.jpg,2,0.6521,0.6892,0.0371,"['3515451715_ac5ac04efa.jpg', '3630332976_fdba22c50b.jpg', '3437315443_ba2263f92e.jpg']","[0.6892, 0.6521, 0.6484]"
3956,two boys are back to back as one holds up the other,3630332976_fdba22c50b.jpg,6,0.7181,0.8082,0.09,"['2470486377_c3a39ccb7b.jpg', '3318995586_c2bc50b92e.jpg', '576920249_df1bdc2068.jpg']","[0.8082, 0.7472, 0.7292]"
3957,one child lifts another on his back inside a room,3630332976_fdba22c50b.jpg,7,0.5954,0.733,0.1376,"['3318995586_c2bc50b92e.jpg', '2622517932_57c52c376f.jpg', '2181724497_dbb7fcb0a9.jpg']","[0.733, 0.6693, 0.6455]"
3959,one boy hoists another boy up on his back,3630332976_fdba22c50b.jpg,3,0.6421,0.7564,0.1143,"['3515451715_ac5ac04efa.jpg', '2707873672_15e6b5d54b.jpg', '3630332976_fdba22c50b.jpg']","[0.7564, 0.7561, 0.6421]"
3961,a group of people working together with a starshaped looking metal frame,3631474374_e40764d153.jpg,7,0.666,0.7648,0.0988,"['3197891333_b1b0fd1702.jpg', '3404870997_7b0cd755de.jpg', '3694093650_547259731e.jpg']","[0.7648, 0.7504, 0.7297]"
3962,a woman in white directs a group of young people making a pattern with sticks,3631474374_e40764d153.jpg,2,0.7311,0.7882,0.0571,"['3197891333_b1b0fd1702.jpg', '3631474374_e40764d153.jpg', '3718007650_e5930b4509.jpg']","[0.7882, 0.7311, 0.7176]"
3963,there are several people gathered around a stick or metal frame,3631474374_e40764d153.jpg,6,0.663,0.757,0.0941,"['3197891333_b1b0fd1702.jpg', '2211593099_4a4f1c85d2.jpg', '2621771656_09a620da6d.jpg']","[0.757, 0.7269, 0.6991]"
3964,woman is showing a large star of david to young students,3631474374_e40764d153.jpg,-1,0.1942,0.7517,0.5576,"['617038406_4092ee91dd.jpg', '3231880001_193a579b97.jpg', '3351667846_ac43118ae5.jpg']","[0.7517, 0.7323, 0.7235]"
3965,two people stand together on the edge of the water on the grass,3637013_c675de7705.jpg,2,0.7093,0.7496,0.0403,"['1248357227_2b4175fc39.jpg', '3637013_c675de7705.jpg', '2162564553_96de62c7e6.jpg']","[0.7496, 0.7093, 0.6843]"
3966,two people stand by the water,3637013_c675de7705.jpg,2,0.7036,0.761,0.0574,"['1248357227_2b4175fc39.jpg', '3637013_c675de7705.jpg', '3217893350_57be430d06.jpg']","[0.761, 0.7036, 0.6871]"
3967,two people hold each other near a pond,3637013_c675de7705.jpg,5,0.6264,0.7126,0.0863,"['1248357227_2b4175fc39.jpg', '95783195_e1ba3f57ca.jpg', '2271468944_3264d29208.jpg']","[0.7126, 0.6949, 0.6673]"
3968,a couple stands close at the water s edge,3637013_c675de7705.jpg,8,0.6443,0.7603,0.116,"['3217893350_57be430d06.jpg', '2521983429_33218366bd.jpg', '2456907314_49bc4591c4.jpg']","[0.7603, 0.6949, 0.6893]"
3969,the two people stand by a body of water and in front of bushes in fall,3637013_c675de7705.jpg,2,0.7316,0.8952,0.1636,"['1248357227_2b4175fc39.jpg', '3637013_c675de7705.jpg', '95783195_e1ba3f57ca.jpg']","[0.8952, 0.7316, 0.6605]"
3970,a little league team tries to catch a runner sliding into a base in an afternoon game,3637966641_1b108a35ba.jpg,10,0.5763,0.7555,0.1792,"['2944952557_8484f0da8f.jpg', '305199420_89f6ddd778.jpg', '3415287719_3c776f370e.jpg']","[0.7555, 0.6752, 0.6653]"
3971,a young baseball player sliding into a base while a dust cloud rises and the other team moves around him,3637966641_1b108a35ba.jpg,-1,0.5042,0.8406,0.3364,"['2736508369_fd9ff0b42f.jpg', '2944952557_8484f0da8f.jpg', '2443380641_7b38d18f5b.jpg']","[0.8406, 0.7368, 0.7163]"
3973,five little boys are playing baseball,3637966641_1b108a35ba.jpg,-1,0.5074,0.7222,0.2148,"['2443380641_7b38d18f5b.jpg', '2944952557_8484f0da8f.jpg', '3434452829_62cee280bc.jpg']","[0.7222, 0.6308, 0.6072]"
3974,kids playing ball in the park,3637966641_1b108a35ba.jpg,-1,0.5505,0.7524,0.2019,"['1269470943_ba7fc49b4d.jpg', '278608022_4175813019.jpg', '154871781_ae77696b77.jpg']","[0.7524, 0.7496, 0.7414]"
3979,a crowd of people stand on a rural road a field behind them a forest in front,3638374272_444f5e0457.jpg,2,0.6648,0.6659,0.0011,"['1685990174_09c4fb7df8.jpg', '3638374272_444f5e0457.jpg', '3229821595_77ace81c6b.jpg']","[0.6659, 0.6648, 0.6468]"
3983,two bald people in red clothes,3638783842_af08dbb518.jpg,-1,0.477,0.781,0.304,"['536537638_f5ee42410b.jpg', '3217291172_10ef70af88.jpg', '2272823323_3b7291cd47.jpg']","[0.781, 0.7664, 0.7529]"
3988,a dog running in the surf,3640020134_367941f5ec.jpg,4,0.7275,0.8941,0.1666,"['2417745327_a2c2705043.jpg', '3571675421_7e07ac07c5.jpg', '2051194177_fbeee211e3.jpg']","[0.8941, 0.8439, 0.7699]"
3989,the dog is playing in the water,3640020134_367941f5ec.jpg,-1,0.6328,0.8622,0.2294,"['2270483627_16fe41b063.jpg', '2369248869_0266760c4a.jpg', '3401902253_cd27e6d0fe.jpg']","[0.8622, 0.7969, 0.7892]"
3990,a group of men carry a silver coffin,3640109324_3ce89e4d1a.jpg,6,0.6142,0.7145,0.1003,"['3638374272_444f5e0457.jpg', '2930622766_fa8f84deb1.jpg', '2180356743_b3a3c9a7f6.jpg']","[0.7145, 0.7134, 0.6962]"
3991,men carry a small structure on their shoulders while others play instruments behind,3640109324_3ce89e4d1a.jpg,4,0.638,0.7402,0.1023,"['3596959859_a7cb1e194b.jpg', '3608849440_e7d2bed29f.jpg', '181777261_84c48b31cb.jpg']","[0.7402, 0.6774, 0.6482]"
3992,men in blue carrying something on their shoulders followed by a band,3640109324_3ce89e4d1a.jpg,10,0.5912,0.72,0.1289,"['2470486377_c3a39ccb7b.jpg', '305199420_89f6ddd778.jpg', '3596959859_a7cb1e194b.jpg']","[0.72, 0.6366, 0.6252]"
3993,pall bearers at a catholic funeral,3640109324_3ce89e4d1a.jpg,-1,0.3928,0.7751,0.3823,"['251958970_fa6b423f23.jpg', '3392019836_c7aeebca1c.jpg', '2928835996_88b9f9503d.jpg']","[0.7751, 0.761, 0.7556]"
3994,the men are wearing purple and carrying a silver casket,3640109324_3ce89e4d1a.jpg,-1,0.5298,0.7846,0.2549,"['470887791_86d5a08a38.jpg', '305199420_89f6ddd778.jpg', '3375549004_beee810e60.jpg']","[0.7846, 0.6706, 0.6157]"
3995,a young woman is standing on the grass with a video camcorder in her hand,3640241166_b1ab7a8e7a.jpg,-1,0.3543,0.7674,0.4131,"['3672940355_47f30e2b28.jpg', '2592019072_a6c0090da4.jpg', '2909875716_25c8652614.jpg']","[0.7674, 0.7291, 0.6944]"
3996,a woman holding a video camera,3640241166_b1ab7a8e7a.jpg,2,0.8029,0.876,0.0731,"['1449692616_60507875fb.jpg', '3640241166_b1ab7a8e7a.jpg', '3572346664_e1e6c77f11.jpg']","[0.876, 0.8029, 0.738]"
3998,a smiling young brunette woman carries a black video camera in her hand,3640241166_b1ab7a8e7a.jpg,4,0.7107,0.7966,0.0859,"['2695085862_2ed62df354.jpg', '1449692616_60507875fb.jpg', '3426144752_28d63615ca.jpg']","[0.7966, 0.7708, 0.7385]"
3999,a smiling young woman holds a video camera and walks through a park,3640241166_b1ab7a8e7a.jpg,2,0.7826,0.8833,0.1007,"['1449692616_60507875fb.jpg', '3640241166_b1ab7a8e7a.jpg', '503090187_8758ab5680.jpg']","[0.8833, 0.7826, 0.7066]"
4000,a surfboarder catches the waves,3640329164_20cb245fd5.jpg,-1,0.482,0.7667,0.2847,"['3058627443_1d57ff0a2c.jpg', '2984174290_a915748d77.jpg', '3018304737_0a46fc5f1d.jpg']","[0.7667, 0.7424, 0.7396]"
4001,a surfer in a green striped wetsuit rides a wave,3640329164_20cb245fd5.jpg,8,0.6719,0.8445,0.1726,"['3183519385_311555d5f5.jpg', '3168123064_d1983b8f92.jpg', '3627679667_0e3de9fc90.jpg']","[0.8445, 0.7965, 0.7904]"
4002,a surfer is riding the waves whilst another surfer sits on his board waiting,3640329164_20cb245fd5.jpg,3,0.7278,0.8453,0.1175,"['3018304737_0a46fc5f1d.jpg', '2856923934_6eb8832c9a.jpg', '3640329164_20cb245fd5.jpg']","[0.8453, 0.7289, 0.7278]"
4003,a surfer wearing a black and green wetsuit riding a wave,3640329164_20cb245fd5.jpg,7,0.6608,0.8545,0.1937,"['3168123064_d1983b8f92.jpg', '3018304737_0a46fc5f1d.jpg', '3183519385_311555d5f5.jpg']","[0.8545, 0.8436, 0.8076]"
4004,the surfer is riding the wave,3640329164_20cb245fd5.jpg,7,0.6213,0.9182,0.2969,"['3018304737_0a46fc5f1d.jpg', '3168123064_d1983b8f92.jpg', '2984174290_a915748d77.jpg']","[0.9182, 0.8548, 0.7128]"
4005,two young men play soccer on the beach,3649224118_abe73c672c.jpg,-1,0.5958,0.7077,0.1119,"['3522749949_fb615cee47.jpg', '2944952557_8484f0da8f.jpg', '3177298173_78cea31d64.jpg']","[0.7077, 0.6877, 0.6588]"
4006,they are playing with a soccer ball on the beach,3649224118_abe73c672c.jpg,-1,0.5488,0.733,0.1842,"['3363836972_c87b58c948.jpg', '2962977152_9d6958fdd5.jpg', '3506607642_40037b3fbf.jpg']","[0.733, 0.7163, 0.71]"
4007,men playing soccer on red sand,3649224118_abe73c672c.jpg,-1,0.4884,0.8055,0.3171,"['3380072636_4cd59385fd.jpg', '269986132_91b71e8aaa.jpg', '3522749949_fb615cee47.jpg']","[0.8055, 0.7163, 0.7072]"
4008,a group of guys are playing soccer on the beach,3649224118_abe73c672c.jpg,-1,0.555,0.7339,0.1788,"['3380072636_4cd59385fd.jpg', '2962977152_9d6958fdd5.jpg', '2193980605_4221c6474d.jpg']","[0.7339, 0.6767, 0.6709]"
4009,several people on a beach and a ball,3649224118_abe73c672c.jpg,9,0.5769,0.775,0.198,"['2193980605_4221c6474d.jpg', '3328535573_33c3cd5b59.jpg', '2407470303_6fd5e3600d.jpg']","[0.775, 0.727, 0.7001]"
4011,two men are playing in a sports game together,3649307685_60c1294d2a.jpg,6,0.6091,0.7682,0.1591,"['2944952557_8484f0da8f.jpg', '269986132_91b71e8aaa.jpg', '2736508369_fd9ff0b42f.jpg']","[0.7682, 0.6822, 0.662]"
4012,two men playing a game with some sort of sticks,3649307685_60c1294d2a.jpg,4,0.5642,0.6544,0.0902,"['3619232550_0b1e1fd4e4.jpg', '3318995586_c2bc50b92e.jpg', '2891240104_6755281868.jpg']","[0.6544, 0.6292, 0.6096]"
4013,two men playing a sport are fighting for a ball,3649307685_60c1294d2a.jpg,8,0.5784,0.747,0.1686,"['2944952557_8484f0da8f.jpg', '3177298173_78cea31d64.jpg', '3380072636_4cd59385fd.jpg']","[0.747, 0.7198, 0.6818]"
4014,two players battle for the ball in field hockey,3649307685_60c1294d2a.jpg,4,0.6572,0.8075,0.1503,"['2944952557_8484f0da8f.jpg', '269986132_91b71e8aaa.jpg', '3613027188_1645ca1976.jpg']","[0.8075, 0.6732, 0.6685]"
4015,man riding bike in forest,3649916507_b88a3d2082.jpg,8,0.6128,0.7667,0.1539,"['2308108566_2cba6bca53.jpg', '2084217208_7bd9bc85e5.jpg', '111537222_07e56d5a30.jpg']","[0.7667, 0.7599, 0.757]"
4016,closeup perspective of a bicycle wheel being ridden by someone,3649916507_b88a3d2082.jpg,7,0.5748,0.6273,0.0525,"['543264612_c53cc163b4.jpg', '397601572_9587a39291.jpg', '2647049174_0fb47cee2e.jpg']","[0.6273, 0.5983, 0.5917]"
4017,a man rides a bike in the woods,3649916507_b88a3d2082.jpg,2,0.7333,0.8086,0.0753,"['3476451861_5b9c9ce191.jpg', '3649916507_b88a3d2082.jpg', '2084217208_7bd9bc85e5.jpg']","[0.8086, 0.7333, 0.6842]"
4019,a cyclist leaning forward as he pedals his bike,3649916507_b88a3d2082.jpg,4,0.6972,0.7233,0.0262,"['143552829_72b6ba49d4.jpg', '2998024845_1529c11694.jpg', '3484820303_7be0e914b4.jpg']","[0.7233, 0.7188, 0.7061]"
4021,a woman painting her face while a child with a mohawk holds a mirror,3652150541_8fb5a3a5d1.jpg,5,0.6272,0.7374,0.1102,"['278002800_3817135105.jpg', '1449692616_60507875fb.jpg', '3437315443_ba2263f92e.jpg']","[0.7374, 0.6984, 0.6448]"
4022,a woman painting on makeup,3652150541_8fb5a3a5d1.jpg,-1,0.1714,0.6325,0.461,"['2561319255_ce5ede291e.jpg', '3442978981_53bf1f45f3.jpg', '3305767464_d64a336f60.jpg']","[0.6325, 0.5697, 0.5594]"
4023,a woman paints her face while a boy with a mohawk holds her mirror,3652150541_8fb5a3a5d1.jpg,-1,0.5675,0.7534,0.1858,"['1860543210_47e94cf652.jpg', '1417295167_5299df6db8.jpg', '278002800_3817135105.jpg']","[0.7534, 0.7221, 0.6911]"
4025,a small dog swims in a pool,3655773435_c234e94820.jpg,7,0.6562,0.882,0.2257,"['2677656448_6b7e7702af.jpg', '477254932_56b48d775d.jpg', '3224578187_749882c17f.jpg']","[0.882, 0.7474, 0.7431]"
4026,a dog in a pool,3655773435_c234e94820.jpg,4,0.7486,0.8445,0.0958,"['1178705300_c224d9a4f1.jpg', '2677656448_6b7e7702af.jpg', '477254932_56b48d775d.jpg']","[0.8445, 0.7905, 0.7758]"
4030,a man chains his bike to a rack while a woman in black and red walks,3655964639_21e76383d0.jpg,-1,0.5011,0.6979,0.1968,"['1461329041_c623b06e5b.jpg', '2877159456_ea4a46b0d2.jpg', '2521983429_33218366bd.jpg']","[0.6979, 0.6574, 0.6451]"
4031,several people one being a woman in a black dress are outside near a bike rack,3655964639_21e76383d0.jpg,-1,0.387,0.6878,0.3008,"['3484820303_7be0e914b4.jpg', '782401952_5bc5d3413a.jpg', '3674521435_89ff681074.jpg']","[0.6878, 0.6878, 0.664]"
4032,the woman wearing a red bow walks past a bicycle,3655964639_21e76383d0.jpg,-1,0.4837,0.7935,0.3098,"['3484820303_7be0e914b4.jpg', '2355819665_39021ff642.jpg', '2192411521_9c7e488c5e.jpg']","[0.7935, 0.7447, 0.7153]"
4033,woman in a black dress walking on the street,3655964639_21e76383d0.jpg,-1,0.4475,0.7967,0.3492,"['551664516_78a5131dc4.jpg', '1225443522_1633e7121f.jpg', '635444010_bd81c89ab7.jpg']","[0.7967, 0.7871, 0.7426]"
4034,woman in black dress with red accessories is walking down the street,3655964639_21e76383d0.jpg,-1,0.5623,0.7644,0.2022,"['635444010_bd81c89ab7.jpg', '551664516_78a5131dc4.jpg', '256444892_efcb3bd824.jpg']","[0.7644, 0.7438, 0.71]"
4035,one bird is landing on the shore near many other birds,3656104088_a0d1642fa9.jpg,-1,0.4818,0.853,0.3712,"['3405113041_4b72c24801.jpg', '3282634762_2650d0088a.jpg', '358875403_f357f03713.jpg']","[0.853, 0.7419, 0.7267]"
4036,there are several pelicans and one is flying,3656104088_a0d1642fa9.jpg,4,0.6581,0.7798,0.1217,"['3301754574_465af5bf6d.jpg', '3405113041_4b72c24801.jpg', '3315110972_1090d11728.jpg']","[0.7798, 0.6614, 0.6605]"
4037,large birds standing on the edge of a body of water while one in the middle is coming down for a landing,3656104088_a0d1642fa9.jpg,-1,0.324,0.7715,0.4475,"['2843695880_eeea6c67db.jpg', '2652155912_8ba5426790.jpg', '2281006675_fde04e93dd.jpg']","[0.7715, 0.6976, 0.6695]"
4038,a pelican in midflight above a group of pelicans,3656104088_a0d1642fa9.jpg,10,0.5202,0.726,0.2058,"['3301754574_465af5bf6d.jpg', '2410153942_ba4a136358.jpg', '109823397_e35154645f.jpg']","[0.726, 0.7122, 0.6747]"
4039,birds flocking by the water s edge,3656104088_a0d1642fa9.jpg,-1,0.531,0.6921,0.1611,"['358875403_f357f03713.jpg', '3363836972_c87b58c948.jpg', '3584406900_039f30b34c.jpg']","[0.6921, 0.6515, 0.6422]"
4040,a girl hangs over the seat of a swing in a playground,3656225270_cdf89e3240.jpg,7,0.7874,0.8491,0.0617,"['3396036947_0af6c3aab7.jpg', '493109089_468e105233.jpg', '3454988449_1de1ef4f20.jpg']","[0.8491, 0.8133, 0.8109]"
4041,a girl in a red shirt is swinging on her stomach,3656225270_cdf89e3240.jpg,4,0.7308,0.7989,0.0681,"['2884252132_5d8e776893.jpg', '911795495_342bb15b97.jpg', '3627011534_485f667b10.jpg']","[0.7989, 0.7893, 0.7318]"
4042,a girl in red rides on her stomach in a playground swing above a sandy surface,3656225270_cdf89e3240.jpg,7,0.664,0.7976,0.1337,"['2884252132_5d8e776893.jpg', '2458269558_277012780d.jpg', '444057017_f1e0fcaef7.jpg']","[0.7976, 0.777, 0.7125]"
4043,a girl is playing on a swing,3656225270_cdf89e3240.jpg,2,0.8489,0.8961,0.0472,"['2884252132_5d8e776893.jpg', '3656225270_cdf89e3240.jpg', '2458269558_277012780d.jpg']","[0.8961, 0.8489, 0.8356]"
4044,a little girl in red is swinging on her stomach on a playground swing,3656225270_cdf89e3240.jpg,10,0.6686,0.8187,0.1501,"['2884252132_5d8e776893.jpg', '2458269558_277012780d.jpg', '444057017_f1e0fcaef7.jpg']","[0.8187, 0.7766, 0.7145]"
4045,small girl in an apron placing confetti in a woman s hair,3661072592_2e693cd5a0.jpg,-1,0.5104,0.731,0.2207,"['1798209205_77dbf525b0.jpg', '3437273677_47d4462974.jpg', '533713001_2d36e93509.jpg']","[0.731, 0.7141, 0.7126]"
4046,a young girl dumps confetti onto a woman s head as she smiles,3661072592_2e693cd5a0.jpg,4,0.7201,0.7624,0.0422,"['758921886_55a351dd67.jpg', '3627011534_485f667b10.jpg', '2086678529_b3301c2d71.jpg']","[0.7624, 0.7484, 0.7337]"
4047,a small girl puts confetti on a smiling woman s hair,3661072592_2e693cd5a0.jpg,5,0.6355,0.7507,0.1152,"['3035118753_69287079dc.jpg', '374124237_51f62b6937.jpg', '3437273677_47d4462974.jpg']","[0.7507, 0.6702, 0.6557]"
4048,a child sprinkles confetti in a woman s hair,3661072592_2e693cd5a0.jpg,-1,0.5828,0.6559,0.073,"['3437273677_47d4462974.jpg', '3351667846_ac43118ae5.jpg', '374124237_51f62b6937.jpg']","[0.6559, 0.6526, 0.6403]"
4049,a little brunette girl sprinking confetti on a brunette woman s head as she smiles,3661072592_2e693cd5a0.jpg,10,0.6449,0.7255,0.0806,"['3534824784_7133119316.jpg', '3145967019_1a83ebf712.jpg', '3627011534_485f667b10.jpg']","[0.7255, 0.7076, 0.7065]"
4050,a girl in a green sweatshirt sitting down and a girl in a dress leaning on blue lockers,3661659196_6ed90f96c0.jpg,6,0.6247,0.7233,0.0985,"['468918320_9c275b877f.jpg', '640409060_6af18fdd54.jpg', '2599131872_65789d86d5.jpg']","[0.7233, 0.6839, 0.6652]"
4051,a girl is on a stool while another girl is reading and leaning on some lockers,3661659196_6ed90f96c0.jpg,-1,0.5821,0.7583,0.1761,"['3289817083_4e78e1c05a.jpg', '444057017_f1e0fcaef7.jpg', '3437315443_ba2263f92e.jpg']","[0.7583, 0.6858, 0.6796]"
4052,two girls are in a school hallway,3661659196_6ed90f96c0.jpg,-1,0.5822,0.7521,0.1698,"['3150315970_8f045c41a4.jpg', '3002920707_5d2e6e6aac.jpg', '3035118753_69287079dc.jpg']","[0.7521, 0.7404, 0.6491]"
4053,two teenage girls conversing next to lockers,3661659196_6ed90f96c0.jpg,-1,0.5041,0.6809,0.1768,"['3150315970_8f045c41a4.jpg', '2830869109_c4e403eae6.jpg', '1332208215_fa824f6659.jpg']","[0.6809, 0.6585, 0.6458]"
4054,two teenage girls hang out in a school hallway by blue lockers,3661659196_6ed90f96c0.jpg,9,0.5596,0.8244,0.2648,"['3150315970_8f045c41a4.jpg', '2268729848_d418451226.jpg', '3002920707_5d2e6e6aac.jpg']","[0.8244, 0.6474, 0.6287]"
4056,two dogs running and jumping through a snowy area,366548880_3d3e914746.jpg,2,0.791,0.8391,0.0481,"['2148916767_644ea6a7fa.jpg', '366548880_3d3e914746.jpg', '3173461705_b5cdeef1eb.jpg']","[0.8391, 0.791, 0.7545]"
4057,two medium sized dogs run across the snow,366548880_3d3e914746.jpg,6,0.592,0.8435,0.2515,"['3173461705_b5cdeef1eb.jpg', '1287931016_fb015e2e10.jpg', '3195040792_a03954a19f.jpg']","[0.8435, 0.7121, 0.633]"
4060,a boy in orange and white swimming trunks is falling into water at a beach or lake,3666537170_c4ecda4be8.jpg,2,0.7349,0.7665,0.0316,"['2937697444_2367ff0e28.jpg', '3666537170_c4ecda4be8.jpg', '1159574340_99ba8c3c59.jpg']","[0.7665, 0.7349, 0.729]"
4063,a boy wearing board shorts falls backwards in the water,3666537170_c4ecda4be8.jpg,2,0.766,0.796,0.0299,"['2937697444_2367ff0e28.jpg', '3666537170_c4ecda4be8.jpg', '2162564553_96de62c7e6.jpg']","[0.796, 0.766, 0.7055]"
4064,a young man wearing a red and white floral swinsuit falling into the beach,3666537170_c4ecda4be8.jpg,-1,0.4634,0.6742,0.2109,"['2735792721_b8fe85e803.jpg', '3705688385_47651205d3.jpg', '2984174290_a915748d77.jpg']","[0.6742, 0.6604, 0.6376]"
4065,a bicyclist is drinking out of a bottle of water while riding,3671933270_d124e9a1a4.jpg,-1,0.2204,0.7798,0.5595,"['2632381125_de32bdfdf6.jpg', '2574230252_f5a1382dd4.jpg', '2613209320_edf6a2b7e9.jpg']","[0.7798, 0.7415, 0.734]"
4066,a biker takes a drink of water,3671933270_d124e9a1a4.jpg,-1,0.382,0.7901,0.4081,"['3649916507_b88a3d2082.jpg', '2574230252_f5a1382dd4.jpg', '2613209320_edf6a2b7e9.jpg']","[0.7901, 0.7718, 0.7267]"
4067,a cyclist drinks water,3671933270_d124e9a1a4.jpg,-1,0.2363,0.7424,0.5061,"['2089350172_dc2cf9fcf6.jpg', '143552829_72b6ba49d4.jpg', '1439282131_3814d6ae04.jpg']","[0.7424, 0.6898, 0.6807]"
4068,a man riding a bicycle drinks from a bottle of water,3671933270_d124e9a1a4.jpg,-1,0.3029,0.7232,0.4204,"['143552829_72b6ba49d4.jpg', '2632381125_de32bdfdf6.jpg', '2574230252_f5a1382dd4.jpg']","[0.7232, 0.6616, 0.6468]"
4069,a person takes a drink of water while riding on a bike,3671933270_d124e9a1a4.jpg,8,0.6078,0.7317,0.124,"['2998024845_1529c11694.jpg', '2084217208_7bd9bc85e5.jpg', '2192411521_9c7e488c5e.jpg']","[0.7317, 0.6587, 0.6547]"
4071,a little girl in a pink shirt kicks a blue ball,3672940355_47f30e2b28.jpg,3,0.6864,0.7547,0.0683,"['3286222970_1fa445e38f.jpg', '2592019072_a6c0090da4.jpg', '3672940355_47f30e2b28.jpg']","[0.7547, 0.7365, 0.6864]"
4073,a girl kicks a ball,3672940355_47f30e2b28.jpg,2,0.7918,0.8178,0.026,"['2592019072_a6c0090da4.jpg', '3672940355_47f30e2b28.jpg', '3538021517_b930dc76fc.jpg']","[0.8178, 0.7918, 0.6763]"
4074,a little girl gives a good kick to a blue ball,3672940355_47f30e2b28.jpg,4,0.6163,0.7501,0.1338,"['2374247382_023a86b9ca.jpg', '2021602343_03023e1fd1.jpg', '820169182_f5e78d7d19.jpg']","[0.7501, 0.673, 0.6184]"
4076,a brown and white dog on the beach,3673165148_67f217064f.jpg,3,0.7511,0.7949,0.0438,"['460478198_83039f2593.jpg', '3562282690_cd2a95fe9e.jpg', '3673165148_67f217064f.jpg']","[0.7949, 0.7909, 0.7511]"
4077,a dog standing on a beach,3673165148_67f217064f.jpg,-1,0.5985,0.7856,0.187,"['460478198_83039f2593.jpg', '2281006675_fde04e93dd.jpg', '140430106_2978fda105.jpg']","[0.7856, 0.77, 0.7468]"
4078,a dog stands on the beach with a large rock behind him,3673165148_67f217064f.jpg,-1,0.5624,0.7633,0.2009,"['460478198_83039f2593.jpg', '426191845_1e979e9345.jpg', '1799271536_6e69c8f1dc.jpg']","[0.7633, 0.7409, 0.7402]"
4079,an unusual looking dog is standing in front of a beautiful backdrop,3673165148_67f217064f.jpg,-1,0.3711,0.7597,0.3886,"['3336361161_c06cdd160e.jpg', '909808296_23c427022d.jpg', '1975531316_8b00eeaaf7.jpg']","[0.7597, 0.7047, 0.6818]"
4080,young girl kneels on a grassy field filled with candles,3673970325_4e025069e9.jpg,-1,-0.051,0.6947,0.7458,"['3229913073_e7857a5966.jpg', '2909875716_25c8652614.jpg', '3271468462_701eb88d3b.jpg']","[0.6947, 0.6892, 0.6385]"
4081,a young girl kneels beside rows of candles while others walk by,3673970325_4e025069e9.jpg,-1,0.4581,0.7657,0.3075,"['1685990174_09c4fb7df8.jpg', '2470486377_c3a39ccb7b.jpg', '576920249_df1bdc2068.jpg']","[0.7657, 0.7036, 0.6339]"
4082,a girl kneels down by a rows of candles,3673970325_4e025069e9.jpg,-1,0.3218,0.6799,0.3581,"['2181724497_dbb7fcb0a9.jpg', '1584315962_5b0b45d02d.jpg', '2909875716_25c8652614.jpg']","[0.6799, 0.6339, 0.6007]"
4083,a girl in a white shirt kneeling down lighting a candle,3673970325_4e025069e9.jpg,-1,-0.0378,0.6335,0.6713,"['2561319255_ce5ede291e.jpg', '2909875716_25c8652614.jpg', '1115565519_d976d4b1f1.jpg']","[0.6335, 0.6104, 0.6088]"
4084,a girl is amid many candle lanterns,3673970325_4e025069e9.jpg,-1,0.4687,0.7299,0.2612,"['3572346664_e1e6c77f11.jpg', '2909875716_25c8652614.jpg', '1449692616_60507875fb.jpg']","[0.7299, 0.7283, 0.5718]"
4090,the teenagers are performing tricks on their bicycles at night,3674521435_89ff681074.jpg,10,0.5603,0.7557,0.1953,"['2744600462_5804577296.jpg', '3726025663_e7d35d23f6.jpg', '2986671935_0c60bbb3fa.jpg']","[0.7557, 0.7188, 0.6964]"
4091,people riding bicycles at night on a track,3674521435_89ff681074.jpg,-1,0.5154,0.8254,0.3099,"['2744600462_5804577296.jpg', '3726025663_e7d35d23f6.jpg', '2986671935_0c60bbb3fa.jpg']","[0.8254, 0.7986, 0.7699]"
4092,two boys on offroad bicycles fly over a hill,3674521435_89ff681074.jpg,-1,0.3059,0.6965,0.3905,"['3538686658_30afc75f02.jpg', '3335370208_460fc19bfa.jpg', '3472449219_eb927f05b8.jpg']","[0.6965, 0.6873, 0.6798]"
4093,cyclists are riding bikes on an off road course beside a river,3674521435_89ff681074.jpg,6,0.6896,0.822,0.1323,"['3726025663_e7d35d23f6.jpg', '2744600462_5804577296.jpg', '2986671935_0c60bbb3fa.jpg']","[0.822, 0.8046, 0.7674]"
4094,kids jump their bikes off of dirt ramps near a waterfront,3674521435_89ff681074.jpg,-1,0.5511,0.748,0.1969,"['3538686658_30afc75f02.jpg', '2986671935_0c60bbb3fa.jpg', '2744600462_5804577296.jpg']","[0.748, 0.6685, 0.6662]"
4095,a couple walking and holding hands,3677734351_63d60844cb.jpg,3,0.6344,0.6536,0.0192,"['3242007318_01e82171aa.jpg', '2222559267_6fd31e3941.jpg', '3677734351_63d60844cb.jpg']","[0.6536, 0.6531, 0.6344]"
4096,a man and a woman walking down a sandy path surrounded by trees,3677734351_63d60844cb.jpg,2,0.683,0.7305,0.0475,"['2344412916_9a5a9b1c82.jpg', '3677734351_63d60844cb.jpg', '2648310638_d6c576b5e4.jpg']","[0.7305, 0.683, 0.6821]"
4097,a man and woman are walking whilst holding hands down a leafy lane,3677734351_63d60844cb.jpg,2,0.6911,0.7367,0.0456,"['3242007318_01e82171aa.jpg', '3677734351_63d60844cb.jpg', '1389264266_8170bc1c54.jpg']","[0.7367, 0.6911, 0.6729]"
4098,a man and woman walk side by side down the road,3677734351_63d60844cb.jpg,10,0.6611,0.7871,0.126,"['256444892_efcb3bd824.jpg', '2222559267_6fd31e3941.jpg', '2648310638_d6c576b5e4.jpg']","[0.7871, 0.7493, 0.7226]"
4099,a man with a white tshirt and a woman with a sleeveless dress walk down a dirt road together holding hands,3677734351_63d60844cb.jpg,7,0.5927,0.7992,0.2065,"['2648310638_d6c576b5e4.jpg', '2344412916_9a5a9b1c82.jpg', '2798651021_2566f2a47e.jpg']","[0.7992, 0.7181, 0.6914]"
4100,a young girl wearing a striped dress peeks out from behind a tree,3682038869_585075b5ff.jpg,3,0.6617,0.7997,0.138,"['2086678529_b3301c2d71.jpg', '3470303255_fbb41b8dd0.jpg', '3682038869_585075b5ff.jpg']","[0.7997, 0.7425, 0.6617]"
4102,a little girl is peaking out from behind a tree,3682038869_585075b5ff.jpg,3,0.6891,0.7595,0.0704,"['510510783_b2cf5d57bb.jpg', '2086678529_b3301c2d71.jpg', '3682038869_585075b5ff.jpg']","[0.7595, 0.702, 0.6891]"
4103,a little girl peering out from behind a tree,3682038869_585075b5ff.jpg,2,0.7104,0.7459,0.0355,"['510510783_b2cf5d57bb.jpg', '3682038869_585075b5ff.jpg', '3470303255_fbb41b8dd0.jpg']","[0.7459, 0.7104, 0.6985]"
4105,a person in an airplane,3682428916_69ce66d375.jpg,-1,0.392,0.8409,0.4489,"['2125216241_5b265a2fbc.jpg', '3037558954_20115165e3.jpg', '3701509233_a2275a4e57.jpg']","[0.8409, 0.7876, 0.7195]"
4106,a person sits inside a small plane on the ground,3682428916_69ce66d375.jpg,-1,0.4145,0.733,0.3185,"['2788628994_61123c03d2.jpg', '210625425_fb1ef5d23b.jpg', '2410153942_ba4a136358.jpg']","[0.733, 0.6685, 0.6319]"
4107,a small jet takes off,3682428916_69ce66d375.jpg,-1,0.3311,0.6685,0.3374,"['3625519177_4c2bb9e7f0.jpg', '3467510271_0f57e52768.jpg', '186890601_8a6b0f1769.jpg']","[0.6685, 0.6565, 0.6512]"
4108,a small white plane with someone visible in the window is sitting on a runway,3682428916_69ce66d375.jpg,-1,0.5408,0.6956,0.1548,"['3701509233_a2275a4e57.jpg', '3259110412_9908c45144.jpg', '358875403_f357f03713.jpg']","[0.6956, 0.6322, 0.6292]"
4110,an animal is hosed down by a brick wall,3686924335_3c51e8834a.jpg,-1,0.4239,0.6353,0.2114,"['436009777_440c7679a1.jpg', '2533076864_d799996433.jpg', '3383491811_fd9d3a891d.jpg']","[0.6353, 0.6264, 0.6222]"
4111,leaping dog sprayed by off screen person with hose,3686924335_3c51e8834a.jpg,-1,0.5225,0.8225,0.3,"['3415646718_f9f4e23a66.jpg', '2839807428_efe42423f2.jpg', '3544673666_ffc7483c96.jpg']","[0.8225, 0.8173, 0.7716]"
4112,a dog jumping through the air getting hit by water,3686924335_3c51e8834a.jpg,-1,0.2207,0.7707,0.55,"['2270483627_16fe41b063.jpg', '2797438951_88a3ed7541.jpg', '3309578722_1765d7d1af.jpg']","[0.7707, 0.7226, 0.6949]"
4113,a dog gets sprayed by a hose,3686924335_3c51e8834a.jpg,-1,0.2878,0.7126,0.4248,"['3595643050_d312e4b652.jpg', '1095476286_87d4f8664e.jpg', '2616561200_ea079f285a.jpg']","[0.7126, 0.7071, 0.6597]"
4114,a dog is being sprayed with water,3686924335_3c51e8834a.jpg,-1,0.3257,0.6988,0.3731,"['1095476286_87d4f8664e.jpg', '3595643050_d312e4b652.jpg', '3224578187_749882c17f.jpg']","[0.6988, 0.6735, 0.5932]"
4116,a woman wearing a red scarf raises her hand as she walks in a parade,3688839836_ba5e4c24fc.jpg,10,0.5945,0.7637,0.1692,"['2676184321_858eff416b.jpg', '536537638_f5ee42410b.jpg', '3174726084_c108de0a64.jpg']","[0.7637, 0.7461, 0.726]"
4117,people in orange shirts marching down street with unified in pride sign,3688839836_ba5e4c24fc.jpg,-1,0.5971,0.7939,0.1968,"['2986671935_0c60bbb3fa.jpg', '2744600462_5804577296.jpg', '3347701468_bb0001b035.jpg']","[0.7939, 0.7634, 0.7476]"
4118,the woman in the red shirt is holding up a peace sign with her fingers with a red banner behind her,3688839836_ba5e4c24fc.jpg,3,0.6494,0.6883,0.0389,"['3451344589_6787bd06ef.jpg', '3225037367_a71fa86319.jpg', '3688839836_ba5e4c24fc.jpg']","[0.6883, 0.6687, 0.6494]"
4120,woman in green dress being observed,3688858505_e8afd1475d.jpg,-1,0.495,0.6939,0.1988,"['3638783842_af08dbb518.jpg', '2909875716_25c8652614.jpg', '635444010_bd81c89ab7.jpg']","[0.6939, 0.6823, 0.679]"
4121,blonde girl wearing green dress standing,3688858505_e8afd1475d.jpg,-1,0.5219,0.7429,0.221,"['2592019072_a6c0090da4.jpg', '3286222970_1fa445e38f.jpg', '635444010_bd81c89ab7.jpg']","[0.7429, 0.719, 0.6889]"
4122,a girl is wear a green dress,3688858505_e8afd1475d.jpg,-1,0.487,0.7501,0.2631,"['2592019072_a6c0090da4.jpg', '2909875716_25c8652614.jpg', '3433982387_3fa993cf5a.jpg']","[0.7501, 0.7399, 0.7032]"
4123,a blond girl in a green dress and elaborate gold necklace stands in front of a few women and a man,3688858505_e8afd1475d.jpg,10,0.548,0.7978,0.2498,"['3433982387_3fa993cf5a.jpg', '3139160252_75109e9e05.jpg', '1859726819_9a793b3b44.jpg']","[0.7978, 0.7552, 0.7161]"
4124,a few people with a girl standing up in the center wearing a green dress,3688858505_e8afd1475d.jpg,-1,0.5282,0.7555,0.2273,"['617038406_4092ee91dd.jpg', '3139160252_75109e9e05.jpg', '954987350_a0c608b467.jpg']","[0.7555, 0.748, 0.6579]"
4125,a man doing a rollskating trick on a ramp,3690159129_93ba49ea18.jpg,-1,0.4348,0.7943,0.3595,"['3323988406_e3c8fce690.jpg', '2876494009_9f96d7eaf2.jpg', '232193739_ed5f348c7a.jpg']","[0.7943, 0.7679, 0.7286]"
4126,a man grinding the lip of a pool on his rollerblades,3690159129_93ba49ea18.jpg,-1,0.5347,0.745,0.2103,"['232193739_ed5f348c7a.jpg', '2332540384_4cf26406a9.jpg', '2876494009_9f96d7eaf2.jpg']","[0.745, 0.7449, 0.6865]"
4127,a man wearing green glasses crouches near the camera,3690159129_93ba49ea18.jpg,-1,0.0264,0.8028,0.7764,"['3412249548_00820fc4ca.jpg', '1418019748_51c7d59c11.jpg', '2551344688_17a12a6948.jpg']","[0.8028, 0.74, 0.6786]"
4128,a man with green glasses does a trick on his skateboard,3690159129_93ba49ea18.jpg,-1,0.2773,0.6408,0.3635,"['2902844125_4186bf3ab6.jpg', '2868575889_2c030aa8ae.jpg', '2272750492_91e8f67328.jpg']","[0.6408, 0.5916, 0.5782]"
4129,a rollerblader pauses at the top of a skate ramp,3690159129_93ba49ea18.jpg,8,0.5926,0.8068,0.2142,"['3323988406_e3c8fce690.jpg', '2332540384_4cf26406a9.jpg', '232193739_ed5f348c7a.jpg']","[0.8068, 0.7914, 0.7662]"
4131,person jumping into the water,3690425778_3b390b3ea5.jpg,2,0.7369,0.8917,0.1548,"['2797438951_88a3ed7541.jpg', '3690425778_3b390b3ea5.jpg', '2753531542_ace2c870b7.jpg']","[0.8917, 0.7369, 0.6678]"
4135,airplane emitting heavy red colored smoke,3692593096_fbaea67476.jpg,-1,0.5372,0.6952,0.1581,"['2652155912_8ba5426790.jpg', '3682428916_69ce66d375.jpg', '358875403_f357f03713.jpg']","[0.6952, 0.6888, 0.6875]"
4136,an airplane is flying over the mountain trying to extinguish a fire,3692593096_fbaea67476.jpg,2,0.7473,0.8556,0.1083,"['2652155912_8ba5426790.jpg', '3692593096_fbaea67476.jpg', '2410153942_ba4a136358.jpg']","[0.8556, 0.7473, 0.6659]"
4137,a small plane is dropping a red chemical over the mountaintops,3692593096_fbaea67476.jpg,-1,0.4482,0.708,0.2598,"['3467510271_0f57e52768.jpg', '3057497487_57ecc60ff1.jpg', '2088460083_42ee8a595a.jpg']","[0.708, 0.6962, 0.6813]"
4138,red spray is being ejected by an orange and white plane flying over the hilltops,3692593096_fbaea67476.jpg,-1,0.0093,0.7326,0.7233,"['3649307685_60c1294d2a.jpg', '2978409165_acc4f29a40.jpg', '1159574340_99ba8c3c59.jpg']","[0.7326, 0.6912, 0.6865]"
4139,small red airplane flies over mountaintop dropping red substance over fire,3692593096_fbaea67476.jpg,5,0.707,0.7865,0.0795,"['3467510271_0f57e52768.jpg', '2652155912_8ba5426790.jpg', '3057497487_57ecc60ff1.jpg']","[0.7865, 0.7607, 0.7538]"
4140,two people are dragging a yellow raft into a river,3692746368_ab7d97ab31.jpg,4,0.7105,0.8203,0.1099,"['2906802485_dfebf09173.jpg', '482088914_e6ea4501e9.jpg', '3207264553_8cd4dcde53.jpg']","[0.8203, 0.7829, 0.7606]"
4141,two people are in a pond pulling a life raft,3692746368_ab7d97ab31.jpg,3,0.743,0.8153,0.0723,"['2906802485_dfebf09173.jpg', '482088914_e6ea4501e9.jpg', '3692746368_ab7d97ab31.jpg']","[0.8153, 0.745, 0.743]"
4142,two people are pushing a yellow dinghy through a stream as a man is running towards them,3692746368_ab7d97ab31.jpg,6,0.6162,0.8217,0.2055,"['1248357227_2b4175fc39.jpg', '2906802485_dfebf09173.jpg', '2346772831_b2748ba1f0.jpg']","[0.8217, 0.7205, 0.6588]"
4143,two people in brown hats pull a yellow tube in a small pond surrounded by greenery,3692746368_ab7d97ab31.jpg,7,0.5654,0.8173,0.2519,"['2906802485_dfebf09173.jpg', '561179884_8b6b925ef9.jpg', '482088914_e6ea4501e9.jpg']","[0.8173, 0.738, 0.6132]"
4144,two people trudge through the water with their raft,3692746368_ab7d97ab31.jpg,3,0.6823,0.7687,0.0864,"['482088914_e6ea4501e9.jpg', '2906802485_dfebf09173.jpg', '3692746368_ab7d97ab31.jpg']","[0.7687, 0.6892, 0.6823]"
4145,a blonde woman with a red backpack in the snow,369360998_ba56fb436f.jpg,-1,0.4516,0.7262,0.2747,"['2109911919_af45b93ef3.jpg', '2131762850_5293a288d9.jpg', '3264650118_be7df266e7.jpg']","[0.7262, 0.6461, 0.6304]"
4146,a lady with a headband is in the snow near a red backpack,369360998_ba56fb436f.jpg,-1,0.4365,0.7178,0.2813,"['3338217927_3c5cf3f7c6.jpg', '2194494220_bb2178832c.jpg', '2676184321_858eff416b.jpg']","[0.7178, 0.6953, 0.661]"
4147,a woman outside in the snow holds a container that produces steam,369360998_ba56fb436f.jpg,-1,0.4933,0.7522,0.2589,"['454709143_9c513f095c.jpg', '2194494220_bb2178832c.jpg', '2328616978_fb21be2b87.jpg']","[0.7522, 0.6726, 0.6581]"
4148,a woman with camping gear is heating something up in the snow,369360998_ba56fb436f.jpg,-1,0.4824,0.6514,0.169,"['3470303255_fbb41b8dd0.jpg', '2527163162_d0fb802992.jpg', '2131762850_5293a288d9.jpg']","[0.6514, 0.6409, 0.6333]"
4149,woman making drinks outdoors in a snowy landscape,369360998_ba56fb436f.jpg,-1,0.3796,0.7424,0.3627,"['454709143_9c513f095c.jpg', '3338291921_fe7ae0c8f8.jpg', '3338217927_3c5cf3f7c6.jpg']","[0.7424, 0.6075, 0.6019]"
4150,the seven men are gathered,3694093650_547259731e.jpg,9,0.6799,0.8069,0.127,"['3535056297_e16f014cb7.jpg', '2540751930_d71c7f5622.jpg', '2211593099_4a4f1c85d2.jpg']","[0.8069, 0.7898, 0.7581]"
4151,the people in white and maroon clothes are in a wooden building,3694093650_547259731e.jpg,-1,0.3332,0.6111,0.2778,"['3259110412_9908c45144.jpg', '3084034954_fe5737197d.jpg', '3288274849_07ff76ee93.jpg']","[0.6111, 0.5822, 0.5586]"
4152,the people are in older looking attire,3694093650_547259731e.jpg,-1,0.2359,0.6592,0.4233,"['3433470650_a8b1c27173.jpg', '3627676364_1dc9294ec5.jpg', '3098707588_5096d20397.jpg']","[0.6592, 0.6503, 0.6442]"
4153,a group of men in period clothing are standing in front of a hut,3694093650_547259731e.jpg,-1,0.5062,0.8388,0.3326,"['3640109324_3ce89e4d1a.jpg', '2219959872_988e6d498e.jpg', '470887791_86d5a08a38.jpg']","[0.8388, 0.7634, 0.7551]"
4154,a group of people dressed as pirates,3694093650_547259731e.jpg,-1,0.4723,0.706,0.2337,"['2622971954_59f192922d.jpg', '3718007650_e5930b4509.jpg', '3242718240_3358f2d6e6.jpg']","[0.706, 0.6652, 0.657]"
4155,a group of adults and children play with a parachute outdoors,3694219419_a7a83d4886.jpg,2,0.7625,0.7688,0.0063,"['1685990174_09c4fb7df8.jpg', '3694219419_a7a83d4886.jpg', '2470486377_c3a39ccb7b.jpg']","[0.7688, 0.7625, 0.7039]"
4156,a group of children are waving a large cloth up and down,3694219419_a7a83d4886.jpg,2,0.7636,0.7659,0.0023,"['2257294002_0073263c54.jpg', '3694219419_a7a83d4886.jpg', '3404552106_f516df0f5b.jpg']","[0.7659, 0.7636, 0.7425]"
4157,a group of people holding up a bed sheet like a parachute while two people run underneath to fetch a soccer ball,3694219419_a7a83d4886.jpg,-1,0.4375,0.6811,0.2436,"['3596959859_a7cb1e194b.jpg', '210126070_0d43b300b9.jpg', '3438858409_136345fa07.jpg']","[0.6811, 0.6745, 0.6402]"
4158,many people raise a large sheet of fabric above their heads,3694219419_a7a83d4886.jpg,4,0.6204,0.6645,0.0441,"['3179336562_c3d0c0a3bd.jpg', '3631474374_e40764d153.jpg', '3225037367_a71fa86319.jpg']","[0.6645, 0.6433, 0.6334]"
4159,the group of people is holding a large sheet,3694219419_a7a83d4886.jpg,-1,0.5534,0.7486,0.1951,"['3442844140_15aa45e9b8.jpg', '3042380610_c5ea61eef8.jpg', '3631474374_e40764d153.jpg']","[0.7486, 0.7287, 0.7229]"
4160,two similar brown dogs share holding a white toy while swimming,3695949492_27ca3892fd.jpg,-1,0.4304,0.8236,0.3932,"['1129704496_4a61441f2c.jpg', '2696394827_7342ced36f.jpg', '2632381125_de32bdfdf6.jpg']","[0.8236, 0.8139, 0.7581]"
4161,two identical brown dogs side by side holding something white in both their mouths,3695949492_27ca3892fd.jpg,-1,0.0782,0.6795,0.6013,"['1129704496_4a61441f2c.jpg', '3503623999_bbd5dcfb18.jpg', '1396703063_e8c3687afe.jpg']","[0.6795, 0.6344, 0.5935]"
4162,two grey dogs are carrying a stick in the water,3695949492_27ca3892fd.jpg,-1,0.5054,0.7896,0.2842,"['2632381125_de32bdfdf6.jpg', '2696394827_7342ced36f.jpg', '2089350172_dc2cf9fcf6.jpg']","[0.7896, 0.7748, 0.7649]"
4163,two dogs holding opposite ends of a toy with their mouths swimming,3695949492_27ca3892fd.jpg,-1,0.4559,0.8458,0.3899,"['2696394827_7342ced36f.jpg', '1129704496_4a61441f2c.jpg', '2632381125_de32bdfdf6.jpg']","[0.8458, 0.8269, 0.741]"
4164,two grey dogs swimming in a lake to retrieve a white toy,3695949492_27ca3892fd.jpg,-1,0.4693,0.8468,0.3775,"['2089350172_dc2cf9fcf6.jpg', '2696394827_7342ced36f.jpg', '3587009091_37188fd07e.jpg']","[0.8468, 0.8043, 0.7645]"
4165,dog leaps high for yellow ball as another dog waits below on grass,3696246123_99d4d10140.jpg,6,0.5369,0.653,0.1161,"['539750844_02a07ec524.jpg', '3544673666_ffc7483c96.jpg', '3526018344_450c517a72.jpg']","[0.653, 0.5952, 0.5503]"
4166,these two dogs are outside with one on the ground and one jumping in the air to get a ball,3696246123_99d4d10140.jpg,9,0.5542,0.7336,0.1793,"['684375286_09cc1aa778.jpg', '3415809168_af9dabdba5.jpg', '3526018344_450c517a72.jpg']","[0.7336, 0.719, 0.6214]"
4167,two dog play with ball while one makes a big jump,3696246123_99d4d10140.jpg,4,0.6084,0.7118,0.1034,"['539750844_02a07ec524.jpg', '684375286_09cc1aa778.jpg', '2276314067_7ee246f859.jpg']","[0.7118, 0.6501, 0.6462]"
4168,two dogs play with a ball in a field,3696246123_99d4d10140.jpg,-1,0.4379,0.7204,0.2825,"['684375286_09cc1aa778.jpg', '3415809168_af9dabdba5.jpg', '496971341_22782195f0.jpg']","[0.7204, 0.6813, 0.6458]"
4169,two dogs play with tennis ball in field,3696246123_99d4d10140.jpg,-1,0.3885,0.6638,0.2753,"['684375286_09cc1aa778.jpg', '3526018344_450c517a72.jpg', '2244024374_54d7e88c2b.jpg']","[0.6638, 0.6387, 0.6243]"
4170,young women in dresses standing on a stage,3697378565_7060d9281a.jpg,-1,0.3343,0.7499,0.4156,"['3688858505_e8afd1475d.jpg', '3638783842_af08dbb518.jpg', '3119903318_d032141839.jpg']","[0.7499, 0.6377, 0.6086]"
4171,women line up on state in festive dresses in front of an audience,3697378565_7060d9281a.jpg,-1,0.4869,0.6523,0.1653,"['3280052365_c4644bf0a5.jpg', '3565598162_56044bc2f7.jpg', '3084034954_fe5737197d.jpg']","[0.6523, 0.6269, 0.6186]"
4172,several young women in tropical clothing stand on a stage,3697378565_7060d9281a.jpg,-1,0.4682,0.7318,0.2636,"['3565598162_56044bc2f7.jpg', '3688858505_e8afd1475d.jpg', '3111897772_5211a37a02.jpg']","[0.7318, 0.6997, 0.6362]"
4173,a line of women dressed in colorful gowns standing on a round stage,3697378565_7060d9281a.jpg,-1,0.4051,0.7913,0.3862,"['3404552106_f516df0f5b.jpg', '3084034954_fe5737197d.jpg', '2928835996_88b9f9503d.jpg']","[0.7913, 0.7725, 0.7391]"
4174,several women wearing bright dresses are in a competition,3697378565_7060d9281a.jpg,-1,0.3811,0.8095,0.4284,"['3084034954_fe5737197d.jpg', '3404552106_f516df0f5b.jpg', '440184957_267f3f3a2b.jpg']","[0.8095, 0.7169, 0.7094]"
4177,a blond toddler in green trousers peeks through a fence,3698944019_825ef54f2f.jpg,5,0.5984,0.7314,0.133,"['3345025842_bc2082a509.jpg', '444057017_f1e0fcaef7.jpg', '640409060_6af18fdd54.jpg']","[0.7314, 0.6687, 0.6466]"
4180,a young man in an orange shirt brandishes two ladles,3701226275_952547ba0f.jpg,-1,0.3711,0.7775,0.4064,"['2891240104_6755281868.jpg', '2815256108_fc1302117d.jpg', '3649307685_60c1294d2a.jpg']","[0.7775, 0.7609, 0.7464]"
4181,a young man holds a hammer shaped object in the air with one hand and a similar shaped object in the other while making a funny expression,3701226275_952547ba0f.jpg,6,0.637,0.7937,0.1568,"['2735792721_b8fe85e803.jpg', '576920249_df1bdc2068.jpg', '2991575785_bd4868e215.jpg']","[0.7937, 0.7312, 0.6837]"
4182,a boy is posing with a metal ladle in each hand,3701226275_952547ba0f.jpg,-1,0.4688,0.7719,0.3032,"['1860543210_47e94cf652.jpg', '3494394662_3edfd4a34c.jpg', '3612249030_e2829ffa31.jpg']","[0.7719, 0.7585, 0.7212]"
4183,a boy with a yellow shirt and light brown shorts is posing with a long dipping spoon in each hand,3701226275_952547ba0f.jpg,-1,0.4929,0.718,0.2251,"['3405942945_f4af2934a6.jpg', '543264612_c53cc163b4.jpg', '2021671653_567395c7cf.jpg']","[0.718, 0.6821, 0.6694]"
4184,a man in orange holds soup ladles and makes a funny face,3701226275_952547ba0f.jpg,-1,0.4057,0.737,0.3313,"['1235580648_7eebaed9bc.jpg', '2551344688_17a12a6948.jpg', '1860543210_47e94cf652.jpg']","[0.737, 0.7348, 0.6652]"
4185,a boat floats in the water,3701509233_a2275a4e57.jpg,6,0.7128,0.8608,0.148,"['2125216241_5b265a2fbc.jpg', '3467510271_0f57e52768.jpg', '3037558954_20115165e3.jpg']","[0.8608, 0.8281, 0.8064]"
4186,a boat with a red and white sail in a body of water in the back of this scene,3701509233_a2275a4e57.jpg,4,0.7206,0.8545,0.1339,"['2125216241_5b265a2fbc.jpg', '3037558954_20115165e3.jpg', '3467510271_0f57e52768.jpg']","[0.8545, 0.8487, 0.8212]"
4187,a ship with a red and white sail is in a body of water,3701509233_a2275a4e57.jpg,8,0.5551,0.8322,0.2771,"['3037558954_20115165e3.jpg', '3467510271_0f57e52768.jpg', '2984174290_a915748d77.jpg']","[0.8322, 0.702, 0.6834]"
4188,boat sails in rough water,3701509233_a2275a4e57.jpg,-1,0.1987,0.8584,0.6598,"['3207264553_8cd4dcde53.jpg', '3421131122_2e4bde661e.jpg', '482088914_e6ea4501e9.jpg']","[0.8584, 0.8193, 0.8087]"
4189,distant boat with striped sail sailing between two land masses,3701509233_a2275a4e57.jpg,3,0.7724,0.8691,0.0967,"['2125216241_5b265a2fbc.jpg', '3467510271_0f57e52768.jpg', '3701509233_a2275a4e57.jpg']","[0.8691, 0.7801, 0.7724]"
4190,two children peek out the window of an rv with a pet snake,3703413486_3c682732a0.jpg,9,0.543,0.6492,0.1062,"['3480052428_c034b98a08.jpg', '2542037086_58c833699c.jpg', '2911919938_6bb6587a36.jpg']","[0.6492, 0.6205, 0.608]"
4191,two young boys lean out the window of a white rv with their stuffed toy snake,3703413486_3c682732a0.jpg,-1,0.3538,0.6681,0.3142,"['2337809114_899ba61330.jpg', '3079787482_0757e9d167.jpg', '3587009091_37188fd07e.jpg']","[0.6681, 0.6086, 0.5946]"
4192,two boys peer out the window of a rv while one holds a stuffed toy,3703413486_3c682732a0.jpg,-1,0.5225,0.7025,0.18,"['1177994172_10d143cb8d.jpg', '860928274_744d14f198.jpg', '542317719_ed4dd95dc2.jpg']","[0.7025, 0.6558, 0.5928]"
4193,a boy sticks an aligator puppet out of a camper van window,3703413486_3c682732a0.jpg,2,0.688,0.7932,0.1052,"['2750867389_4b815f793a.jpg', '3703413486_3c682732a0.jpg', '2046222127_a6f300e202.jpg']","[0.7932, 0.688, 0.6322]"
4195,a shirtless boy throwing something with the sunlight low on the water,3705688385_47651205d3.jpg,-1,0.4749,0.7787,0.3038,"['2681215810_00b0642f7b.jpg', '2107838729_a527e434bd.jpg', '3767841911_6678052eb6.jpg']","[0.7787, 0.7683, 0.7175]"
4196,a young boy in a swimsuit throws a rock into the water,3705688385_47651205d3.jpg,-1,0.342,0.7962,0.4542,"['2162564553_96de62c7e6.jpg', '2107838729_a527e434bd.jpg', '2271468944_3264d29208.jpg']","[0.7962, 0.7623, 0.6966]"
4197,a young man throws something in the water,3705688385_47651205d3.jpg,5,0.6738,0.7465,0.0726,"['3208074567_ac44aeb3f3.jpg', '2735792721_b8fe85e803.jpg', '2704934519_457dc38986.jpg']","[0.7465, 0.7339, 0.7264]"
4198,boy throwing something into the ocean,3705688385_47651205d3.jpg,-1,0.5417,0.726,0.1843,"['3666537170_c4ecda4be8.jpg', '3178489390_13a6ae7524.jpg', '2107838729_a527e434bd.jpg']","[0.726, 0.6788, 0.6446]"
4200,three people walking in a park right outside of the city,3707283973_5cdaa39340.jpg,-1,0.5134,0.8894,0.376,"['445861800_75fc6a8c16.jpg', '2222559267_6fd31e3941.jpg', '268365231_a0acecdc45.jpg']","[0.8894, 0.7193, 0.7146]"
4201,three people on a walk down a cement path beside a field of wildflowers with skyscrapers in the background,3707283973_5cdaa39340.jpg,-1,0.5756,0.7187,0.1431,"['268654674_d29e00b3d0.jpg', '2344412916_9a5a9b1c82.jpg', '2289096282_4ef120f189.jpg']","[0.7187, 0.689, 0.6859]"
4202,three people are walking in a park with flowers,3707283973_5cdaa39340.jpg,-1,0.337,0.6862,0.3492,"['3501083764_cf592292a6.jpg', '534056823_0752303702.jpg', '3125158798_0743dae56e.jpg']","[0.6862, 0.6563, 0.6525]"
4205,a girl in pink and yellow on a pink and orange surfboard cuts through the wave,3707990914_843e8f15f1.jpg,-1,0.5847,0.8173,0.2326,"['2238166082_140f8b01b8.jpg', '654130822_4aeb1f1273.jpg', '514222285_aa0c8d05b7.jpg']","[0.8173, 0.6825, 0.6555]"
4206,a surfer rides the wave,3707990914_843e8f15f1.jpg,6,0.6854,0.9185,0.233,"['3018304737_0a46fc5f1d.jpg', '3168123064_d1983b8f92.jpg', '2984174290_a915748d77.jpg']","[0.9185, 0.8167, 0.7575]"
4208,a woman on a surfboard rides a wave,3707990914_843e8f15f1.jpg,2,0.749,0.834,0.0849,"['3627679667_0e3de9fc90.jpg', '3707990914_843e8f15f1.jpg', '3640329164_20cb245fd5.jpg']","[0.834, 0.749, 0.6932]"
4209,the girl catches a wave on her pink surfboard,3707990914_843e8f15f1.jpg,10,0.5734,0.6739,0.1005,"['2726262796_03bd63a155.jpg', '2701487024_e866eb4550.jpg', '2238166082_140f8b01b8.jpg']","[0.6739, 0.6588, 0.6455]"
4210,a person snowboarding leaps over an obstacle to continue down the hill,3708743823_3e3e0554d1.jpg,-1,0.5516,0.779,0.2275,"['3241965735_8742782a70.jpg', '3357416302_fcfcdd7b86.jpg', '3329169877_175cb16845.jpg']","[0.779, 0.7566, 0.7126]"
4211,a man skiing down a hill and over a red obstacle,3708743823_3e3e0554d1.jpg,-1,0.4074,0.7983,0.3909,"['2339140905_9f625f140a.jpg', '2272750492_91e8f67328.jpg', '3264650118_be7df266e7.jpg']","[0.7983, 0.692, 0.674]"
4212,a snowboarder jumps over a ramp on a mountain course,3708743823_3e3e0554d1.jpg,-1,0.6126,0.8351,0.2226,"['3329793486_afc16663cc.jpg', '3254645823_a7c072481c.jpg', '3259110412_9908c45144.jpg']","[0.8351, 0.7725, 0.748]"
4213,a guy in a red jacket is snowboarding in midair,3708743823_3e3e0554d1.jpg,-1,0.5581,0.785,0.2269,"['3248352729_ab264b2222.jpg', '3254645823_a7c072481c.jpg', '3108732084_565b423162.jpg']","[0.785, 0.7603, 0.7489]"
4214,a man is snowboarding down a railing in the snow,3708743823_3e3e0554d1.jpg,2,0.7669,0.7778,0.0108,"['3170551725_1276644eab.jpg', '3708743823_3e3e0554d1.jpg', '3014080715_f4f0dbb56e.jpg']","[0.7778, 0.7669, 0.7509]"
4215,a family of two young boys and a woman and man pose in front of a scenic background,3711664623_ef87105ea7.jpg,-1,0.3789,0.8828,0.504,"['3694093650_547259731e.jpg', '2211593099_4a4f1c85d2.jpg', '3712923460_1b20ebb131.jpg']","[0.8828, 0.8646, 0.7802]"
4216,a woman man and two children,3711664623_ef87105ea7.jpg,-1,0.4906,0.7763,0.2857,"['979383193_0a542a059d.jpg', '2337809114_899ba61330.jpg', '2211593099_4a4f1c85d2.jpg']","[0.7763, 0.7185, 0.6724]"
4218,two adults and two boys posing with mountains and a lake in the background,3711664623_ef87105ea7.jpg,2,0.7132,0.7177,0.0046,"['2211593099_4a4f1c85d2.jpg', '3711664623_ef87105ea7.jpg', '571507143_be346225b7.jpg']","[0.7177, 0.7132, 0.6055]"
4221,a dog swimming in a pond,3712742641_641282803e.jpg,2,0.8033,0.8098,0.0065,"['2339946012_06bd480ab8.jpg', '3712742641_641282803e.jpg', '2613209320_edf6a2b7e9.jpg']","[0.8098, 0.8033, 0.7874]"
4222,a dog treads through dark green water,3712742641_641282803e.jpg,7,0.7584,0.8817,0.1233,"['443430496_3fea95a07d.jpg', '3695949492_27ca3892fd.jpg', '431410325_f4916b5460.jpg']","[0.8817, 0.8629, 0.86]"
4225,a bunch of people in camo pants run,3712923460_1b20ebb131.jpg,2,0.6863,0.7542,0.0679,"['3463268965_f22884fc69.jpg', '3712923460_1b20ebb131.jpg', '2698487246_e827404cac.jpg']","[0.7542, 0.6863, 0.6688]"
4228,a group of people in army pants running,3712923460_1b20ebb131.jpg,4,0.6318,0.779,0.1472,"['3463268965_f22884fc69.jpg', '2344412916_9a5a9b1c82.jpg', '2698487246_e827404cac.jpg']","[0.779, 0.7117, 0.671]"
4229,a group of people wearing army clothes run together down the street,3712923460_1b20ebb131.jpg,-1,0.5402,0.7477,0.2075,"['2986671935_0c60bbb3fa.jpg', '3463268965_f22884fc69.jpg', '3347701468_bb0001b035.jpg']","[0.7477, 0.7209, 0.6951]"
4230,women are putting their robes and headdresses on,3716277216_c04002be81.jpg,7,0.6195,0.7688,0.1494,"['3404552106_f516df0f5b.jpg', '2928835996_88b9f9503d.jpg', '3084034954_fe5737197d.jpg']","[0.7688, 0.7514, 0.7391]"
4231,three women wearing traditional apparel make the final touches on their clothing,3716277216_c04002be81.jpg,-1,0.4337,0.8357,0.402,"['440184957_267f3f3a2b.jpg', '3184031654_34b5c4ffe1.jpg', '3084034954_fe5737197d.jpg']","[0.8357, 0.7039, 0.6888]"
4232,three women are dressed in african clothes and two of them are putting on makeup,3716277216_c04002be81.jpg,-1,0.5619,0.7986,0.2367,"['440184957_267f3f3a2b.jpg', '3084034954_fe5737197d.jpg', '3404552106_f516df0f5b.jpg']","[0.7986, 0.7934, 0.7244]"
4233,three african women in traditional orange costume are gathered in front of a yellow curtain,3716277216_c04002be81.jpg,10,0.5566,0.7406,0.184,"['3404552106_f516df0f5b.jpg', '440184957_267f3f3a2b.jpg', '3084034954_fe5737197d.jpg']","[0.7406, 0.7331, 0.728]"
4234,three african american women are dressed in bright orange and brown dresses and head scarves,3716277216_c04002be81.jpg,6,0.6588,0.7989,0.1401,"['3084034954_fe5737197d.jpg', '440184957_267f3f3a2b.jpg', '3404552106_f516df0f5b.jpg']","[0.7989, 0.7841, 0.7013]"
4235,a girl with a black dress and big white bow stands with her back to the camera,3718007650_e5930b4509.jpg,-1,0.4492,0.6736,0.2244,"['1449692616_60507875fb.jpg', '2204550058_2707d92338.jpg', '2721656220_5f4cda8bc1.jpg']","[0.6736, 0.639, 0.6349]"
4237,people stand outside watching something,3718007650_e5930b4509.jpg,-1,0.5755,0.7997,0.2242,"['3474265683_43b1033d94.jpg', '3627676364_1dc9294ec5.jpg', '2930622766_fa8f84deb1.jpg']","[0.7997, 0.7452, 0.7399]"
4238,people with costumes are gathered in a wooded area looking the same direction,3718007650_e5930b4509.jpg,8,0.6104,0.7142,0.1037,"['2728276857_3f83757ef2.jpg', '2211593099_4a4f1c85d2.jpg', '3197891333_b1b0fd1702.jpg']","[0.7142, 0.7073, 0.6948]"
4239,the back of a woman in costume little girl looks at her,3718007650_e5930b4509.jpg,-1,0.4247,0.6602,0.2355,"['2102732029_9ae520914d.jpg', '617038406_4092ee91dd.jpg', '3437315443_ba2263f92e.jpg']","[0.6602, 0.6593, 0.6461]"
4240,the man rides his bicycle up the brick wall,3724113279_99b6e5bf41.jpg,3,0.6331,0.7155,0.0824,"['3476451861_5b9c9ce191.jpg', '3671933270_d124e9a1a4.jpg', '3724113279_99b6e5bf41.jpg']","[0.7155, 0.6526, 0.6331]"
4243,a bmx rider wall rides,3724113279_99b6e5bf41.jpg,2,0.6908,0.8122,0.1214,"['3476451861_5b9c9ce191.jpg', '3724113279_99b6e5bf41.jpg', '2084217208_7bd9bc85e5.jpg']","[0.8122, 0.6908, 0.653]"
4244,a man jumps with his bike near a brick wall,3724113279_99b6e5bf41.jpg,2,0.6956,0.7024,0.0068,"['3476451861_5b9c9ce191.jpg', '3724113279_99b6e5bf41.jpg', '486917990_72bd4069af.jpg']","[0.7024, 0.6956, 0.5765]"
4245,the white dog is being squirted in the face with a jet of water,3724718895_bd03f4a4dc.jpg,-1,0.2644,0.7114,0.447,"['2100046085_69b59b6645.jpg', '2209496328_2a34fd201d.jpg', '3595643050_d312e4b652.jpg']","[0.7114, 0.6884, 0.6337]"
4246,a dog drinks the sprinkler water,3724718895_bd03f4a4dc.jpg,-1,-0.1154,0.7609,0.8764,"['2574230252_f5a1382dd4.jpg', '431410325_f4916b5460.jpg', '2613209320_edf6a2b7e9.jpg']","[0.7609, 0.7426, 0.682]"
4247,a small brown and white dog is playing with the sprinkler in the grass,3724718895_bd03f4a4dc.jpg,-1,0.4794,0.6759,0.1965,"['3224578187_749882c17f.jpg', '2505360288_c972bd29c4.jpg', '1095476286_87d4f8664e.jpg']","[0.6759, 0.6594, 0.6514]"
4248,a small terrier plays in a sprinkler,3724718895_bd03f4a4dc.jpg,-1,0.2702,0.7255,0.4553,"['2685752892_9d5cd7f274.jpg', '1095476286_87d4f8664e.jpg', '2410618963_fb78307d18.jpg']","[0.7255, 0.6648, 0.6458]"
4249,the little black and white dog is running in the sprinkler,3724718895_bd03f4a4dc.jpg,2,0.6565,0.7779,0.1214,"['3401902253_cd27e6d0fe.jpg', '3724718895_bd03f4a4dc.jpg', '2369248869_0266760c4a.jpg']","[0.7779, 0.6565, 0.6446]"
4250,there are many men racing on their bicycles,3726025663_e7d35d23f6.jpg,3,0.8067,0.8943,0.0877,"['2986671935_0c60bbb3fa.jpg', '2744600462_5804577296.jpg', '3726025663_e7d35d23f6.jpg']","[0.8943, 0.8838, 0.8067]"
4251,bikers participate in a race,3726025663_e7d35d23f6.jpg,3,0.8286,0.8743,0.0457,"['2986671935_0c60bbb3fa.jpg', '2744600462_5804577296.jpg', '3726025663_e7d35d23f6.jpg']","[0.8743, 0.8346, 0.8286]"
4252,bicycles in a race,3726025663_e7d35d23f6.jpg,3,0.8336,0.9195,0.0859,"['2744600462_5804577296.jpg', '2986671935_0c60bbb3fa.jpg', '3726025663_e7d35d23f6.jpg']","[0.9195, 0.8666, 0.8336]"
4253,a group of people ride in a race,3726025663_e7d35d23f6.jpg,2,0.8096,0.8723,0.0627,"['2986671935_0c60bbb3fa.jpg', '3726025663_e7d35d23f6.jpg', '2744600462_5804577296.jpg']","[0.8723, 0.8096, 0.7849]"
4254,a large group of bicycles riding their bikes,3726025663_e7d35d23f6.jpg,3,0.8357,0.9016,0.0659,"['2744600462_5804577296.jpg', '2986671935_0c60bbb3fa.jpg', '3726025663_e7d35d23f6.jpg']","[0.9016, 0.8798, 0.8357]"
4258,two old people sitting in chairs talking in front of a hill,3726120436_740bda8416.jpg,10,0.5231,0.7124,0.1894,"['3108378861_d2214d971e.jpg', '3091962081_194f2f3bd4.jpg', '2525666287_638ab5e784.jpg']","[0.7124, 0.6784, 0.6258]"
4260,the man in the bright colored shirt is balancing a knife on his arm,3726700898_c50494b8bd.jpg,-1,0.5953,0.6883,0.093,"['2856700531_312528eea4.jpg', '1418019748_51c7d59c11.jpg', '3613005134_bb7f304da1.jpg']","[0.6883, 0.6859, 0.6786]"
4261,a man is tossing a knife in the air while another man stands nearby,3726700898_c50494b8bd.jpg,-1,0.3993,0.6573,0.258,"['518789868_8895ef8792.jpg', '3438858409_136345fa07.jpg', '136639119_6040b00946.jpg']","[0.6573, 0.6439, 0.6425]"
4262,a young man shows off a knife trick to another,3726700898_c50494b8bd.jpg,-1,0.5628,0.7282,0.1654,"['3630332976_fdba22c50b.jpg', '350443876_c9769f5734.jpg', '3318995586_c2bc50b92e.jpg']","[0.7282, 0.7134, 0.7123]"
4263,a man balances a knife on his arm as another man watches,3726700898_c50494b8bd.jpg,-1,0.5316,0.7256,0.1941,"['3649307685_60c1294d2a.jpg', '2891240104_6755281868.jpg', '3438858409_136345fa07.jpg']","[0.7256, 0.6677, 0.6617]"
4264,a man has a knife on his arm and another man is watching,3726700898_c50494b8bd.jpg,-1,0.4972,0.758,0.2609,"['2551344688_17a12a6948.jpg', '2891240104_6755281868.jpg', '3640109324_3ce89e4d1a.jpg']","[0.758, 0.7479, 0.6901]"
4266,a biker is riding down the stairs on his bike at night,3729405438_6e79077ab2.jpg,2,0.7713,0.851,0.0797,"['3476451861_5b9c9ce191.jpg', '3729405438_6e79077ab2.jpg', '486917990_72bd4069af.jpg']","[0.851, 0.7713, 0.6339]"
4270,a man stands near a wall and smokes a cigarette,374103842_17873ce505.jpg,2,0.6506,0.6728,0.0222,"['1414820925_3504c394e1.jpg', '374103842_17873ce505.jpg', '2676648667_cb055b4fc6.jpg']","[0.6728, 0.6506, 0.6407]"
4271,a man in black smokes a cigarette in a basement,374103842_17873ce505.jpg,5,0.6452,0.7118,0.0666,"['3310067561_b92017acab.jpg', '2437266971_b91a8f9a00.jpg', '1414820925_3504c394e1.jpg']","[0.7118, 0.709, 0.7051]"
4273,a man dressed in black is smoking a cigarette,374103842_17873ce505.jpg,4,0.6248,0.7052,0.0805,"['3310067561_b92017acab.jpg', '1414820925_3504c394e1.jpg', '1057210460_09c6f4c6c1.jpg']","[0.7052, 0.7049, 0.6671]"
4275,a girl dressed in black is posing for the camera,374124237_51f62b6937.jpg,-1,0.4857,0.7767,0.291,"['2721656220_5f4cda8bc1.jpg', '1527297882_dededc7891.jpg', '3627011534_485f667b10.jpg']","[0.7767, 0.7091, 0.6868]"
4276,a woman dressed in black,374124237_51f62b6937.jpg,-1,0.3485,0.6303,0.2818,"['1527297882_dededc7891.jpg', '2676184321_858eff416b.jpg', '433855742_c2a6fda763.jpg']","[0.6303, 0.629, 0.6187]"
4277,a woman in black clothes with one leg up,374124237_51f62b6937.jpg,-1,0.3351,0.6832,0.348,"['2204550058_2707d92338.jpg', '2061354254_faa5bd294b.jpg', '3564385317_1bf5094068.jpg']","[0.6832, 0.6713, 0.6063]"
4278,a woman in black leggings and beige cowboy boots,374124237_51f62b6937.jpg,-1,0.1186,0.6859,0.5673,"['551664516_78a5131dc4.jpg', '440184957_267f3f3a2b.jpg', '2328616978_fb21be2b87.jpg']","[0.6859, 0.6001, 0.5986]"
4279,a woman is propping her leg up revealing cleavage a great tatoo and some kicking boots,374124237_51f62b6937.jpg,-1,0.2275,0.7787,0.5512,"['2061354254_faa5bd294b.jpg', '514222303_cb98584536.jpg', '3442978981_53bf1f45f3.jpg']","[0.7787, 0.6862, 0.6205]"
4280,the boy wearing the green shirt is climbing on a blue inflatable,3741827382_71e93298d0.jpg,-1,0.4268,0.7405,0.3136,"['2597737483_6518a230e4.jpg', '3317960829_78bbfafbb6.jpg', '2988244398_5da7012fce.jpg']","[0.7405, 0.7144, 0.6879]"
4281,a young boy plays in front of a blue object,3741827382_71e93298d0.jpg,-1,0.3949,0.8234,0.4285,"['543264612_c53cc163b4.jpg', '1427391496_ea512cbe7f.jpg', '2212472643_80238475b5.jpg']","[0.8234, 0.7375, 0.7224]"
4283,a boy in a green shirt above something blue,3741827382_71e93298d0.jpg,6,0.6183,0.7186,0.1003,"['3612249030_e2829ffa31.jpg', '2341254813_c53a5ef27a.jpg', '2267819545_446c5a3e18.jpg']","[0.7186, 0.6795, 0.6707]"
4285,three girls do back flips and cartwheels in the surf,3747543364_bf5b548527.jpg,5,0.6005,0.738,0.1375,"['2257294002_0073263c54.jpg', '2830869109_c4e403eae6.jpg', '2335428699_4eba9b6245.jpg']","[0.738, 0.7053, 0.6249]"
4286,three girls do handstands at the beach,3747543364_bf5b548527.jpg,4,0.5835,0.7177,0.1343,"['2257294002_0073263c54.jpg', '2335428699_4eba9b6245.jpg', '3688858505_e8afd1475d.jpg']","[0.7177, 0.6539, 0.6142]"
4287,three girls doing back flips on the beach,3747543364_bf5b548527.jpg,3,0.6489,0.6678,0.0189,"['2830869109_c4e403eae6.jpg', '3415287719_3c776f370e.jpg', '3747543364_bf5b548527.jpg']","[0.6678, 0.6503, 0.6489]"
4288,three little girls cartwheel in the ocean,3747543364_bf5b548527.jpg,2,0.704,0.7113,0.0073,"['2911245290_b2c79f328a.jpg', '3747543364_bf5b548527.jpg', '3041689520_c481bdb20e.jpg']","[0.7113, 0.704, 0.6146]"
4290,boy in a blue shirt riding on a toy,3751594676_edfbfa0688.jpg,-1,0.493,0.6864,0.1933,"['964197865_0133acaeb4.jpg', '2372572028_53b76104a9.jpg', '2556392380_ee57514233.jpg']","[0.6864, 0.6724, 0.6039]"
4291,a toddler with a look of fear on his face is on playground equipment,3751594676_edfbfa0688.jpg,-1,0.3587,0.772,0.4133,"['2556392380_ee57514233.jpg', '2358554995_54ed3baa83.jpg', '1539166395_0cdc0accee.jpg']","[0.772, 0.7452, 0.7026]"
4292,a little boy is playing on a playground rocking toy,3751594676_edfbfa0688.jpg,-1,0.516,0.718,0.2019,"['964197865_0133acaeb4.jpg', '2381613738_d8d2012e3c.jpg', '3317960829_78bbfafbb6.jpg']","[0.718, 0.7028, 0.5821]"
4293,a blond toddler wearing a blue sweater riding on a wooden toy,3751594676_edfbfa0688.jpg,8,0.6174,0.8291,0.2118,"['964197865_0133acaeb4.jpg', '1539166395_0cdc0accee.jpg', '2358554995_54ed3baa83.jpg']","[0.8291, 0.7216, 0.7052]"
4294,a child in blue and yellow clothing is clinging to playground equipment with an adult nearby,3751594676_edfbfa0688.jpg,-1,0.3279,0.7038,0.3759,"['2556392380_ee57514233.jpg', '2647049174_0fb47cee2e.jpg', '964197865_0133acaeb4.jpg']","[0.7038, 0.6788, 0.6666]"
4295,a baby girl in an orange dress gets wet as she stands next to a water sprinkler,3767841911_6678052eb6.jpg,-1,0.4503,0.6732,0.223,"['1308472581_9961782889.jpg', '2594459477_8ca0121a9a.jpg', '1299459550_1fd5594fa2.jpg']","[0.6732, 0.6247, 0.6225]"
4296,a blonde toddler wearing an orange dress is wet and standing beside a sprinkler in a yard,3767841911_6678052eb6.jpg,8,0.5817,0.7385,0.1568,"['1308472581_9961782889.jpg', '2685752892_9d5cd7f274.jpg', '2505360288_c972bd29c4.jpg']","[0.7385, 0.6767, 0.6419]"
4297,a child in a dress is looking at a sprinkler,3767841911_6678052eb6.jpg,-1,0.4989,0.6207,0.1218,"['2903617548_d3e38d7f88.jpg', '1308472581_9961782889.jpg', '2594459477_8ca0121a9a.jpg']","[0.6207, 0.6183, 0.6046]"
4298,a little girl in an orange dress is running through the sprinkler in the yard,3767841911_6678052eb6.jpg,9,0.5634,0.8158,0.2524,"['2594459477_8ca0121a9a.jpg', '2592019072_a6c0090da4.jpg', '1095476286_87d4f8664e.jpg']","[0.8158, 0.6696, 0.6603]"
4299,on wet grass little blond girl in orange dress plays in sprinkler,3767841911_6678052eb6.jpg,-1,0.5332,0.7695,0.2364,"['2594459477_8ca0121a9a.jpg', '2592019072_a6c0090da4.jpg', '2747714500_49476225c6.jpg']","[0.7695, 0.6417, 0.6335]"
4305,a white dog and two black dogs playing,382090166_be2c2c63e1.jpg,3,0.7898,0.8286,0.0388,"['2545192257_142fe9e2de.jpg', '351876121_c7c0221928.jpg', '382090166_be2c2c63e1.jpg']","[0.8286, 0.7965, 0.7898]"
4306,a white poodle and 2 black poodles are playing on the grass,382090166_be2c2c63e1.jpg,-1,0.5244,0.6878,0.1635,"['2095444126_201ff9f222.jpg', '3415809168_af9dabdba5.jpg', '3132619510_7dfc947d25.jpg']","[0.6878, 0.6631, 0.6595]"
4307,a white poodle and two black poodles are playing in the grass on an autumn day,382090166_be2c2c63e1.jpg,5,0.6264,0.7417,0.1153,"['3415809168_af9dabdba5.jpg', '2428275562_4bde2bc5ea.jpg', '2095444126_201ff9f222.jpg']","[0.7417, 0.6756, 0.636]"
4308,a white poodle is climbing over a black poodle who is in turn climbing over another black poodle,382090166_be2c2c63e1.jpg,-1,0.4698,0.6529,0.1831,"['2444339090_bf7b3211f4.jpg', '251056963_c8b67f0107.jpg', '2095444126_201ff9f222.jpg']","[0.6529, 0.6351, 0.6339]"
4309,two black dogs and one white dog interact,382090166_be2c2c63e1.jpg,2,0.8356,0.8587,0.0231,"['2545192257_142fe9e2de.jpg', '382090166_be2c2c63e1.jpg', '351876121_c7c0221928.jpg']","[0.8587, 0.8356, 0.6977]"
4310,two girls with baseball caps are eating a snack outside,389643437_9a9830a3ba.jpg,6,0.6031,0.7252,0.1221,"['3134341610_3c55e373a7.jpg', '3638783842_af08dbb518.jpg', '3184031654_34b5c4ffe1.jpg']","[0.7252, 0.6937, 0.6788]"
4311,two girls sitting in the grass wearing hats eat snacks,389643437_9a9830a3ba.jpg,3,0.6459,0.7333,0.0874,"['3035118753_69287079dc.jpg', '3184031654_34b5c4ffe1.jpg', '389643437_9a9830a3ba.jpg']","[0.7333, 0.6463, 0.6459]"
4312,two children taking in a snack,389643437_9a9830a3ba.jpg,-1,0.2818,0.7345,0.4528,"['3079787482_0757e9d167.jpg', '799431781_65dc312afc.jpg', '979383193_0a542a059d.jpg']","[0.7345, 0.6865, 0.6808]"
4313,a girl in a white cap eats a slice of fruit next to a girl in a blue cap who is eating chocolate,389643437_9a9830a3ba.jpg,-1,0.4981,0.7258,0.2276,"['3035118753_69287079dc.jpg', '3638783842_af08dbb518.jpg', '3437273677_47d4462974.jpg']","[0.7258, 0.7138, 0.712]"
4314,one young girl eats fruit while another eats chocolate,389643437_9a9830a3ba.jpg,-1,0.527,0.7301,0.2031,"['3035118753_69287079dc.jpg', '2337809114_899ba61330.jpg', '3437273677_47d4462974.jpg']","[0.7301, 0.6955, 0.6666]"
4315,a man walking a small white and a big white dog on leashes,397547349_1fd14b95af.jpg,2,0.6737,0.7043,0.0306,"['255330891_86d65dfdbf.jpg', '397547349_1fd14b95af.jpg', '2865376471_43c5e6b941.jpg']","[0.7043, 0.6737, 0.6591]"
4316,a man walking down a sidewalk with 2 dogs on leashes,397547349_1fd14b95af.jpg,2,0.7066,0.7133,0.0067,"['2865376471_43c5e6b941.jpg', '397547349_1fd14b95af.jpg', '3353278454_2f3a4d0bbc.jpg']","[0.7133, 0.7066, 0.6879]"
4319,a man walks two dogs on leashes down the street,397547349_1fd14b95af.jpg,2,0.7091,0.7314,0.0223,"['2865376471_43c5e6b941.jpg', '397547349_1fd14b95af.jpg', '256444892_efcb3bd824.jpg']","[0.7314, 0.7091, 0.6956]"
4320,two people sitting together on a subway listening to earphones,397601572_9587a39291.jpg,5,0.6358,0.8036,0.1678,"['1332208215_fa824f6659.jpg', '403678611_73978faed7.jpg', '2525666287_638ab5e784.jpg']","[0.8036, 0.7615, 0.7083]"
4321,two men on a busy subway seen from behind,397601572_9587a39291.jpg,5,0.5596,0.6368,0.0771,"['3353278454_2f3a4d0bbc.jpg', '3084018061_df66d98325.jpg', '2525666287_638ab5e784.jpg']","[0.6368, 0.5994, 0.5993]"
4322,the backs of the heads of two men that are plugging their ears while riding the subway,397601572_9587a39291.jpg,-1,0.4099,0.7667,0.3567,"['2526585002_10987a63f3.jpg', '3640329164_20cb245fd5.jpg', '3155400369_69e3d6d70f.jpg']","[0.7667, 0.7502, 0.633]"
4324,two guys are sharing headphones and are listening to music on a subway,397601572_9587a39291.jpg,-1,0.4572,0.6022,0.145,"['3619232550_0b1e1fd4e4.jpg', '3105929913_94a6882e25.jpg', '3091962081_194f2f3bd4.jpg']","[0.6022, 0.598, 0.5948]"
4325,a brown dog carries something in his mouth while walking through snow,400562847_e15aba0aac.jpg,-1,0.5691,0.8405,0.2715,"['421808539_57abee6d55.jpg', '3338291921_fe7ae0c8f8.jpg', '2327088022_478dbd2c17.jpg']","[0.8405, 0.7537, 0.7032]"
4326,a darkcolored dog walking across snow with something in its mouth,400562847_e15aba0aac.jpg,-1,0.6252,0.7033,0.0781,"['3257277774_aba333a94c.jpg', '2095078658_c14ba89bc2.jpg', '2335619125_2e2034f2c3.jpg']","[0.7033, 0.7004, 0.6946]"
4327,a dog carries an object in the snow,400562847_e15aba0aac.jpg,4,0.7091,0.7565,0.0474,"['2335619125_2e2034f2c3.jpg', '2095078658_c14ba89bc2.jpg', '3266306177_7994dc2865.jpg']","[0.7565, 0.7438, 0.723]"
4328,a dog walks through the snow while blindfolded carrying something in his mouth,400562847_e15aba0aac.jpg,6,0.6305,0.792,0.1615,"['3338291921_fe7ae0c8f8.jpg', '336551609_1385ab139e.jpg', '3266306177_7994dc2865.jpg']","[0.792, 0.689, 0.6742]"
4329,the brown dog has an object in his mouth,400562847_e15aba0aac.jpg,-1,0.1731,0.7694,0.5963,"['3559781965_d4ec00e506.jpg', '724702877_f2a938766b.jpg', '516214924_c2a4364cb3.jpg']","[0.7694, 0.7268, 0.6796]"
4330,the man reading a magazine is sitting in the large room,403678611_73978faed7.jpg,3,0.6889,0.7396,0.0507,"['3066338314_2c3fb731d1.jpg', '2046222127_a6f300e202.jpg', '403678611_73978faed7.jpg']","[0.7396, 0.6917, 0.6889]"
4331,a man with a hat sits in a booth and reads,403678611_73978faed7.jpg,8,0.5664,0.8811,0.3147,"['358607894_5abb1250d3.jpg', '2837640996_0183db8d93.jpg', '942399470_6132d3e5d2.jpg']","[0.8811, 0.7015, 0.6786]"
4332,a man with a black hat and black beard is reading a magazine sitting on a blue bench,403678611_73978faed7.jpg,-1,0.4613,0.7366,0.2753,"['358607894_5abb1250d3.jpg', '3091962081_194f2f3bd4.jpg', '2837640996_0183db8d93.jpg']","[0.7366, 0.7119, 0.6743]"
4333,a man in a cap with a goatee leans against the window and reads a magazine,403678611_73978faed7.jpg,-1,0.3506,0.6965,0.3459,"['1429723917_6af585e4c0.jpg', '2924884899_f512c84332.jpg', '1418019748_51c7d59c11.jpg']","[0.6965, 0.6718, 0.6491]"
4334,a man sitting on an empty train,403678611_73978faed7.jpg,3,0.7238,0.8176,0.0939,"['2046222127_a6f300e202.jpg', '397601572_9587a39291.jpg', '403678611_73978faed7.jpg']","[0.8176, 0.7651, 0.7238]"
4335,a black and brown dog runs through the snow next to some trees,410422753_de506155fa.jpg,2,0.9303,0.9336,0.0034,"['2095078658_c14ba89bc2.jpg', '410422753_de506155fa.jpg', '2335619125_2e2034f2c3.jpg']","[0.9336, 0.9303, 0.8009]"
4336,a dog in the snow,410422753_de506155fa.jpg,7,0.5886,0.913,0.3244,"['421808539_57abee6d55.jpg', '3338291921_fe7ae0c8f8.jpg', '336551609_1385ab139e.jpg']","[0.913, 0.8523, 0.7131]"
4337,a dog is running in the snow,410422753_de506155fa.jpg,3,0.7072,0.8938,0.1865,"['2095078658_c14ba89bc2.jpg', '2115631346_9585a479b0.jpg', '410422753_de506155fa.jpg']","[0.8938, 0.7794, 0.7072]"
4338,a dog runs through the snow,410422753_de506155fa.jpg,5,0.7454,0.9209,0.1755,"['2095078658_c14ba89bc2.jpg', '421808539_57abee6d55.jpg', '2115631346_9585a479b0.jpg']","[0.9209, 0.8351, 0.7795]"
4339,a dog with a shiny dog tags changes course of his stride,410422753_de506155fa.jpg,-1,0.2331,0.6579,0.4248,"['2555535057_007501dae5.jpg', '397547349_1fd14b95af.jpg', '245252561_4f20f1c89e.jpg']","[0.6579, 0.6399, 0.6336]"
4340,two dogs play with a tennis ball in the snow,412101267_7257e6d8c0.jpg,2,0.6447,0.6499,0.0052,"['1287931016_fb015e2e10.jpg', '412101267_7257e6d8c0.jpg', '3338217927_3c5cf3f7c6.jpg']","[0.6499, 0.6447, 0.6208]"
4341,two dogs playing with a ball in the snow,412101267_7257e6d8c0.jpg,3,0.6232,0.6534,0.0302,"['1287931016_fb015e2e10.jpg', '3266306177_7994dc2865.jpg', '412101267_7257e6d8c0.jpg']","[0.6534, 0.6402, 0.6232]"
4344,two dogs one with a tennis ball in his mouth play together in the snow,412101267_7257e6d8c0.jpg,6,0.5763,0.6815,0.1052,"['1129704496_4a61441f2c.jpg', '3266306177_7994dc2865.jpg', '684375286_09cc1aa778.jpg']","[0.6815, 0.6384, 0.5956]"
4345,a group camps in a desolate area,413737417_b0a8b445e9.jpg,3,0.6535,0.7285,0.075,"['3295680663_af21ea648b.jpg', '3638374272_444f5e0457.jpg', '413737417_b0a8b445e9.jpg']","[0.7285, 0.6797, 0.6535]"
4347,a small group of people stands in a rocky field surrounded by camping equipment and patches of snow,413737417_b0a8b445e9.jpg,-1,0.6114,0.7653,0.154,"['530888330_a18343e38d.jpg', '3229821595_77ace81c6b.jpg', '530661899_94655d7d0e.jpg']","[0.7653, 0.7414, 0.7313]"
4348,people with camping equipment on rocky ground,413737417_b0a8b445e9.jpg,2,0.7435,0.7925,0.049,"['3340575518_137ce2695f.jpg', '413737417_b0a8b445e9.jpg', '319870744_0e0138d205.jpg']","[0.7925, 0.7435, 0.6935]"
4349,three cold men set down their supplies in a ditch,413737417_b0a8b445e9.jpg,2,0.6339,0.8004,0.1665,"['561179884_8b6b925ef9.jpg', '413737417_b0a8b445e9.jpg', '492341908_1ef53be265.jpg']","[0.8004, 0.6339, 0.6087]"
4350,an adult wearing a harness climbs in a rocky area,415793623_6c1225ae27.jpg,-1,0.5213,0.8195,0.2982,"['2480832276_fa55480ecb.jpg', '1247181182_35cabd76f3.jpg', '111537222_07e56d5a30.jpg']","[0.8195, 0.687, 0.6865]"
4351,person in blue shirt scales wall,415793623_6c1225ae27.jpg,5,0.6725,0.7304,0.0579,"['486917990_72bd4069af.jpg', '3106340185_80d0cb770a.jpg', '540604040_bec822c144.jpg']","[0.7304, 0.701, 0.6933]"
4352,a middle aged woman climbs a mountain,415793623_6c1225ae27.jpg,-1,0.4755,0.6822,0.2067,"['236095031_5cb17dc54a.jpg', '136639119_6040b00946.jpg', '2623560640_0445c9a138.jpg']","[0.6822, 0.673, 0.6713]"
4356,a small white dog is running across a grassy field,416106657_cab2a107a5.jpg,-1,0.6636,0.8757,0.2121,"['2867699650_e6ddb540de.jpg', '2857609295_16aaa85293.jpg', '3271084924_4778d556cc.jpg']","[0.8757, 0.7861, 0.7709]"
4357,a white dog runs in the grass,416106657_cab2a107a5.jpg,7,0.7045,0.9505,0.246,"['2867699650_e6ddb540de.jpg', '2543247940_083f1b7969.jpg', '512101751_05a6d93e19.jpg']","[0.9505, 0.8254, 0.7389]"
4358,a white dog wearing a red harness runs though the woods,416106657_cab2a107a5.jpg,4,0.6818,0.7716,0.0897,"['2867699650_e6ddb540de.jpg', '2444339090_bf7b3211f4.jpg', '1932161768_996eadac87.jpg']","[0.7716, 0.7459, 0.6867]"
4359,the little white dog wearing the red collar is running in the grass,416106657_cab2a107a5.jpg,10,0.6665,0.8178,0.1514,"['2543247940_083f1b7969.jpg', '2867699650_e6ddb540de.jpg', '2584412512_6767593f24.jpg']","[0.8178, 0.8172, 0.7481]"
4360,a mostly nude man standing on a stool while a family of 5 look at him questioningly,416788726_5b4eb1466e.jpg,-1,0.3451,0.7049,0.3598,"['3673970325_4e025069e9.jpg', '58368365_03ed3e5bdf.jpg', '181777261_84c48b31cb.jpg']","[0.7049, 0.679, 0.6646]"
4361,a man in a small bathing suit standing on a stool at a tourist location,416788726_5b4eb1466e.jpg,-1,0.4138,0.7928,0.3791,"['506882688_b37d549593.jpg', '1095476286_87d4f8664e.jpg', '3353278454_2f3a4d0bbc.jpg']","[0.7928, 0.6383, 0.6359]"
4363,a family of five is watching a performer standing on a stepstool,416788726_5b4eb1466e.jpg,-1,0.3806,0.7779,0.3973,"['3565598162_56044bc2f7.jpg', '3280052365_c4644bf0a5.jpg', '3328535573_33c3cd5b59.jpg']","[0.7779, 0.6834, 0.6744]"
4364,a group of people watch a man standing on a stool dressed in a thong,416788726_5b4eb1466e.jpg,-1,0.2309,0.7245,0.4936,"['3433470650_a8b1c27173.jpg', '2718376488_3c62f7642c.jpg', '2328616978_fb21be2b87.jpg']","[0.7245, 0.694, 0.6509]"
4366,a brown puppy walking through the snow,421808539_57abee6d55.jpg,2,0.7648,0.8067,0.0419,"['341430859_4519802e8f.jpg', '421808539_57abee6d55.jpg', '2095078658_c14ba89bc2.jpg']","[0.8067, 0.7648, 0.6417]"
4367,a dog looks curious at adventures lying ahead in the snow,421808539_57abee6d55.jpg,-1,0.3033,0.6568,0.3534,"['3014080715_f4f0dbb56e.jpg', '1287931016_fb015e2e10.jpg', '1655781989_b15ab4cbff.jpg']","[0.6568, 0.6489, 0.6166]"
4368,a dog walking in the snow,421808539_57abee6d55.jpg,3,0.6935,0.8417,0.1483,"['341430859_4519802e8f.jpg', '2194494220_bb2178832c.jpg', '421808539_57abee6d55.jpg']","[0.8417, 0.7216, 0.6935]"
4369,a yellow puppy walking through the snow,421808539_57abee6d55.jpg,4,0.6397,0.8212,0.1815,"['341430859_4519802e8f.jpg', '3435035138_af32890a4c.jpg', '3014080715_f4f0dbb56e.jpg']","[0.8212, 0.6635, 0.6459]"
4370,two dogs stand side by side in the yard,424506167_01f365726b.jpg,-1,0.4185,0.692,0.2735,"['78984436_ad96eaa802.jpg', '3526018344_450c517a72.jpg', '2314722788_6262c3aa40.jpg']","[0.692, 0.6476, 0.6336]"
4371,a small dog stands next to a larger dog out in a field,424506167_01f365726b.jpg,-1,0.3455,0.7648,0.4193,"['435739506_2daf7f4887.jpg', '2244024374_54d7e88c2b.jpg', '2314722788_6262c3aa40.jpg']","[0.7648, 0.6913, 0.6706]"
4372,two dogs standing in the field,424506167_01f365726b.jpg,6,0.6029,0.8522,0.2493,"['2314722788_6262c3aa40.jpg', '2244024374_54d7e88c2b.jpg', '2567035103_3511020c8f.jpg']","[0.8522, 0.8126, 0.7217]"
4373,a large and small dog interact in a grassy field,424506167_01f365726b.jpg,-1,0.2343,0.8542,0.6199,"['435739506_2daf7f4887.jpg', '3025334206_76888792e5.jpg', '2567035103_3511020c8f.jpg']","[0.8542, 0.7253, 0.6971]"
4374,a small brown jumps in the air as a big brown dog watches,424506167_01f365726b.jpg,4,0.595,0.6571,0.0621,"['2981372647_2061278c60.jpg', '3086523890_fd9394af8b.jpg', '2902486045_6298eb22ef.jpg']","[0.6571, 0.6542, 0.6425]"
4375,a little girl holding her hand so that it looks the rainbow ends in her hand,424869823_7aec015d87.jpg,-1,0.0539,0.7954,0.7415,"['3437315443_ba2263f92e.jpg', '1663454406_5e2cf8c5bb.jpg', '1093737381_b313cd49ff.jpg']","[0.7954, 0.5897, 0.5752]"
4376,a young girl in front of a rainbow,424869823_7aec015d87.jpg,-1,0.2896,0.7413,0.4518,"['3572346664_e1e6c77f11.jpg', '1663454406_5e2cf8c5bb.jpg', '2277081067_d2b4c98bce.jpg']","[0.7413, 0.7067, 0.6166]"
4377,girls posing with rainbow in the sky,424869823_7aec015d87.jpg,-1,-0.1233,0.6983,0.8215,"['3694219419_a7a83d4886.jpg', '3404552106_f516df0f5b.jpg', '2257294002_0073263c54.jpg']","[0.6983, 0.6563, 0.6196]"
4378,the girl is wearing a blue outfit and holding out her hand to a rainbow,424869823_7aec015d87.jpg,-1,0.0298,0.7881,0.7583,"['3174726084_c108de0a64.jpg', '2676184321_858eff416b.jpg', '1663454406_5e2cf8c5bb.jpg']","[0.7881, 0.6697, 0.6459]"
4379,the young girl bent down to touch the rainbow,424869823_7aec015d87.jpg,-1,0.368,0.6451,0.277,"['3572346664_e1e6c77f11.jpg', '319847643_df7c2a1d25.jpg', '514222303_cb98584536.jpg']","[0.6451, 0.6011, 0.5934]"
4380,a young boy in a red shirt plays in a tree,425088533_a460dc4617.jpg,2,0.7726,0.803,0.0305,"['510510783_b2cf5d57bb.jpg', '425088533_a460dc4617.jpg', '3698944019_825ef54f2f.jpg']","[0.803, 0.7726, 0.6948]"
4381,a small child in a tree,425088533_a460dc4617.jpg,8,0.5831,0.8035,0.2204,"['3682038869_585075b5ff.jpg', '3330935489_9cb67ca36b.jpg', '510510783_b2cf5d57bb.jpg']","[0.8035, 0.7726, 0.7444]"
4385,a dog is playing by itself on a beach that has recently seen snowfall,426191845_1e979e9345.jpg,-1,0.6143,0.8346,0.2203,"['1799271536_6e69c8f1dc.jpg', '2281006675_fde04e93dd.jpg', '460478198_83039f2593.jpg']","[0.8346, 0.8283, 0.8188]"
4386,a dog is running in the dirt and snow,426191845_1e979e9345.jpg,-1,0.4382,0.7873,0.3491,"['2115631346_9585a479b0.jpg', '2095078658_c14ba89bc2.jpg', '3257277774_aba333a94c.jpg']","[0.7873, 0.7683, 0.6364]"
4387,a dog running on the sand,426191845_1e979e9345.jpg,-1,0.5841,0.7759,0.1918,"['240583223_e26e17ee96.jpg', '140430106_2978fda105.jpg', '1526325728_74eb4153d8.jpg']","[0.7759, 0.7523, 0.749]"
4388,a dog walking along a snow drift,426191845_1e979e9345.jpg,2,0.672,0.7675,0.0956,"['341430859_4519802e8f.jpg', '426191845_1e979e9345.jpg', '421808539_57abee6d55.jpg']","[0.7675, 0.672, 0.6694]"
4389,a yellow dog is running down a sandy and snowy hill,426191845_1e979e9345.jpg,-1,0.4534,0.6666,0.2132,"['2115631346_9585a479b0.jpg', '421808539_57abee6d55.jpg', '3248352729_ab264b2222.jpg']","[0.6666, 0.6537, 0.6071]"
4390,the dog is running on grass,426920445_d07d1fd0f7.jpg,-1,0.5979,0.802,0.204,"['2886411666_72d8b12ce4.jpg', '2942133798_e57c862a90.jpg', '2880051254_e0ca96b6be.jpg']","[0.802, 0.7575, 0.7499]"
4391,a dog runs on a filed with its mouth open,426920445_d07d1fd0f7.jpg,9,0.6053,0.7229,0.1176,"['2259203920_6b93b721ce.jpg', '3488087117_2719647989.jpg', '2555535057_007501dae5.jpg']","[0.7229, 0.6949, 0.6667]"
4392,the brown and white dog is running through the grass,426920445_d07d1fd0f7.jpg,7,0.7464,0.8852,0.1389,"['2764732789_1392e962d0.jpg', '2886411666_72d8b12ce4.jpg', '2584412512_6767593f24.jpg']","[0.8852, 0.8741, 0.7854]"
4394,a dog runs in a field with its tongue sticking out,426920445_d07d1fd0f7.jpg,-1,0.5641,0.7191,0.155,"['2730994020_64ac1d18be.jpg', '2764732789_1392e962d0.jpg', '3627011534_485f667b10.jpg']","[0.7191, 0.7045, 0.6794]"
4396,a dog leaps in the air to catch a red frisbee,427936315_0b8f7b8d23.jpg,9,0.5767,0.6865,0.1099,"['3290105461_7590f23371.jpg', '2839807428_efe42423f2.jpg', '3485599424_94de8ede51.jpg']","[0.6865, 0.631, 0.6309]"
4397,a dog runs for a red frisbee,427936315_0b8f7b8d23.jpg,-1,0.3821,0.5756,0.1936,"['2448393373_80c011d301.jpg', '2555535057_007501dae5.jpg', '2857609295_16aaa85293.jpg']","[0.5756, 0.5641, 0.5605]"
4398,a dog surrounded by trees runs to catch a frisbee,427936315_0b8f7b8d23.jpg,-1,0.4831,0.7126,0.2295,"['3396817186_b299ee0531.jpg', '3485599424_94de8ede51.jpg', '1346529555_e916816cfe.jpg']","[0.7126, 0.6428, 0.6342]"
4400,a black dog outside with a green toy,428796930_476a3d6395.jpg,2,0.7983,0.8961,0.0978,"['1026685415_0431cbf574.jpg', '428796930_476a3d6395.jpg', '283428775_a3665bee7c.jpg']","[0.8961, 0.7983, 0.6928]"
4401,a black dog plays with a green object,428796930_476a3d6395.jpg,3,0.7037,0.7832,0.0795,"['472860064_a96a228796.jpg', '3383545083_1d7c95b003.jpg', '428796930_476a3d6395.jpg']","[0.7832, 0.7607, 0.7037]"
4402,a black dog playing with a green toy,428796930_476a3d6395.jpg,3,0.6551,0.7857,0.1306,"['1026685415_0431cbf574.jpg', '3383545083_1d7c95b003.jpg', '428796930_476a3d6395.jpg']","[0.7857, 0.6885, 0.6551]"
4403,a black dog is running with a green toy between its paws,428796930_476a3d6395.jpg,2,0.684,0.6876,0.0037,"['1026685415_0431cbf574.jpg', '428796930_476a3d6395.jpg', '3036033157_522a43a550.jpg']","[0.6876, 0.684, 0.6338]"
4404,a black dog is playing with a green toy in yellow grass,428796930_476a3d6395.jpg,2,0.6915,0.8578,0.1663,"['1026685415_0431cbf574.jpg', '428796930_476a3d6395.jpg', '3036033157_522a43a550.jpg']","[0.8578, 0.6915, 0.6577]"
4406,a golden retriever licks his nose as he dries off from the water,431410325_f4916b5460.jpg,4,0.7413,0.7761,0.0349,"['2209496328_2a34fd201d.jpg', '1075881101_d55c46bece.jpg', '3695949492_27ca3892fd.jpg']","[0.7761, 0.7755, 0.7445]"
4407,a long haired dog walks out of the water and licks his nose,431410325_f4916b5460.jpg,3,0.7693,0.8164,0.047,"['3695949492_27ca3892fd.jpg', '3224578187_749882c17f.jpg', '431410325_f4916b5460.jpg']","[0.8164, 0.7768, 0.7693]"
4408,a wet brown dog is leaving the water,431410325_f4916b5460.jpg,9,0.7286,0.8572,0.1286,"['2270483627_16fe41b063.jpg', '2051194177_fbeee211e3.jpg', '3571675421_7e07ac07c5.jpg']","[0.8572, 0.8501, 0.8313]"
4409,the brown dog is running in the water licking his nose,431410325_f4916b5460.jpg,-1,0.6437,0.8653,0.2217,"['3571675421_7e07ac07c5.jpg', '2417745327_a2c2705043.jpg', '2270483627_16fe41b063.jpg']","[0.8653, 0.8599, 0.7543]"
4410,man standing on the street holding a sign,432167214_c17fcc1a2d.jpg,2,0.7653,0.8187,0.0534,"['2815256108_fc1302117d.jpg', '432167214_c17fcc1a2d.jpg', '3499720588_c32590108e.jpg']","[0.8187, 0.7653, 0.7307]"
4411,a man is holding a religious poster,432167214_c17fcc1a2d.jpg,-1,0.3333,0.8372,0.5039,"['1418019748_51c7d59c11.jpg', '3726700898_c50494b8bd.jpg', '2735792721_b8fe85e803.jpg']","[0.8372, 0.7014, 0.6891]"
4412,a man wearing a hat holding a sign with writing on it,432167214_c17fcc1a2d.jpg,3,0.6757,0.7288,0.0531,"['2815256108_fc1302117d.jpg', '3230101918_7d81cb0fc8.jpg', '432167214_c17fcc1a2d.jpg']","[0.7288, 0.6856, 0.6757]"
4413,a man in a blue and yellow jacket holding a religious sign stands in a street with people behind him on the sidewalk,432167214_c17fcc1a2d.jpg,-1,0.5098,0.7003,0.1905,"['495055747_a75872762a.jpg', '3393446245_37dd3f3b59.jpg', '3499720588_c32590108e.jpg']","[0.7003, 0.6855, 0.6756]"
4414,a dark colored man is holding a protest banner in a busy city street with people staring from behind,432167214_c17fcc1a2d.jpg,-1,0.5787,0.7234,0.1447,"['1425919702_ddb761aeec.jpg', '251958970_fa6b423f23.jpg', '3535879138_9281dc83d5.jpg']","[0.7234, 0.7223, 0.7107]"
4415,a dog jumps a man s leg to take a frisbee from his hand,433855742_c2a6fda763.jpg,6,0.7055,0.8429,0.1374,"['2839807428_efe42423f2.jpg', '3608400551_d6f7965308.jpg', '2960033435_c20cc7399a.jpg']","[0.8429, 0.7603, 0.7332]"
4416,a dog jumps for the frisbee the girl is holding,433855742_c2a6fda763.jpg,9,0.6116,0.8492,0.2376,"['2839807428_efe42423f2.jpg', '3608400551_d6f7965308.jpg', '2857609295_16aaa85293.jpg']","[0.8492, 0.7906, 0.6599]"
4417,a person in a black coat playing frisbee with a dog near a wooded area,433855742_c2a6fda763.jpg,3,0.6668,0.7149,0.0481,"['2839807428_efe42423f2.jpg', '2629346153_155ba73ae9.jpg', '433855742_c2a6fda763.jpg']","[0.7149, 0.6728, 0.6668]"
4418,a woman and a dog play with a disk in a field,433855742_c2a6fda763.jpg,6,0.6145,0.8049,0.1904,"['3415646718_f9f4e23a66.jpg', '2518219912_f47214aa16.jpg', '2340919359_f56787d307.jpg']","[0.8049, 0.7137, 0.662]"
4419,the dog owner attempts to retrieve the frisbee from her pet,433855742_c2a6fda763.jpg,-1,0.5282,0.7728,0.2446,"['2839807428_efe42423f2.jpg', '3415646718_f9f4e23a66.jpg', '2616561200_ea079f285a.jpg']","[0.7728, 0.7514, 0.735]"
4420,two dogs run in a field of brown grass,435739506_2daf7f4887.jpg,-1,0.6276,0.827,0.1994,"['2567035103_3511020c8f.jpg', '3724718895_bd03f4a4dc.jpg', '3526018344_450c517a72.jpg']","[0.827, 0.7654, 0.7634]"
4421,two dogs are running towards some long grass in the scrubland,435739506_2daf7f4887.jpg,4,0.7299,0.774,0.0442,"['2567035103_3511020c8f.jpg', '3430526230_234b3550f6.jpg', '2244024374_54d7e88c2b.jpg']","[0.774, 0.7686, 0.7443]"
4422,black dog running through a grassy area,435739506_2daf7f4887.jpg,-1,0.5332,0.8995,0.3663,"['689776124_07f560a920.jpg', '428796930_476a3d6395.jpg', '283428775_a3665bee7c.jpg']","[0.8995, 0.8158, 0.789]"
4423,black dog in a snowy field,435739506_2daf7f4887.jpg,-1,0.1686,0.8386,0.67,"['2335619125_2e2034f2c3.jpg', '3338217927_3c5cf3f7c6.jpg', '400562847_e15aba0aac.jpg']","[0.8386, 0.8011, 0.7924]"
4424,a dog approachs a small creature in a barren snowy field,435739506_2daf7f4887.jpg,-1,0.1232,0.7794,0.6563,"['3257277774_aba333a94c.jpg', '2095078658_c14ba89bc2.jpg', '3266306177_7994dc2865.jpg']","[0.7794, 0.7584, 0.7127]"
4425,a couple walking down the street carrying bags,435827376_4384c3005a.jpg,-1,0.6486,0.7739,0.1253,"['256444892_efcb3bd824.jpg', '3072782873_3278f3b3a7.jpg', '3677734351_63d60844cb.jpg']","[0.7739, 0.763, 0.7325]"
4426,a man and a woman are carrying bags down an empty street,435827376_4384c3005a.jpg,-1,0.5859,0.7232,0.1374,"['1389264266_8170bc1c54.jpg', '256444892_efcb3bd824.jpg', '3655964639_21e76383d0.jpg']","[0.7232, 0.7226, 0.7015]"
4427,a man and a woman walking down a street carrying luggage,435827376_4384c3005a.jpg,-1,0.5697,0.8213,0.2516,"['2222559267_6fd31e3941.jpg', '256444892_efcb3bd824.jpg', '3677734351_63d60844cb.jpg']","[0.8213, 0.745, 0.7258]"
4428,two people carrying various items walking down a city street,435827376_4384c3005a.jpg,-1,0.5941,0.7427,0.1485,"['3655964639_21e76383d0.jpg', '3072782873_3278f3b3a7.jpg', '536537638_f5ee42410b.jpg']","[0.7427, 0.7199, 0.6935]"
4429,two people carry their bags down an unpaved road,435827376_4384c3005a.jpg,-1,0.4806,0.653,0.1724,"['2346772831_b2748ba1f0.jpg', '2863180332_372510aa49.jpg', '2788628994_61123c03d2.jpg']","[0.653, 0.6132, 0.6015]"
4430,two people talk while sitting on a big rock,436009777_440c7679a1.jpg,-1,0.1691,0.8098,0.6407,"['2521983429_33218366bd.jpg', '3130064588_6d1d3fa2dd.jpg', '3108378861_d2214d971e.jpg']","[0.8098, 0.8069, 0.7472]"
4431,two people sitting on a rock in a city park,436009777_440c7679a1.jpg,-1,0.3704,0.8164,0.446,"['2521983429_33218366bd.jpg', '3130064588_6d1d3fa2dd.jpg', '468918320_9c275b877f.jpg']","[0.8164, 0.7655, 0.7107]"
4432,two people sit on a large rock near a city street,436009777_440c7679a1.jpg,-1,0.4538,0.8086,0.3548,"['2521983429_33218366bd.jpg', '3130064588_6d1d3fa2dd.jpg', '3108378861_d2214d971e.jpg']","[0.8086, 0.7183, 0.6652]"
4433,a man and a woman sit on a rock beside a street,436009777_440c7679a1.jpg,-1,0.3167,0.8389,0.5222,"['2521983429_33218366bd.jpg', '3108378861_d2214d971e.jpg', '3130064588_6d1d3fa2dd.jpg']","[0.8389, 0.7943, 0.757]"
4434,a couple are sitting on a rock in front of a street,436009777_440c7679a1.jpg,-1,0.3067,0.8357,0.529,"['2521983429_33218366bd.jpg', '3130064588_6d1d3fa2dd.jpg', '3108378861_d2214d971e.jpg']","[0.8357, 0.7915, 0.7373]"
4436,a brown dog is trying to catch a flying disk but missed it,436013859_793d870b6f.jpg,9,0.5853,0.8065,0.2212,"['3559781965_d4ec00e506.jpg', '427936315_0b8f7b8d23.jpg', '724702877_f2a938766b.jpg']","[0.8065, 0.7227, 0.7175]"
4437,a dog is twisting in the air as it tries to catch a frisbee,436013859_793d870b6f.jpg,7,0.6026,0.6928,0.0902,"['3619630328_2d0865b6f4.jpg', '512101751_05a6d93e19.jpg', '3485599424_94de8ede51.jpg']","[0.6928, 0.676, 0.6569]"
4438,brown dog plays with frisbee,436013859_793d870b6f.jpg,3,0.7099,0.7432,0.0333,"['427936315_0b8f7b8d23.jpg', '3559781965_d4ec00e506.jpg', '436013859_793d870b6f.jpg']","[0.7432, 0.7222, 0.7099]"
4439,the brown dog dives backwards to catch the football,436013859_793d870b6f.jpg,5,0.6352,0.8231,0.1879,"['3559781965_d4ec00e506.jpg', '2198964806_c57b0534d3.jpg', '427936315_0b8f7b8d23.jpg']","[0.8231, 0.7662, 0.6761]"
4440,a cluster of four brown dogs play in a field of brown grass,439492931_a96d590e40.jpg,2,0.7188,0.7264,0.0076,"['2981372647_2061278c60.jpg', '439492931_a96d590e40.jpg', '3526018344_450c517a72.jpg']","[0.7264, 0.7188, 0.7034]"
4441,four dogs are together in the field of dry grass,439492931_a96d590e40.jpg,3,0.697,0.7424,0.0455,"['2818735880_68b3dfe1f5.jpg', '3656104088_a0d1642fa9.jpg', '439492931_a96d590e40.jpg']","[0.7424, 0.7316, 0.697]"
4442,four dogs in a grassy area,439492931_a96d590e40.jpg,-1,0.5637,0.722,0.1583,"['2165461920_1a4144eb2b.jpg', '3656104088_a0d1642fa9.jpg', '2216695423_1362cb25f3.jpg']","[0.722, 0.6955, 0.6802]"
4443,four mediumsized dogs wrestle with each other on a grass field,439492931_a96d590e40.jpg,-1,0.5129,0.7741,0.2612,"['2165461920_1a4144eb2b.jpg', '2216695423_1362cb25f3.jpg', '3656104088_a0d1642fa9.jpg']","[0.7741, 0.751, 0.7436]"
4444,four small dogs play outside,439492931_a96d590e40.jpg,-1,0.4752,0.6696,0.1944,"['2419221084_01a14176b4.jpg', '2216695423_1362cb25f3.jpg', '2165461920_1a4144eb2b.jpg']","[0.6696, 0.6615, 0.6476]"
4445,a clown shares cutout pictures of children,440184957_267f3f3a2b.jpg,-1,0.2881,0.7147,0.4266,"['3174726084_c108de0a64.jpg', '2260369648_e21ae6494a.jpg', '2472574160_8ce233f396.jpg']","[0.7147, 0.6704, 0.6535]"
4446,a dirty looking clown holding up two paper cut outs of children with blond hair,440184957_267f3f3a2b.jpg,-1,0.02,0.7434,0.7234,"['3351667846_ac43118ae5.jpg', '3631474374_e40764d153.jpg', '3197891333_b1b0fd1702.jpg']","[0.7434, 0.7422, 0.7217]"
4447,a man wearing a balloon hat and a grassy shirt holds up two large paper dolls,440184957_267f3f3a2b.jpg,-1,0.1815,0.7027,0.5212,"['2891240104_6755281868.jpg', '1396703063_e8c3687afe.jpg', '2815256108_fc1302117d.jpg']","[0.7027, 0.7003, 0.6839]"
4448,a man wearing a balloon hat holds up colored cutout drawings of two men,440184957_267f3f3a2b.jpg,-1,0.2703,0.7888,0.5186,"['470887791_86d5a08a38.jpg', '3640109324_3ce89e4d1a.jpg', '2891240104_6755281868.jpg']","[0.7888, 0.7416, 0.7062]"
4449,the man wears balloons on his head and holds paper people,440184957_267f3f3a2b.jpg,-1,0.0789,0.7504,0.6715,"['1417295167_5299df6db8.jpg', '2551344688_17a12a6948.jpg', '1418019748_51c7d59c11.jpg']","[0.7504, 0.7487, 0.7393]"
4450,a yellow dog is swimming in the water,443430496_3fea95a07d.jpg,4,0.8216,0.8814,0.0598,"['2209496328_2a34fd201d.jpg', '2339946012_06bd480ab8.jpg', '431410325_f4916b5460.jpg']","[0.8814, 0.8364, 0.8235]"
4451,a golden retreiver swimming in the water,443430496_3fea95a07d.jpg,3,0.8179,0.867,0.0491,"['2339946012_06bd480ab8.jpg', '2209496328_2a34fd201d.jpg', '443430496_3fea95a07d.jpg']","[0.867, 0.832, 0.8179]"
4452,a brown dog swimming in murky water,443430496_3fea95a07d.jpg,3,0.8634,0.896,0.0326,"['2613209320_edf6a2b7e9.jpg', '431410325_f4916b5460.jpg', '443430496_3fea95a07d.jpg']","[0.896, 0.8879, 0.8634]"
4453,a brown dog swims in the murky water,443430496_3fea95a07d.jpg,2,0.897,0.9201,0.0231,"['431410325_f4916b5460.jpg', '443430496_3fea95a07d.jpg', '2613209320_edf6a2b7e9.jpg']","[0.9201, 0.897, 0.8674]"
4454,a dog with yellow fur swims neck deep in water,443430496_3fea95a07d.jpg,4,0.7874,0.9158,0.1284,"['2339946012_06bd480ab8.jpg', '2209496328_2a34fd201d.jpg', '3695949492_27ca3892fd.jpg']","[0.9158, 0.8888, 0.805]"
4456,a little girl in pink clothes holding yellow rods,444057017_f1e0fcaef7.jpg,8,0.6061,0.7359,0.1299,"['3470303255_fbb41b8dd0.jpg', '319847643_df7c2a1d25.jpg', '640409060_6af18fdd54.jpg']","[0.7359, 0.7281, 0.6586]"
4462,three people stand along a main road,445861800_75fc6a8c16.jpg,-1,0.4993,0.7508,0.2515,"['2335428699_4eba9b6245.jpg', '268654674_d29e00b3d0.jpg', '1350811702_2ce7cfd0c5.jpg']","[0.7508, 0.7469, 0.6937]"
4463,three people walking on a sidewalk with 3 light colored cars in the background,445861800_75fc6a8c16.jpg,2,0.7332,0.7392,0.006,"['435827376_4384c3005a.jpg', '445861800_75fc6a8c16.jpg', '2222559267_6fd31e3941.jpg']","[0.7392, 0.7332, 0.7061]"
4464,three people wearing winter clothes standing on the sidewalk near a street,445861800_75fc6a8c16.jpg,-1,0.5322,0.8216,0.2894,"['1389264266_8170bc1c54.jpg', '536537638_f5ee42410b.jpg', '1859726819_9a793b3b44.jpg']","[0.8216, 0.7012, 0.6738]"
4465,three small children are in a cage,452419961_6d42ab7000.jpg,-1,0.2272,0.6048,0.3776,"['799431781_65dc312afc.jpg', '979383193_0a542a059d.jpg', '3480052428_c034b98a08.jpg']","[0.6048, 0.599, 0.5903]"
4466,three children in a black dog kennel,452419961_6d42ab7000.jpg,-1,0.1867,0.6742,0.4875,"['288508162_1727873924.jpg', '382090166_be2c2c63e1.jpg', '1975531316_8b00eeaaf7.jpg']","[0.6742, 0.6504, 0.6499]"
4467,three well dressed blond children in a cage,452419961_6d42ab7000.jpg,-1,0.3875,0.8591,0.4715,"['799431781_65dc312afc.jpg', '3079787482_0757e9d167.jpg', '2337809114_899ba61330.jpg']","[0.8591, 0.6721, 0.618]"
4468,the three children are in a cage,452419961_6d42ab7000.jpg,-1,0.1597,0.6932,0.5335,"['3480052428_c034b98a08.jpg', '799431781_65dc312afc.jpg', '3661072592_2e693cd5a0.jpg']","[0.6932, 0.6281, 0.6079]"
4469,three children are locked in a cage,452419961_6d42ab7000.jpg,-1,0.0314,0.7436,0.7123,"['3480052428_c034b98a08.jpg', '534056823_0752303702.jpg', '1584315962_5b0b45d02d.jpg']","[0.7436, 0.6357, 0.6284]"
4471,a large dog is playing with a small dog in the dirt,453756106_711c20471a.jpg,5,0.7374,0.8238,0.0863,"['2427558437_3e839056d7.jpg', '3248408149_41a8dd90d3.jpg', '2768972186_92787cd523.jpg']","[0.8238, 0.7803, 0.7794]"
4472,a small dog and a large dog play together,453756106_711c20471a.jpg,-1,0.4768,0.6946,0.2178,"['2419221084_01a14176b4.jpg', '2902486045_6298eb22ef.jpg', '684375286_09cc1aa778.jpg']","[0.6946, 0.6659, 0.6635]"
4473,bigg playing with little dog in dirt,453756106_711c20471a.jpg,10,0.5145,0.6641,0.1495,"['3248408149_41a8dd90d3.jpg', '1975531316_8b00eeaaf7.jpg', '255330891_86d65dfdbf.jpg']","[0.6641, 0.6241, 0.5936]"
4475,woman in dark shirt standing alone in front of a yellow car,454686980_7517fe0c2e.jpg,-1,0.2079,0.7475,0.5396,"['2660480624_45f88b3022.jpg', '502884177_25939ac000.jpg', '3726120436_740bda8416.jpg']","[0.7475, 0.6473, 0.6294]"
4476,a teenage girl is standing with her arms crossed in a busy street,454686980_7517fe0c2e.jpg,-1,0.5629,0.6929,0.13,"['2721656220_5f4cda8bc1.jpg', '954987350_a0c608b467.jpg', '3213395965_2a823c6865.jpg']","[0.6929, 0.6509, 0.6403]"
4477,a person in a red and black shirt has their arms crossed and looks at the camera,454686980_7517fe0c2e.jpg,-1,0.4402,0.7349,0.2947,"['1860543210_47e94cf652.jpg', '2856700531_312528eea4.jpg', '3131160589_dc73c209b7.jpg']","[0.7349, 0.7151, 0.651]"
4478,a girl who looks upset with her arms crossed,454686980_7517fe0c2e.jpg,-1,0.1548,0.7559,0.6011,"['374124237_51f62b6937.jpg', '2204550058_2707d92338.jpg', '2721656220_5f4cda8bc1.jpg']","[0.7559, 0.7073, 0.6955]"
4479,an indian woman in a black shirt stands with her arms crossed looking at two other people talking to each other,454686980_7517fe0c2e.jpg,-1,0.4434,0.75,0.3066,"['2204550058_2707d92338.jpg', '954987350_a0c608b467.jpg', '617038406_4092ee91dd.jpg']","[0.75, 0.7145, 0.7016]"
4480,a man dressed in blue holds a sign while standing behind a couple of trees and in front of a large concrete wall with red writing on it,454709143_9c513f095c.jpg,-1,0.3375,0.8407,0.5033,"['432167214_c17fcc1a2d.jpg', '2815256108_fc1302117d.jpg', '3451344589_6787bd06ef.jpg']","[0.8407, 0.7589, 0.7138]"
4481,a man holds up a cardboard sign near a wall with red graffiti,454709143_9c513f095c.jpg,-1,0.2177,0.7619,0.5443,"['2815256108_fc1302117d.jpg', '432167214_c17fcc1a2d.jpg', '415793623_6c1225ae27.jpg']","[0.7619, 0.7544, 0.7113]"
4482,a man in a black jacket is standing between two trees holding up a sign,454709143_9c513f095c.jpg,-1,0.3766,0.77,0.3933,"['2815256108_fc1302117d.jpg', '432167214_c17fcc1a2d.jpg', '3451344589_6787bd06ef.jpg']","[0.77, 0.7311, 0.7223]"
4483,a man stands on the side of the road holding a cardboard sign,454709143_9c513f095c.jpg,-1,0.2465,0.7677,0.5212,"['2815256108_fc1302117d.jpg', '432167214_c17fcc1a2d.jpg', '3499720588_c32590108e.jpg']","[0.7677, 0.7384, 0.7376]"
4484,a man stands with a cardboard sign on a road,454709143_9c513f095c.jpg,-1,0.2429,0.7049,0.462,"['506882688_b37d549593.jpg', '495055747_a75872762a.jpg', '2222559267_6fd31e3941.jpg']","[0.7049, 0.7031, 0.692]"
4488,a hiker walks on rocky ground at the base of a foggy mountain,455611732_d65bf3e976.jpg,2,0.8516,0.8632,0.0116,"['2098174172_e57d86ea03.jpg', '455611732_d65bf3e976.jpg', '3166578139_33500f7e8a.jpg']","[0.8632, 0.8516, 0.8206]"
4489,a lone hiker walking on dirt with a snowy mountain background,455611732_d65bf3e976.jpg,5,0.7536,0.8623,0.1087,"['3338217927_3c5cf3f7c6.jpg', '3621647714_fc67ab2617.jpg', '3166578139_33500f7e8a.jpg']","[0.8623, 0.8348, 0.7882]"
4490,a brown dog indoors with a large pink toy,458735196_176e7df6b3.jpg,4,0.6405,0.7087,0.0682,"['535529555_583d89b7f2.jpg', '724702877_f2a938766b.jpg', '1026685415_0431cbf574.jpg']","[0.7087, 0.7072, 0.7025]"
4491,a dog with a wrinkled face bites on a pink toy,458735196_176e7df6b3.jpg,5,0.6253,0.7905,0.1652,"['2949353587_64c54e9589.jpg', '656260720_a7db4ce48b.jpg', '3036596725_541bbe0955.jpg']","[0.7905, 0.6484, 0.6361]"
4492,a wrinkled dog playing with a pink chew toy,458735196_176e7df6b3.jpg,6,0.5981,0.7459,0.1477,"['535529555_583d89b7f2.jpg', '2374247382_023a86b9ca.jpg', '3494345896_dd6b32cfa3.jpg']","[0.7459, 0.6786, 0.6576]"
4493,the dog is carrying a pink ball in its mouth,458735196_176e7df6b3.jpg,-1,0.4508,0.695,0.2441,"['496971341_22782195f0.jpg', '2942133798_e57c862a90.jpg', '2374247382_023a86b9ca.jpg']","[0.695, 0.6193, 0.5824]"
4494,this is a strange sight a dog delivering a cookie,458735196_176e7df6b3.jpg,-1,0.1322,0.747,0.6147,"['3014080715_f4f0dbb56e.jpg', '2702506716_17a7fb3ba4.jpg', '536721406_884ab8fece.jpg']","[0.747, 0.7258, 0.721]"
4495,a young boy is thrown by a man as a girl watches at the beach,459778335_857d8ffebf.jpg,-1,0.545,0.6869,0.142,"['3307563498_e2b4f19272.jpg', '489773343_a8aecf7db3.jpg', '3189002057_3ef61b803e.jpg']","[0.6869, 0.6822, 0.6489]"
4497,a father with his two kids at the ocean with the young boy flying up in the air,459778335_857d8ffebf.jpg,8,0.5954,0.7222,0.1268,"['3666537170_c4ecda4be8.jpg', '693785581_68bec8312a.jpg', '3318995586_c2bc50b92e.jpg']","[0.7222, 0.6619, 0.6586]"
4498,a little boy jumps from his fathers arms on the beach,459778335_857d8ffebf.jpg,4,0.6689,0.7007,0.0318,"['2973638173_0dc21fd443.jpg', '2407470303_6fd5e3600d.jpg', '3741827382_71e93298d0.jpg']","[0.7007, 0.6807, 0.6714]"
4500,a big shaggy dog runs in a field of dandylions,459814265_d48ba48978.jpg,7,0.6235,0.7487,0.1253,"['2730994020_64ac1d18be.jpg', '2411824767_4eb1fae823.jpg', '426920445_d07d1fd0f7.jpg']","[0.7487, 0.6631, 0.6527]"
4501,a dog running in a field of daisies,459814265_d48ba48978.jpg,-1,0.556,0.6882,0.1322,"['3518675890_2f65e23ff9.jpg', '2764732789_1392e962d0.jpg', '1324816249_86600a6759.jpg']","[0.6882, 0.642, 0.6303]"
4502,a dog sitting in the grass with his tongue out,459814265_d48ba48978.jpg,-1,0.3851,0.8282,0.4431,"['1659358141_0433c9bf99.jpg', '1969573381_5ecfae4c80.jpg', '1745110280_0cbff5e273.jpg']","[0.8282, 0.7832, 0.7486]"
4504,a shaggy dog plays in a field of grass and yellow flowers,459814265_d48ba48978.jpg,4,0.6758,0.7498,0.0741,"['1969573381_5ecfae4c80.jpg', '2620113705_a8fa89b8f6.jpg', '3396817186_b299ee0531.jpg']","[0.7498, 0.7385, 0.7249]"
4505,two dogs chase each other near the water,460478198_83039f2593.jpg,-1,0.5085,0.777,0.2685,"['566921157_07c18a41e2.jpg', '2289212650_69de7a20b2.jpg', '2427558437_3e839056d7.jpg']","[0.777, 0.7121, 0.6842]"
4506,two dogs playing by the shore,460478198_83039f2593.jpg,-1,0.5641,0.8266,0.2624,"['2289212650_69de7a20b2.jpg', '566921157_07c18a41e2.jpg', '1067790824_f3cc97239b.jpg']","[0.8266, 0.8105, 0.7242]"
4507,two dogs a spaniel and a husky chase each other across the sand by a body of water,460478198_83039f2593.jpg,-1,0.5215,0.8758,0.3543,"['566921157_07c18a41e2.jpg', '2434006663_207a284cec.jpg', '496555371_3e1ee0d97d.jpg']","[0.8758, 0.8203, 0.8069]"
4508,a dog chasing another dog by a lake,460478198_83039f2593.jpg,-1,0.2735,0.7275,0.454,"['2220175999_081aa9cce8.jpg', '2115849046_2aa9fa8d13.jpg', '481827288_a688be7913.jpg']","[0.7275, 0.7137, 0.6965]"
4509,a husky chasing a brown spoted dog at the shore,460478198_83039f2593.jpg,-1,0.4171,0.74,0.3229,"['566921157_07c18a41e2.jpg', '2115849046_2aa9fa8d13.jpg', '2220175999_081aa9cce8.jpg']","[0.74, 0.7143, 0.6987]"
4510,a black and white dog is running up a path towards some potted plants,460935487_75b2da7854.jpg,-1,0.1753,0.7574,0.5821,"['426920445_d07d1fd0f7.jpg', '1932161768_996eadac87.jpg', '3488087117_2719647989.jpg']","[0.7574, 0.6859, 0.6692]"
4511,a dog follows another dog around the corner but looks back,460935487_75b2da7854.jpg,-1,0.318,0.6552,0.3372,"['2768972186_92787cd523.jpg', '3173461705_b5cdeef1eb.jpg', '2358554995_54ed3baa83.jpg']","[0.6552, 0.6291, 0.5863]"
4512,a dog is turns back toward the camera near some potted plants,460935487_75b2da7854.jpg,-1,0.1943,0.8171,0.6228,"['1969573381_5ecfae4c80.jpg', '3396817186_b299ee0531.jpg', '2543247940_083f1b7969.jpg']","[0.8171, 0.7344, 0.7023]"
4513,a dog turning to look at the camera,460935487_75b2da7854.jpg,-1,0.3135,0.8083,0.4949,"['1745110280_0cbff5e273.jpg', '1969573381_5ecfae4c80.jpg', '1659358141_0433c9bf99.jpg']","[0.8083, 0.6566, 0.6543]"
4514,a white and black dog in a hallway filled with potted plants,460935487_75b2da7854.jpg,-1,0.5301,0.8034,0.2732,"['2095444126_201ff9f222.jpg', '1096097967_ac305887b4.jpg', '426920445_d07d1fd0f7.jpg']","[0.8034, 0.7596, 0.6578]"
4515,people sit a tables while a man speaks with a microphone,465859490_b077219424.jpg,-1,0.3744,0.8215,0.4471,"['3305767464_d64a336f60.jpg', '3084018061_df66d98325.jpg', '3066338314_2c3fb731d1.jpg']","[0.8215, 0.7571, 0.7333]"
4516,a woman at a table looking down,465859490_b077219424.jpg,-1,0.3659,0.7575,0.3916,"['1798209205_77dbf525b0.jpg', '3701509233_a2275a4e57.jpg', '2125216241_5b265a2fbc.jpg']","[0.7575, 0.7182, 0.7021]"
4517,a man holds a microphone and speaks as a group of seated people watch and one woman looks down,465859490_b077219424.jpg,-1,0.5054,0.8273,0.3219,"['3305767464_d64a336f60.jpg', '3280052365_c4644bf0a5.jpg', '3042380610_c5ea61eef8.jpg']","[0.8273, 0.7888, 0.7209]"
4518,a group of people are listening to a man with a moustache speak into a microphone,465859490_b077219424.jpg,-1,0.3715,0.8005,0.429,"['3305767464_d64a336f60.jpg', '3332202255_a30c522664.jpg', '2978236380_fb24c43f1e.jpg']","[0.8005, 0.7645, 0.7541]"
4519,a lady with brown hair sitting at a table while someone speaks on a microphone in the background,465859490_b077219424.jpg,-1,0.458,0.8344,0.3763,"['1798209205_77dbf525b0.jpg', '2602258549_7401a3cdae.jpg', '3066338314_2c3fb731d1.jpg']","[0.8344, 0.7767, 0.7244]"
4520,a man climbing a sheer rock wall,466956675_a2fb6bf901.jpg,6,0.5906,0.8863,0.2956,"['415793623_6c1225ae27.jpg', '486917990_72bd4069af.jpg', '2623560640_0445c9a138.jpg']","[0.8863, 0.8445, 0.8115]"
4524,a climber ascending a mountain,466956675_a2fb6bf901.jpg,6,0.6939,0.7809,0.087,"['106514190_bae200f463.jpg', '2109911919_af45b93ef3.jpg', '224273695_0b517bd0eb.jpg']","[0.7809, 0.7157, 0.7122]"
4525,two dogs are sniffing at the ground with their tails in the air,467858872_f3431df682.jpg,3,0.6297,0.6746,0.0449,"['424506167_01f365726b.jpg', '2314722788_6262c3aa40.jpg', '467858872_f3431df682.jpg']","[0.6746, 0.6619, 0.6297]"
4526,two dogs are shown with only their tails and backsides as they dig in the dirt,467858872_f3431df682.jpg,-1,0.3463,0.742,0.3957,"['2427558437_3e839056d7.jpg', '453756106_711c20471a.jpg', '2768972186_92787cd523.jpg']","[0.742, 0.6849, 0.6797]"
4527,two dogs with their heads down a hole and their tails are sticking straight up,467858872_f3431df682.jpg,-1,0.2614,0.6105,0.349,"['2981372647_2061278c60.jpg', '3086523890_fd9394af8b.jpg', '3105929913_94a6882e25.jpg']","[0.6105, 0.5754, 0.5711]"
4528,two dogs are bending over and looking down into a ditch to investigate,467858872_f3431df682.jpg,-1,0.2531,0.7867,0.5336,"['1659358133_95cd1027bd.jpg', '2427558437_3e839056d7.jpg', '522486784_978021d537.jpg']","[0.7867, 0.6606, 0.5774]"
4529,two dogs are digging under a large rock with their bottoms to the camera,467858872_f3431df682.jpg,-1,0.5073,0.7527,0.2454,"['909808296_23c427022d.jpg', '2428275562_4bde2bc5ea.jpg', '2427558437_3e839056d7.jpg']","[0.7527, 0.6981, 0.6394]"
4530,the man and woman sitting on a bench are kissing,468918320_9c275b877f.jpg,-1,0.5302,0.8238,0.2935,"['3091962081_194f2f3bd4.jpg', '2525666287_638ab5e784.jpg', '3108378861_d2214d971e.jpg']","[0.8238, 0.8141, 0.7604]"
4531,the girl and boy are kissing whilst sitting on a wooden bench,468918320_9c275b877f.jpg,2,0.7918,0.795,0.0033,"['3130064588_6d1d3fa2dd.jpg', '468918320_9c275b877f.jpg', '3711664623_ef87105ea7.jpg']","[0.795, 0.7918, 0.7443]"
4532,a young couple kissing on a park bench,468918320_9c275b877f.jpg,3,0.6848,0.7059,0.0211,"['3130064588_6d1d3fa2dd.jpg', '3108378861_d2214d971e.jpg', '468918320_9c275b877f.jpg']","[0.7059, 0.6854, 0.6848]"
4533,a young man and woman sitting on a bench outside are kissing,468918320_9c275b877f.jpg,7,0.6076,0.8249,0.2172,"['3091962081_194f2f3bd4.jpg', '2525666287_638ab5e784.jpg', '3108378861_d2214d971e.jpg']","[0.8249, 0.7933, 0.7694]"
4534,couple is making out on a park bench in public,468918320_9c275b877f.jpg,10,0.5758,0.7419,0.1661,"['2525666287_638ab5e784.jpg', '3091962081_194f2f3bd4.jpg', '3108378861_d2214d971e.jpg']","[0.7419, 0.7255, 0.6949]"
4535,a couple of people sit in chairs in a waiting room lit in sunlight,469617651_278e586e46.jpg,6,0.6652,0.7919,0.1266,"['2602258549_7401a3cdae.jpg', '3066338314_2c3fb731d1.jpg', '3084018061_df66d98325.jpg']","[0.7919, 0.7486, 0.7128]"
4536,a line of white chairs folded and a few indescript people sitting in the background,469617651_278e586e46.jpg,-1,0.3805,0.6722,0.2917,"['255091927_2eb643beb2.jpg', '2744330402_824240184c.jpg', '3319338707_892ae2a660.jpg']","[0.6722, 0.6683, 0.6482]"
4537,people wait in chairs one person has their shoe off,469617651_278e586e46.jpg,9,0.6022,0.76,0.1579,"['3084018061_df66d98325.jpg', '2602258549_7401a3cdae.jpg', '3066338314_2c3fb731d1.jpg']","[0.76, 0.7423, 0.7]"
4538,photo of an inside of a place with chairs and people sitting in them,469617651_278e586e46.jpg,5,0.6369,0.7467,0.1099,"['2602258549_7401a3cdae.jpg', '403678611_73978faed7.jpg', '3066338314_2c3fb731d1.jpg']","[0.7467, 0.733, 0.6852]"
4540,a man and a woman standing with a group of spectators,470887791_86d5a08a38.jpg,-1,0.5468,0.7103,0.1635,"['278002800_3817135105.jpg', '571507143_be346225b7.jpg', '530661899_94655d7d0e.jpg']","[0.7103, 0.6929, 0.6845]"
4541,a man holding a flag stands next to a woman wearing black and white,470887791_86d5a08a38.jpg,-1,0.4614,0.7013,0.2399,"['3726700898_c50494b8bd.jpg', '617038406_4092ee91dd.jpg', '3425071001_e7c9809ef2.jpg']","[0.7013, 0.5844, 0.584]"
4542,a man holding flag and a woman behind a railing,470887791_86d5a08a38.jpg,-1,0.1522,0.6267,0.4744,"['2858903676_6278f07ee3.jpg', '465859490_b077219424.jpg', '2456907314_49bc4591c4.jpg']","[0.6267, 0.6187, 0.6179]"
4543,an elder man in a white shirt and cap waves a flag as a group of people stand behind him,470887791_86d5a08a38.jpg,10,0.5846,0.6721,0.0875,"['3517124784_4b4eb62a7a.jpg', '3649307685_60c1294d2a.jpg', '416788726_5b4eb1466e.jpg']","[0.6721, 0.6619, 0.6389]"
4544,an older man with a red blue and orange flag in a crowd,470887791_86d5a08a38.jpg,4,0.6476,0.7519,0.1043,"['3230101918_7d81cb0fc8.jpg', '3688839836_ba5e4c24fc.jpg', '3225037367_a71fa86319.jpg']","[0.7519, 0.6963, 0.6897]"
4545,a white puppy is carrying a black bird in its mouth,472396131_6e97068d93.jpg,-1,0.4316,0.7148,0.2833,"['3273091032_98f724b36b.jpg', '467858872_f3431df682.jpg', '3315110972_1090d11728.jpg']","[0.7148, 0.7131, 0.6548]"
4546,a white dog carries a gray bird in a field,472396131_6e97068d93.jpg,-1,0.4676,0.79,0.3224,"['3273091032_98f724b36b.jpg', '459814265_d48ba48978.jpg', '416106657_cab2a107a5.jpg']","[0.79, 0.7095, 0.7086]"
4547,the dog returns with the hunter s bird,472396131_6e97068d93.jpg,-1,0.2777,0.6686,0.3909,"['3405113041_4b72c24801.jpg', '1026685415_0431cbf574.jpg', '2641288004_30ce961211.jpg']","[0.6686, 0.6083, 0.5991]"
4548,a puppy catching a bird,472396131_6e97068d93.jpg,-1,0.084,0.7271,0.6431,"['467858872_f3431df682.jpg', '2882483779_73c171ac19.jpg', '2545192257_142fe9e2de.jpg']","[0.7271, 0.7042, 0.6905]"
4549,a small white dog holds a bird in its mouth as it runs in a field,472396131_6e97068d93.jpg,-1,0.4784,0.7237,0.2453,"['3273091032_98f724b36b.jpg', '416106657_cab2a107a5.jpg', '2543247940_083f1b7969.jpg']","[0.7237, 0.6992, 0.6962]"
4550,a black dog in front of a tree jumping towards a red frisbee,472860064_a96a228796.jpg,-1,0.4544,0.6433,0.1889,"['2839807428_efe42423f2.jpg', '2448393373_80c011d301.jpg', '3618932839_acd7d2c2ea.jpg']","[0.6433, 0.6237, 0.6179]"
4551,a dog jumps through the grass,472860064_a96a228796.jpg,-1,0.4144,0.7609,0.3465,"['2673148534_8daf0de833.jpg', '1514957266_a19827c538.jpg', '3485599424_94de8ede51.jpg']","[0.7609, 0.7173, 0.716]"
4552,a grey dog jumps in the air to catch a frisbee in a grassy park,472860064_a96a228796.jpg,-1,0.4504,0.7604,0.31,"['2673148534_8daf0de833.jpg', '2276314067_7ee246f859.jpg', '3485599424_94de8ede51.jpg']","[0.7604, 0.7345, 0.711]"
4553,a shaggy dog jumps outside in the grass,472860064_a96a228796.jpg,-1,0.3536,0.6703,0.3166,"['3485599424_94de8ede51.jpg', '2880051254_e0ca96b6be.jpg', '2673148534_8daf0de833.jpg']","[0.6703, 0.6619, 0.6484]"
4554,the black dog is jumping up in the air,472860064_a96a228796.jpg,2,0.7063,0.7207,0.0144,"['3544673666_ffc7483c96.jpg', '472860064_a96a228796.jpg', '2673148534_8daf0de833.jpg']","[0.7207, 0.7063, 0.7061]"
4556,many people are in an indoor swimming pool and one girl is in the act of jumping in headfirst,477254932_56b48d775d.jpg,2,0.7947,0.8309,0.0362,"['3009018821_ba47396e24.jpg', '477254932_56b48d775d.jpg', '1236964638_1808784a3c.jpg']","[0.8309, 0.7947, 0.7947]"
4557,a girl is diving into an indoor pool,477254932_56b48d775d.jpg,8,0.6431,0.8396,0.1965,"['3009018821_ba47396e24.jpg', '1236964638_1808784a3c.jpg', '2461616306_3ee7ac1b4b.jpg']","[0.8396, 0.8347, 0.8273]"
4558,a girl flipping into a swimming pool while others swim,477254932_56b48d775d.jpg,9,0.7389,0.8489,0.11,"['1236964638_1808784a3c.jpg', '3009018821_ba47396e24.jpg', '701816897_221bbe761a.jpg']","[0.8489, 0.8473, 0.8263]"
4559,a girl heads into the pool while others chat at the side,477254932_56b48d775d.jpg,6,0.7244,0.8149,0.0905,"['1309330801_aeeb23f1ee.jpg', '1236964638_1808784a3c.jpg', '3009018821_ba47396e24.jpg']","[0.8149, 0.8089, 0.8081]"
4562,a man wearing protective gear riding a dirt bike up a rocky hill,479807833_85eed6899c.jpg,2,0.8154,0.8302,0.0148,"['143552829_72b6ba49d4.jpg', '479807833_85eed6899c.jpg', '95728660_d47de66544.jpg']","[0.8302, 0.8154, 0.7555]"
4566,two dogs playing in the ocean,481827288_a688be7913.jpg,4,0.7685,0.8521,0.0836,"['3585488964_1467945775.jpg', '1129704496_4a61441f2c.jpg', '2289212650_69de7a20b2.jpg']","[0.8521, 0.7841, 0.7839]"
4567,two identical brown dogs in the water with their noses in the air,481827288_a688be7913.jpg,7,0.7411,0.906,0.1649,"['1129704496_4a61441f2c.jpg', '2632381125_de32bdfdf6.jpg', '1439282131_3814d6ae04.jpg']","[0.906, 0.8901, 0.7873]"
4568,two brown dog play together in the water,481827288_a688be7913.jpg,2,0.8721,0.8741,0.002,"['1130401779_8c30182e3e.jpg', '481827288_a688be7913.jpg', '2632381125_de32bdfdf6.jpg']","[0.8741, 0.8721, 0.8157]"
4569,two brown dogs playing in water,481827288_a688be7913.jpg,2,0.8565,0.9021,0.0456,"['1130401779_8c30182e3e.jpg', '481827288_a688be7913.jpg', '1129704496_4a61441f2c.jpg']","[0.9021, 0.8565, 0.8101]"
4570,a kayaker almost turns over,482088914_e6ea4501e9.jpg,-1,0.5086,0.7316,0.2229,"['3037558954_20115165e3.jpg', '3467510271_0f57e52768.jpg', '3357416302_fcfcdd7b86.jpg']","[0.7316, 0.7109, 0.6925]"
4574,a person in a blue kayak battles the waves,482088914_e6ea4501e9.jpg,3,0.7954,0.883,0.0876,"['146577646_9e64b8c2dc.jpg', '3421131122_2e4bde661e.jpg', '482088914_e6ea4501e9.jpg']","[0.883, 0.8324, 0.7954]"
4575,someone climbs a rocks,486917990_72bd4069af.jpg,8,0.6188,0.7799,0.1611,"['950273886_88c324e663.jpg', '697778778_b52090709d.jpg', '2752331711_cb18abba5a.jpg']","[0.7799, 0.7234, 0.7155]"
4576,a rock climber ascends,486917990_72bd4069af.jpg,-1,0.5566,0.7286,0.1719,"['415793623_6c1225ae27.jpg', '236095031_5cb17dc54a.jpg', '111537222_07e56d5a30.jpg']","[0.7286, 0.6843, 0.6766]"
4577,a girl is climbing a rock wall,486917990_72bd4069af.jpg,2,0.76,0.8119,0.0519,"['236095031_5cb17dc54a.jpg', '486917990_72bd4069af.jpg', '758921886_55a351dd67.jpg']","[0.8119, 0.76, 0.7081]"
4578,a person climbs a steep mountain,486917990_72bd4069af.jpg,-1,0.4621,0.8358,0.3737,"['2109911919_af45b93ef3.jpg', '224273695_0b517bd0eb.jpg', '106514190_bae200f463.jpg']","[0.8358, 0.829, 0.8132]"
4579,a person wearing a white hat climbs a rock,486917990_72bd4069af.jpg,9,0.5757,0.7206,0.1449,"['2480832276_fa55480ecb.jpg', '111537222_07e56d5a30.jpg', '415793623_6c1225ae27.jpg']","[0.7206, 0.7195, 0.6726]"
4581,a young girl in a pink and blue wetsuit and oversized red flip flops presents a little red ball to a big black dog while another dog looks on,489773343_a8aecf7db3.jpg,5,0.6288,0.8133,0.1845,"['2951092164_4940b9a517.jpg', '3431101934_99a6c55914.jpg', '2599131872_65789d86d5.jpg']","[0.8133, 0.6758, 0.657]"
4585,two kids are posing on a black atv that is on top of sand,492341908_1ef53be265.jpg,-1,0.5365,0.7498,0.2133,"['3513265399_a32e8cfd18.jpg', '3178489390_13a6ae7524.jpg', '3584406900_039f30b34c.jpg']","[0.7498, 0.7083, 0.6287]"
4587,two girls are sitting on an atv on the sand in front of a bridge,492341908_1ef53be265.jpg,-1,0.4653,0.6866,0.2212,"['3454988449_1de1ef4f20.jpg', '493109089_468e105233.jpg', '468918320_9c275b877f.jpg']","[0.6866, 0.6705, 0.6457]"
4588,two girls are riding a 4 wheeler,492341908_1ef53be265.jpg,-1,0.5832,0.7827,0.1995,"['3352697012_751b079bbb.jpg', '3289817083_4e78e1c05a.jpg', '2557972410_6925fe695c.jpg']","[0.7827, 0.764, 0.7408]"
4590,a little boy in a red jacket plays on a jungle gym,493109089_468e105233.jpg,3,0.6423,0.7349,0.0926,"['2358554995_54ed3baa83.jpg', '2597737483_6518a230e4.jpg', '493109089_468e105233.jpg']","[0.7349, 0.6906, 0.6423]"
4591,a little boy playing on a playground,493109089_468e105233.jpg,-1,0.5679,0.7333,0.1654,"['964197865_0133acaeb4.jpg', '1427391496_ea512cbe7f.jpg', '522486784_978021d537.jpg']","[0.7333, 0.7023, 0.6956]"
4593,a young boy in a black sweatshirt and red vest plays on a red jungle gym,493109089_468e105233.jpg,-1,0.5316,0.6517,0.1201,"['3231751379_10ebf7150c.jpg', '693785581_68bec8312a.jpg', '2597737483_6518a230e4.jpg']","[0.6517, 0.6461, 0.6313]"
4594,boy playing on some metal bars,493109089_468e105233.jpg,-1,0.5459,0.7825,0.2366,"['2707873672_15e6b5d54b.jpg', '232193739_ed5f348c7a.jpg', '3317960829_78bbfafbb6.jpg']","[0.7825, 0.7366, 0.6999]"
4595,girl in a thin rowboat leaving the dock of a lake,493542985_c85ad29ebe.jpg,-1,0.3248,0.7513,0.4265,"['2830869109_c4e403eae6.jpg', '1801063894_60bce29e19.jpg', '3705688385_47651205d3.jpg']","[0.7513, 0.7194, 0.6553]"
4597,a girl sits on a skinny canoe,493542985_c85ad29ebe.jpg,2,0.643,0.7467,0.1037,"['1801063894_60bce29e19.jpg', '493542985_c85ad29ebe.jpg', '1115565519_d976d4b1f1.jpg']","[0.7467, 0.643, 0.6387]"
4598,a girl is rowing in a lake,493542985_c85ad29ebe.jpg,-1,0.4352,0.7243,0.2892,"['1801063894_60bce29e19.jpg', '2704934519_457dc38986.jpg', '186890601_8a6b0f1769.jpg']","[0.7243, 0.6999, 0.6544]"
4599,a woman sits in a rowing scull and looks behind her at a dock,493542985_c85ad29ebe.jpg,-1,0.3856,0.6735,0.2879,"['1801063894_60bce29e19.jpg', '1115565519_d976d4b1f1.jpg', '2452686995_621878f561.jpg']","[0.6735, 0.64, 0.6363]"
4600,old lady crosses the street in the city,495055747_a75872762a.jpg,-1,0.6236,0.8658,0.2422,"['635444010_bd81c89ab7.jpg', '1952896009_cee8147c90.jpg', '256444892_efcb3bd824.jpg']","[0.8658, 0.7864, 0.7754]"
4601,an elderly woman crosses the road in a city,495055747_a75872762a.jpg,8,0.6722,0.7549,0.0827,"['635444010_bd81c89ab7.jpg', '551664516_78a5131dc4.jpg', '245252561_4f20f1c89e.jpg']","[0.7549, 0.7344, 0.7233]"
4602,an elderly woman in a red jacket is walking up a hilly city street,495055747_a75872762a.jpg,-1,0.5331,0.7377,0.2046,"['3393446245_37dd3f3b59.jpg', '3242007318_01e82171aa.jpg', '454709143_9c513f095c.jpg']","[0.7377, 0.7357, 0.6899]"
4604,an elderly woman walking uphill crossing the street,495055747_a75872762a.jpg,-1,0.5985,0.7982,0.1998,"['256444892_efcb3bd824.jpg', '551664516_78a5131dc4.jpg', '635444010_bd81c89ab7.jpg']","[0.7982, 0.7808, 0.7764]"
4605,one black and white dog and two brown and white dogs moving on sand,496555371_3e1ee0d97d.jpg,2,0.8346,0.8348,0.0002,"['453756106_711c20471a.jpg', '496555371_3e1ee0d97d.jpg', '3415809168_af9dabdba5.jpg']","[0.8348, 0.8346, 0.826]"
4608,a black dog is followed by two brown dogs over sand,496555371_3e1ee0d97d.jpg,4,0.7183,0.9085,0.1902,"['2434006663_207a284cec.jpg', '1067790824_f3cc97239b.jpg', '566921157_07c18a41e2.jpg']","[0.9085, 0.7895, 0.7509]"
4609,a black dog is being chase by two brown dogs on the beach,496555371_3e1ee0d97d.jpg,5,0.7702,0.8367,0.0664,"['3070031806_3d587c2a66.jpg', '3585488964_1467945775.jpg', '566921157_07c18a41e2.jpg']","[0.8367, 0.8139, 0.7943]"
4610,a black dog and a black dog are fighting over a soccer ball,496971341_22782195f0.jpg,-1,0.2222,0.6782,0.456,"['382090166_be2c2c63e1.jpg', '2434006663_207a284cec.jpg', '3430526230_234b3550f6.jpg']","[0.6782, 0.6323, 0.5886]"
4611,two dogs are gnawing at a blue and yellow ball,496971341_22782195f0.jpg,2,0.6912,0.776,0.0849,"['3494345896_dd6b32cfa3.jpg', '496971341_22782195f0.jpg', '684375286_09cc1aa778.jpg']","[0.776, 0.6912, 0.6839]"
4612,two dogs play and fight over a blue ball,496971341_22782195f0.jpg,9,0.5195,0.7508,0.2313,"['684375286_09cc1aa778.jpg', '3494345896_dd6b32cfa3.jpg', '2434006663_207a284cec.jpg']","[0.7508, 0.7203, 0.6562]"
4613,two dogs playing with a ball,496971341_22782195f0.jpg,3,0.6632,0.7373,0.0741,"['3415809168_af9dabdba5.jpg', '684375286_09cc1aa778.jpg', '496971341_22782195f0.jpg']","[0.7373, 0.7201, 0.6632]"
4615,closeup of an elderly woman walking across a street with her male companion,502884177_25939ac000.jpg,8,0.6242,0.8503,0.2261,"['551664516_78a5131dc4.jpg', '3213395965_2a823c6865.jpg', '2222559267_6fd31e3941.jpg']","[0.8503, 0.7824, 0.711]"
4616,a woman in a red vest stands in a crowd,502884177_25939ac000.jpg,-1,0.0446,0.7455,0.7009,"['3688839836_ba5e4c24fc.jpg', '2760715910_87c7bdeb87.jpg', '3372251830_baa3665928.jpg']","[0.7455, 0.6558, 0.6457]"
4617,a woman in red stands with other people outside,502884177_25939ac000.jpg,-1,0.2817,0.6607,0.3789,"['454686980_7517fe0c2e.jpg', '1432342377_3e41603f26.jpg', '954987350_a0c608b467.jpg']","[0.6607, 0.6463, 0.6218]"
4618,an older woman in a red vest with a group of other people at the street,502884177_25939ac000.jpg,-1,0.2471,0.7189,0.4718,"['2760715910_87c7bdeb87.jpg', '3688839836_ba5e4c24fc.jpg', '3640329164_20cb245fd5.jpg']","[0.7189, 0.68, 0.6179]"
4619,an old lady walks down the street,502884177_25939ac000.jpg,-1,0.5737,0.8548,0.2811,"['551664516_78a5131dc4.jpg', '635444010_bd81c89ab7.jpg', '1952896009_cee8147c90.jpg']","[0.8548, 0.7853, 0.7307]"
4620,a man gets ready to take a picture,503090187_8758ab5680.jpg,-1,0.465,0.7414,0.2764,"['1418019748_51c7d59c11.jpg', '2490365757_b869282cb3.jpg', '3640241166_b1ab7a8e7a.jpg']","[0.7414, 0.7225, 0.7215]"
4621,a man is looking at his camera,503090187_8758ab5680.jpg,8,0.5812,0.7545,0.1733,"['2925737498_57585a7ed9.jpg', '1418019748_51c7d59c11.jpg', '3640241166_b1ab7a8e7a.jpg']","[0.7545, 0.7063, 0.666]"
4622,a man looking at a picture in his camera,503090187_8758ab5680.jpg,-1,0.5441,0.8165,0.2724,"['1418019748_51c7d59c11.jpg', '1417295167_5299df6db8.jpg', '2925737498_57585a7ed9.jpg']","[0.8165, 0.7109, 0.7004]"
4623,a man with a digital camera looking at the screen,503090187_8758ab5680.jpg,5,0.6126,0.7906,0.1779,"['1418019748_51c7d59c11.jpg', '1417295167_5299df6db8.jpg', '3066338314_2c3fb731d1.jpg']","[0.7906, 0.7568, 0.6182]"
4624,a photographer prepares for a shot,503090187_8758ab5680.jpg,-1,0.1858,0.7678,0.582,"['1418019748_51c7d59c11.jpg', '2551344688_17a12a6948.jpg', '2380464803_a64f05bfa9.jpg']","[0.7678, 0.7179, 0.698]"
4625,people standing in water spouts in the city on a sunny day,506882688_b37d549593.jpg,2,0.718,0.7689,0.0509,"['2115849046_2aa9fa8d13.jpg', '506882688_b37d549593.jpg', '3707283973_5cdaa39340.jpg']","[0.7689, 0.718, 0.7034]"
4627,people are playing in water fountains,506882688_b37d549593.jpg,-1,0.5441,0.8062,0.2622,"['673806038_0a3682a83f.jpg', '2852982055_8112d0964f.jpg', '2747714500_49476225c6.jpg']","[0.8062, 0.7349, 0.7344]"
4628,kids are standing in the sprinklers getting soaked with water,506882688_b37d549593.jpg,-1,0.4706,0.8424,0.3718,"['2747714500_49476225c6.jpg', '2852982055_8112d0964f.jpg', '673806038_0a3682a83f.jpg']","[0.8424, 0.7969, 0.7612]"
4630,a girl is by a tree hanging upsidedown from a swing,510510783_b2cf5d57bb.jpg,6,0.6546,0.7928,0.1382,"['2884252132_5d8e776893.jpg', '3682038869_585075b5ff.jpg', '3374384485_751f719be4.jpg']","[0.7928, 0.7876, 0.7783]"
4631,a little girl is hanging upside down from a swing attached to a tree,510510783_b2cf5d57bb.jpg,5,0.7279,0.8261,0.0982,"['2884252132_5d8e776893.jpg', '3374384485_751f719be4.jpg', '3682038869_585075b5ff.jpg']","[0.8261, 0.8213, 0.8001]"
4632,a little girl with brown hair jeans and a white polka dot shirt hangs upside down on a swing in her backyard,510510783_b2cf5d57bb.jpg,-1,0.577,0.8467,0.2697,"['2884252132_5d8e776893.jpg', '2458269558_277012780d.jpg', '3656225270_cdf89e3240.jpg']","[0.8467, 0.7636, 0.7598]"
4633,a young child in a polka dot shirt hangs upside down on a tree swing,510510783_b2cf5d57bb.jpg,6,0.7052,0.7585,0.0533,"['2884252132_5d8e776893.jpg', '3132760860_3e743a935d.jpg', '3682038869_585075b5ff.jpg']","[0.7585, 0.7565, 0.7355]"
4634,child hanging upside down from a tree swing,510510783_b2cf5d57bb.jpg,5,0.721,0.7649,0.0439,"['3682038869_585075b5ff.jpg', '3374384485_751f719be4.jpg', '3132760860_3e743a935d.jpg']","[0.7649, 0.7543, 0.7447]"
4635,white dog with a muzzle running in the grass,512101751_05a6d93e19.jpg,2,0.808,0.9001,0.0922,"['2867699650_e6ddb540de.jpg', '512101751_05a6d93e19.jpg', '2543247940_083f1b7969.jpg']","[0.9001, 0.808, 0.7952]"
4636,a white dog with a muzzle trots on grass in front of trees,512101751_05a6d93e19.jpg,8,0.6573,0.8625,0.2052,"['2543247940_083f1b7969.jpg', '2880051254_e0ca96b6be.jpg', '2867699650_e6ddb540de.jpg']","[0.8625, 0.8104, 0.7769]"
4637,a white dog with a muzzle is running through an uncut field with a fence nearby,512101751_05a6d93e19.jpg,2,0.7775,0.8636,0.086,"['2867699650_e6ddb540de.jpg', '512101751_05a6d93e19.jpg', '2880051254_e0ca96b6be.jpg']","[0.8636, 0.7775, 0.7683]"
4638,a white dog with a muzzle is running on the grass,512101751_05a6d93e19.jpg,3,0.8191,0.921,0.1019,"['2867699650_e6ddb540de.jpg', '2543247940_083f1b7969.jpg', '512101751_05a6d93e19.jpg']","[0.921, 0.8537, 0.8191]"
4639,a muzzled white dog is running on the grass,512101751_05a6d93e19.jpg,8,0.751,0.8826,0.1315,"['2867699650_e6ddb540de.jpg', '2543247940_083f1b7969.jpg', '426920445_d07d1fd0f7.jpg']","[0.8826, 0.8341, 0.807]"
4645,a little girl in a hat striped shirt and red shorts walking on a rope bridge,514222303_cb98584536.jpg,9,0.6336,0.741,0.1074,"['2979914158_5906470b8f.jpg', '2594459477_8ca0121a9a.jpg', '1424237335_b3be9920ba.jpg']","[0.741, 0.7124, 0.6747]"
4647,a girl in a yellow sun hat is hanging on ropes,514222303_cb98584536.jpg,6,0.6084,0.7342,0.1258,"['3374384485_751f719be4.jpg', '186890601_8a6b0f1769.jpg', '3656225270_cdf89e3240.jpg']","[0.7342, 0.696, 0.6301]"
4648,a girl in a hat hangs from ropes in the woods,514222303_cb98584536.jpg,7,0.6306,0.7329,0.1023,"['3682038869_585075b5ff.jpg', '2527163162_d0fb802992.jpg', '2788628994_61123c03d2.jpg']","[0.7329, 0.6867, 0.6863]"
4649,a little girl in a hat and red pants balances on tightropes,514222303_cb98584536.jpg,-1,0.5344,0.745,0.2106,"['1424237335_b3be9920ba.jpg', '1007320043_627395c3d8.jpg', '3527926597_45af299eee.jpg']","[0.745, 0.7026, 0.6666]"
4650,a brown dog chews on an orange ball,516214924_c2a4364cb3.jpg,5,0.6739,0.881,0.2071,"['724702877_f2a938766b.jpg', '535529555_583d89b7f2.jpg', '3494345896_dd6b32cfa3.jpg']","[0.881, 0.8238, 0.7298]"
4651,a dog bites a big orange ball,516214924_c2a4364cb3.jpg,-1,0.5159,0.785,0.2692,"['3494345896_dd6b32cfa3.jpg', '1026685415_0431cbf574.jpg', '2325258180_6217dd17eb.jpg']","[0.785, 0.7409, 0.6994]"
4652,a dog has an orange ball in its mouth,516214924_c2a4364cb3.jpg,-1,0.3737,0.7046,0.3309,"['496971341_22782195f0.jpg', '2942133798_e57c862a90.jpg', '2313230479_13f87c6bf3.jpg']","[0.7046, 0.5979, 0.5896]"
4653,a dog playing with a ball,516214924_c2a4364cb3.jpg,-1,0.0907,0.7454,0.6547,"['496971341_22782195f0.jpg', '539750844_02a07ec524.jpg', '3696246123_99d4d10140.jpg']","[0.7454, 0.7297, 0.6267]"
4654,the brown dog has an orange ball in its mouth,516214924_c2a4364cb3.jpg,-1,0.5155,0.7109,0.1954,"['724702877_f2a938766b.jpg', '2404692474_37da774368.jpg', '3496028495_431cfdc042.jpg']","[0.7109, 0.6896, 0.6401]"
4655,a young man wearing a black shirt looks down,518789868_8895ef8792.jpg,-1,0.0543,0.8274,0.7732,"['1860543210_47e94cf652.jpg', '3494394662_3edfd4a34c.jpg', '2925737498_57585a7ed9.jpg']","[0.8274, 0.7952, 0.7932]"
4656,a young boy in an empty hall with two others in the background,518789868_8895ef8792.jpg,-1,0.3637,0.8132,0.4496,"['2516317118_10ae66b87a.jpg', '2882483779_73c171ac19.jpg', '2622517932_57c52c376f.jpg']","[0.8132, 0.7537, 0.6747]"
4657,a boy in a black shirt is inside a structure with wooden ceiling beams,518789868_8895ef8792.jpg,8,0.6182,0.8468,0.2286,"['350443876_c9769f5734.jpg', '2046222127_a6f300e202.jpg', '343662720_39e4067cd1.jpg']","[0.8468, 0.8124, 0.7551]"
4658,a boy is playing in a dark theater near the stage,518789868_8895ef8792.jpg,-1,0.1501,0.7238,0.5738,"['3701226275_952547ba0f.jpg', '3767841911_6678052eb6.jpg', '2341254813_c53a5ef27a.jpg']","[0.7238, 0.614, 0.6037]"
4659,a male in a black shirt near a large curved archway,518789868_8895ef8792.jpg,-1,0.3759,0.6192,0.2433,"['506882688_b37d549593.jpg', '432167214_c17fcc1a2d.jpg', '2497074804_b4f3e7fd90.jpg']","[0.6192, 0.5844, 0.5779]"
4661,two children a boy and a girl in the air above a trampoline,520491467_54cbc0a866.jpg,2,0.6848,0.7797,0.095,"['2687328779_b4356dab16.jpg', '520491467_54cbc0a866.jpg', '701816897_221bbe761a.jpg']","[0.7797, 0.6848, 0.6314]"
4662,two children jumping on a trampoline,520491467_54cbc0a866.jpg,3,0.6479,0.7403,0.0924,"['2687328779_b4356dab16.jpg', '3431101934_99a6c55914.jpg', '520491467_54cbc0a866.jpg']","[0.7403, 0.6621, 0.6479]"
4663,two children jump on a trampoline,520491467_54cbc0a866.jpg,2,0.6172,0.7343,0.1171,"['2687328779_b4356dab16.jpg', '520491467_54cbc0a866.jpg', '2335428699_4eba9b6245.jpg']","[0.7343, 0.6172, 0.6151]"
4664,two young children bounce on a short trampoline,520491467_54cbc0a866.jpg,-1,0.5211,0.6848,0.1637,"['2687328779_b4356dab16.jpg', '2599131872_65789d86d5.jpg', '2597737483_6518a230e4.jpg']","[0.6848, 0.6188, 0.616]"
4665,two dogs are playing together outside,522486784_978021d537.jpg,-1,0.5227,0.7407,0.218,"['2314722788_6262c3aa40.jpg', '424506167_01f365726b.jpg', '2419221084_01a14176b4.jpg']","[0.7407, 0.7263, 0.6436]"
4666,two dogs face to face on a dirt road,522486784_978021d537.jpg,3,0.6805,0.7462,0.0657,"['909808296_23c427022d.jpg', '2427558437_3e839056d7.jpg', '522486784_978021d537.jpg']","[0.7462, 0.7459, 0.6805]"
4667,one brown and one mostly black dog are either playing or fighting,522486784_978021d537.jpg,8,0.5802,0.6681,0.0879,"['2347921097_f2e35753c0.jpg', '2434006663_207a284cec.jpg', '412101267_7257e6d8c0.jpg']","[0.6681, 0.6608, 0.651]"
4668,a black dog and a brown dog close together,522486784_978021d537.jpg,3,0.6358,0.6845,0.0487,"['2347921097_f2e35753c0.jpg', '684375286_09cc1aa778.jpg', '522486784_978021d537.jpg']","[0.6845, 0.6571, 0.6358]"
4669,a brown dog and a black dog on a dirt path,522486784_978021d537.jpg,2,0.8019,0.8422,0.0402,"['2427558437_3e839056d7.jpg', '522486784_978021d537.jpg', '2434006663_207a284cec.jpg']","[0.8422, 0.8019, 0.709]"
4670,a girl performs skateboarding tricks in an arena for skateboarders while wearing a helmet,523692399_d2e261a302.jpg,-1,0.4001,0.7434,0.3433,"['3038941104_17ee91fc03.jpg', '3527926597_45af299eee.jpg', '613900608_2e49415772.jpg']","[0.7434, 0.6946, 0.6533]"
4671,a man wears a black helmet and is on a black skateboard,523692399_d2e261a302.jpg,-1,0.5346,0.7041,0.1695,"['3339586622_a7676b30e1.jpg', '206087108_d4557d38ee.jpg', '3630332976_fdba22c50b.jpg']","[0.7041, 0.6644, 0.6396]"
4672,a shirtless skateboarder,523692399_d2e261a302.jpg,-1,0.5911,0.7202,0.1291,"['2974501005_346f74e5d8.jpg', '2461616306_3ee7ac1b4b.jpg', '1236964638_1808784a3c.jpg']","[0.7202, 0.6782, 0.6663]"
4673,a skateboarder wearing a grey helmet is riding his board along a concrete curve,523692399_d2e261a302.jpg,-1,0.5137,0.7747,0.261,"['232193739_ed5f348c7a.jpg', '3527926597_45af299eee.jpg', '3671933270_d124e9a1a4.jpg']","[0.7747, 0.6896, 0.682]"
4674,a view from the top of a skateboarder at the top of a ramp,523692399_d2e261a302.jpg,-1,0.2716,0.8426,0.571,"['3323988406_e3c8fce690.jpg', '232193739_ed5f348c7a.jpg', '2332540384_4cf26406a9.jpg']","[0.8426, 0.7345, 0.7253]"
4675,the dog is on a leash and is walking out of the water,527968666_1fcddf81ab.jpg,-1,0.5916,0.6657,0.0741,"['3228069008_edb2961fc4.jpg', '909808296_23c427022d.jpg', '3673165148_67f217064f.jpg']","[0.6657, 0.656, 0.6546]"
4676,a wet black dog emerges from the water,527968666_1fcddf81ab.jpg,2,0.833,0.9103,0.0773,"['1470132731_fa416b7504.jpg', '527968666_1fcddf81ab.jpg', '2756636539_cc1eacbf4a.jpg']","[0.9103, 0.833, 0.7962]"
4680,a couple walking on a dirt road,530661899_94655d7d0e.jpg,4,0.5839,0.6653,0.0814,"['2648310638_d6c576b5e4.jpg', '2344412916_9a5a9b1c82.jpg', '2162564553_96de62c7e6.jpg']","[0.6653, 0.638, 0.6224]"
4684,two people walk on a path as the sun casts a shadow towards the camera,530661899_94655d7d0e.jpg,3,0.7092,0.7519,0.0426,"['1350811702_2ce7cfd0c5.jpg', '3677734351_63d60844cb.jpg', '530661899_94655d7d0e.jpg']","[0.7519, 0.7257, 0.7092]"
4685,the man is in silhouette while the mountain landscape is visible,530888330_a18343e38d.jpg,3,0.8222,0.8434,0.0211,"['58368365_03ed3e5bdf.jpg', '3166578139_33500f7e8a.jpg', '530888330_a18343e38d.jpg']","[0.8434, 0.8312, 0.8222]"
4686,silhouette of man in front of mountain landscape,530888330_a18343e38d.jpg,4,0.797,0.8499,0.0529,"['223299142_521aedf9e7.jpg', '455611732_d65bf3e976.jpg', '2098174172_e57d86ea03.jpg']","[0.8499, 0.8314, 0.8249]"
4688,a shadowy male looking at the far away hills,530888330_a18343e38d.jpg,-1,0.4194,0.6337,0.2143,"['3707283973_5cdaa39340.jpg', '436009777_440c7679a1.jpg', '58368365_03ed3e5bdf.jpg']","[0.6337, 0.6169, 0.6092]"
4689,a silhouette of a man overlooking a large valley,530888330_a18343e38d.jpg,2,0.7961,0.8591,0.063,"['58368365_03ed3e5bdf.jpg', '530888330_a18343e38d.jpg', '223299142_521aedf9e7.jpg']","[0.8591, 0.7961, 0.7511]"
4691,a group of people are sitting around a table under a blue sunshade,533713001_2d36e93509.jpg,-1,0.4148,0.8643,0.4495,"['3319338707_892ae2a660.jpg', '2602258549_7401a3cdae.jpg', '3066338314_2c3fb731d1.jpg']","[0.8643, 0.7726, 0.685]"
4692,a group of people sit on an outdoor patio with lots of potted plants,533713001_2d36e93509.jpg,6,0.5333,0.7288,0.1956,"['3319338707_892ae2a660.jpg', '2744330402_824240184c.jpg', '436009777_440c7679a1.jpg']","[0.7288, 0.6424, 0.6241]"
4693,a group of people sitting in chairs in a circle having a conversation,533713001_2d36e93509.jpg,4,0.5506,0.7749,0.2243,"['3319338707_892ae2a660.jpg', '2525666287_638ab5e784.jpg', '2602258549_7401a3cdae.jpg']","[0.7749, 0.6169, 0.5938]"
4694,several people are sitting around a table on a patio,533713001_2d36e93509.jpg,-1,0.4134,0.8357,0.4223,"['3319338707_892ae2a660.jpg', '2744330402_824240184c.jpg', '2602258549_7401a3cdae.jpg']","[0.8357, 0.734, 0.7153]"
4695,a girl posing next to a big statue with a big nose,534056823_0752303702.jpg,-1,-0.0862,0.6353,0.7215,"['758921886_55a351dd67.jpg', '374124237_51f62b6937.jpg', '3213395965_2a823c6865.jpg']","[0.6353, 0.6068, 0.579]"
4696,a woman having her picture taken in front of a large carving,534056823_0752303702.jpg,-1,0.0453,0.7208,0.6755,"['3572346664_e1e6c77f11.jpg', '1449692616_60507875fb.jpg', '1225443522_1633e7121f.jpg']","[0.7208, 0.6088, 0.6079]"
4697,a woman poses for pictures with a statue of a troll,534056823_0752303702.jpg,-1,0.235,0.6752,0.4402,"['3342272425_804316cb3d.jpg', '2533076864_d799996433.jpg', '3213395965_2a823c6865.jpg']","[0.6752, 0.6274, 0.5921]"
4698,a woman poses in front of a statue while a man and another woman photograph her,534056823_0752303702.jpg,-1,0.4474,0.6968,0.2495,"['465859490_b077219424.jpg', '3351667846_ac43118ae5.jpg', '278002800_3817135105.jpg']","[0.6968, 0.6631, 0.6527]"
4699,woman in black shirt posing for pictures in front of statue,534056823_0752303702.jpg,-1,0.0431,0.7441,0.7011,"['3213395965_2a823c6865.jpg', '502884177_25939ac000.jpg', '2504277798_936a09c74d.jpg']","[0.7441, 0.6921, 0.6658]"
4700,two dogs play with a frisbee on the lawn,535529555_583d89b7f2.jpg,-1,0.5172,0.636,0.1188,"['684375286_09cc1aa778.jpg', '2970183443_accd597e0a.jpg', '3086523890_fd9394af8b.jpg']","[0.636, 0.6316, 0.5896]"
4701,two dogs outside fighting over a red frisbee,535529555_583d89b7f2.jpg,-1,0.2031,0.6936,0.4905,"['3415809168_af9dabdba5.jpg', '2768021570_46bc6325e3.jpg', '2176874361_2b4149010b.jpg']","[0.6936, 0.6852, 0.6623]"
4702,two dogs try to get the chewedup red frisbee from the other,535529555_583d89b7f2.jpg,-1,0.2483,0.7117,0.4635,"['382090166_be2c2c63e1.jpg', '3638783842_af08dbb518.jpg', '3098707588_5096d20397.jpg']","[0.7117, 0.648, 0.6381]"
4703,two brown and white dogs fighting over a frisbee,535529555_583d89b7f2.jpg,-1,0.4606,0.681,0.2204,"['3271084924_4778d556cc.jpg', '2216695423_1362cb25f3.jpg', '2584412512_6767593f24.jpg']","[0.681, 0.6212, 0.6192]"
4704,two dogs fighting over a frisbee,535529555_583d89b7f2.jpg,-1,0.3082,0.7246,0.4163,"['3415809168_af9dabdba5.jpg', '2216695423_1362cb25f3.jpg', '2857609295_16aaa85293.jpg']","[0.7246, 0.5744, 0.569]"
4705,a group of people wait in similar attire,536537638_f5ee42410b.jpg,-1,0.1834,0.7964,0.613,"['3627676364_1dc9294ec5.jpg', '2622971954_59f192922d.jpg', '2930622766_fa8f84deb1.jpg']","[0.7964, 0.7496, 0.689]"
4706,an asian girl wearing a red hat along side several others with red hats as well,536537638_f5ee42410b.jpg,3,0.7334,0.8247,0.0913,"['3503623999_bbd5dcfb18.jpg', '3184031654_34b5c4ffe1.jpg', '536537638_f5ee42410b.jpg']","[0.8247, 0.7585, 0.7334]"
4707,a small group of asian women wearing red head scarves and black shirts are shopping,536537638_f5ee42410b.jpg,-1,0.5249,0.7505,0.2256,"['3404552106_f516df0f5b.jpg', '1454841725_4b6e6199e2.jpg', '3002448718_a478c64fb4.jpg']","[0.7505, 0.6778, 0.6614]"
4708,five japanese ladies wear red bandanas,536537638_f5ee42410b.jpg,4,0.7146,0.7642,0.0496,"['3084034954_fe5737197d.jpg', '440184957_267f3f3a2b.jpg', '3404552106_f516df0f5b.jpg']","[0.7642, 0.7641, 0.7323]"
4709,several asian women wearing red cloths on their heads,536537638_f5ee42410b.jpg,-1,0.3437,0.8756,0.5319,"['2728276857_3f83757ef2.jpg', '1454841725_4b6e6199e2.jpg', '3145967019_1a83ebf712.jpg']","[0.8756, 0.8185, 0.7369]"
4711,a small black dog chases a large animal in a fenced area,536721406_884ab8fece.jpg,2,0.7656,0.8402,0.0746,"['2176874361_2b4149010b.jpg', '536721406_884ab8fece.jpg', '3294952558_96bb8c8cf3.jpg']","[0.8402, 0.7656, 0.7559]"
4716,two women in skirts walking across a street,537359971_6e28f5e66e.jpg,2,0.7557,0.7688,0.0131,"['3415228562_4efa9c9b70.jpg', '537359971_6e28f5e66e.jpg', '1332722096_1e3de8ae70.jpg']","[0.7688, 0.7557, 0.7439]"
4717,two women ion skirts walk across a parking lot,537359971_6e28f5e66e.jpg,5,0.6995,0.7187,0.0191,"['2335428699_4eba9b6245.jpg', '1350811702_2ce7cfd0c5.jpg', '1332722096_1e3de8ae70.jpg']","[0.7187, 0.7165, 0.7064]"
4719,two women with purses walk in an urban location,537359971_6e28f5e66e.jpg,6,0.6403,0.7371,0.0968,"['2222559267_6fd31e3941.jpg', '1332722096_1e3de8ae70.jpg', '3415228562_4efa9c9b70.jpg']","[0.7371, 0.7153, 0.6822]"
4720,a grey dog is bouncing a soccer ball on his head in a grass field,539750844_02a07ec524.jpg,2,0.6398,0.7425,0.1027,"['3363836972_c87b58c948.jpg', '539750844_02a07ec524.jpg', '496971341_22782195f0.jpg']","[0.7425, 0.6398, 0.567]"
4721,a dog with a blue collar plays ball outside,539750844_02a07ec524.jpg,2,0.7616,0.8067,0.0451,"['496971341_22782195f0.jpg', '539750844_02a07ec524.jpg', '221973402_ecb1cd51f1.jpg']","[0.8067, 0.7616, 0.636]"
4723,a dog plays with a soccer ball,539750844_02a07ec524.jpg,3,0.6545,0.7943,0.1398,"['3363836972_c87b58c948.jpg', '496971341_22782195f0.jpg', '539750844_02a07ec524.jpg']","[0.7943, 0.6598, 0.6545]"
4725,a girl sliding down a pole,540604040_bec822c144.jpg,-1,0.4567,0.8522,0.3954,"['2561319255_ce5ede291e.jpg', '1424237335_b3be9920ba.jpg', '3431101934_99a6c55914.jpg']","[0.8522, 0.8221, 0.8087]"
4727,a young asian girl is sliding down a pole on outdoor playground equipment,540604040_bec822c144.jpg,-1,0.6568,0.8553,0.1984,"['493109089_468e105233.jpg', '3454988449_1de1ef4f20.jpg', '444057017_f1e0fcaef7.jpg']","[0.8553, 0.7855, 0.7776]"
4728,a young girl slides down a bar in a play structure,540604040_bec822c144.jpg,-1,0.5203,0.8732,0.3529,"['3431101934_99a6c55914.jpg', '444057017_f1e0fcaef7.jpg', '640409060_6af18fdd54.jpg']","[0.8732, 0.809, 0.7809]"
4729,a young girl sliding down a black pole,540604040_bec822c144.jpg,-1,0.4892,0.9066,0.4174,"['3431101934_99a6c55914.jpg', '444057017_f1e0fcaef7.jpg', '2197275664_fabcf3424b.jpg']","[0.9066, 0.8853, 0.8562]"
4730,smiling boy in tube extending had toward camera,542317719_ed4dd95dc2.jpg,2,0.6532,0.7272,0.074,"['3494394662_3edfd4a34c.jpg', '542317719_ed4dd95dc2.jpg', '3613030730_0b28b079ba.jpg']","[0.7272, 0.6532, 0.6185]"
4733,a boy slides through a tube,542317719_ed4dd95dc2.jpg,2,0.758,0.7686,0.0107,"['2542037086_58c833699c.jpg', '542317719_ed4dd95dc2.jpg', '2988244398_5da7012fce.jpg']","[0.7686, 0.758, 0.7344]"
4734,a smiling child slides down a slippery tube slide,542317719_ed4dd95dc2.jpg,3,0.8101,0.8882,0.0781,"['2988244398_5da7012fce.jpg', '2576878141_87f25a10f0.jpg', '542317719_ed4dd95dc2.jpg']","[0.8882, 0.8376, 0.8101]"
4735,a chubby or buff kid in shorts is holding on to weights,543264612_c53cc163b4.jpg,-1,0.2501,0.6208,0.3707,"['3701226275_952547ba0f.jpg', '2681215810_00b0642f7b.jpg', '2855417531_521bf47b50.jpg']","[0.6208, 0.5955, 0.5907]"
4736,a small boy is holding some weights,543264612_c53cc163b4.jpg,-1,0.4655,0.7027,0.2372,"['2516317118_10ae66b87a.jpg', '3572346664_e1e6c77f11.jpg', '343662720_39e4067cd1.jpg']","[0.7027, 0.6835, 0.667]"
4737,a young boy with no shirt and white shorts,543264612_c53cc163b4.jpg,3,0.7074,0.7301,0.0227,"['3405942945_f4af2934a6.jpg', '2021671653_567395c7cf.jpg', '543264612_c53cc163b4.jpg']","[0.7301, 0.7268, 0.7074]"
4738,boy in shorts holding a remote,543264612_c53cc163b4.jpg,-1,0.4719,0.6924,0.2205,"['3701226275_952547ba0f.jpg', '2181724497_dbb7fcb0a9.jpg', '3495490064_8db40a83af.jpg']","[0.6924, 0.6093, 0.5952]"
4740,a man with red hair grins,544257613_d9a1fea3f7.jpg,4,0.6233,0.6623,0.039,"['3030962048_f71948226c.jpg', '862187579_9faf4a51e0.jpg', '2978236380_fb24c43f1e.jpg']","[0.6623, 0.6566, 0.6429]"
4741,a strawberry haired guy flashes his blue eyes and big smile at the camera,544257613_d9a1fea3f7.jpg,-1,0.5875,0.7956,0.2081,"['3412249548_00820fc4ca.jpg', '2267819545_446c5a3e18.jpg', '1417295167_5299df6db8.jpg']","[0.7956, 0.6921, 0.6861]"
4742,a man making a funny face towards the camera using wide eyes and a large smile,544257613_d9a1fea3f7.jpg,5,0.6822,0.8136,0.1314,"['2925737498_57585a7ed9.jpg', '3412249548_00820fc4ca.jpg', '3041645937_ff7591d134.jpg']","[0.8136, 0.7529, 0.7377]"
4743,a blond man with big blue eyes is smiling,544257613_d9a1fea3f7.jpg,2,0.717,0.8752,0.1581,"['3412249548_00820fc4ca.jpg', '544257613_d9a1fea3f7.jpg', '3155501473_510f9c9f6b.jpg']","[0.8752, 0.717, 0.6542]"
4744,a man in a green scarf is bearing his teeth,544257613_d9a1fea3f7.jpg,-1,0.4468,0.8103,0.3635,"['1417295167_5299df6db8.jpg', '2551344688_17a12a6948.jpg', '1418019748_51c7d59c11.jpg']","[0.8103, 0.8091, 0.7472]"
4748,a woman with a bag around her standing in the street,551664516_78a5131dc4.jpg,9,0.6029,0.6442,0.0413,"['495055747_a75872762a.jpg', '2222559267_6fd31e3941.jpg', '3347500603_13670ee6bf.jpg']","[0.6442, 0.637, 0.6359]"
4749,woman in black and sunglasses standing in road,551664516_78a5131dc4.jpg,2,0.7099,0.7139,0.004,"['2192411521_9c7e488c5e.jpg', '551664516_78a5131dc4.jpg', '2648310638_d6c576b5e4.jpg']","[0.7139, 0.7099, 0.7031]"
4750,grey dog running down pavement toward laundry line in courtyard,557601144_50b8c40393.jpg,-1,0.5699,0.6752,0.1052,"['245252561_4f20f1c89e.jpg', '268365231_a0acecdc45.jpg', '1643915227_9f48068772.jpg']","[0.6752, 0.6661, 0.6404]"
4751,a white dog running in the backyard,557601144_50b8c40393.jpg,-1,0.4423,0.8674,0.4252,"['2867699650_e6ddb540de.jpg', '2543247940_083f1b7969.jpg', '2584412512_6767593f24.jpg']","[0.8674, 0.7614, 0.7161]"
4752,a grey dog runs in a backyard terrace,557601144_50b8c40393.jpg,-1,0.355,0.7405,0.3855,"['1514957266_a19827c538.jpg', '697582336_601462e052.jpg', '689776124_07f560a920.jpg']","[0.7405, 0.7155, 0.7008]"
4753,a dog is chasing a ball in a backyard,557601144_50b8c40393.jpg,-1,0.3034,0.7635,0.4602,"['539750844_02a07ec524.jpg', '496971341_22782195f0.jpg', '2358898017_24496b80e8.jpg']","[0.7635, 0.7603, 0.7259]"
4754,a dog runs for a tennis ball in a backyard with a tile courtyard,557601144_50b8c40393.jpg,-1,0.3293,0.866,0.5367,"['2616561200_ea079f285a.jpg', '539750844_02a07ec524.jpg', '436013859_793d870b6f.jpg']","[0.866, 0.6686, 0.6286]"
4755,a man dressed in green with a blue backpack takes photos while sitting on a rocky surface,561179884_8b6b925ef9.jpg,-1,0.305,0.7791,0.474,"['2490365757_b869282cb3.jpg', '3108378861_d2214d971e.jpg', '1247181182_35cabd76f3.jpg']","[0.7791, 0.7615, 0.7528]"
4756,a man in a green jacket has set up a camera on some rocks,561179884_8b6b925ef9.jpg,-1,0.4661,0.7405,0.2744,"['1247181182_35cabd76f3.jpg', '2162564553_96de62c7e6.jpg', '2098174172_e57d86ea03.jpg']","[0.7405, 0.7108, 0.7053]"
4757,a man is trying to photograph a rocky outcropping,561179884_8b6b925ef9.jpg,-1,0.3947,0.8292,0.4345,"['950273886_88c324e663.jpg', '2480832276_fa55480ecb.jpg', '2681215810_00b0642f7b.jpg']","[0.8292, 0.6868, 0.6734]"
4758,a man with a backpack climbs over many rocks,561179884_8b6b925ef9.jpg,-1,0.4889,0.6965,0.2077,"['950273886_88c324e663.jpg', '697778778_b52090709d.jpg', '319869052_08b000e4af.jpg']","[0.6965, 0.6693, 0.6588]"
4759,man with outdoor gear taking a picture,561179884_8b6b925ef9.jpg,-1,0.2663,0.6236,0.3573,"['3125158798_0743dae56e.jpg', '3640241166_b1ab7a8e7a.jpg', '1235580648_7eebaed9bc.jpg']","[0.6236, 0.5989, 0.5741]"
4760,a person with a backpack stands on a snowy mountain,56494233_1824005879.jpg,3,0.8552,0.8882,0.033,"['3621647714_fc67ab2617.jpg', '3166578139_33500f7e8a.jpg', '56494233_1824005879.jpg']","[0.8882, 0.8742, 0.8552]"
4761,a man on top of a mountain looks at the mountains surrounding him,56494233_1824005879.jpg,9,0.7541,0.8573,0.1032,"['2098174172_e57d86ea03.jpg', '455611732_d65bf3e976.jpg', '319870744_0e0138d205.jpg']","[0.8573, 0.8381, 0.8181]"
4762,sole mountain climber stands atop snowy peak looking left,56494233_1824005879.jpg,2,0.771,0.7863,0.0154,"['3621647714_fc67ab2617.jpg', '56494233_1824005879.jpg', '3166578139_33500f7e8a.jpg']","[0.7863, 0.771, 0.7468]"
4763,a lone climber on a snowcapped mountain with several huge mountains in the background,56494233_1824005879.jpg,2,0.8246,0.8588,0.0342,"['106514190_bae200f463.jpg', '56494233_1824005879.jpg', '224273695_0b517bd0eb.jpg']","[0.8588, 0.8246, 0.7866]"
4764,a man is standing looking at the path ahead while hiking in a mountain range,56494233_1824005879.jpg,-1,0.4795,0.9033,0.4238,"['2098174172_e57d86ea03.jpg', '58368365_03ed3e5bdf.jpg', '455611732_d65bf3e976.jpg']","[0.9033, 0.7544, 0.7425]"
4765,a brown and a brown dog are running,566921157_07c18a41e2.jpg,6,0.5893,0.7686,0.1793,"['78984436_ad96eaa802.jpg', '241046599_28b0ca7b9f.jpg', '3173461705_b5cdeef1eb.jpg']","[0.7686, 0.6828, 0.6321]"
4766,two dogs running in the dirt,566921157_07c18a41e2.jpg,2,0.7987,0.8045,0.0058,"['453756106_711c20471a.jpg', '566921157_07c18a41e2.jpg', '3248408149_41a8dd90d3.jpg']","[0.8045, 0.7987, 0.7421]"
4767,two dogs running over packed dirt and rocks,566921157_07c18a41e2.jpg,2,0.7513,0.7808,0.0295,"['2427558437_3e839056d7.jpg', '566921157_07c18a41e2.jpg', '1403414927_5f80281505.jpg']","[0.7808, 0.7513, 0.6851]"
4768,two dogs run through mud,566921157_07c18a41e2.jpg,4,0.6556,0.7462,0.0905,"['3430526230_234b3550f6.jpg', '2289212650_69de7a20b2.jpg', '1130401779_8c30182e3e.jpg']","[0.7462, 0.6902, 0.6756]"
4770,a group of kids plays in the spray of water from a fountain,571507143_be346225b7.jpg,-1,0.543,0.8265,0.2834,"['2852982055_8112d0964f.jpg', '673806038_0a3682a83f.jpg', '3052196390_c59dd24ca8.jpg']","[0.8265, 0.8231, 0.7355]"
4771,children are being splashed with water,571507143_be346225b7.jpg,-1,0.573,0.7246,0.1516,"['2747714500_49476225c6.jpg', '1177994172_10d143cb8d.jpg', '673806038_0a3682a83f.jpg']","[0.7246, 0.6994, 0.6585]"
4772,children are playing outside in a fountain,571507143_be346225b7.jpg,-1,0.4434,0.8196,0.3762,"['3052196390_c59dd24ca8.jpg', '2747714500_49476225c6.jpg', '2852982055_8112d0964f.jpg']","[0.8196, 0.8028, 0.8004]"
4773,five children are being sprayed by a water fountain,571507143_be346225b7.jpg,10,0.6168,0.7477,0.1309,"['673806038_0a3682a83f.jpg', '2852982055_8112d0964f.jpg', '2747714500_49476225c6.jpg']","[0.7477, 0.7312, 0.7294]"
4774,four children are playing in a water fountain,571507143_be346225b7.jpg,-1,0.4901,0.821,0.3308,"['2852982055_8112d0964f.jpg', '673806038_0a3682a83f.jpg', '2747714500_49476225c6.jpg']","[0.821, 0.8183, 0.7839]"
4775,a child in a white shirt clapping their hands,576920249_df1bdc2068.jpg,4,0.6308,0.6881,0.0572,"['3405942945_f4af2934a6.jpg', '1860543210_47e94cf652.jpg', '3131160589_dc73c209b7.jpg']","[0.6881, 0.6507, 0.6328]"
4777,a little boy wearing a white shirt and gray pants appears to be dancing,576920249_df1bdc2068.jpg,9,0.5709,0.6925,0.1217,"['3701226275_952547ba0f.jpg', '3472066410_065b4f99d3.jpg', '1860543210_47e94cf652.jpg']","[0.6925, 0.6897, 0.6891]"
4786,a female performer is barefoot and performing in front of a crowd,613900608_2e49415772.jpg,3,0.6407,0.7328,0.0921,"['1991806812_065f747689.jpg', '416788726_5b4eb1466e.jpg', '613900608_2e49415772.jpg']","[0.7328, 0.7, 0.6407]"
4787,a woman in a tank top and capri pants costume taking a bow in the street,613900608_2e49415772.jpg,5,0.6063,0.7894,0.1831,"['3688839836_ba5e4c24fc.jpg', '2760715910_87c7bdeb87.jpg', '2260369648_e21ae6494a.jpg']","[0.7894, 0.7084, 0.698]"
4789,female street entertainer with horns doing a curtsey,613900608_2e49415772.jpg,-1,0.4744,0.8034,0.329,"['3451344589_6787bd06ef.jpg', '3404552106_f516df0f5b.jpg', '2504991916_dc61e59e49.jpg']","[0.8034, 0.6673, 0.654]"
4790,the woman is holding a grocery bag as several children look into it,617038406_4092ee91dd.jpg,-1,0.3947,0.7413,0.3467,"['3480052428_c034b98a08.jpg', '2504991916_dc61e59e49.jpg', '3673970325_4e025069e9.jpg']","[0.7413, 0.666, 0.6646]"
4791,kids looking in an old woman s grocery paper bag,617038406_4092ee91dd.jpg,-1,0.4693,0.6286,0.1593,"['2244551043_21b8cca866.jpg', '3543378438_47e2712486.jpg', '3150315970_8f045c41a4.jpg']","[0.6286, 0.6242, 0.6056]"
4792,children look at a statue of a woman carrying a grocery bag,617038406_4092ee91dd.jpg,-1,0.3772,0.7875,0.4104,"['3673970325_4e025069e9.jpg', '2504991916_dc61e59e49.jpg', '1663454406_5e2cf8c5bb.jpg']","[0.7875, 0.6913, 0.6882]"
4793,a group of people gathering around a bag of groceries,617038406_4092ee91dd.jpg,-1,0.298,0.7469,0.449,"['3627676364_1dc9294ec5.jpg', '3694093650_547259731e.jpg', '3197891333_b1b0fd1702.jpg']","[0.7469, 0.7383, 0.7309]"
4794,children standing next to the statue of an old woman holding full paper bags,617038406_4092ee91dd.jpg,-1,0.5492,0.7269,0.1778,"['3351667846_ac43118ae5.jpg', '3673970325_4e025069e9.jpg', '3437315443_ba2263f92e.jpg']","[0.7269, 0.6721, 0.6502]"
4795,a large woman with a pink feather boa strolls down the sidewalk,635444010_bd81c89ab7.jpg,3,0.7021,0.7704,0.0682,"['537359971_6e28f5e66e.jpg', '1952896009_cee8147c90.jpg', '635444010_bd81c89ab7.jpg']","[0.7704, 0.763, 0.7021]"
4796,a woman in a blue dress a cowboy hat and a pink boa walks down the street,635444010_bd81c89ab7.jpg,5,0.6135,0.7324,0.1189,"['2760715910_87c7bdeb87.jpg', '3655964639_21e76383d0.jpg', '551664516_78a5131dc4.jpg']","[0.7324, 0.6954, 0.6567]"
4799,the woman has a pink feathery scarf,635444010_bd81c89ab7.jpg,-1,0.5813,0.7937,0.2124,"['3184031654_34b5c4ffe1.jpg', '440184957_267f3f3a2b.jpg', '2676184321_858eff416b.jpg']","[0.7937, 0.7397, 0.6818]"
4804,a little girl on a blue slide at a playground,640409060_6af18fdd54.jpg,2,0.8169,0.8856,0.0687,"['2597737483_6518a230e4.jpg', '640409060_6af18fdd54.jpg', '444057017_f1e0fcaef7.jpg']","[0.8856, 0.8169, 0.8031]"
4805,a close shot of a young swimmer sitting on the edge of a pool in front of others,654130822_4aeb1f1273.jpg,2,0.7039,0.8623,0.1584,"['3030566410_393c36a6c5.jpg', '654130822_4aeb1f1273.jpg', '1178705300_c224d9a4f1.jpg']","[0.8623, 0.7039, 0.6824]"
4806,a swimmer with goggles on looking towards something out of view,654130822_4aeb1f1273.jpg,-1,0.4059,0.762,0.3561,"['3397228832_8ce5b1c26f.jpg', '1343426964_cde3fb54e8.jpg', '2984174290_a915748d77.jpg']","[0.762, 0.7136, 0.6525]"
4807,a young girl dressed in swimwear and goggles,654130822_4aeb1f1273.jpg,-1,0.5666,0.7275,0.1609,"['319847643_df7c2a1d25.jpg', '1343426964_cde3fb54e8.jpg', '2238166082_140f8b01b8.jpg']","[0.7275, 0.672, 0.6694]"
4808,a young girl in her swimsuit is getting ready to compete,654130822_4aeb1f1273.jpg,-1,0.2845,0.7334,0.4488,"['2456030728_d3d147e774.jpg', '1539166395_0cdc0accee.jpg', '2721656220_5f4cda8bc1.jpg']","[0.7334, 0.7109, 0.6955]"
4809,the swimmer is wearing goggles and looking into the distance,654130822_4aeb1f1273.jpg,-1,0.446,0.6995,0.2535,"['3397228832_8ce5b1c26f.jpg', '1343426964_cde3fb54e8.jpg', '353180303_6a24179c50.jpg']","[0.6995, 0.6879, 0.6842]"
4810,a young girl sitting in swimming gear,656260720_a7db4ce48b.jpg,9,0.5928,0.7216,0.1288,"['2701487024_e866eb4550.jpg', '3627011534_485f667b10.jpg', '1343426964_cde3fb54e8.jpg']","[0.7216, 0.6829, 0.6396]"
4812,a girl in a bathing suit swim cap and goggles,656260720_a7db4ce48b.jpg,2,0.7528,0.7823,0.0295,"['1343426964_cde3fb54e8.jpg', '656260720_a7db4ce48b.jpg', '654130822_4aeb1f1273.jpg']","[0.7823, 0.7528, 0.6653]"
4813,a girl wearing a swim cap and goggles on her head at a swim meet,656260720_a7db4ce48b.jpg,2,0.774,0.7847,0.0106,"['1343426964_cde3fb54e8.jpg', '656260720_a7db4ce48b.jpg', '353180303_6a24179c50.jpg']","[0.7847, 0.774, 0.7183]"
4814,a young female wearing a swimsuit goggles and swimming cap looking in front of her with an open mouth,656260720_a7db4ce48b.jpg,2,0.7665,0.7674,0.0009,"['1343426964_cde3fb54e8.jpg', '656260720_a7db4ce48b.jpg', '3627011534_485f667b10.jpg']","[0.7674, 0.7665, 0.6703]"
4815,a boy in a green wetsuit takes his turn in a water sprinkler and a group of others wait,673806038_0a3682a83f.jpg,8,0.6105,0.7133,0.1028,"['3767841911_6678052eb6.jpg', '1308472581_9961782889.jpg', '3666537170_c4ecda4be8.jpg']","[0.7133, 0.6985, 0.6911]"
4819,the boy takes his turn through the sprinkler and jumps with joy,673806038_0a3682a83f.jpg,8,0.6715,0.7645,0.0929,"['1095476286_87d4f8664e.jpg', '3767841911_6678052eb6.jpg', '2410618963_fb78307d18.jpg']","[0.7645, 0.7385, 0.7308]"
4820,two dogs play tug of war,684375286_09cc1aa778.jpg,9,0.5664,0.7056,0.1392,"['3086523890_fd9394af8b.jpg', '3619232550_0b1e1fd4e4.jpg', '3494345896_dd6b32cfa3.jpg']","[0.7056, 0.6905, 0.6861]"
4821,two dogs tug at the same item while wearing training gear,684375286_09cc1aa778.jpg,-1,0.2524,0.7872,0.5349,"['3098707588_5096d20397.jpg', '3638783842_af08dbb518.jpg', '2545192257_142fe9e2de.jpg']","[0.7872, 0.6736, 0.6222]"
4822,two dogs one bigger than the other are playing tug of war,684375286_09cc1aa778.jpg,-1,0.566,0.8231,0.2571,"['3530502404_f8c3a3f61c.jpg', '2347921097_f2e35753c0.jpg', '2325258180_6217dd17eb.jpg']","[0.8231, 0.6733, 0.653]"
4823,a small black dog is playing tug of war with a large brown dog wearing a yellow triangle,684375286_09cc1aa778.jpg,-1,0.5252,0.7411,0.2159,"['460935487_75b2da7854.jpg', '2347921097_f2e35753c0.jpg', '2768972186_92787cd523.jpg']","[0.7411, 0.6919, 0.6566]"
4824,a small dog playing tug with a larger dog,684375286_09cc1aa778.jpg,-1,0.513,0.7466,0.2336,"['460935487_75b2da7854.jpg', '3494345896_dd6b32cfa3.jpg', '2347921097_f2e35753c0.jpg']","[0.7466, 0.6589, 0.6577]"
4829,a dog plays in the grass,689776124_07f560a920.jpg,-1,0.3373,0.7708,0.4335,"['1346529555_e916816cfe.jpg', '763577068_4b96ed768b.jpg', '2584487952_f70e5aa9bf.jpg']","[0.7708, 0.7563, 0.7404]"
4830,two kids playing on mats,693785581_68bec8312a.jpg,-1,0.5934,0.7042,0.1107,"['3513265399_a32e8cfd18.jpg', '1007320043_627395c3d8.jpg', '3318995586_c2bc50b92e.jpg']","[0.7042, 0.6975, 0.6661]"
4831,a young boy is standing near another doing a back flip,693785581_68bec8312a.jpg,-1,0.3849,0.743,0.358,"['762947607_2001ee4c72.jpg', '2061354254_faa5bd294b.jpg', '2681215810_00b0642f7b.jpg']","[0.743, 0.6539, 0.6091]"
4833,a boy does a flip while another boy stands on the matt,693785581_68bec8312a.jpg,-1,0.5349,0.7228,0.1879,"['2061354254_faa5bd294b.jpg', '3608849440_e7d2bed29f.jpg', '459778335_857d8ffebf.jpg']","[0.7228, 0.7063, 0.7002]"
4834,a boy standing on a red mat with a person upside down in the background,693785581_68bec8312a.jpg,6,0.6565,0.7407,0.0842,"['3230101918_7d81cb0fc8.jpg', '2341254813_c53a5ef27a.jpg', '3038941104_17ee91fc03.jpg']","[0.7407, 0.6912, 0.6761]"
4835,a black and brown dog running across the grass,697582336_601462e052.jpg,3,0.722,0.7353,0.0133,"['3036033157_522a43a550.jpg', '241046599_28b0ca7b9f.jpg', '697582336_601462e052.jpg']","[0.7353, 0.7283, 0.722]"
4837,a black dog runs on green grass towards the camera,697582336_601462e052.jpg,-1,0.5984,0.8707,0.2723,"['689776124_07f560a920.jpg', '3036033157_522a43a550.jpg', '3029715635_43ab414dfb.jpg']","[0.8707, 0.7855, 0.762]"
4838,a brown and black dog on the grass,697582336_601462e052.jpg,-1,0.4793,0.7372,0.2579,"['3076928208_5763e9eb8c.jpg', '1659358141_0433c9bf99.jpg', '241046599_28b0ca7b9f.jpg']","[0.7372, 0.7314, 0.7303]"
4840,three people rock climbing in matching clothes beside a small waterfall,697778778_b52090709d.jpg,2,0.761,0.8155,0.0544,"['2753531542_ace2c870b7.jpg', '697778778_b52090709d.jpg', '561179884_8b6b925ef9.jpg']","[0.8155, 0.761, 0.6743]"
4841,three men in matching outfits climb a rock wall next to a waterfall,697778778_b52090709d.jpg,3,0.7129,0.7876,0.0747,"['2753531542_ace2c870b7.jpg', '2852982055_8112d0964f.jpg', '697778778_b52090709d.jpg']","[0.7876, 0.747, 0.7129]"
4842,three people are climbing rocks near a small waterfall,697778778_b52090709d.jpg,2,0.8079,0.8519,0.044,"['2753531542_ace2c870b7.jpg', '697778778_b52090709d.jpg', '765929807_de381cc764.jpg']","[0.8519, 0.8079, 0.6723]"
4844,three men climb a natural waterfall rock face,697778778_b52090709d.jpg,2,0.7914,0.8515,0.06,"['2753531542_ace2c870b7.jpg', '697778778_b52090709d.jpg', '236095031_5cb17dc54a.jpg']","[0.8515, 0.7914, 0.6862]"
4845,a woman watching two kids playing at a pool,701816897_221bbe761a.jpg,3,0.744,0.8042,0.0602,"['989754491_7e53fb4586.jpg', '2911245290_b2c79f328a.jpg', '701816897_221bbe761a.jpg']","[0.8042, 0.7842, 0.744]"
4848,two little girls play at their family s backyard swimming pool while a woman looks on,701816897_221bbe761a.jpg,5,0.6397,0.7765,0.1368,"['2599131872_65789d86d5.jpg', '2951092164_4940b9a517.jpg', '3661072592_2e693cd5a0.jpg']","[0.7765, 0.692, 0.6559]"
4849,two little girls play by a hotel pool,701816897_221bbe761a.jpg,3,0.7665,0.7812,0.0147,"['2599131872_65789d86d5.jpg', '2951092164_4940b9a517.jpg', '701816897_221bbe761a.jpg']","[0.7812, 0.7724, 0.7665]"
4850,a windsurfer angles over a wave,70995350_75d0698839.jpg,3,0.7622,0.811,0.0488,"['3058627443_1d57ff0a2c.jpg', '2984174290_a915748d77.jpg', '70995350_75d0698839.jpg']","[0.811, 0.7637, 0.7622]"
4851,a person on a parasail jumps off a wave,70995350_75d0698839.jpg,2,0.7264,0.8621,0.1357,"['3467510271_0f57e52768.jpg', '70995350_75d0698839.jpg', '3625519177_4c2bb9e7f0.jpg']","[0.8621, 0.7264, 0.6991]"
4852,a silver craft rides the waves,70995350_75d0698839.jpg,-1,0.5368,0.7069,0.17,"['3315033940_e91f87b7f2.jpg', '2984174290_a915748d77.jpg', '3058627443_1d57ff0a2c.jpg']","[0.7069, 0.699, 0.6677]"
4853,a kite surfer is doing a flip over the waves,70995350_75d0698839.jpg,3,0.6975,0.7742,0.0767,"['2797438951_88a3ed7541.jpg', '3625519177_4c2bb9e7f0.jpg', '70995350_75d0698839.jpg']","[0.7742, 0.7107, 0.6975]"
4854,a man jumps over a wave on his surfboard,70995350_75d0698839.jpg,-1,0.5039,0.835,0.3311,"['3018304737_0a46fc5f1d.jpg', '3168123064_d1983b8f92.jpg', '3183519385_311555d5f5.jpg']","[0.835, 0.6976, 0.6919]"
4860,small dog catches a tennis ball in its mouth indoors,724702877_f2a938766b.jpg,10,0.5573,0.8167,0.2594,"['2616561200_ea079f285a.jpg', '2677656448_6b7e7702af.jpg', '397547349_1fd14b95af.jpg']","[0.8167, 0.6505, 0.6475]"
4861,a small dog jumping with a ball in its mouth,724702877_f2a938766b.jpg,-1,0.3182,0.722,0.4038,"['2857609295_16aaa85293.jpg', '496971341_22782195f0.jpg', '2880051254_e0ca96b6be.jpg']","[0.722, 0.676, 0.6662]"
4862,a small brown dog jumps and catches a tennis ball,724702877_f2a938766b.jpg,3,0.6875,0.7353,0.0479,"['436013859_793d870b6f.jpg', '2616561200_ea079f285a.jpg', '724702877_f2a938766b.jpg']","[0.7353, 0.7336, 0.6875]"
4863,a small brown dog jumping up to catch a tennis ball,724702877_f2a938766b.jpg,5,0.6572,0.7859,0.1287,"['2616561200_ea079f285a.jpg', '2960033435_c20cc7399a.jpg', '539750844_02a07ec524.jpg']","[0.7859, 0.6988, 0.6854]"
4865,a young girl has on rollerblades and looks ready to give it a try,745966757_6d16dfad8f.jpg,-1,0.3756,0.7648,0.3892,"['444057017_f1e0fcaef7.jpg', '3404978479_8a81843e17.jpg', '3431101934_99a6c55914.jpg']","[0.7648, 0.7516, 0.7234]"
4866,a young girl on rollerblades,745966757_6d16dfad8f.jpg,-1,0.3118,0.8219,0.5101,"['3431101934_99a6c55914.jpg', '2197275664_fabcf3424b.jpg', '444057017_f1e0fcaef7.jpg']","[0.8219, 0.8054, 0.7454]"
4867,a young girl with rollerblades and green foliage in the background,745966757_6d16dfad8f.jpg,-1,0.5886,0.7717,0.1831,"['640409060_6af18fdd54.jpg', '1248734482_3038218f3b.jpg', '444057017_f1e0fcaef7.jpg']","[0.7717, 0.7482, 0.683]"
4868,the girl is wearing a blue striped shirt and rollerblades,745966757_6d16dfad8f.jpg,-1,0.2676,0.7385,0.4709,"['540604040_bec822c144.jpg', '1539166395_0cdc0accee.jpg', '2647049174_0fb47cee2e.jpg']","[0.7385, 0.6727, 0.622]"
4869,the young girl is rollerblading outside near green bushes,745966757_6d16dfad8f.jpg,-1,0.5442,0.888,0.3438,"['3431101934_99a6c55914.jpg', '1424237335_b3be9920ba.jpg', '2197275664_fabcf3424b.jpg']","[0.888, 0.8127, 0.7494]"
4870,a young girl in inside a tunnel,758921886_55a351dd67.jpg,-1,0.3537,0.7968,0.4432,"['2576878141_87f25a10f0.jpg', '2988244398_5da7012fce.jpg', '640409060_6af18fdd54.jpg']","[0.7968, 0.7722, 0.7043]"
4871,a little girl smiles as she slides down a tube on a sunny day,758921886_55a351dd67.jpg,-1,0.4722,0.9467,0.4745,"['640409060_6af18fdd54.jpg', '2576878141_87f25a10f0.jpg', '444057017_f1e0fcaef7.jpg']","[0.9467, 0.8093, 0.7698]"
4872,a little girl in a white top is inside a concrete tube,758921886_55a351dd67.jpg,9,0.5754,0.7681,0.1927,"['3150315970_8f045c41a4.jpg', '640409060_6af18fdd54.jpg', '2911919938_6bb6587a36.jpg']","[0.7681, 0.714, 0.6164]"
4873,a girl wearing a blue dress is sliding down a tube slide,758921886_55a351dd67.jpg,-1,0.3579,0.9107,0.5528,"['640409060_6af18fdd54.jpg', '2576878141_87f25a10f0.jpg', '2597737483_6518a230e4.jpg']","[0.9107, 0.7835, 0.7817]"
4874,a little girl is sliding down a tunnel smiling,758921886_55a351dd67.jpg,-1,0.544,0.8817,0.3377,"['640409060_6af18fdd54.jpg', '2576878141_87f25a10f0.jpg', '2988244398_5da7012fce.jpg']","[0.8817, 0.84, 0.7635]"
4877,a little boy in a blue shirt is running through a forested green area,762947607_2001ee4c72.jpg,10,0.6021,0.7771,0.175,"['2021671653_567395c7cf.jpg', '2410618963_fb78307d18.jpg', '543264612_c53cc163b4.jpg']","[0.7771, 0.6864, 0.6708]"
4879,a youg boy in a blue shirt walks through a park,762947607_2001ee4c72.jpg,2,0.7862,0.8424,0.0562,"['2021671653_567395c7cf.jpg', '762947607_2001ee4c72.jpg', '3405942945_f4af2934a6.jpg']","[0.8424, 0.7862, 0.773]"
4880,yorkshire terrier walking in the grass,763577068_4b96ed768b.jpg,4,0.6749,0.7606,0.0857,"['2886411666_72d8b12ce4.jpg', '3273091032_98f724b36b.jpg', '2620113705_a8fa89b8f6.jpg']","[0.7606, 0.7224, 0.7204]"
4881,the little dog walking on the grass has a red bow in its hair,763577068_4b96ed768b.jpg,-1,0.5613,0.6959,0.1347,"['467858872_f3431df682.jpg', '3470303255_fbb41b8dd0.jpg', '2620113705_a8fa89b8f6.jpg']","[0.6959, 0.6723, 0.6677]"
4882,a small dog with a red ribbon on its head walks through the grass,763577068_4b96ed768b.jpg,-1,0.5114,0.6603,0.1489,"['1346529555_e916816cfe.jpg', '426920445_d07d1fd0f7.jpg', '2095444126_201ff9f222.jpg']","[0.6603, 0.6457, 0.6436]"
4883,a dog on the heels of a man,763577068_4b96ed768b.jpg,-1,-0.1254,0.7781,0.9035,"['1975531316_8b00eeaaf7.jpg', '3526805681_38461c0d5d.jpg', '1348947380_14f0fc1237.jpg']","[0.7781, 0.7079, 0.7069]"
4884,a little dog with a red ribbon on its head takes a walk,763577068_4b96ed768b.jpg,-1,0.1877,0.758,0.5703,"['909808296_23c427022d.jpg', '1975531316_8b00eeaaf7.jpg', '245252561_4f20f1c89e.jpg']","[0.758, 0.735, 0.7099]"
4885,a group of people walking on a rocky ridge,765929807_de381cc764.jpg,-1,0.4729,0.7488,0.2758,"['319869052_08b000e4af.jpg', '455611732_d65bf3e976.jpg', '530661899_94655d7d0e.jpg']","[0.7488, 0.6593, 0.6322]"
4888,two boys and a man holding a white hat climb on a rock with a lawn and shade trees visible in the background,765929807_de381cc764.jpg,4,0.6609,0.692,0.0311,"['2219959872_988e6d498e.jpg', '3229913073_e7857a5966.jpg', '3515451715_ac5ac04efa.jpg']","[0.692, 0.6789, 0.6647]"
4890,three teenagers drink slurpees outside a convienience store,782401952_5bc5d3413a.jpg,-1,0.4023,0.6732,0.271,"['3716277216_c04002be81.jpg', '1859726819_9a793b3b44.jpg', '2244551043_21b8cca866.jpg']","[0.6732, 0.6608, 0.649]"
4891,four young people with cold drinks stand on the sidewalk in front of cartoon cutouts of the simpsons also holding cold drinks,782401952_5bc5d3413a.jpg,-1,0.2244,0.6798,0.4554,"['617038406_4092ee91dd.jpg', '3627676364_1dc9294ec5.jpg', '3002448718_a478c64fb4.jpg']","[0.6798, 0.6793, 0.6659]"
4892,three people stand outside a fast food joint with their drinks,782401952_5bc5d3413a.jpg,-1,0.2359,0.744,0.5081,"['3716277216_c04002be81.jpg', '3217291172_10ef70af88.jpg', '1859726819_9a793b3b44.jpg']","[0.744, 0.7383, 0.6542]"
4893,a group of teenagers near simpsons characters,782401952_5bc5d3413a.jpg,-1,0.0821,0.863,0.7808,"['3197891333_b1b0fd1702.jpg', '2728276857_3f83757ef2.jpg', '2211593099_4a4f1c85d2.jpg']","[0.863, 0.8352, 0.7602]"
4894,a group of teenagers standing outside of a convienance store,782401952_5bc5d3413a.jpg,-1,0.4433,0.6807,0.2375,"['2244551043_21b8cca866.jpg', '3002920707_5d2e6e6aac.jpg', '3716277216_c04002be81.jpg']","[0.6807, 0.6559, 0.6345]"
4895,a german shepherd chases another with a stick in his mouth,78984436_ad96eaa802.jpg,-1,0.3857,0.8103,0.4247,"['697582336_601462e052.jpg', '3559781965_d4ec00e506.jpg', '2986716822_e220754d32.jpg']","[0.8103, 0.7042, 0.6804]"
4896,a german shepherd dog following another german shepherd who has a stick in its mouth,78984436_ad96eaa802.jpg,-1,0.5279,0.7036,0.1757,"['3559781965_d4ec00e506.jpg', '697582336_601462e052.jpg', '1659358141_0433c9bf99.jpg']","[0.7036, 0.6918, 0.6643]"
4897,a german shepherd dog is running behind another german shepherd dog that is carrying a stick in its mouth,78984436_ad96eaa802.jpg,2,0.716,0.73,0.014,"['400562847_e15aba0aac.jpg', '78984436_ad96eaa802.jpg', '566921157_07c18a41e2.jpg']","[0.73, 0.716, 0.6892]"
4898,two german shepherd dogs are running with an object in one s mouth,78984436_ad96eaa802.jpg,2,0.684,0.7402,0.0562,"['241046599_28b0ca7b9f.jpg', '78984436_ad96eaa802.jpg', '3559781965_d4ec00e506.jpg']","[0.7402, 0.684, 0.6038]"
4899,two german shepherds playing with a stick,78984436_ad96eaa802.jpg,-1,0.5158,0.6803,0.1645,"['1026685415_0431cbf574.jpg', '283428775_a3665bee7c.jpg', '3383545083_1d7c95b003.jpg']","[0.6803, 0.6625, 0.6301]"
4903,a bull stands in a field next to a red car,791338571_7f38510bf7.jpg,2,0.8499,0.8538,0.0039,"['536721406_884ab8fece.jpg', '791338571_7f38510bf7.jpg', '3383545083_1d7c95b003.jpg']","[0.8538, 0.8499, 0.7134]"
4904,a red car parked next to a cow in a field,791338571_7f38510bf7.jpg,3,0.7521,0.8095,0.0574,"['210625425_fb1ef5d23b.jpg', '2943023421_e297f05e11.jpg', '791338571_7f38510bf7.jpg']","[0.8095, 0.7732, 0.7521]"
4905,the little boy covering his mouth is sitting between a covering his eyes and another boy covering his ears,799431781_65dc312afc.jpg,-1,0.4746,0.6552,0.1806,"['2556392380_ee57514233.jpg', '2516317118_10ae66b87a.jpg', '2456030728_d3d147e774.jpg']","[0.6552, 0.6471, 0.6385]"
4906,three boy do hear no evil see no evil speak no evil,799431781_65dc312afc.jpg,-1,0.1911,0.6562,0.4651,"['3703413486_3c682732a0.jpg', '2915183095_4ed4aa4f37.jpg', '2991575785_bd4868e215.jpg']","[0.6562, 0.6162, 0.6146]"
4907,three boys sit down and make gestures with their hands,799431781_65dc312afc.jpg,2,0.788,0.8145,0.0265,"['3197891333_b1b0fd1702.jpg', '799431781_65dc312afc.jpg', '3631474374_e40764d153.jpg']","[0.8145, 0.788, 0.7363]"
4909,three young boys playing hear no evil speak no evil see no evil,799431781_65dc312afc.jpg,-1,0.3335,0.735,0.4015,"['2915183095_4ed4aa4f37.jpg', '2991575785_bd4868e215.jpg', '3434452829_62cee280bc.jpg']","[0.735, 0.6429, 0.6047]"
4912,two children look up,820169182_f5e78d7d19.jpg,-1,0.3554,0.682,0.3265,"['3437315443_ba2263f92e.jpg', '979383193_0a542a059d.jpg', '3318995586_c2bc50b92e.jpg']","[0.682, 0.6257, 0.6109]"
4915,a child smiles as he plays in an inflatable gym,860928274_744d14f198.jpg,2,0.7494,0.7966,0.0472,"['2988244398_5da7012fce.jpg', '860928274_744d14f198.jpg', '542317719_ed4dd95dc2.jpg']","[0.7966, 0.7494, 0.7153]"
4916,a little boy is playing in a blow up toy,860928274_744d14f198.jpg,6,0.6006,0.7625,0.1619,"['3751594676_edfbfa0688.jpg', '2374247382_023a86b9ca.jpg', '2648165716_02e2e74fd6.jpg']","[0.7625, 0.6975, 0.6315]"
4917,a little boy smiles as he stands in a large inflatable toy,860928274_744d14f198.jpg,3,0.7198,0.7501,0.0303,"['2212472643_80238475b5.jpg', '3751594676_edfbfa0688.jpg', '860928274_744d14f198.jpg']","[0.7501, 0.7375, 0.7198]"
4918,a small boy jumps around in a yellow inflated bounce gym,860928274_744d14f198.jpg,-1,0.4736,0.712,0.2384,"['2341254813_c53a5ef27a.jpg', '520491467_54cbc0a866.jpg', '3741827382_71e93298d0.jpg']","[0.712, 0.6878, 0.6877]"
4920,the man wearing the purple shirt is in the shadows,862187579_9faf4a51e0.jpg,-1,0.3726,0.6057,0.2331,"['3442844140_15aa45e9b8.jpg', '2267819545_446c5a3e18.jpg', '3400385314_a5bc062e97.jpg']","[0.6057, 0.6025, 0.5978]"
4921,a man with sunglasses standing by a white and red building with a very blue sky above,862187579_9faf4a51e0.jpg,-1,0.449,0.6354,0.1863,"['58368365_03ed3e5bdf.jpg', '2328104318_5a43ca170c.jpg', '1414820925_3504c394e1.jpg']","[0.6354, 0.5924, 0.5671]"
4922,a man with glasses is standing in front of a building,862187579_9faf4a51e0.jpg,10,0.5501,0.6658,0.1157,"['3394586927_eae7732b64.jpg', '3242007318_01e82171aa.jpg', '1057210460_09c6f4c6c1.jpg']","[0.6658, 0.6536, 0.6198]"
4923,a man wearing glasses is staring off into space,862187579_9faf4a51e0.jpg,-1,0.5302,0.6914,0.1612,"['58368365_03ed3e5bdf.jpg', '2437266971_b91a8f9a00.jpg', '544257613_d9a1fea3f7.jpg']","[0.6914, 0.6714, 0.6119]"
4924,a man with sunglasses looking straight ahead,862187579_9faf4a51e0.jpg,-1,0.1593,0.7685,0.6092,"['3091962081_194f2f3bd4.jpg', '3108378861_d2214d971e.jpg', '2925737498_57585a7ed9.jpg']","[0.7685, 0.74, 0.6912]"
4932,a small dog on a leash is being smelled by another animal,909808296_23c427022d.jpg,4,0.6905,0.7659,0.0754,"['557601144_50b8c40393.jpg', '460935487_75b2da7854.jpg', '467858872_f3431df682.jpg']","[0.7659, 0.7567, 0.7561]"
4933,the black and white dog is sniffing the butt of the brown dog that is on a leash,909808296_23c427022d.jpg,-1,0.4614,0.6806,0.2191,"['351876121_c7c0221928.jpg', '2545192257_142fe9e2de.jpg', '3086523890_fd9394af8b.jpg']","[0.6806, 0.6506, 0.6325]"
4934,two small dogs one blackandwhite and one brownandblack walk down the street,909808296_23c427022d.jpg,2,0.6682,0.7469,0.0787,"['460935487_75b2da7854.jpg', '909808296_23c427022d.jpg', '2419221084_01a14176b4.jpg']","[0.7469, 0.6682, 0.6541]"
4935,a girl sits on a swing,911795495_342bb15b97.jpg,5,0.7542,0.8626,0.1083,"['2458269558_277012780d.jpg', '2884252132_5d8e776893.jpg', '2362481035_a7600875d0.jpg']","[0.8626, 0.8229, 0.7869]"
4936,a girl wearing an orange shirt holds onto poles and looks down,911795495_342bb15b97.jpg,-1,0.5631,0.6936,0.1305,"['3404978479_8a81843e17.jpg', '2527163162_d0fb802992.jpg', '2676184321_858eff416b.jpg']","[0.6936, 0.6776, 0.6625]"
4937,a soft focus picture of a little girl wearing an orange sweater,911795495_342bb15b97.jpg,-1,-0.1231,0.6911,0.8142,"['3437315443_ba2263f92e.jpg', '3470303255_fbb41b8dd0.jpg', '2102732029_9ae520914d.jpg']","[0.6911, 0.6634, 0.6624]"
4938,a young girl with long brown hair holding a black and red striped stick,911795495_342bb15b97.jpg,10,0.6219,0.7523,0.1304,"['3426144752_28d63615ca.jpg', '3627011534_485f667b10.jpg', '2676184321_858eff416b.jpg']","[0.7523, 0.7457, 0.6937]"
4939,the girl in the red shirt smiles on the swing,911795495_342bb15b97.jpg,4,0.7482,0.9192,0.171,"['2458269558_277012780d.jpg', '2884252132_5d8e776893.jpg', '3656225270_cdf89e3240.jpg']","[0.9192, 0.8416, 0.8165]"
4941,man wearing animal skins sitting on a green bench,942399470_6132d3e5d2.jpg,-1,0.5689,0.7738,0.2049,"['2565350330_c7f305e7f7.jpg', '3293018193_e4e0c8db7c.jpg', '2525666287_638ab5e784.jpg']","[0.7738, 0.698, 0.6513]"
4942,a longbearded man wearing a coat fur vest and broad brimmed furtrimmed hat,942399470_6132d3e5d2.jpg,-1,0.6253,0.7771,0.1518,"['3503623999_bbd5dcfb18.jpg', '536537638_f5ee42410b.jpg', '2551344688_17a12a6948.jpg']","[0.7771, 0.7725, 0.6912]"
4943,a bearded man is sitting on a bench wearing a fur lined jacket and hat,942399470_6132d3e5d2.jpg,4,0.672,0.7161,0.0441,"['358607894_5abb1250d3.jpg', '3091962081_194f2f3bd4.jpg', '2358554995_54ed3baa83.jpg']","[0.7161, 0.6865, 0.6847]"
4944,a bearded man with animal hide coat and hat,942399470_6132d3e5d2.jpg,5,0.652,0.7493,0.0973,"['2551344688_17a12a6948.jpg', '2924884899_f512c84332.jpg', '3503623999_bbd5dcfb18.jpg']","[0.7493, 0.6969, 0.6783]"
4945,a man grasps onto the rock face,950273886_88c324e663.jpg,2,0.8021,0.8161,0.0141,"['415793623_6c1225ae27.jpg', '950273886_88c324e663.jpg', '236095031_5cb17dc54a.jpg']","[0.8161, 0.8021, 0.7804]"
4946,a man in a red shirt attempts to climb a rock,950273886_88c324e663.jpg,4,0.7156,0.8564,0.1408,"['415793623_6c1225ae27.jpg', '236095031_5cb17dc54a.jpg', '697778778_b52090709d.jpg']","[0.8564, 0.8453, 0.7202]"
4947,a man wearing red climbs a large rock,950273886_88c324e663.jpg,5,0.6925,0.7953,0.1028,"['415793623_6c1225ae27.jpg', '236095031_5cb17dc54a.jpg', '466956675_a2fb6bf901.jpg']","[0.7953, 0.7282, 0.709]"
4948,man in red shirt climbing rock cliff,950273886_88c324e663.jpg,7,0.6516,0.9213,0.2697,"['415793623_6c1225ae27.jpg', '236095031_5cb17dc54a.jpg', '697778778_b52090709d.jpg']","[0.9213, 0.9175, 0.7652]"
4949,rock climber without a rope,950273886_88c324e663.jpg,8,0.6096,0.7109,0.1013,"['136639119_6040b00946.jpg', '415793623_6c1225ae27.jpg', '236095031_5cb17dc54a.jpg']","[0.7109, 0.7082, 0.6991]"
4950,a woman wearing a pink tank top holding a mug of liquid,954987350_a0c608b467.jpg,-1,0.2634,0.6447,0.3814,"['3572346664_e1e6c77f11.jpg', '2527163162_d0fb802992.jpg', '1449692616_60507875fb.jpg']","[0.6447, 0.6272, 0.5922]"
4951,a woman in a pink tank top holds a plastic beer mug,954987350_a0c608b467.jpg,7,0.5943,0.7775,0.1832,"['3372251830_baa3665928.jpg', '2721656220_5f4cda8bc1.jpg', '2695085862_2ed62df354.jpg']","[0.7775, 0.6881, 0.6678]"
4952,a woman in a dark pink tank top has a bag across her shoulder,954987350_a0c608b467.jpg,6,0.6376,0.7553,0.1178,"['2504277798_936a09c74d.jpg', '3213395965_2a823c6865.jpg', '2721656220_5f4cda8bc1.jpg']","[0.7553, 0.6788, 0.6778]"
4953,a female in a pink tank top drinking beer,954987350_a0c608b467.jpg,-1,0.4971,0.7605,0.2635,"['374124237_51f62b6937.jpg', '1798209205_77dbf525b0.jpg', '3627011534_485f667b10.jpg']","[0.7605, 0.6894, 0.6361]"
4954,a woman in a pink tank top drinking out of a plastic glass,954987350_a0c608b467.jpg,-1,0.4486,0.7034,0.2548,"['2504277798_936a09c74d.jpg', '3213395965_2a823c6865.jpg', '2837799692_2f1c50722a.jpg']","[0.7034, 0.6662, 0.6472]"
4959,man riding bike on trail,95728660_d47de66544.jpg,3,0.7208,0.819,0.0982,"['2308108566_2cba6bca53.jpg', '2084217208_7bd9bc85e5.jpg', '95728660_d47de66544.jpg']","[0.819, 0.7758, 0.7208]"
4960,two men taking a break from riding their bikes on a snowy road,95734035_84732a92c1.jpg,5,0.6522,0.7553,0.1031,"['3164415865_612f9fd8bc.jpg', '369360998_ba56fb436f.jpg', '3530087422_7eb2b2c289.jpg']","[0.7553, 0.6879, 0.6731]"
4961,two men stop on a snowcovered hill with their bicycles,95734035_84732a92c1.jpg,5,0.6651,0.8724,0.2073,"['2272823323_3b7291cd47.jpg', '3264650118_be7df266e7.jpg', '2053733930_e245615ad4.jpg']","[0.8724, 0.681, 0.6761]"
4962,the two men and their bikes are on the side of a snowy road,95734035_84732a92c1.jpg,3,0.7145,0.7836,0.0691,"['3726025663_e7d35d23f6.jpg', '3538686658_30afc75f02.jpg', '95734035_84732a92c1.jpg']","[0.7836, 0.7441, 0.7145]"
4964,two men on bicycles on the side of a snowpacked road in the country,95734035_84732a92c1.jpg,-1,0.4204,0.6717,0.2513,"['2877159456_ea4a46b0d2.jpg', '3726025663_e7d35d23f6.jpg', '2525666287_638ab5e784.jpg']","[0.6717, 0.6436, 0.6374]"
4965,a hiker navigates a rope and wood bridge over a large dry ravine,95783195_e1ba3f57ca.jpg,4,0.6509,0.7658,0.1149,"['186890601_8a6b0f1769.jpg', '3701509233_a2275a4e57.jpg', '3625519177_4c2bb9e7f0.jpg']","[0.7658, 0.6765, 0.669]"
4966,a person with a shoulder bag is walking across a shaky wooden slat bridge,95783195_e1ba3f57ca.jpg,-1,0.5592,0.8575,0.2983,"['268654674_d29e00b3d0.jpg', '1350811702_2ce7cfd0c5.jpg', '3215108916_0473007b47.jpg']","[0.8575, 0.7792, 0.7713]"
4967,a woman crossing a wooden link wire bridge,95783195_e1ba3f57ca.jpg,-1,0.5381,0.82,0.2819,"['268654674_d29e00b3d0.jpg', '1350811702_2ce7cfd0c5.jpg', '2351479551_e8820a1ff3.jpg']","[0.82, 0.7719, 0.6851]"
4968,a woman walking across an old rope and driftrood bridge between mountains,95783195_e1ba3f57ca.jpg,3,0.6356,0.7309,0.0954,"['186890601_8a6b0f1769.jpg', '3690425778_3b390b3ea5.jpg', '95783195_e1ba3f57ca.jpg']","[0.7309, 0.6925, 0.6356]"
4969,the woman is walking on a rickety narrow bridge,95783195_e1ba3f57ca.jpg,-1,0.5411,0.8263,0.2852,"['268654674_d29e00b3d0.jpg', '1350811702_2ce7cfd0c5.jpg', '3215108916_0473007b47.jpg']","[0.8263, 0.8005, 0.6768]"
4970,two children are in costume in a dance studio,961611340_251081fcb8.jpg,7,0.5581,0.6831,0.1251,"['3035118753_69287079dc.jpg', '989754491_7e53fb4586.jpg', '3318995586_c2bc50b92e.jpg']","[0.6831, 0.669, 0.6486]"
4971,a young girl wearing a tutu dances in a large room,961611340_251081fcb8.jpg,4,0.6339,0.7451,0.1111,"['3672940355_47f30e2b28.jpg', '2086678529_b3301c2d71.jpg', '3433982387_3fa993cf5a.jpg']","[0.7451, 0.6818, 0.6594]"
4972,a girl in a tutu and a boy in a costume in a dancefloor,961611340_251081fcb8.jpg,-1,0.3621,0.7183,0.3562,"['2260369648_e21ae6494a.jpg', '2337809114_899ba61330.jpg', '3503623999_bbd5dcfb18.jpg']","[0.7183, 0.6999, 0.6336]"
4975,a baby is trying to eat a large red plastic toy outdoors,964197865_0133acaeb4.jpg,5,0.7073,0.9052,0.1979,"['2374247382_023a86b9ca.jpg', '3751594676_edfbfa0688.jpg', '2212472643_80238475b5.jpg']","[0.9052, 0.8338, 0.7373]"
4976,a blonde infant chewing on a red toy,964197865_0133acaeb4.jpg,-1,0.5243,0.7235,0.1992,"['2374247382_023a86b9ca.jpg', '2576878141_87f25a10f0.jpg', '3751594676_edfbfa0688.jpg']","[0.7235, 0.675, 0.6562]"
4977,a blonde toddler placing his mouth on the edge of a red plastic toy,964197865_0133acaeb4.jpg,9,0.5526,0.8615,0.3089,"['2374247382_023a86b9ca.jpg', '3751594676_edfbfa0688.jpg', '2576878141_87f25a10f0.jpg']","[0.8615, 0.7972, 0.67]"
4978,a child plays with a toy in the grass,964197865_0133acaeb4.jpg,6,0.6149,0.6898,0.0748,"['1269470943_ba7fc49b4d.jpg', '3751594676_edfbfa0688.jpg', '2648165716_02e2e74fd6.jpg']","[0.6898, 0.6813, 0.6695]"
4979,a child with his mouth on a red plastic toy,964197865_0133acaeb4.jpg,9,0.5827,0.6901,0.1074,"['2374247382_023a86b9ca.jpg', '2648165716_02e2e74fd6.jpg', '2988244398_5da7012fce.jpg']","[0.6901, 0.6428, 0.641]"
4983,a dog jumps into the pond,967719295_3257695095.jpg,2,0.7206,0.8071,0.0865,"['2270483627_16fe41b063.jpg', '967719295_3257695095.jpg', '3690425778_3b390b3ea5.jpg']","[0.8071, 0.7206, 0.6747]"
4986,a horse driven carriage running through a rainstorm,97731718_eb7ba71fd3.jpg,-1,0.4955,0.8586,0.3631,"['3138562460_44227a35cf.jpg', '2656987333_80dcc82c05.jpg', '109202756_b97fcdc62c.jpg']","[0.8586, 0.7342, 0.7237]"
4988,people enjoy a horse draw open carriage in the rain,97731718_eb7ba71fd3.jpg,-1,0.53,0.6276,0.0976,"['2403544744_cba152f5c1.jpg', '1663454406_5e2cf8c5bb.jpg', '3138562460_44227a35cf.jpg']","[0.6276, 0.6177, 0.6042]"
4990,six small children sitting at a desk,979383193_0a542a059d.jpg,3,0.6311,0.646,0.0149,"['3197891333_b1b0fd1702.jpg', '3079787482_0757e9d167.jpg', '979383193_0a542a059d.jpg']","[0.646, 0.6342, 0.6311]"
4991,six children at a table,979383193_0a542a059d.jpg,2,0.6934,0.7122,0.0188,"['3197891333_b1b0fd1702.jpg', '979383193_0a542a059d.jpg', '3319338707_892ae2a660.jpg']","[0.7122, 0.6934, 0.667]"
4993,a group of six children sit at a wooden table,979383193_0a542a059d.jpg,7,0.5887,0.8021,0.2134,"['3319338707_892ae2a660.jpg', '3197891333_b1b0fd1702.jpg', '3631474374_e40764d153.jpg']","[0.8021, 0.7959, 0.674]"
4994,six children all with black hair sit at a table for a picture,979383193_0a542a059d.jpg,5,0.6455,0.7704,0.1249,"['3197891333_b1b0fd1702.jpg', '3319338707_892ae2a660.jpg', '3437273677_47d4462974.jpg']","[0.7704, 0.7592, 0.6822]"
4995,a redheaded girl offers the peace sign as she swims in the pool with floaties,989754491_7e53fb4586.jpg,2,0.6982,0.7493,0.0511,"['3030566410_393c36a6c5.jpg', '989754491_7e53fb4586.jpg', '897621891_efb1e00d1d.jpg']","[0.7493, 0.6982, 0.6717]"
4999,a young girl with goggles and floaties poses for the camera as she plays in a pool,989754491_7e53fb4586.jpg,7,0.6186,0.6726,0.054,"['2842849030_89548af61c.jpg', '3030566410_393c36a6c5.jpg', '897621891_efb1e00d1d.jpg']","[0.6726, 0.6664, 0.6562]"
